chembl_id,canonical_smiles,disease,pchembl,target_name,mol,ecfp,scaffold_rdkit,mol_wt,logp,hbd,hba,tpsa,rotatable_bonds,drug_likeness_pass
CHEMBL439520,N=C(NCCCNCCCCCCCNCCCNC(=N)NCc1ccccc1)NCc1ccccc1,LEISHMANIASIS,4.158202701125645,Trypanothione reductase,<rdkit.Chem.rdchem.Mol object at 0x0000021ACD7C5070>,[0 0 0 ... 0 0 0],N=C(NCCCNCCCCCCCNCCCNC(=N)NCc1ccccc1)NCc1ccccc1,508.75900000000007,3.524640000000005,8,4,119.88,20,False
CHEMBL522887,CC1=CC(C)(C)N=C(Nc2nc(C)c3cc(C)cc(C)c3n2)N1,LEISHMANIASIS,4.769551078621726,Trypanothione reductase,<rdkit.Chem.rdchem.Mol object at 0x0000021ACD7C5000>,[0 0 0 ... 0 0 0],C1=CNC(Nc2ncc3ccccc3n2)=NC1,309.41700000000003,3.6085600000000024,2,5,62.2,1,True
CHEMBL501515,CC(C)=CCC[C@](C)(O[C@@H]1O[C@H](CO[C@@H]2O[C@H](CO)[C@@H](O)[C@H](O)[C@H]2O)[C@@H](O)[C@H](O)[C@H]1O)[C@H]1CC[C@]2(C)[C@@H]1[C@H](O)C[C@@H]1[C@@]3(C)CC[C@H](O[C@@H]4O[C@H](CO)[C@@H](O)[C@H](O)[C@H]4O[C@@H]4O[C@H](CO)[C@@H](O)[C@H](O)[C@H]4O)C(C)(C)[C@@H]3CC[C@]12C,LEISHMANIASIS,3.6020599913279625,DNA topoisomerase,<rdkit.Chem.rdchem.Mol object at 0x0000021ACD7C4F90>,[0 0 0 ... 0 0 0],C1CCC(OCC2CCCC(OCC3CCC4C3CCC3C5CCC(OC6OCCCC6OC6CCCCO6)CC5CCC43)O2)OC1,1109.307,-2.202599999999981,15,23,377.2900000000001,16,False
CHEMBL503252,O=C1c2c(c3c4ccc(O)cc4n(O[C@@H]4O[C@H](CO)[C@@H](O)[C@H](O)[C@H]4O)c3c3[nH]c4cc(O)ccc4c23)C(=O)N1NCc1ccc[nH]1,LEISHMANIASIS,6.354982694318741,DNA topoisomerase,<rdkit.Chem.rdchem.Mol object at 0x0000021ACD7C4F20>,[0 0 0 ... 0 0 0],O=C1c2c(c3c4ccccc4n(OC4CCCCO4)c3c3[nH]c4ccccc4c23)C(=O)N1NCc1ccc[nH]1,629.582,0.6976000000000002,9,12,225.76,6,False
CHEMBL559342,CN(C)CCOc1cc2nc(N3CCN(C4=CC(=O)C5C=CC=CC5C4=O)CC3)nc(N)c2cc1OCCN(C)C,LEISHMANIASIS,4.958607314841775,Trypanothione reductase,<rdkit.Chem.rdchem.Mol object at 0x0000021ACD7C4EB0>,[0 0 0 ... 0 0 0],O=C1C=C(N2CCN(c3ncc4ccccc4n3)CC2)C(=O)C2C=CC=CC12,561.6870000000001,1.6089000000000024,1,11,117.36,10,False
CHEMBL570399,Clc1ccc2c(N/N=C/c3ccccc3Br)ccnc2c1,LEISHMANIASIS,5.498940737782249,Cysteine protease,<rdkit.Chem.rdchem.Mol object at 0x0000021ACD7C4E40>,[0 0 0 ... 0 0 0],C(=NNc1ccnc2ccccc12)c1ccccc1,360.64200000000005,5.096700000000002,1,3,37.28,3,False
CHEMBL1095005,CC(C)=CCC[C@](C)(O)[C@H]1CC[C@]2(C)[C@@H]1[C@H](O)C[C@@H]1[C@@]3(C)CC[C@H](O)C(C)(C)[C@@H]3[C@@H](O[C@@H]3O[C@H](CO)[C@@H](O)[C@H](O)[C@H]3O[C@H]3O[C@@H](C)[C@H](O)[C@@H](O)[C@H]3O)C[C@]12C,LEISHMANIASIS,3.6020599913279625,DNA topoisomerase,<rdkit.Chem.rdchem.Mol object at 0x0000021ACD7C4DD0>,[0 0 0 ... 0 0 0],C1CCC(OC2CCCOC2OC2CC3C4CCCC4CCC3C3CCCCC23)OC1,785.0250000000005,2.147400000000002,9,13,218.98999999999995,9,False
CHEMBL1094689,C/C=C(/C)C(=O)O[C@H]1[C@H](OC(C)=O)[C@]2(CO)[C@H](O)C[C@]3(C)C(=CC[C@@H]4[C@@]5(C)CC[C@H](O[C@@H]6O[C@H](C(=O)O)[C@@H](O)[C@H](O[C@@H]7O[C@@H](CO)[C@H](O)[C@H]7O)[C@H]6O[C@@H]6O[C@H](CO)[C@H](O)[C@H](O)[C@H]6O)C(C)(C)[C@@H]5CC[C@]43C)[C@@H]2CC1(C)C,LEISHMANIASIS,3.6020599913279625,DNA topoisomerase,<rdkit.Chem.rdchem.Mol object at 0x0000021ACD7C4D60>,[0 0 0 ... 0 0 0],C1=C2C3CCCCC3CCC2C2CCC3CC(OC4OCCC(OC5CCCO5)C4OC4CCCCO4)CCC3C2C1,1085.2440000000004,0.3456000000000108,11,21,347.58000000000004,13,False
CHEMBL8,O=C(O)c1cn(C2CC2)c2cc(N3CCNCC3)c(F)cc2c1=O,LEISHMANIASIS,4.751929718657855,DNA topoisomerase,<rdkit.Chem.rdchem.Mol object at 0x0000021ACD7C4CF0>,[0 0 0 ... 0 0 0],O=c1ccn(C2CC2)c2cc(N3CCNCC3)ccc12,331.34700000000004,1.5833,2,5,74.57,3,True
CHEMBL9,CCn1cc(C(=O)O)c(=O)c2cc(F)c(N3CCNCC3)cc21,LEISHMANIASIS,5.455931955649724,DNA topoisomerase,<rdkit.Chem.rdchem.Mol object at 0x0000021ACD7C4C80>,[0 0 0 ... 0 0 0],O=c1cc[nH]c2cc(N3CCNCC3)ccc12,319.336,1.2683,2,5,74.57000000000001,3,True
CHEMBL6246,O=c1oc2c(O)c(O)cc3c(=O)oc4c(O)c(O)cc1c4c23,LEISHMANIASIS,5.391258027893047,Cysteine protease,<rdkit.Chem.rdchem.Mol object at 0x0000021ACD7C4C10>,[0 0 0 ... 0 0 0],O=c1oc2cccc3c(=O)oc4cccc1c4c23,302.194,1.3127999999999997,4,8,141.34,0,True
CHEMBL417,COc1cccc2c1C(=O)c1c(O)c3c(c(O)c1C2=O)C[C@@](O)(C(=O)CO)C[C@@H]3O[C@H]1C[C@H](N)[C@@H](O)[C@H](C)O1,LEISHMANIASIS,8.522878745280337,DNA topoisomerase,<rdkit.Chem.rdchem.Mol object at 0x0000021ACD7C4BA0>,[0 0 0 ... 0 0 0],O=C1c2ccccc2C(=O)c2cc3c(cc21)CCCC3OC1CCCCO1,543.5250000000003,0.0012999999999993017,6,12,206.07,5,False
CHEMBL32,COc1c(N2C[C@@H]3CCCN[C@@H]3C2)c(F)cc2c(=O)c(C(=O)O)cn(C3CC3)c12,LEISHMANIASIS,6.096910013008056,DNA topoisomerase,<rdkit.Chem.rdchem.Mol object at 0x0000021ACD7C4B30>,[0 0 0 ... 0 0 0],O=c1ccn(C2CC2)c2cc(N3CC4CCCNC4C3)ccc12,401.4380000000002,2.3705000000000007,2,6,83.80000000000001,4,True
CHEMBL430,CO/N=C1\CN(c2nc3c(cc2F)c(=O)c(C(=O)O)cn3C2CC2)CC1CN,LEISHMANIASIS,6.522878745280337,DNA topoisomerase,<rdkit.Chem.rdchem.Mol object at 0x0000021ACD7C4AC0>,[0 0 0 ... 0 0 0],N=C1CCN(c2ccc3c(=O)ccn(C4CC4)c3n2)C1,389.38700000000017,0.966,2,8,123.04,5,True
CHEMBL7216,Cc1cc(-c2c(F)cc3c(=O)c(Cc4ccncc4)cn(C4CC4)c3c2F)cc(C)n1,LEISHMANIASIS,5.040958607678906,DNA topoisomerase,<rdkit.Chem.rdchem.Mol object at 0x0000021ACD7C4A50>,[0 0 0 ... 0 0 0],O=c1c(Cc2ccncc2)cn(C2CC2)c2cc(-c3ccncc3)ccc12,417.4590000000002,5.279240000000003,0,4,47.78,4,False
CHEMBL7960,Cc1cc(-c2c(F)cc3c(=O)c(Cc4cccc(O)c4)cn(C4CC4)c3c2F)cc(C)n1,LEISHMANIASIS,5.958607314841775,DNA topoisomerase,<rdkit.Chem.rdchem.Mol object at 0x0000021ACD7C49E0>,[0 0 0 ... 0 0 0],O=c1c(Cc2ccccc2)cn(C2CC2)c2cc(-c3ccncc3)ccc12,432.4700000000002,5.589840000000004,1,4,55.12,4,False
CHEMBL7689,Cc1cc(-c2c(F)cc3c(=O)c(Cc4ccc(N(C)C)cc4)cn(C4CC4)c3c2F)cc(C)n1,LEISHMANIASIS,3.677780705266081,DNA topoisomerase,<rdkit.Chem.rdchem.Mol object at 0x0000021ACD7C4970>,[0 0 0 ... 0 0 0],O=c1c(Cc2ccccc2)cn(C2CC2)c2cc(-c3ccncc3)ccc12,459.5400000000002,5.950240000000004,0,4,38.13,5,False
CHEMBL7690,Cc1cc(-c2c(F)cc3c(=O)c(Cc4cccc(O)c4O)cn(C4CC4)c3c2F)cc(C)n1,LEISHMANIASIS,6.443697499232712,DNA topoisomerase,<rdkit.Chem.rdchem.Mol object at 0x0000021ACD7C4900>,[0 0 0 ... 0 0 0],O=c1c(Cc2ccccc2)cn(C2CC2)c2cc(-c3ccncc3)ccc12,448.4690000000002,5.295440000000005,2,5,75.35,4,False
CHEMBL7534,Cc1cc(-c2c(F)cc3c(=O)c(Cc4ccc(O)cc4)cn(C4CC4)c3c2F)cc(C)n1,LEISHMANIASIS,5.920818753952375,DNA topoisomerase,<rdkit.Chem.rdchem.Mol object at 0x0000021ACD7C4890>,[0 0 0 ... 0 0 0],O=c1c(Cc2ccccc2)cn(C2CC2)c2cc(-c3ccncc3)ccc12,432.4700000000002,5.589840000000004,1,4,55.12,4,False
CHEMBL7564,Cc1cc(-c2c(F)cc3c(=O)c(Cc4ccc(N)cc4)cn(C4CC4)c3c2F)cc(C)n1,LEISHMANIASIS,5.142667503568732,DNA topoisomerase,<rdkit.Chem.rdchem.Mol object at 0x0000021ACD7C4820>,[0 0 0 ... 0 0 0],O=c1c(Cc2ccccc2)cn(C2CC2)c2cc(-c3ccncc3)ccc12,431.48600000000016,5.466440000000003,1,4,60.910000000000004,4,False
CHEMBL7368,Cc1cc(-c2c(F)cc3c(=O)c(Cc4ccc[nH]4)cn(C4CC4)c3c2F)cc(C)n1,LEISHMANIASIS,5.292429823902063,DNA topoisomerase,<rdkit.Chem.rdchem.Mol object at 0x0000021ACD7C47B0>,[0 0 0 ... 0 0 0],O=c1c(Cc2ccc[nH]2)cn(C2CC2)c2cc(-c3ccncc3)ccc12,405.4480000000002,5.212340000000003,1,3,50.68,4,False
CHEMBL7568,CCN(CC)CCCC(C)Nc1c2ccc(Cl)cc2nc2ccc(OC)cc12,LEISHMANIASIS,4.721246399047171,Trypanothione reductase,<rdkit.Chem.rdchem.Mol object at 0x0000021ACD7C4740>,[0 1 0 ... 0 0 0],c1ccc2nc3ccccc3cc2c1,399.9660000000002,5.972400000000006,1,4,37.39,9,False
CHEMBL7972,COc1cccc(Cc2cn(C3CC3)c3c(F)c(-c4cc(C)nc(C)c4)c(F)cc3c2=O)c1,LEISHMANIASIS,4.853871964321762,DNA topoisomerase,<rdkit.Chem.rdchem.Mol object at 0x0000021ACD7C46D0>,[0 0 0 ... 0 0 0],O=c1c(Cc2ccccc2)cn(C2CC2)c2cc(-c3ccncc3)ccc12,446.4970000000001,5.892840000000006,0,4,44.120000000000005,5,False
CHEMBL7848,Cc1cc(-c2c(F)cc3c(=O)c(Cc4ccc(Cl)cc4)cn(C4CC4)c3c2F)cc(C)n1,LEISHMANIASIS,5.113509274827518,DNA topoisomerase,<rdkit.Chem.rdchem.Mol object at 0x0000021ACD7C4660>,[0 0 0 ... 0 0 0],O=c1c(Cc2ccccc2)cn(C2CC2)c2cc(-c3ccncc3)ccc12,450.9160000000002,6.537640000000005,0,3,34.89,4,False
CHEMBL7999,Cc1cc(-c2c(F)cc3c(=O)c(CCc4ccccc4)cn(C4CC4)c3c2F)cc(C)n1,LEISHMANIASIS,3.9208187539523753,DNA topoisomerase,<rdkit.Chem.rdchem.Mol object at 0x0000021ACD7C45F0>,[0 0 0 ... 0 0 0],O=c1c(CCc2ccccc2)cn(C2CC2)c2cc(-c3ccncc3)ccc12,430.49800000000016,6.0786400000000045,0,3,34.89,5,False
CHEMBL7831,COc1ccccc1Cc1cn(C2CC2)c2c(F)c(-c3cc(C)nc(C)c3)c(F)cc2c1=O,LEISHMANIASIS,4.853871964321762,DNA topoisomerase,<rdkit.Chem.rdchem.Mol object at 0x0000021ACD7C4580>,[0 0 0 ... 0 0 0],O=c1c(Cc2ccccc2)cn(C2CC2)c2cc(-c3ccncc3)ccc12,446.4970000000002,5.892840000000005,0,4,44.120000000000005,5,False
CHEMBL7722,Cc1cc(-c2c(F)cc3c(=O)c(CC4CCCCC4)cn(C4CC4)c3c2F)cc(C)n1,LEISHMANIASIS,3.638272163982407,DNA topoisomerase,<rdkit.Chem.rdchem.Mol object at 0x0000021ACD7C4510>,[0 0 1 ... 0 0 0],O=c1c(CC2CCCCC2)cn(C2CC2)c2cc(-c3ccncc3)ccc12,422.5190000000001,6.416240000000005,0,3,34.89,4,False
CHEMBL31,COc1c(N2CCNC(C)C2)c(F)cc2c(=O)c(C(=O)O)cn(C3CC3)c12,LEISHMANIASIS,5.920818753952375,DNA topoisomerase,<rdkit.Chem.rdchem.Mol object at 0x0000021ACD7C44A0>,[0 0 0 ... 0 0 0],O=c1ccn(C2CC2)c2cc(N3CCNCC3)ccc12,375.40000000000015,1.9804,2,6,83.80000000000001,4,True
CHEMBL7877,Cc1cc(-c2c(F)cc3c(=O)c(Cc4ccc(O)cc4O)cn(C4CC4)c3c2F)cc(C)n1,LEISHMANIASIS,6.795880017344075,DNA topoisomerase,<rdkit.Chem.rdchem.Mol object at 0x0000021ACD7C4430>,[0 0 0 ... 0 0 0],O=c1c(Cc2ccccc2)cn(C2CC2)c2cc(-c3ccncc3)ccc12,448.4690000000002,5.295440000000005,2,5,75.35,4,False
CHEMBL7704,Cc1cc(-c2c(F)cc3c(=O)c(-c4ccccc4)cn(C4CC4)c3c2F)cc(C)n1,LEISHMANIASIS,3.9208187539523753,DNA topoisomerase,<rdkit.Chem.rdchem.Mol object at 0x0000021ACD7C43C0>,[0 0 0 ... 0 0 0],O=c1c(-c2ccccc2)cn(C2CC2)c2cc(-c3ccncc3)ccc12,402.4440000000002,5.960440000000004,0,3,34.89,3,False
CHEMBL7991,CC(=O)Nc1ccc(Cc2cn(C3CC3)c3c(F)c(-c4cc(C)nc(C)c4)c(F)cc3c2=O)cc1,LEISHMANIASIS,4.0,DNA topoisomerase,<rdkit.Chem.rdchem.Mol object at 0x0000021ACD7C4350>,[0 0 0 ... 0 0 0],O=c1c(Cc2ccccc2)cn(C2CC2)c2cc(-c3ccncc3)ccc12,473.5230000000002,5.842640000000005,1,4,63.99,5,False
CHEMBL7794,Cc1cc(-c2c(F)cc3c(=O)c(Cc4ccccn4)cn(C4CC4)c3c2F)cc(C)n1,LEISHMANIASIS,4.920818753952375,DNA topoisomerase,<rdkit.Chem.rdchem.Mol object at 0x0000021ACD7C42E0>,[0 0 0 ... 0 0 0],O=c1c(Cc2ccccn2)cn(C2CC2)c2cc(-c3ccncc3)ccc12,417.4590000000002,5.279240000000003,0,4,47.78,4,False
CHEMBL8063,Cc1cc(-c2c(F)cc3c(=O)c(Cc4ncc[nH]4)cn(C4CC4)c3c2F)cc(C)n1,LEISHMANIASIS,5.958607314841775,DNA topoisomerase,<rdkit.Chem.rdchem.Mol object at 0x0000021ACD7C4270>,[0 0 0 ... 0 0 0],O=c1c(Cc2ncc[nH]2)cn(C2CC2)c2cc(-c3ccncc3)ccc12,406.4360000000002,4.607340000000003,1,4,63.57,4,True
CHEMBL8179,Cc1cc(-c2c(F)cc3c(=O)c(C(=O)O)cn(C4CC4)c3c2F)cc(C)n1,LEISHMANIASIS,5.119186407719209,DNA topoisomerase,<rdkit.Chem.rdchem.Mol object at 0x0000021ACD7C4200>,[0 0 0 ... 0 0 0],O=c1ccn(C2CC2)c2cc(-c3ccncc3)ccc12,370.3550000000002,3.991640000000002,1,4,72.19,3,True
CHEMBL8138,Cc1cc(-c2c(F)cc3c(=O)c(Cc4ccccc4CO)cn(C4CC4)c3c2F)cc(C)n1,LEISHMANIASIS,5.167491087293763,DNA topoisomerase,<rdkit.Chem.rdchem.Mol object at 0x0000021ACD7C4190>,[0 0 0 ... 0 0 0],O=c1c(Cc2ccccc2)cn(C2CC2)c2cc(-c3ccncc3)ccc12,446.49700000000024,5.376540000000005,1,4,55.12,5,False
CHEMBL8161,Cc1cc(-c2c(F)cc3c(=O)c(Cc4ccccc4)cn(C4CC4)c3c2F)cc(C)n1,LEISHMANIASIS,5.4089353929735005,DNA topoisomerase,<rdkit.Chem.rdchem.Mol object at 0x0000021ACD7C4120>,[0 0 0 ... 0 0 0],O=c1c(Cc2ccccc2)cn(C2CC2)c2cc(-c3ccncc3)ccc12,416.4710000000002,5.884240000000004,0,3,34.89,4,False
CHEMBL8659,CCCCCCCC/C=C\CCCCCCCC(=O)O,LEISHMANIASIS,4.508638306165727,DNA topoisomerase,<rdkit.Chem.rdchem.Mol object at 0x0000021ACD7C40B0>,[0 0 0 ... 0 0 0],,282.4679999999999,6.1085000000000065,1,1,37.3,15,False
CHEMBL8739,CC/C=C\C/C=C\C/C=C\CCCCCCCC(=O)O,LEISHMANIASIS,4.815308569182401,Cysteine protease,<rdkit.Chem.rdchem.Mol object at 0x0000021ACD7C4040>,[0 0 0 ... 0 0 0],,278.4359999999999,5.660500000000005,1,1,37.3,13,False
CHEMBL8834,CC(C)=CC[C@@H](OC(=O)CCl)C1=CC(=O)c2c(O)ccc(O)c2C1=O,LEISHMANIASIS,3.863279432843593,DNA topoisomerase,<rdkit.Chem.rdchem.Mol object at 0x0000021ACD94A650>,[0 1 0 ... 0 0 0],O=C1C=CC(=O)c2ccccc21,364.78100000000006,2.910100000000002,2,6,100.9,5,True
CHEMBL8937,CC(C)=CC[C@@H](OC(=O)/C=C(C)/C=C/C=C(C)/C=C/C1=C(C)CCCC1(C)C)C1=CC(=O)c2c(O)ccc(O)c2C1=O,LEISHMANIASIS,3.204119982655925,DNA topoisomerase,<rdkit.Chem.rdchem.Mol object at 0x0000021ACDCCB5A0>,[0 1 0 ... 0 0 0],O=C(C=CC=CC=CC=CC1=CCCCC1)OCC1=CC(=O)c2ccccc2C1=O,570.7260000000005,8.202900000000003,2,6,100.9,9,False
CHEMBL58,O=C1c2c(O)ccc(O)c2C(=O)c2c(NCCNCCO)ccc(NCCNCCO)c21,LEISHMANIASIS,5.275724130399211,DNA topoisomerase,<rdkit.Chem.rdchem.Mol object at 0x0000021ACD957F40>,[0 0 0 ... 0 0 0],O=C1c2ccccc2C(=O)c2ccccc21,444.4880000000002,-0.13919999999999944,8,10,163.17999999999998,12,False
CHEMBL8794,CC(C)=CC[C@@H](OC(=O)C(Cl)(Cl)Cl)C1=CC(=O)c2c(O)ccc(O)c2C1=O,LEISHMANIASIS,3.939302159646388,DNA topoisomerase,<rdkit.Chem.rdchem.Mol object at 0x0000021ACD957ED0>,[0 1 0 ... 0 0 0],O=C1C=CC(=O)c2ccccc21,433.6710000000002,4.041500000000004,2,6,100.9,4,True
CHEMBL9148,C/C=C/C=C/C(=O)O[C@H](CC=C(C)C)C1=CC(=O)c2c(O)ccc(O)c2C1=O,LEISHMANIASIS,3.886056647693163,DNA topoisomerase,<rdkit.Chem.rdchem.Mol object at 0x0000021ACD957E60>,[0 1 0 ... 0 0 0],O=C1C=CC(=O)c2ccccc21,382.4120000000001,3.8036000000000034,2,6,100.9,6,True
CHEMBL8940,CCCCC/C=C/C/C=C/CCCCCCCC(=O)O[C@H](CC=C(C)C)C1=CC(=O)c2c(O)ccc(O)c2C1=O,LEISHMANIASIS,3.204119982655925,DNA topoisomerase,<rdkit.Chem.rdchem.Mol object at 0x0000021ACD957DF0>,[0 1 0 ... 0 0 0],O=C1C=CC(=O)c2ccccc21,550.7360000000002,8.484800000000002,2,6,100.9,18,False
CHEMBL8804,CC(C)=CC[C@@H](OC(=O)Cc1ccccc1)C1=CC(=O)c2c(O)ccc(O)c2C1=O,LEISHMANIASIS,3.653647025549361,DNA topoisomerase,<rdkit.Chem.rdchem.Mol object at 0x0000021ACD957D80>,[0 1 0 ... 0 0 0],O=C(Cc1ccccc1)OCC1=CC(=O)c2ccccc2C1=O,406.4340000000002,3.9140000000000037,2,6,100.9,6,True
CHEMBL8805,CC(C)=CC[C@@H](OC(=O)c1ccccc1)C1=CC(=O)c2c(O)ccc(O)c2C1=O,LEISHMANIASIS,3.815308569182401,DNA topoisomerase,<rdkit.Chem.rdchem.Mol object at 0x0000021ACD957D10>,[0 1 0 ... 0 0 0],O=C(OCC1=CC(=O)c2ccccc2C1=O)c1ccccc1,392.4070000000002,3.985100000000004,2,6,100.9,5,True
CHEMBL8806,CCCC(=O)O[C@H](CC=C(C)C)C1=CC(=O)c2c(O)ccc(O)c2C1=O,LEISHMANIASIS,3.8416375079047502,DNA topoisomerase,<rdkit.Chem.rdchem.Mol object at 0x0000021ACD957CA0>,[0 1 0 ... 0 0 0],O=C1C=CC(=O)c2ccccc21,358.39000000000004,3.4714000000000023,2,6,100.9,6,True
CHEMBL8951,CCC(=O)O[C@H](CC=C(C)C)C1=CC(=O)c2c(O)ccc(O)c2C1=O,LEISHMANIASIS,4.356547323513812,DNA topoisomerase,<rdkit.Chem.rdchem.Mol object at 0x0000021ACD957C30>,[0 1 0 ... 0 0 0],O=C1C=CC(=O)c2ccccc21,344.36300000000006,3.081300000000002,2,6,100.9,5,True
CHEMBL9469,CCCCCCCC(=O)O[C@H](CC=C(C)C)C1=CC(=O)c2c(O)ccc(O)c2C1=O,LEISHMANIASIS,3.204119982655925,DNA topoisomerase,<rdkit.Chem.rdchem.Mol object at 0x0000021ACD957BC0>,[0 1 0 ... 0 0 0],O=C1C=CC(=O)c2ccccc21,414.49800000000016,5.031800000000007,2,6,100.9,10,False
CHEMBL9470,CC(C)=CC[C@@H](O)C1=CC(=O)c2c(O)ccc(O)c2C1=O,LEISHMANIASIS,5.107905397309519,DNA topoisomerase,<rdkit.Chem.rdchem.Mol object at 0x0000021ACD957B50>,[0 1 0 ... 0 0 0],O=C1C=CC(=O)c2ccccc21,288.29900000000004,2.1204000000000005,3,5,94.83000000000001,3,True
CHEMBL9164,CCCCCCC(=O)O[C@H](CC=C(C)C)C1=CC(=O)c2c(O)ccc(O)c2C1=O,LEISHMANIASIS,3.204119982655925,DNA topoisomerase,<rdkit.Chem.rdchem.Mol object at 0x0000021ACD957AE0>,[0 1 0 ... 0 0 0],O=C1C=CC(=O)c2ccccc21,400.4710000000002,4.641700000000006,2,6,100.9,9,True
CHEMBL9259,CCCCCCCCCCCCCCCC(=O)O[C@H](CC=C(C)C)C1=CC(=O)c2c(O)ccc(O)c2C1=O,LEISHMANIASIS,3.204119982655925,DNA topoisomerase,<rdkit.Chem.rdchem.Mol object at 0x0000021ACD957A70>,[0 1 0 ... 0 0 0],O=C1C=CC(=O)c2ccccc21,526.7140000000003,8.152600000000005,2,6,100.9,18,False
CHEMBL9523,CCCCC/C=C/C/C=C/C/C=C/CCCCC(=O)O[C@H](CC=C(C)C)C1=CC(=O)c2c(O)ccc(O)c2C1=O,LEISHMANIASIS,3.204119982655925,DNA topoisomerase,<rdkit.Chem.rdchem.Mol object at 0x0000021ACD957A00>,[0 1 0 ... 0 0 0],O=C1C=CC(=O)c2ccccc21,548.7200000000003,8.260800000000003,2,6,100.9,17,False
CHEMBL9266,CCC/C=C/C(=O)O[C@H](CC=C(C)C)C1=CC(=O)c2c(O)ccc(O)c2C1=O,LEISHMANIASIS,3.815308569182401,DNA topoisomerase,<rdkit.Chem.rdchem.Mol object at 0x0000021ACD957990>,[0 1 0 ... 0 0 0],O=C1C=CC(=O)c2ccccc21,384.4280000000001,4.027600000000005,2,6,100.9,7,True
CHEMBL9196,C=CCC/C=C/C(=O)O[C@H](CC=C(C)C)C1=CC(=O)c2c(O)ccc(O)c2C1=O,LEISHMANIASIS,3.899629454882437,DNA topoisomerase,<rdkit.Chem.rdchem.Mol object at 0x0000021ACD957920>,[0 1 0 ... 0 0 0],O=C1C=CC(=O)c2ccccc21,396.43900000000014,4.193700000000005,2,6,100.9,8,True
CHEMBL4553669,O=C(CF)CNC(=O)[C@H](Cc1ccccc1)NC(=O)c1cnnc2ccccc12,LEISHMANIASIS,6.679759281514789,Cysteine protease,<rdkit.Chem.rdchem.Mol object at 0x0000021ACD9578B0>,[0 1 0 ... 0 0 0],O=C(NCCc1ccccc1)c1cnnc2ccccc12,394.4060000000001,1.6256999999999995,2,5,101.05000000000001,8,True
CHEMBL9320,C=CCCCCC(=O)O[C@H](CC=C(C)C)C1=CC(=O)c2c(O)ccc(O)c2C1=O,LEISHMANIASIS,3.6020599913279625,DNA topoisomerase,<rdkit.Chem.rdchem.Mol object at 0x0000021ACD957840>,[0 1 0 ... 0 0 0],O=C1C=CC(=O)c2ccccc21,398.45500000000015,4.417700000000006,2,6,100.9,9,True
CHEMBL9338,CCCCCCCCC(=O)O[C@H](CC=C(C)C)C1=CC(=O)c2c(O)ccc(O)c2C1=O,LEISHMANIASIS,3.204119982655925,DNA topoisomerase,<rdkit.Chem.rdchem.Mol object at 0x0000021ACD9577D0>,[0 1 0 ... 0 0 0],O=C1C=CC(=O)c2ccccc21,428.5250000000002,5.421900000000007,2,6,100.9,11,False
CHEMBL9499,CCCCC(=O)O[C@H](CC=C(C)C)C1=CC(=O)c2c(O)ccc(O)c2C1=O,LEISHMANIASIS,3.7931741239681513,DNA topoisomerase,<rdkit.Chem.rdchem.Mol object at 0x0000021ACD957760>,[0 1 0 ... 0 0 0],O=C1C=CC(=O)c2ccccc21,372.4170000000001,3.8615000000000035,2,6,100.9,7,True
CHEMBL65,CC[C@@]1(O)C(=O)OCc2c1cc1n(c2=O)Cc2cc3ccccc3nc2-1,LEISHMANIASIS,5.360623199523586,DNA topoisomerase,<rdkit.Chem.rdchem.Mol object at 0x0000021ACD9576F0>,[0 0 0 ... 0 0 0],O=C1Cc2cc3n(c(=O)c2CO1)Cc1cc2ccccc2nc1-3,348.35800000000006,2.0796,1,6,81.42,1,True
CHEMBL9518,CC(C)=CC[C@@H](OC(=O)C(c1ccccc1)c1ccccc1)C1=CC(=O)c2c(O)ccc(O)c2C1=O,LEISHMANIASIS,3.204119982655925,DNA topoisomerase,<rdkit.Chem.rdchem.Mol object at 0x0000021ACD957680>,[0 1 0 ... 0 0 0],O=C1C=C(COC(=O)C(c2ccccc2)c2ccccc2)C(=O)c2ccccc21,482.53200000000027,5.503400000000006,2,6,100.9,7,False
CHEMBL71,CN(C)CCCN1c2ccccc2Sc2ccc(Cl)cc21,LEISHMANIASIS,4.966576244513051,Trypanothione reductase,<rdkit.Chem.rdchem.Mol object at 0x0000021ACD957610>,[0 0 0 ... 0 0 0],c1ccc2c(c1)Nc1ccccc1S2,318.8730000000001,4.894400000000004,0,3,6.48,4,True
CHEMBL84,CC[C@@]1(O)C(=O)OCc2c1cc1n(c2=O)Cc2cc3c(CN(C)C)c(O)ccc3nc2-1,LEISHMANIASIS,5.988006885340743,DNA topoisomerase,<rdkit.Chem.rdchem.Mol object at 0x0000021ACD9575A0>,[0 0 0 ... 0 0 0],O=C1Cc2cc3n(c(=O)c2CO1)Cc1cc2ccccc2nc1-3,421.4530000000002,1.8468000000000002,2,8,104.89,3,True
CHEMBL10741,CC[C@@]1(O)C(=O)OCc2c1cc1n(c2=O)Cc2cc3c(C)cccc3nc2-1,LEISHMANIASIS,7.42021640338319,DNA topoisomerase,<rdkit.Chem.rdchem.Mol object at 0x0000021ACD957530>,[0 0 0 ... 0 0 0],O=C1Cc2cc3n(c(=O)c2CO1)Cc1cc2ccccc2nc1-3,362.3850000000001,2.388020000000001,1,6,81.42,1,True
CHEMBL10724,CC[C@@]1(O)C(=O)OCc2c1cc1n(c2=O)Cc2cc3cc(C#N)ccc3nc2-1,LEISHMANIASIS,5.721246399047171,DNA topoisomerase,<rdkit.Chem.rdchem.Mol object at 0x0000021ACD9574C0>,[0 0 0 ... 0 0 0],O=C1Cc2cc3n(c(=O)c2CO1)Cc1cc2ccccc2nc1-3,373.3680000000001,1.95128,1,7,105.21,1,True
CHEMBL11252,Cn1cc(NC(=O)c2cc(NC(=O)c3cc(NC=O)cn3C)cn2C)cc1C(=O)NCCC(=N)N,LEISHMANIASIS,5.568636235841013,DNA topoisomerase,<rdkit.Chem.rdchem.Mol object at 0x0000021ACD957450>,[0 0 0 ... 0 0 0],O=C(Nc1c[nH]c(C(=O)Nc2cc[nH]c2)c1)c1ccc[nH]1,481.5170000000003,0.8308700000000004,6,8,181.06,10,False
CHEMBL4559962,CC(=O)Nc1ccc2c(-c3cccc(C(F)(F)F)c3)ccnc2c1O,LEISHMANIASIS,5.468521082957745,DNA topoisomerase,<rdkit.Chem.rdchem.Mol object at 0x0000021ACD9573E0>,[0 0 0 ... 0 0 0],c1ccc(-c2ccnc3ccccc23)cc1,346.308,4.584600000000003,2,3,62.22,2,True
CHEMBL1163377,CN1CCN(C2=C(Cl)C(=O)c3ccccc3C2=O)CC1,LEISHMANIASIS,5.694648630553377,Cysteine protease,<rdkit.Chem.rdchem.Mol object at 0x0000021ACD957370>,[0 1 0 ... 0 0 0],O=C1C=C(N2CCNCC2)C(=O)c2ccccc21,290.75000000000006,1.7634,0,4,40.620000000000005,1,True
CHEMBL95,Nc1c2c(nc3ccccc13)CCCC2,LEISHMANIASIS,3.853871964321762,Trypanothione reductase,<rdkit.Chem.rdchem.Mol object at 0x0000021ACD957220>,[0 0 0 ... 0 0 0],c1ccc2nc3c(cc2c1)CCCC3,198.26899999999992,2.695800000000001,1,2,38.91,0,True
CHEMBL12926,CCc1c2c(nc3cnccc13)-c1cc3c(c(=O)n1C2)COC(=O)[C@]3(O)CC,LEISHMANIASIS,6.473660722610156,DNA topoisomerase,<rdkit.Chem.rdchem.Mol object at 0x0000021ACD957300>,[0 0 0 ... 0 0 0],O=C1Cc2cc3n(c(=O)c2CO1)Cc1cc2ccncc2nc1-3,377.4000000000002,2.037,1,7,94.31000000000002,2,True
CHEMBL13349,CCc1c2c(nc3cnc(C(=N)N)cc13)-c1cc3c(c(=O)n1C2)COC(=O)[C@]3(O)CC,LEISHMANIASIS,7.481486060122112,DNA topoisomerase,<rdkit.Chem.rdchem.Mol object at 0x0000021ACD957140>,[0 0 0 ... 0 0 0],O=C1Cc2cc3n(c(=O)c2CO1)Cc1cc2ccncc2nc1-3,419.44100000000026,1.3210699999999997,3,8,144.18,3,True
CHEMBL13355,CCc1c2c(nc3c[n+](C)ccc13)-c1cc3c(c(=O)n1C2)COC(=O)[C@]3(O)CC.[I-],LEISHMANIASIS,5.835349784065703,DNA topoisomerase,<rdkit.Chem.rdchem.Mol object at 0x0000021ACE2CCC80>,[0 0 0 ... 0 0 0],O=C1Cc2cc3n(c(=O)c2CO1)Cc1cc2cc[nH+]cc2nc1-3,519.3390000000002,-1.529499999999997,1,6,85.3,2,False
CHEMBL13495,CC[C@@]1(O)C(=O)OCc2c1cc1n(c2=O)Cc2cc3ccncc3nc2-1,LEISHMANIASIS,6.416801226031377,DNA topoisomerase,<rdkit.Chem.rdchem.Mol object at 0x0000021ACE2CCCF0>,[0 0 0 ... 0 0 0],O=C1Cc2cc3n(c(=O)c2CO1)Cc1cc2ccncc2nc1-3,349.34600000000006,1.4746,1,7,94.31,1,True
CHEMBL13523,CC[C@@]1(O)C(=O)OCc2c1cc1n(c2=O)Cc2c-1nc1cnc(C#CCN)cc1c2C,LEISHMANIASIS,6.296708621881338,DNA topoisomerase,<rdkit.Chem.rdchem.Mol object at 0x0000021ACE2CCD60>,[0 0 0 ... 0 0 0],O=C1Cc2cc3n(c(=O)c2CO1)Cc1cc2ccncc2nc1-3,416.4370000000002,1.09322,2,8,120.33,1,True
CHEMBL13707,CCOC(=O)c1cc2c(CC)c3c(nc2cn1)-c1cc2c(c(=O)n1C3)COC(=O)[C@]2(O)CC,LEISHMANIASIS,6.022733787572707,DNA topoisomerase,<rdkit.Chem.rdchem.Mol object at 0x0000021ACE2CCDD0>,[0 0 0 ... 0 0 0],O=C1Cc2cc3n(c(=O)c2CO1)Cc1cc2ccncc2nc1-3,449.4630000000003,2.2137000000000002,1,9,120.61000000000003,4,True
CHEMBL13848,CCc1c2c(nc3cnc(CN)cc13)-c1cc3c(c(=O)n1C2)COC(=O)[C@]3(O)CC,LEISHMANIASIS,6.777283528852417,DNA topoisomerase,<rdkit.Chem.rdchem.Mol object at 0x0000021ACE2CCE40>,[0 0 0 ... 0 0 0],O=C1Cc2cc3n(c(=O)c2CO1)Cc1cc2ccncc2nc1-3,406.44200000000023,1.4956999999999998,2,8,120.33000000000003,3,True
CHEMBL13787,CCc1c2c(nc3cnc(C#N)cc13)-c1cc3c(c(=O)n1C2)COC(=O)[C@]3(O)CC,LEISHMANIASIS,6.571865205971212,DNA topoisomerase,<rdkit.Chem.rdchem.Mol object at 0x0000021ACE2CCEB0>,[0 0 0 ... 0 0 0],O=C1Cc2cc3n(c(=O)c2CO1)Cc1cc2ccncc2nc1-3,402.41000000000025,1.90868,1,8,118.10000000000001,2,True
CHEMBL13527,CC[C@@]1(O)C(=O)OCc2c1cc1n(c2=O)Cc2cc3cc[n+]([O-])cc3nc2-1,LEISHMANIASIS,5.926648297613099,DNA topoisomerase,<rdkit.Chem.rdchem.Mol object at 0x0000021ACE2CCF20>,[0 0 0 ... 0 0 0],O=C1Cc2cc3n(c(=O)c2CO1)Cc1cc2cc[nH+]cc2nc1-3,365.3450000000001,0.7130000000000001,1,7,108.36,1,True
CHEMBL13746,CCc1c2c(nc3cnc(C(=N)NO)cc13)-c1cc3c(c(=O)n1C2)COC(=O)[C@]3(O)CC,LEISHMANIASIS,7.1487416512809245,DNA topoisomerase,<rdkit.Chem.rdchem.Mol object at 0x0000021ACE2CCF90>,[0 0 0 ... 0 0 0],O=C1Cc2cc3n(c(=O)c2CO1)Cc1cc2ccncc2nc1-3,435.44000000000034,1.3411699999999995,4,9,150.42000000000002,3,True
CHEMBL13227,CC[C@@]1(O)C(=O)OCc2c1cc1n(c2=O)Cc2c-1nc1c[n+]([O-])c(CNC(=O)OC(C)(C)C)cc1c2C,LEISHMANIASIS,6.663540266151471,DNA topoisomerase,<rdkit.Chem.rdchem.Mol object at 0x0000021ACE2CD000>,[0 0 0 ... 0 0 0],O=C1Cc2cc3n(c(=O)c2CO1)Cc1cc2cc[nH+]cc2nc1-3,508.5310000000003,2.0461199999999993,2,9,146.69,3,False
CHEMBL13771,CCc1c2c(nc3cnc(C#CCN(C)C)cc13)-c1cc3c(c(=O)n1C2)COC(=O)[C@]3(O)CC,LEISHMANIASIS,5.875821944525325,DNA topoisomerase,<rdkit.Chem.rdchem.Mol object at 0x0000021ACE2CD070>,[0 0 0 ... 0 0 0],O=C1Cc2cc3n(c(=O)c2CO1)Cc1cc2ccncc2nc1-3,458.5180000000003,1.9500999999999997,1,8,97.55,3,True
CHEMBL13935,CC[C@@]1(O)C(=O)OCc2c1cc1n(c2=O)Cc2c-1nc1cnc(Br)cc1c2C,LEISHMANIASIS,7.552841968657781,DNA topoisomerase,<rdkit.Chem.rdchem.Mol object at 0x0000021ACE2CD0E0>,[0 0 0 ... 0 0 0],O=C1Cc2cc3n(c(=O)c2CO1)Cc1cc2ccncc2nc1-3,442.26900000000006,2.5455200000000007,1,7,94.31,1,True
CHEMBL553,C#Cc1cccc(Nc2ncnc3cc(OCCOC)c(OCCOC)cc23)c1,LEISHMANIASIS,4.522878745280337,DNA topoisomerase,<rdkit.Chem.rdchem.Mol object at 0x0000021ACE2CD150>,[0 0 0 ... 0 0 0],c1ccc(Nc2ncnc3ccccc23)cc1,393.4430000000002,3.405100000000002,1,7,74.73000000000002,10,True
CHEMBL13998,CC[C@@]1(O)C(=O)OCc2c1cc1n(c2=O)Cc2c-1nc1cnc(C#N)cc1c2C,LEISHMANIASIS,6.844663962534939,DNA topoisomerase,<rdkit.Chem.rdchem.Mol object at 0x0000021ACE2CD1C0>,[0 0 0 ... 0 0 0],O=C1Cc2cc3n(c(=O)c2CO1)Cc1cc2ccncc2nc1-3,388.3830000000001,1.6546999999999998,1,8,118.1,1,True
CHEMBL14762,CC[C@H](CO)Nc1nc(NCc2ccccc2)c2ncn(C(C)C)c2n1,LEISHMANIASIS,4.522878745280337,DNA topoisomerase,<rdkit.Chem.rdchem.Mol object at 0x0000021ACE2CD230>,[0 1 0 ... 0 0 0],c1ccc(CNc2ncnc3[nH]cnc23)cc1,354.4580000000001,3.2021000000000015,3,7,87.89,8,True
CHEMBL554,CS(=O)(=O)CCNCc1ccc(-c2ccc3ncnc(Nc4ccc(OCc5cccc(F)c5)c(Cl)c4)c3c2)o1,LEISHMANIASIS,4.522878745280337,DNA topoisomerase,<rdkit.Chem.rdchem.Mol object at 0x0000021ACE2CD2A0>,[0 0 0 ... 0 0 0],c1ccc(COc2ccc(Nc3ncnc4ccc(-c5ccco5)cc34)cc2)cc1,581.0690000000002,6.139100000000005,2,8,106.35000000000001,11,False
CHEMBL15464,NC1CCN(c2c(F)cc3c(=O)c(C(=O)O)cn(C4CC4)c3c2F)C1,LEISHMANIASIS,3.4685210829577446,DNA topoisomerase,<rdkit.Chem.rdchem.Mol object at 0x0000021ACE2CD310>,[0 0 0 ... 0 0 0],O=c1ccn(C2CC2)c2cc(N3CCCC3)ccc12,349.33700000000016,1.8501999999999996,2,5,88.56,3,True
CHEMBL15245,COC(=O)[C@@H]1[C@H]2C[C@H]3c4[nH]c5ccccc5c4CCN3C[C@@H]2CC[C@@H]1O,LEISHMANIASIS,4.522878745280337,DNA topoisomerase,<rdkit.Chem.rdchem.Mol object at 0x0000021ACE2CD380>,[0 0 0 ... 0 0 1],c1ccc2c3c([nH]c2c1)C1CC2CCCCC2CN1CC3,354.4500000000001,2.6471000000000013,2,4,65.56,1,True
CHEMBL564,CN(C)CCCN1c2ccccc2Sc2ccccc21,LEISHMANIASIS,4.097494381815897,Trypanothione reductase,<rdkit.Chem.rdchem.Mol object at 0x0000021ACE2CD3F0>,[0 0 0 ... 0 0 0],c1ccc2c(c1)Nc1ccccc1S2,284.42800000000005,4.241000000000003,0,3,6.48,4,True
CHEMBL16365,O=C(O)/C=C/C(=O)c1ccccc1,LEISHMANIASIS,3.2365720064370627,Cysteine protease,<rdkit.Chem.rdchem.Mol object at 0x0000021ACE2CD460>,[0 0 0 ... 0 0 0],c1ccccc1,176.17100000000002,1.5101,1,2,54.37,3,True
CHEMBL570,CN(C)CCCN1c2ccccc2Sc2ccc(C(F)(F)F)cc21,LEISHMANIASIS,4.239300185942312,Trypanothione reductase,<rdkit.Chem.rdchem.Mol object at 0x0000021ACE2CD4D0>,[0 0 0 ... 0 0 0],c1ccc2c(c1)Nc1ccccc1S2,352.42500000000007,5.259800000000004,0,3,6.48,4,False
CHEMBL17182,CN1CCN(CCC(=O)Nc2cc(Br)ccc2Sc2cccc(NC(=O)CCCC(=O)NCC3CCCO3)c2)CC1,LEISHMANIASIS,4.221848749616356,Trypanothione reductase,<rdkit.Chem.rdchem.Mol object at 0x0000021ACE2CD540>,[0 0 0 ... 0 0 0],O=C(CCCC(=O)Nc1cccc(Sc2ccccc2NC(=O)CCN2CCNCC2)c1)NCC1CCCO1,646.6519999999999,4.580300000000004,3,7,103.01,13,False
CHEMBL17208,CN1CCN(CCC(=O)Nc2cc(Br)ccc2Sc2cccc(NC(=O)CCCCCC(=O)Nc3cccc(Sc4ccccc4[N+](=O)[O-])c3)c2)CC1,LEISHMANIASIS,4.221848749616356,Trypanothione reductase,<rdkit.Chem.rdchem.Mol object at 0x0000021ACE2CD5B0>,[0 0 0 ... 0 0 0],O=C(CCCCCC(=O)Nc1cccc(Sc2ccccc2NC(=O)CCN2CCNCC2)c1)Nc1cccc(Sc2ccccc2)c1,819.8480000000001,8.763400000000003,3,9,136.92000000000002,17,False
CHEMBL590,CC1=CC(=O)c2ccccc2C1=O,LEISHMANIASIS,4.259637310505756,Trypanothione reductase,<rdkit.Chem.rdchem.Mol object at 0x0000021ACE2CD620>,[0 1 0 ... 0 0 0],O=C1C=CC(=O)c2ccccc21,172.18299999999996,2.0119000000000002,0,2,34.14,0,True
CHEMBL17546,CCCCCCCCCCCCCCCCNC(=O)CCCC(=O)Nc1cccc(Sc2ccc(Br)cc2NC(=O)CCN2CCN(C)CC2)c1,LEISHMANIASIS,4.221848749616356,Trypanothione reductase,<rdkit.Chem.rdchem.Mol object at 0x0000021ACE2CD690>,[0 0 0 ... 0 0 0],O=C(CCN1CCNCC1)Nc1ccccc1Sc1ccccc1,786.9659999999997,9.882599999999996,3,6,93.78,26,False
CHEMBL17312,CN1CCN(CCC(=O)Nc2cc(Br)ccc2Sc2cccc(NC(=O)CCCC(=O)NCC34C[C@H]5C[C@@H](C3)C[C@@H](C4)C5)c2)CC1,LEISHMANIASIS,4.221848749616356,Trypanothione reductase,<rdkit.Chem.rdchem.Mol object at 0x0000021ACE2CD700>,[0 0 0 ... 0 0 0],O=C(CCCC(=O)Nc1cccc(Sc2ccccc2NC(=O)CCN2CCNCC2)c1)NCC12CC3CC(CC(C3)C1)C2,710.7829999999997,6.617700000000006,3,6,93.78,13,False
CHEMBL17706,CN1CCN(CCC(=O)Nc2cc(Br)ccc2Sc2cccc(NC(=O)CCCC(=O)NCc3ccccc3)c2)CC1,LEISHMANIASIS,4.455931955649724,Trypanothione reductase,<rdkit.Chem.rdchem.Mol object at 0x0000021ACE2CD770>,[0 0 0 ... 0 0 0],O=C(CCCC(=O)Nc1cccc(Sc2ccccc2NC(=O)CCN2CCNCC2)c1)NCc1ccccc1,652.6590000000001,5.601500000000004,3,6,93.78,13,False
CHEMBL17620,CN1CCN(CCC(=O)Nc2cc(Br)ccc2Sc2cccc(NC(=O)CCCCCC(=O)OCC3=C(Br)C(=O)c4ccccc4C3=O)c2)CC1,LEISHMANIASIS,4.3872161432802645,Trypanothione reductase,<rdkit.Chem.rdchem.Mol object at 0x0000021ACE2CD7E0>,[0 1 0 ... 0 0 0],O=C(CCCCCC(=O)OCC1=CC(=O)c2ccccc2C1=O)Nc1cccc(Sc2ccccc2NC(=O)CCN2CCNCC2)c1,840.635,7.336700000000008,2,9,125.12,15,False
CHEMBL17594,O=C1c2ccccc2C(=O)c2c(O)ccc(O)c21,LEISHMANIASIS,3.6989700043360183,DNA topoisomerase,<rdkit.Chem.rdchem.Mol object at 0x0000021ACE2CD850>,[0 1 0 ... 0 0 0],O=C1c2ccccc2C(=O)c2ccccc21,240.21399999999997,1.8732000000000002,2,4,74.60000000000001,0,True
CHEMBL17800,CN1CCN(CCC(=O)Nc2cc(Br)ccc2Sc2cccc(NC(=O)CCCC(=O)NCCc3ccccc3)c2)CC1,LEISHMANIASIS,4.698970004336019,Trypanothione reductase,<rdkit.Chem.rdchem.Mol object at 0x0000021ACE2CD8C0>,[0 0 0 ... 0 0 0],O=C(CCCC(=O)Nc1cccc(Sc2ccccc2NC(=O)CCN2CCNCC2)c1)NCCc1ccccc1,666.686,5.644000000000005,3,6,93.78,14,False
CHEMBL17968,CCCCCCCNC(=O)CCCC(=O)Nc1cccc(Sc2ccc(Br)cc2NC(=O)CCN2CCN(C)CC2)c1,LEISHMANIASIS,4.638272163982407,Trypanothione reductase,<rdkit.Chem.rdchem.Mol object at 0x0000021ACE2CD930>,[0 0 0 ... 0 0 0],O=C(CCN1CCNCC1)Nc1ccccc1Sc1ccccc1,660.7229999999995,6.371700000000005,3,6,93.78,17,False
CHEMBL18070,CN1CCN(CCC(=O)Nc2cc(Br)ccc2Sc2cccc(NC(=O)CCCC(=O)NCc3ccccn3)c2)CC1,LEISHMANIASIS,4.221848749616356,Trypanothione reductase,<rdkit.Chem.rdchem.Mol object at 0x0000021ACE2CD9A0>,[0 0 0 ... 0 0 0],O=C(CCCC(=O)Nc1cccc(Sc2ccccc2NC(=O)CCN2CCNCC2)c1)NCc1ccccn1,653.647,4.996500000000004,3,7,106.67,13,False
CHEMBL17665,CN1CCN(CCC(=O)Nc2ccccc2Sc2cccc(NC(=O)CCCCCC(=O)Nc3cccc(Sc4ccccc4N)c3)c2)CC1,LEISHMANIASIS,5.7447274948966935,Trypanothione reductase,<rdkit.Chem.rdchem.Mol object at 0x0000021ACE2CDA10>,[0 0 0 ... 0 0 0],O=C(CCCCCC(=O)Nc1cccc(Sc2ccccc2NC(=O)CCN2CCNCC2)c1)Nc1cccc(Sc2ccccc2)c1,710.9700000000001,7.674900000000007,4,8,119.8,16,False
CHEMBL18456,C=C(c1cnc2ccccc2c1)c1nc(O)c2ccccc2n1,LEISHMANIASIS,4.6020599913279625,DNA topoisomerase,<rdkit.Chem.rdchem.Mol object at 0x0000021ACE2CDA80>,[0 0 0 ... 0 0 0],C=C(c1cnc2ccccc2c1)c1ncc2ccccc2n1,299.333,3.945100000000002,1,4,58.900000000000006,2,True
CHEMBL18544,COC1c2cc3ccccc3nc2-c2nc3ccccc3c(=O)n21,LEISHMANIASIS,4.6020599913279625,DNA topoisomerase,<rdkit.Chem.rdchem.Mol object at 0x0000021ACE2CDAF0>,[0 0 0 ... 0 0 0],O=c1c2ccccc2nc2n1Cc1cc3ccccc3nc1-2,315.33200000000005,3.118400000000002,0,5,57.010000000000005,1,True
CHEMBL19143,O=C(c1cnc2ccccc2c1)c1nc(O)c2ccccc2n1,LEISHMANIASIS,4.6020599913279625,DNA topoisomerase,<rdkit.Chem.rdchem.Mol object at 0x0000021ACE2CDB60>,[0 0 0 ... 0 0 0],O=C(c1cnc2ccccc2c1)c1ncc2ccccc2n1,301.305,3.114600000000001,1,5,75.97,2,True
CHEMBL19612,NCCCCNCCCN,LEISHMANIASIS,3.0,DNA topoisomerase,<rdkit.Chem.rdchem.Mol object at 0x0000021ACE2CDBD0>,[0 0 0 ... 0 0 0],,145.25,-0.3362999999999989,3,3,64.07,7,True
CHEMBL19274,CC(=O)NC1c2cc3ccccc3nc2-c2nc3ccccc3c(=O)n21,LEISHMANIASIS,4.6020599913279625,DNA topoisomerase,<rdkit.Chem.rdchem.Mol object at 0x0000021ACE2CDC40>,[0 0 0 ... 0 0 0],O=c1c2ccccc2nc2n1Cc1cc3ccccc3nc1-2,342.35800000000006,2.6081000000000003,1,5,76.88,1,True
CHEMBL19163,O=c1c2ccccc2nc2n1Cc1cc3ccccc3nc1-2,LEISHMANIASIS,4.54515513999149,DNA topoisomerase,<rdkit.Chem.rdchem.Mol object at 0x0000021ACE2CDCB0>,[0 0 0 ... 0 0 0],O=c1c2ccccc2nc2n1Cc1cc3ccccc3nc1-2,285.30600000000004,2.9734000000000007,0,4,47.78,0,True
CHEMBL19978,O=C(Nc1ccccc1)NN1C(=O)c2c(c3c4cccc(O)c4n(C4OC(CO)C(O)C(O)C4O)c3c3[nH]c4c(O)cccc4c23)C1=O,LEISHMANIASIS,6.6020599913279625,DNA topoisomerase,<rdkit.Chem.rdchem.Mol object at 0x0000021ACE2CDD20>,[0 0 0 ... 0 0 0],O=C(Nc1ccccc1)NN1C(=O)c2c(c3c4ccccc4n(C4CCCCO4)c3c3[nH]c4ccccc4c23)C1=O,653.6040000000002,2.145299999999999,9,11,229.83999999999995,4,False
CHEMBL20255,O=C(NN1C(=O)c2c(c3c4cccc(O)c4n(C4OC(CO)C(O)C(O)C4O)c3c3[nH]c4c(O)cccc4c23)C1=O)c1ccccn1,LEISHMANIASIS,5.673393743112328,DNA topoisomerase,<rdkit.Chem.rdchem.Mol object at 0x0000021ACE2CDD90>,[0 0 0 ... 0 0 0],O=C(NN1C(=O)c2c(c3c4ccccc4n(C4CCCCO4)c3c3[nH]c4ccccc4c23)C1=O)c1ccccn1,639.5770000000001,1.1485999999999998,8,12,230.7,4,False
CHEMBL4434685,COC1=CC(=O)N(C(=O)/C=C/[C@H](C)NC(=O)[C@H](CC(C)C)NC(=O)[C@H](CC(C)C)NC(=O)C2CCN(C)CC2)[C@H]1Cc1c[nH]c2ccccc12.O=C(O)C(F)(F)F,LEISHMANIASIS,7.102372908709558,Cysteine protease,<rdkit.Chem.rdchem.Mol object at 0x0000021ACE2CDE00>,[0 1 0 ... 0 0 0],O=C(CNC(=O)CNC(=O)C1CCNCC1)NCC=CC(=O)N1C(=O)C=CC1Cc1c[nH]c2ccccc12,804.9080000000002,4.075900000000005,5,8,190.23999999999998,15,False
CHEMBL21096,CCCNN1C(=O)c2c(c3c4cccc(O)c4n(C4OC(CO)C(O)C(O)C4O)c3c3[nH]c4c(O)cccc4c23)C1=O,LEISHMANIASIS,5.110924374808178,DNA topoisomerase,<rdkit.Chem.rdchem.Mol object at 0x0000021ACE2CDE70>,[0 0 0 ... 0 0 0],O=C1NC(=O)c2c1c1c3ccccc3[nH]c1c1c2c2ccccc2n1C1CCCCO1,576.5620000000001,1.3231999999999995,8,11,200.73999999999998,5,False
CHEMBL21263,O=C(O)CNN1C(=O)c2c(c3c4cccc(O)c4n(C4OC(CO)C(O)C(O)C4O)c3c3[nH]c4c(O)cccc4c23)C1=O,LEISHMANIASIS,4.661653195187567,DNA topoisomerase,<rdkit.Chem.rdchem.Mol object at 0x0000021ACE2CDEE0>,[0 0 0 ... 0 0 0],O=C1NC(=O)c2c1c1c3ccccc3[nH]c1c1c2c2ccccc2n1C1CCCCO1,592.5170000000002,-0.0021999999999997577,9,12,238.03999999999996,5,False
CHEMBL21265,NN1C(=O)c2c(c3c4cccc(O)c4n(C4OC(CO)C(O)C(O)C4O)c3c3[nH]c4c(O)cccc4c23)C1=O,LEISHMANIASIS,5.434833115752497,DNA topoisomerase,<rdkit.Chem.rdchem.Mol object at 0x0000021ACE2CDF50>,[0 0 0 ... 0 0 0],O=C1NC(=O)c2c1c1c3ccccc3[nH]c1c1c2c2ccccc2n1C1CCCCO1,534.4810000000002,0.2823000000000003,8,11,214.73,2,False
CHEMBL21267,Cc1ccc(S(=O)(=O)NN2C(=O)c3c(c4c5cccc(O)c5n(C5OC(CO)C(O)C(O)C5O)c4c4[nH]c5c(O)cccc5c34)C2=O)cc1,LEISHMANIASIS,5.434833115752497,DNA topoisomerase,<rdkit.Chem.rdchem.Mol object at 0x0000021ACE2CDFC0>,[0 0 0 ... 0 0 0],O=C1c2c(c3c4ccccc4n(C4CCCCO4)c3c3[nH]c4ccccc4c23)C(=O)N1NS(=O)(=O)c1ccccc1,688.6710000000002,1.6105199999999993,8,12,234.87999999999997,5,False
CHEMBL21221,O=C(CO)NN1C(=O)c2c(c3c4cccc(O)c4n(C4OC(CO)C(O)C(O)C4O)c3c3[nH]c4c(O)cccc4c23)C1=O,LEISHMANIASIS,4.926935982160881,DNA topoisomerase,<rdkit.Chem.rdchem.Mol object at 0x0000021ACE2CE030>,[0 0 0 ... 0 0 0],O=C1NC(=O)c2c1c1c3ccccc3[nH]c1c1c2c2ccccc2n1C1CCCCO1,592.5170000000002,-0.5679000000000001,9,12,238.03999999999996,4,False
CHEMBL23236,C=C(C)[C@@H]1CC[C@]2(CO)CC[C@]3(C)[C@H](CC[C@@H]4[C@@]5(C)CC[C@H](O)C(C)(C)[C@@H]5CC[C@]43C)[C@@H]12,LEISHMANIASIS,4.413412695328245,DNA topoisomerase,<rdkit.Chem.rdchem.Mol object at 0x0000021ACE2CE0A0>,[0 0 0 ... 0 0 0],C1CCC2C(C1)CCC1C2CCC2C3CCCC3CCC21,442.7280000000003,6.997200000000009,2,2,40.46,2,False
CHEMBL4434995,O=C1c2ccccc2C(=O)c2c(O)c(C(O)c3ccc(Br)s3)cc(O)c21,LEISHMANIASIS,4.502415028346694,DNA topoisomerase,<rdkit.Chem.rdchem.Mol object at 0x0000021ACE2CE110>,[0 1 0 ... 0 0 0],O=C1c2ccccc2C(=O)c2cc(Cc3cccs3)ccc21,431.26300000000003,3.7789000000000006,3,6,94.83000000000001,2,True
CHEMBL24828,COc1cc2/c(=N/c3ccc(Br)cc3F)nc[nH]c2cc1OCC1CCN(C)CC1,LEISHMANIASIS,4.522878745280337,DNA topoisomerase,<rdkit.Chem.rdchem.Mol object at 0x0000021ACE2CE180>,[0 0 0 ... 0 0 0],c1ccc(N=c2nc[nH]c3cc(OCC4CCNCC4)ccc23)cc1,475.3620000000003,4.426100000000003,1,5,62.74,5,True
CHEMBL726,OCCN1CCN(CCCN2c3ccccc3Sc3ccc(C(F)(F)F)cc32)CC1,LEISHMANIASIS,4.4030983256060985,Trypanothione reductase,<rdkit.Chem.rdchem.Mol object at 0x0000021ACE2CE1F0>,[0 0 0 ... 0 0 0],c1ccc2c(c1)Sc1ccccc1N2CCCN1CCNCC1,437.5310000000002,4.308100000000003,1,5,29.950000000000003,6,True
CHEMBL25988,N/C(S)=N/N=C/c1ccccn1,LEISHMANIASIS,4.0,DNA topoisomerase,<rdkit.Chem.rdchem.Mol object at 0x0000021ACE2CE260>,[0 0 0 ... 0 0 0],c1ccncc1,180.23600000000002,0.6600000000000001,2,3,63.629999999999995,2,True
CHEMBL25908,CCN(CC)CCn1nc2c3c(c(CNS(C)(=O)=O)ccc31)Sc1ccccc1-2,LEISHMANIASIS,3.638272163982407,DNA topoisomerase,<rdkit.Chem.rdchem.Mol object at 0x0000021ACE2CE2D0>,[0 0 0 ... 0 0 0],c1ccc2c(c1)Sc1cccc3[nH]nc-2c13,430.59900000000016,3.558900000000002,1,6,67.23,8,True
CHEMBL4435344,O=C(O)c1cccc(Nc2ncnc3[nH]cnc23)c1,LEISHMANIASIS,4.187086643357144,DNA topoisomerase,<rdkit.Chem.rdchem.Mol object at 0x0000021ACE2CE340>,[0 0 0 ... 0 0 0],c1ccc(Nc2ncnc3[nH]cnc23)cc1,255.23700000000002,1.7946999999999995,3,5,103.79,3,True
CHEMBL25202,CC1(C)CCC(C)(C)c2cc(NC(=O)c3ccc(C(=O)O)cc3)ccc21,LEISHMANIASIS,3.6020599913279625,DNA topoisomerase,<rdkit.Chem.rdchem.Mol object at 0x0000021ACE2CE3B0>,[0 0 0 ... 0 0 0],O=C(Nc1ccc2c(c1)CCCC2)c1ccccc1,351.4460000000001,4.986100000000004,2,2,66.4,3,True
CHEMBL27194,CN(C)CCN1c2ccccc2Sc2ccc(Cl)cc21,LEISHMANIASIS,3.823908740944319,Trypanothione reductase,<rdkit.Chem.rdchem.Mol object at 0x0000021ACE2CE420>,[0 0 0 ... 0 0 0],c1ccc2c(c1)Nc1ccccc1S2,304.84600000000006,4.504300000000003,0,3,6.48,3,True
CHEMBL4435611,COc1cc2ccccc2c(N2CCN(CCCNc3cc(=O)oc4ccccc34)CC2)n1,LEISHMANIASIS,4.741692655077202,DNA topoisomerase,<rdkit.Chem.rdchem.Mol object at 0x0000021ACE2CE490>,[0 0 0 ... 0 0 0],O=c1cc(NCCCN2CCN(c3nccc4ccccc34)CC2)c2ccccc2o1,444.53500000000014,3.974000000000003,1,7,70.84,7,True
CHEMBL728,CN1CCN(CCCN2c3ccccc3Sc3ccc(Cl)cc32)CC1,LEISHMANIASIS,5.1249387366083,Trypanothione reductase,<rdkit.Chem.rdchem.Mol object at 0x0000021ACE2CE500>,[0 0 0 ... 0 0 0],c1ccc2c(c1)Sc1ccccc1N2CCCN1CCNCC1,373.95300000000015,4.580200000000004,0,4,9.72,4,True
CHEMBL27064,CCN(CC)CCn1nc2c3c(c(CN)ccc31)Sc1ccc(OC)cc1-2,LEISHMANIASIS,3.585026652029182,DNA topoisomerase,<rdkit.Chem.rdchem.Mol object at 0x0000021ACE2CE570>,[0 0 0 ... 0 0 0],c1ccc2c(c1)Sc1cccc3[nH]nc-2c13,382.53300000000013,3.977000000000002,1,6,56.31,7,True
CHEMBL27542,CCN(CC)CCn1nc2c3c(c(CNC(=O)OC)ccc31)Sc1ccccc1-2,LEISHMANIASIS,3.619788758288394,DNA topoisomerase,<rdkit.Chem.rdchem.Mol object at 0x0000021ACE2CE5E0>,[0 0 0 ... 0 0 0],c1ccc2c(c1)Sc1cccc3[nH]nc-2c13,410.5430000000001,4.365700000000003,1,6,59.39,7,True
CHEMBL4435976,O=c1nc(SCc2ccc(CO)cc2)nc(SCc2cccc(Cl)c2)[nH]1,LEISHMANIASIS,3.897566294318664,DNA topoisomerase,<rdkit.Chem.rdchem.Mol object at 0x0000021ACE2CE650>,[0 0 0 ... 0 0 0],O=c1nc(SCc2ccccc2)nc(SCc2ccccc2)[nH]1,405.93200000000013,3.8952000000000027,2,6,78.87,7,True
CHEMBL27233,CCN(CC)CCn1nc2c3c(c(CNC(=O)OC)ccc31)Sc1ccc(O)cc1-2,LEISHMANIASIS,6.481486060122113,DNA topoisomerase,<rdkit.Chem.rdchem.Mol object at 0x0000021ACE2CE6C0>,[0 0 0 ... 0 0 0],c1ccc2c(c1)Sc1cccc3[nH]nc-2c13,426.54200000000014,4.071300000000003,2,7,79.62,7,True
CHEMBL26696,c1coc(-c2cc(-c3cccs3)nc(-c3cccs3)c2)c1,LEISHMANIASIS,4.301029995663981,DNA topoisomerase,<rdkit.Chem.rdchem.Mol object at 0x0000021ACE2CE730>,[0 0 0 ... 0 0 0],c1coc(-c2cc(-c3cccs3)nc(-c3cccs3)c2)c1,309.415,5.798600000000003,0,4,26.03,3,False
CHEMBL27322,C(=C/c1ccco1)\c1cc(-c2ccco2)cc(-c2cccs2)n1,LEISHMANIASIS,4.349485002168009,DNA topoisomerase,<rdkit.Chem.rdchem.Mol object at 0x0000021ACE2CE7A0>,[0 0 0 ... 0 0 0],C(=Cc1ccco1)c1cc(-c2ccco2)cc(-c2cccs2)n1,319.385,5.833500000000004,0,4,39.17,4,False
CHEMBL4436014,O=C(O)c1cn(Cc2ccc(-n3cccn3)cc2)c2cc(NC[C@@H]3CCNC3)c(F)cc2c1=O,LEISHMANIASIS,3.6989700043360183,DNA topoisomerase,<rdkit.Chem.rdchem.Mol object at 0x0000021ACE2CE810>,[0 0 0 ... 0 0 0],O=c1ccn(Cc2ccc(-n3cccn3)cc2)c2cc(NCC3CCNC3)ccc12,461.4970000000003,3.0942000000000007,3,7,101.18,7,True
CHEMBL4436104,O=C1Nc2cc(NCC(O)CCl)cc3cccc1c23,LEISHMANIASIS,4.1290304611354,Cysteine protease,<rdkit.Chem.rdchem.Mol object at 0x0000021ACE2CE880>,[0 1 0 ... 0 0 0],O=C1Nc2cccc3cccc1c23,276.723,2.4171000000000005,3,3,61.36,4,True
CHEMBL30053,CCN(CC)CCn1nc2c3c(c(CNS(C)(=O)=O)ccc31)Sc1ccc(OC)cc1-2,LEISHMANIASIS,3.677780705266081,DNA topoisomerase,<rdkit.Chem.rdchem.Mol object at 0x0000021ACE2CE8F0>,[0 0 0 ... 0 0 0],c1ccc2c(c1)Sc1cccc3[nH]nc-2c13,460.6250000000002,3.5675000000000017,1,7,76.46000000000001,9,True
CHEMBL4436412,O=C(O)c1cccc(CSc2nc(SCc3ccc(Cl)cc3)[nH]c(=O)n2)c1,LEISHMANIASIS,3.0,DNA topoisomerase,<rdkit.Chem.rdchem.Mol object at 0x0000021ACE2CE960>,[0 0 0 ... 0 0 0],O=c1nc(SCc2ccccc2)nc(SCc2ccccc2)[nH]1,419.9150000000001,4.101100000000002,2,6,95.93999999999998,7,True
CHEMBL30099,CCN(CC)CCn1nc2c3c(c(CNC)ccc31)Sc1ccccc1-2,LEISHMANIASIS,3.657577319177794,DNA topoisomerase,<rdkit.Chem.rdchem.Mol object at 0x0000021ACE2CE9D0>,[0 0 0 ... 0 0 0],c1ccc2c(c1)Sc1cccc3[nH]nc-2c13,366.5340000000001,4.2291000000000025,1,5,33.09,7,True
CHEMBL29836,CCN(CC)CCn1nc2c3c(c(CNC(=O)OC)ccc31)Sc1ccc(OC)cc1-2,LEISHMANIASIS,3.657577319177794,DNA topoisomerase,<rdkit.Chem.rdchem.Mol object at 0x0000021ACE2CEA40>,[0 0 0 ... 0 0 0],c1ccc2c(c1)Sc1cccc3[nH]nc-2c13,440.5690000000002,4.374300000000003,1,7,68.62,8,True
CHEMBL30104,CCN(CC)CCn1nc2c3c(c(CNS(C)(=O)=O)ccc31)Sc1ccc(O)cc1-2,LEISHMANIASIS,6.259637310505756,DNA topoisomerase,<rdkit.Chem.rdchem.Mol object at 0x0000021ACE2CEAB0>,[0 0 0 ... 0 0 0],c1ccc2c(c1)Sc1cccc3[nH]nc-2c13,446.5980000000002,3.264500000000001,2,7,87.46000000000001,8,True
CHEMBL30109,O=C(O)/C=C/c1ccccc1Oc1ccc(Cl)cc1Cl,LEISHMANIASIS,4.939302159646388,Cysteine protease,<rdkit.Chem.rdchem.Mol object at 0x0000021ACE2CEB20>,[0 0 0 ... 0 0 0],c1ccc(Oc2ccccc2)cc1,309.148,4.883500000000002,1,2,46.53,4,True
CHEMBL31965,C=CC(=O)Nc1cc2c(Nc3ccc(F)c(Cl)c3)ncnc2cc1OCCCN1CCOCC1,LEISHMANIASIS,4.522878745280337,DNA topoisomerase,<rdkit.Chem.rdchem.Mol object at 0x0000021ACE2CEB90>,[0 0 0 ... 0 0 0],c1ccc(Nc2ncnc3cc(OCCCN4CCOCC4)ccc23)cc1,485.9470000000004,4.391500000000003,2,7,88.61,9,True
CHEMBL4436399,NC(=O)c1cccc(CSc2nc(SCc3cccc(Cl)c3)[nH]c(=O)n2)c1,LEISHMANIASIS,3.3454384452582566,DNA topoisomerase,<rdkit.Chem.rdchem.Mol object at 0x0000021ACE2CEC00>,[0 0 0 ... 0 0 0],O=c1nc(SCc2ccccc2)nc(SCc2ccccc2)[nH]1,418.93100000000004,3.501800000000001,2,6,101.73,7,True
CHEMBL790,N=C(NCCCCCCNC(=N)NC(=N)Nc1ccc(Cl)cc1)NC(=N)Nc1ccc(Cl)cc1,LEISHMANIASIS,5.698970004336019,Trypanothione reductase,<rdkit.Chem.rdchem.Mol object at 0x0000021ACE2CEC70>,[0 0 0 ... 0 0 0],N=C(NCCCCCCNC(=N)NC(=N)Nc1ccccc1)NC(=N)Nc1ccccc1,505.4580000000002,4.175280000000002,10,4,167.58,9,False
CHEMBL35228,COc1ccc2nc3cc(Cl)ccc3c(Nc3cc(CN4CCCC4)c(O)c(CN4CCCC4)c3)c2n1,LEISHMANIASIS,5.259637310505756,DNA topoisomerase,<rdkit.Chem.rdchem.Mol object at 0x0000021ACE2CECE0>,[0 0 0 ... 0 0 0],c1ccc2c(Nc3cc(CN4CCCC4)cc(CN4CCCC4)c3)c3ncccc3nc2c1,518.0610000000005,6.085800000000006,2,7,73.75,7,False
CHEMBL34922,CN1CCN(c2ccc3nc(-c4ccc5nc(-c6ccc(O)cc6)[nH]c5c4)[nH]c3c2)CC1.Cl.Cl.Cl,LEISHMANIASIS,4.522878745280337,DNA topoisomerase,<rdkit.Chem.rdchem.Mol object at 0x0000021ACE2CED50>,[0 0 0 ... 0 0 0],c1ccc(-c2nc3ccc(-c4nc5ccc(N6CCNCC6)cc5[nH]4)cc3[nH]2)cc1,533.8910000000002,5.496000000000005,3,5,84.07,3,False
CHEMBL825,CNCCCN1c2ccccc2Sc2ccc(Cl)cc21,LEISHMANIASIS,3.899629454882437,Trypanothione reductase,<rdkit.Chem.rdchem.Mol object at 0x0000021ACE2CEDC0>,[0 0 0 ... 0 0 0],c1ccc2c(c1)Nc1ccccc1S2,304.84600000000006,4.552200000000004,1,3,15.27,4,True
CHEMBL36378,CCN(CC)CCCCCC(=O)N1c2ccccc2Sc2ccc(Cl)cc21,LEISHMANIASIS,3.3400837999301496,Trypanothione reductase,<rdkit.Chem.rdchem.Mol object at 0x0000021ACE2CEE30>,[0 0 0 ... 0 0 0],c1ccc2c(c1)Nc1ccccc1S2,402.99100000000016,6.3715000000000055,0,3,23.550000000000004,8,False
CHEMBL36659,O=C1NC(=O)c2c1c1c([nH]c3cccc(O)c31)c1c2c2c(O)cccc2n1C1OC(CO)C(O)C(O)C1O,LEISHMANIASIS,4.443697499232712,DNA topoisomerase,<rdkit.Chem.rdchem.Mol object at 0x0000021ACE2CEEA0>,[0 0 0 ... 0 0 0],O=C1NC(=O)c2c1c1c3ccccc3[nH]c1c1c2c2ccccc2n1C1CCCCO1,519.4660000000002,0.6961999999999999,8,10,197.49999999999997,2,False
CHEMBL37043,C/C(=N/OC(=O)c1ccccc1)c1ccc2c(c1)N(CCCN(C)C)c1ccccc1S2,LEISHMANIASIS,3.690369832574101,Trypanothione reductase,<rdkit.Chem.rdchem.Mol object at 0x0000021ACE2CEF10>,[0 0 0 ... 0 0 0],O=C(ON=Cc1ccc2c(c1)Nc1ccccc1S2)c1ccccc1,445.58800000000025,5.822000000000005,0,6,45.14,7,False
CHEMBL38682,CC(=O)c1ccc2c(c1)N(CCCN(C)C)c1cc(Cl)ccc1S2,LEISHMANIASIS,3.7569619513137056,Trypanothione reductase,<rdkit.Chem.rdchem.Mol object at 0x0000021ACE2CEF80>,[0 0 0 ... 0 0 0],c1ccc2c(c1)Nc1ccccc1S2,360.90999999999997,5.097000000000004,0,4,23.550000000000004,5,False
CHEMBL39014,CN(C)C(C)(C)CN1c2ccccc2Sc2ccccc21,LEISHMANIASIS,2.92959267825988,Trypanothione reductase,<rdkit.Chem.rdchem.Mol object at 0x0000021ACE2CEFF0>,[0 0 0 ... 0 0 0],c1ccc2c(c1)Nc1ccccc1S2,298.45500000000004,4.629500000000005,0,3,6.48,3,True
CHEMBL39018,CO/N=C(/C)c1ccc2c(c1)N(CCCN(C)C)c1ccccc1S2,LEISHMANIASIS,3.454692883534176,Trypanothione reductase,<rdkit.Chem.rdchem.Mol object at 0x0000021ACE2CF060>,[0 0 0 ... 0 0 0],c1ccc2c(c1)Nc1ccccc1S2,355.507,4.611400000000004,0,5,28.07,6,True
CHEMBL38869,CCCC(=O)c1ccc2c(c1)N(CCCN(C)C)c1ccccc1S2,LEISHMANIASIS,3.5214335044061564,Trypanothione reductase,<rdkit.Chem.rdchem.Mol object at 0x0000021ACE2CF0D0>,[0 0 0 ... 0 0 0],c1ccc2c(c1)Nc1ccccc1S2,354.519,5.223800000000005,0,4,23.550000000000004,7,False
CHEMBL39390,O=C(O)CCC(=O)N1c2ccccc2Sc2ccc(Cl)cc21,LEISHMANIASIS,2.828566099056992,Trypanothione reductase,<rdkit.Chem.rdchem.Mol object at 0x0000021ACE2CF140>,[0 0 0 ... 0 0 0],c1ccc2c(c1)Nc1ccccc1S2,333.7960000000001,4.334100000000003,1,3,57.61,3,True
CHEMBL39382,CN(C)CCCN1c2ccccc2Sc2ccc(CN)cc21,LEISHMANIASIS,3.6595558851598815,Trypanothione reductase,<rdkit.Chem.rdchem.Mol object at 0x0000021ACE2CF1B0>,[0 0 0 ... 0 0 0],c1ccc2c(c1)Nc1ccccc1S2,313.47000000000014,3.6997000000000018,1,4,32.5,5,True
CHEMBL39395,CN(C)CCCN1c2ccccc2Sc2ccc(C(=O)O)cc21,LEISHMANIASIS,2.407712184047869,Trypanothione reductase,<rdkit.Chem.rdchem.Mol object at 0x0000021ACE2CF220>,[0 0 0 ... 0 0 0],c1ccc2c(c1)Nc1ccccc1S2,328.4370000000001,3.939200000000003,1,4,43.78,5,True
CHEMBL39234,CC(=O)c1ccc2c(c1)N(CCCN(C)C)c1cc(C(C)=O)ccc1S2,LEISHMANIASIS,3.326058001365912,Trypanothione reductase,<rdkit.Chem.rdchem.Mol object at 0x0000021ACE2CF290>,[0 0 0 ... 0 0 0],c1ccc2c(c1)Nc1ccccc1S2,368.502,4.646200000000005,0,5,40.620000000000005,6,True
CHEMBL39560,CC(=O)c1ccc2c(c1)N(CCCN(C)C)c1ccccc1S2,LEISHMANIASIS,3.2992962828549808,Trypanothione reductase,<rdkit.Chem.rdchem.Mol object at 0x0000021ACE2CF300>,[0 0 0 ... 0 0 0],c1ccc2c(c1)Nc1ccccc1S2,326.465,4.443600000000004,0,4,23.550000000000004,5,True
CHEMBL39240,O=C(CCC(=O)N1c2ccccc2Sc2ccc(Cl)cc21)NCc1ccccc1,LEISHMANIASIS,3.72584215073632,Trypanothione reductase,<rdkit.Chem.rdchem.Mol object at 0x0000021ACE2CF370>,[0 0 0 ... 0 0 0],O=C(CCC(=O)N1c2ccccc2Sc2ccccc21)NCc1ccccc1,422.9370000000001,5.565900000000004,1,3,49.410000000000004,5,False
CHEMBL38194,O=C1NC(=O)c2c1c1c3cc(O)ccc3[nH]c1c1c2c2cc(O)ccc2n1C1OC(CO)C(O)C(O)C1O,LEISHMANIASIS,5.823908740944319,DNA topoisomerase,<rdkit.Chem.rdchem.Mol object at 0x0000021ACE2CF3E0>,[0 0 0 ... 0 0 0],O=C1NC(=O)c2c1c1c3ccccc3[nH]c1c1c2c2ccccc2n1C1CCCCO1,519.4660000000002,0.6961999999999999,8,10,197.49999999999997,2,False
CHEMBL38298,N=C(N)CCN1c2ccccc2Sc2ccccc21,LEISHMANIASIS,3.003488327845821,Trypanothione reductase,<rdkit.Chem.rdchem.Mol object at 0x0000021ACE2CF450>,[0 0 0 ... 0 0 0],c1ccc2c(c1)Nc1ccccc1S2,269.37300000000005,3.615370000000002,2,3,53.11000000000001,3,True
CHEMBL38380,O=S(=O)(c1cccc2cnccc12)N1CCCNCC1,LEISHMANIASIS,4.522878745280337,DNA topoisomerase,<rdkit.Chem.rdchem.Mol object at 0x0000021ACE2CF4C0>,[0 0 0 ... 0 0 0],O=S(=O)(c1cccc2cnccc12)N1CCCNCC1,291.37600000000003,1.2187999999999999,1,4,62.300000000000004,2,True
CHEMBL38403,CCC/N=N\CCCN1c2ccccc2Sc2ccc(Cl)cc21,LEISHMANIASIS,4.374077510939878,Trypanothione reductase,<rdkit.Chem.rdchem.Mol object at 0x0000021ACE2CF530>,[0 0 0 ... 0 0 0],c1ccc2c(c1)Nc1ccccc1S2,345.89900000000006,6.195000000000005,0,4,27.96,6,False
CHEMBL38659,CNCCCN1c2ccccc2Sc2ccccc21,LEISHMANIASIS,2.988006885340743,Trypanothione reductase,<rdkit.Chem.rdchem.Mol object at 0x0000021ACE2CF5A0>,[0 0 0 ... 0 0 0],c1ccc2c(c1)Nc1ccccc1S2,270.401,3.898800000000003,1,3,15.27,4,True
CHEMBL829,CC(CN(C)C)CN1c2ccccc2Sc2ccccc21,LEISHMANIASIS,3.749998465974153,Trypanothione reductase,<rdkit.Chem.rdchem.Mol object at 0x0000021ACE2CF610>,[0 1 0 ... 0 0 0],c1ccc2c(c1)Nc1ccccc1S2,298.45500000000004,4.487000000000004,0,3,6.48,4,True
CHEMBL39598,CN(C)CCCN1c2ccccc2Sc2ccc(COc3ccc(C(C)(C)C)cc3)cc21,LEISHMANIASIS,3.7931741239681513,Trypanothione reductase,<rdkit.Chem.rdchem.Mol object at 0x0000021ACE2CF680>,[0 0 0 ... 0 0 0],c1ccc(OCc2ccc3c(c2)Nc2ccccc2S3)cc1,446.6600000000003,7.117500000000008,0,4,15.71,7,False
CHEMBL40008,CN(C)CCCN1c2ccccc2Sc2ccc(CO)cc21,LEISHMANIASIS,2.925549281045409,Trypanothione reductase,<rdkit.Chem.rdchem.Mol object at 0x0000021ACE2CF6F0>,[0 0 0 ... 0 0 0],c1ccc2c(c1)Nc1ccccc1S2,314.4540000000001,3.7333000000000025,1,4,26.71,5,True
CHEMBL39271,N=C(N)CCN1c2ccccc2Sc2ccc(Cl)cc21,LEISHMANIASIS,3.512861624522813,Trypanothione reductase,<rdkit.Chem.rdchem.Mol object at 0x0000021ACE2CF760>,[0 0 0 ... 0 0 0],c1ccc2c(c1)Nc1ccccc1S2,303.81800000000004,4.268770000000003,2,3,53.11000000000001,3,True
CHEMBL38435,CN(C)CCCN1c2ccccc2Sc2c(Cl)cccc21,LEISHMANIASIS,3.1163385648463824,Trypanothione reductase,<rdkit.Chem.rdchem.Mol object at 0x0000021ACE2CF7D0>,[0 0 0 ... 0 0 0],c1ccc2c(c1)Nc1ccccc1S2,318.87300000000005,4.894400000000004,0,3,6.48,4,True
CHEMBL41531,Clc1ccc2c(c1)N(N1CCC1)c1ccccc1S2,LEISHMANIASIS,4.092588639225414,Trypanothione reductase,<rdkit.Chem.rdchem.Mol object at 0x0000021ACE2CF840>,[0 0 0 ... 0 0 0],c1ccc2c(c1)Sc1ccccc1N2N1CCC1,288.803,4.563400000000002,0,3,6.48,1,True
CHEMBL41652,CC[C@@]1(O)C(=O)OCc2c1cc1n(c2=O)Cc2cc3c4c(ccc3nc2-1)OCCN4CCN,LEISHMANIASIS,3.876148359032914,DNA topoisomerase,<rdkit.Chem.rdchem.Mol object at 0x0000021ACE2CF8B0>,[0 0 0 ... 0 0 0],O=C1Cc2cc3n(c(=O)c2CO1)Cc1cc2c4c(ccc2nc1-3)OCCN4,448.4790000000003,1.2370999999999999,2,9,119.91,3,True
CHEMBL41654,CCN(CC)CCCC(=O)N1c2ccccc2Sc2ccc(Cl)cc21,LEISHMANIASIS,3.494850021680094,Trypanothione reductase,<rdkit.Chem.rdchem.Mol object at 0x0000021ACE2CF920>,[0 0 0 ... 0 0 0],c1ccc2c(c1)Nc1ccccc1S2,374.93700000000007,5.591300000000005,0,3,23.550000000000004,6,False
CHEMBL41169,CCC(=O)c1ccc2c(c1)N(CCCN(C)C)c1ccccc1S2,LEISHMANIASIS,3.447331783887807,Trypanothione reductase,<rdkit.Chem.rdchem.Mol object at 0x0000021ACE2CF990>,[0 0 0 ... 0 0 0],c1ccc2c(c1)Nc1ccccc1S2,340.49199999999996,4.833700000000005,0,4,23.550000000000004,6,True
CHEMBL40332,CC(=O)N1c2ccccc2Sc2ccc(C(=O)CCl)cc21,LEISHMANIASIS,3.360513510731414,Trypanothione reductase,<rdkit.Chem.rdchem.Mol object at 0x0000021ACE2CFA00>,[0 0 0 ... 0 0 0],c1ccc2c(c1)Nc1ccccc1S2,317.79699999999997,4.2573000000000025,0,3,37.38,2,True
CHEMBL43782,O=C(Nc1ccccc1)c1cc(O)c(O)c(O)c1,LEISHMANIASIS,4.0,DNA topoisomerase,<rdkit.Chem.rdchem.Mol object at 0x0000021ACE2CFA70>,[0 0 0 ... 0 0 0],O=C(Nc1ccccc1)c1ccccc1,245.23399999999998,2.0557,4,4,89.79,2,True
CHEMBL41418,CC(=O)c1ccc2c(c1)N(C(C)=O)c1ccccc1S2,LEISHMANIASIS,2.5511391543925592,Trypanothione reductase,<rdkit.Chem.rdchem.Mol object at 0x0000021ACE2CFAE0>,[0 0 0 ... 0 0 0],c1ccc2c(c1)Nc1ccccc1S2,283.352,4.038400000000002,0,3,37.38,1,True
CHEMBL43029,CN(C)CCCN1c2ccccc2Sc2ccc(C(N)=O)cc21,LEISHMANIASIS,3.339134521996131,Trypanothione reductase,<rdkit.Chem.rdchem.Mol object at 0x0000021ACE2CFB50>,[0 0 0 ... 0 0 0],c1ccc2c(c1)Nc1ccccc1S2,327.45300000000015,3.339900000000001,1,4,49.57,5,True
CHEMBL42963,CCN(CC)CC(=O)N1c2ccccc2Sc2ccc(Cl)cc21,LEISHMANIASIS,3.081445469449726,Trypanothione reductase,<rdkit.Chem.rdchem.Mol object at 0x0000021ACE2CFBC0>,[0 0 0 ... 0 0 0],c1ccc2c(c1)Nc1ccccc1S2,346.8830000000001,4.811100000000004,0,3,23.550000000000004,4,True
CHEMBL44044,CC[C@@]1(O)C(=O)OCc2c1cc1n(c2=O)Cc2cc3c4c(ccc3nc2-1)OCCN4,LEISHMANIASIS,4.3872161432802645,DNA topoisomerase,<rdkit.Chem.rdchem.Mol object at 0x0000021ACE2CFC30>,[0 0 0 ... 0 0 0],O=C1Cc2cc3n(c(=O)c2CO1)Cc1cc2c4c(ccc2nc1-3)OCCN4,405.4100000000002,1.8839,2,8,102.68,1,True
CHEMBL43612,O=C1C=CC(=O)c2c(O)cccc21,LEISHMANIASIS,5.083019952679618,DNA topoisomerase,<rdkit.Chem.rdchem.Mol object at 0x0000021ACE2CFCA0>,[0 0 0 ... 0 0 0],O=C1C=CC(=O)c2ccccc21,174.155,1.3274,1,3,54.370000000000005,0,True
CHEMBL44747,O=C(Nc1nc2ccccc2s1)c1ccc(O)c(O)c1,LEISHMANIASIS,4.772113295386326,DNA topoisomerase,<rdkit.Chem.rdchem.Mol object at 0x0000021ACE2CFD10>,[0 0 0 ... 0 0 0],O=C(Nc1nc2ccccc2s1)c1ccccc1,286.312,2.9598000000000013,3,5,82.45,2,True
CHEMBL44839,O=C(Nc1ccccc1NC(=O)c1ccccc1)c1ccccc1,LEISHMANIASIS,4.0,DNA topoisomerase,<rdkit.Chem.rdchem.Mol object at 0x0000021ACE2CFD80>,[0 0 0 ... 0 0 0],O=C(Nc1ccccc1NC(=O)c1ccccc1)c1ccccc1,316.36,4.191200000000002,2,2,58.2,4,True
CHEMBL837,CCc1c2c(nc3ccc(O)cc13)-c1cc3c(c(=O)n1C2)COC(=O)[C@]3(O)CC,LEISHMANIASIS,6.0,DNA topoisomerase,<rdkit.Chem.rdchem.Mol object at 0x0000021ACE2CFDF0>,[0 0 0 ... 0 0 0],O=C1Cc2cc3n(c(=O)c2CO1)Cc1cc2ccccc2nc1-3,392.41100000000023,2.3476,2,7,101.65000000000002,2,True
CHEMBL43881,Cc1cc(-c2c(F)cc3c(=O)c(C(=O)O)cn4c3c2NC[C@@H]4C)cc(C)n1,LEISHMANIASIS,3.136677139879544,DNA topoisomerase,<rdkit.Chem.rdchem.Mol object at 0x0000021ACE2CFE60>,[0 0 0 ... 0 0 0],O=c1ccn2c3c(c(-c4ccncc4)ccc13)NCC2,367.3800000000001,3.5041400000000014,2,5,84.22,2,True
CHEMBL46380,CC(=O)Oc1ccc(C(=O)Nc2ccccc2NC(=O)c2ccc(OC(C)=O)c(OC(C)=O)c2)cc1OC(C)=O,LEISHMANIASIS,4.055517327849831,DNA topoisomerase,<rdkit.Chem.rdchem.Mol object at 0x0000021ACE2CFED0>,[0 0 0 ... 0 0 0],O=C(Nc1ccccc1NC(=O)c1ccccc1)c1ccccc1,548.5040000000004,3.892400000000003,2,10,163.4,8,False
CHEMBL44680,CC(=O)Oc1ccc(C(=O)Nc2ccc(NC(=O)c3ccc(OC(C)=O)c(OC(C)=O)c3)cc2)cc1OC(C)=O,LEISHMANIASIS,4.0,DNA topoisomerase,<rdkit.Chem.rdchem.Mol object at 0x0000021ACE2CFF40>,[0 0 0 ... 0 0 0],O=C(Nc1ccc(NC(=O)c2ccccc2)cc1)c1ccccc1,548.5040000000004,3.892400000000003,2,10,163.4,8,False
CHEMBL44765,O=C(Nc1ccc(NC(=O)c2ccc(O)c(O)c2)cc1)c1ccc(O)c(O)c1,LEISHMANIASIS,5.585026652029182,DNA topoisomerase,<rdkit.Chem.rdchem.Mol object at 0x0000021ACD98FF40>,[0 0 0 ... 0 0 0],O=C(Nc1ccc(NC(=O)c2ccccc2)cc1)c1ccccc1,380.3560000000001,3.013600000000001,6,6,139.12,4,False
CHEMBL44441,O=C(Nc1ccccc1NC(=O)c1ccc(O)c(O)c1)c1ccc(O)c(O)c1,LEISHMANIASIS,5.1938200260161125,DNA topoisomerase,<rdkit.Chem.rdchem.Mol object at 0x0000021ACD98FED0>,[0 0 0 ... 0 0 0],O=C(Nc1ccccc1NC(=O)c1ccccc1)c1ccccc1,380.35600000000005,3.013600000000001,6,6,139.12,4,False
CHEMBL45923,C[C@H]1COc2c(-c3ccc4cnccc4c3)c(F)cc3c(=O)c(C(=O)O)cn1c23,LEISHMANIASIS,4.236572006437063,DNA topoisomerase,<rdkit.Chem.rdchem.Mol object at 0x0000021ACD98FE60>,[0 0 0 ... 1 0 0],O=c1ccn2c3c(c(-c4ccc5cnccc5c4)ccc13)OCC2,390.3700000000002,4.007400000000002,1,5,81.41999999999999,2,True
CHEMBL45239,CC(=O)Oc1ccc(C(=O)Nc2ccccc2NC(=O)c2ccc(OC(C)=O)cc2)cc1,LEISHMANIASIS,4.0,DNA topoisomerase,<rdkit.Chem.rdchem.Mol object at 0x0000021ACD98FDF0>,[0 0 0 ... 0 0 0],O=C(Nc1ccccc1NC(=O)c1ccccc1)c1ccccc1,432.4320000000002,4.041800000000003,2,6,110.80000000000001,6,True
CHEMBL47027,O=C(Nc1ccccc1NC(=O)c1cc(O)c(O)c(O)c1)c1cc(O)c(O)c(O)c1,LEISHMANIASIS,6.221848749616356,DNA topoisomerase,<rdkit.Chem.rdchem.Mol object at 0x0000021ACD98FD80>,[0 0 0 ... 0 0 0],O=C(Nc1ccccc1NC(=O)c1ccccc1)c1ccccc1,412.3540000000001,2.4248000000000003,8,8,179.57999999999998,4,False
CHEMBL47255,CN1CCN(c2c(F)cc3c(=O)c(C(=O)O)cn(C4CC4)c3c2F)CC1,LEISHMANIASIS,3.823908740944319,DNA topoisomerase,<rdkit.Chem.rdchem.Mol object at 0x0000021ACD98FD10>,[0 0 0 ... 0 0 0],O=c1ccn(C2CC2)c2cc(N3CCNCC3)ccc12,363.3640000000002,2.0646,1,5,65.78,3,True
CHEMBL47524,O=C(NC1=NCCS1)c1cc(O)c(O)c(O)c1,LEISHMANIASIS,4.46344155742847,DNA topoisomerase,<rdkit.Chem.rdchem.Mol object at 0x0000021ACD98FCA0>,[0 0 0 ... 0 0 0],O=C(NC1=NCCS1)c1ccccc1,254.26700000000002,0.6359999999999997,4,6,102.15,1,True
CHEMBL47526,O=C(Nc1cccc(NC(=O)c2cc(O)c(O)c(O)c2)c1)c1cc(O)c(O)c(O)c1,LEISHMANIASIS,6.226728668260934,DNA topoisomerase,<rdkit.Chem.rdchem.Mol object at 0x0000021ACD98FC30>,[0 0 0 ... 0 0 0],O=C(Nc1cccc(NC(=O)c2ccccc2)c1)c1ccccc1,412.3540000000001,2.4248000000000003,8,8,179.57999999999998,4,False
CHEMBL45605,Cc1cc(-c2c(F)cc3c(=O)c(C(=O)O)cn4c3c2OCC42CC2)cc(C)n1,LEISHMANIASIS,3.886056647693163,DNA topoisomerase,<rdkit.Chem.rdchem.Mol object at 0x0000021ACD98FBC0>,[0 0 0 ... 0 0 0],O=c1ccn2c3c(c(-c4ccncc4)ccc13)OCC21CC1,380.3750000000002,3.399140000000001,1,5,81.42,2,True
CHEMBL45881,Cc1cc(-c2c(F)c(F)c3c(=O)c(C(=O)O)cn4c3c2OC[C@@H]4C)cc(C)n1,LEISHMANIASIS,4.301029995663981,DNA topoisomerase,<rdkit.Chem.rdchem.Mol object at 0x0000021ACD98FB50>,[0 0 0 ... 1 0 0],O=c1ccn2c3c(c(-c4ccncc4)ccc13)OCC2,386.3540000000002,3.6101400000000012,1,5,81.42,2,True
CHEMBL45887,CCn1cc(C(=O)O)c(=O)c2cc(F)c(-c3cc(C)nc(C)c3)cc21,LEISHMANIASIS,3.2441251443275085,DNA topoisomerase,<rdkit.Chem.rdchem.Mol object at 0x0000021ACD98FAE0>,[0 0 0 ... 0 0 0],O=c1cc[nH]c2cc(-c3ccncc3)ccc12,340.35400000000004,3.5375400000000026,1,4,72.19,3,True
CHEMBL49442,O=C1c2ccccc2C(=O)c2c(NCCNCCO)ccc(NCCNCCO)c21,LEISHMANIASIS,7.522878745280337,DNA topoisomerase,<rdkit.Chem.rdchem.Mol object at 0x0000021ACD98FA70>,[0 1 0 ... 0 0 0],O=C1c2ccccc2C(=O)c2ccccc21,412.4900000000001,0.44960000000000083,6,8,122.72000000000001,12,False
CHEMBL47848,CC(=O)Oc1ccc(C(=O)Nc2ccc(NC(=O)c3ccc(OC(C)=O)cc3)cc2)cc1,LEISHMANIASIS,4.0,DNA topoisomerase,<rdkit.Chem.rdchem.Mol object at 0x0000021ACD98FA00>,[0 0 0 ... 0 0 0],O=C(Nc1ccc(NC(=O)c2ccccc2)cc1)c1ccccc1,432.4320000000002,4.041800000000002,2,6,110.80000000000001,6,True
CHEMBL47885,O=C(Nc1ccc(NC(=O)c2cc(O)c(O)c(O)c2)cc1)c1cc(O)c(O)c(O)c1,LEISHMANIASIS,6.33889035263304,DNA topoisomerase,<rdkit.Chem.rdchem.Mol object at 0x0000021ACD98F990>,[0 0 0 ... 0 0 0],O=C(Nc1ccc(NC(=O)c2ccccc2)cc1)c1ccccc1,412.3540000000001,2.4248000000000003,8,8,179.57999999999998,4,False
CHEMBL46853,CC(=O)Oc1cc(C(=O)Nc2ccccc2NC(=O)c2cc(OC(C)=O)c(OC(C)=O)c(OC(C)=O)c2)cc(OC(C)=O)c1OC(C)=O,LEISHMANIASIS,5.327902142064283,DNA topoisomerase,<rdkit.Chem.rdchem.Mol object at 0x0000021ACD98F920>,[0 0 0 ... 0 0 0],O=C(Nc1ccccc1NC(=O)c1ccccc1)c1ccccc1,664.5760000000004,3.743000000000002,2,14,215.99999999999997,10,False
CHEMBL48059,Cc1cc(-c2c(F)cc3c(=O)c(C(=O)O)cn4c3c2[S+]([O-])C[C@@H]4C)cc(C)n1,LEISHMANIASIS,4.207608310501746,DNA topoisomerase,<rdkit.Chem.rdchem.Mol object at 0x0000021ACD98F8B0>,[0 0 0 ... 0 0 0],O=c1ccn2c3c(c(-c4ccncc4)ccc13)[SH+]CC2,400.43100000000015,3.199840000000001,1,5,95.25,2,True
CHEMBL49381,CC[C@H]1COc2c(-c3cc(C)nc(C)c3)c(F)cc3c(=O)c(C(=O)O)cn1c23,LEISHMANIASIS,3.3767507096021,DNA topoisomerase,<rdkit.Chem.rdchem.Mol object at 0x0000021ACD98F840>,[0 0 0 ... 1 0 0],O=c1ccn2c3c(c(-c4ccncc4)ccc13)OCC2,382.39100000000013,3.8611400000000016,1,5,81.41999999999999,3,True
CHEMBL49545,Cc1cc(-c2c(F)cc3c(=O)c(C(=O)O)cn4c3c2SC[C@H]4C)cc(C)n1,LEISHMANIASIS,3.585026652029182,DNA topoisomerase,<rdkit.Chem.rdchem.Mol object at 0x0000021ACD98F7D0>,[0 0 0 ... 0 0 0],O=c1ccn2c3c(c(-c4ccncc4)ccc13)SCC2,384.43200000000013,4.184340000000002,1,5,72.19,2,True
CHEMBL50551,Cc1cc(-c2c(F)cc3c(=O)c(C(=O)O)cn4c3c2OC[C@H]4C)cc(C)n1,LEISHMANIASIS,3.2676062401770314,DNA topoisomerase,<rdkit.Chem.rdchem.Mol object at 0x0000021ACD98F760>,[0 0 0 ... 1 0 0],O=c1ccn2c3c(c(-c4ccncc4)ccc13)OCC2,368.36400000000015,3.4710400000000012,1,5,81.42,2,True
CHEMBL51085,O=c1c2ccccc2[se]n1-c1ccccc1,LEISHMANIASIS,6.7447274948966935,Cysteine protease,<rdkit.Chem.rdchem.Mol object at 0x0000021ACD98F6F0>,[0 0 0 ... 0 0 0],O=c1c2ccccc2[se]n1-c1ccccc1,274.181,2.0477,0,2,22.0,1,True
CHEMBL49666,Cc1cc(-c2ccc3c(=O)c(C(=O)O)cn4c3c2OC[C@@H]4C)cc(C)n1,LEISHMANIASIS,3.537602002101044,DNA topoisomerase,<rdkit.Chem.rdchem.Mol object at 0x0000021ACD98F680>,[0 0 0 ... 1 0 0],O=c1ccn2c3c(c(-c4ccncc4)ccc13)OCC2,350.3740000000001,3.331940000000002,1,5,81.42,2,True
CHEMBL51613,Oc1[nH]c(Nc2ccc(Cl)c(Cl)c2)nc2ncnc1-2,LEISHMANIASIS,3.6989700043360183,DNA topoisomerase,<rdkit.Chem.rdchem.Mol object at 0x0000021ACD98F610>,[0 0 0 ... 0 0 0],c1ccc(Nc2nc3ncnc-3c[nH]2)cc1,296.117,3.0605,3,5,86.72,2,True
CHEMBL52018,Cc1cccc(Nc2cc(O)nc(O)n2)c1,LEISHMANIASIS,4.368556230986828,DNA topoisomerase,<rdkit.Chem.rdchem.Mol object at 0x0000021ACD98F5A0>,[0 0 0 ... 0 0 0],c1ccc(Nc2ccncn2)cc1,217.228,1.9398199999999999,3,5,78.27,2,True
CHEMBL52034,Oc1cc(Nc2ccc(Cl)c(Cl)c2)nc(O)n1,LEISHMANIASIS,6.031998310812419,DNA topoisomerase,<rdkit.Chem.rdchem.Mol object at 0x0000021ACD98F530>,[0 0 0 ... 0 0 0],c1ccc(Nc2ccncn2)cc1,272.09099999999995,2.9382000000000006,3,5,78.27,2,True
CHEMBL53228,Oc1ccc(Nc2cc(O)nc(O)n2)cc1,LEISHMANIASIS,2.751999999587181,DNA topoisomerase,<rdkit.Chem.rdchem.Mol object at 0x0000021ACD98F4C0>,[0 0 0 ... 0 0 0],c1ccc(Nc2ccncn2)cc1,219.20000000000002,1.3369999999999995,4,6,98.5,2,True
CHEMBL53162,Cc1ccc(Nc2cc(O)nc(O)n2)cc1N,LEISHMANIASIS,3.913640169325252,DNA topoisomerase,<rdkit.Chem.rdchem.Mol object at 0x0000021ACD98F450>,[0 0 0 ... 0 0 0],c1ccc(Nc2ccncn2)cc1,232.24300000000002,1.5220199999999993,4,6,104.28999999999999,2,True
CHEMBL52057,CCC1(O)C(=O)OCc2c1cc1n(c2=O)Cc2cc3cc4c(cc3nc2-1)OCO4,LEISHMANIASIS,7.297070800341181,DNA topoisomerase,<rdkit.Chem.rdchem.Mol object at 0x0000021ACD98F3E0>,[0 0 0 ... 0 0 0],O=C1Cc2cc3n(c(=O)c2CO1)Cc1cc2cc4c(cc2nc1-3)OCO4,392.3670000000002,1.8082999999999998,1,8,99.88000000000001,1,True
CHEMBL53413,Cc1cc(Nc2cc(O)nc(O)n2)ccc1Br,LEISHMANIASIS,6.0,DNA topoisomerase,<rdkit.Chem.rdchem.Mol object at 0x0000021ACD98F370>,[0 0 0 ... 0 0 0],c1ccc(Nc2ccncn2)cc1,296.124,2.702320000000001,3,5,78.27,2,True
CHEMBL51750,CCc1cccc(Nc2cc(O)nc(O)n2)c1,LEISHMANIASIS,5.537602002101044,DNA topoisomerase,<rdkit.Chem.rdchem.Mol object at 0x0000021ACD98F300>,[0 0 0 ... 0 0 0],c1ccc(Nc2ccncn2)cc1,231.255,2.1938000000000004,3,5,78.27,3,True
CHEMBL51694,O=c1cc(Nc2ccc(Cl)cc2)[nH]c(=O)[nH]1,LEISHMANIASIS,4.6020599913279625,DNA topoisomerase,<rdkit.Chem.rdchem.Mol object at 0x0000021ACD98F290>,[0 0 0 ... 0 0 0],O=c1cc(Nc2ccccc2)[nH]c(=O)[nH]1,237.64600000000002,1.4601999999999995,3,3,77.75,2,True
CHEMBL51931,O=C1C(=O)c2ccccc2-c2ccccc21,LEISHMANIASIS,5.903089986991944,Cysteine protease,<rdkit.Chem.rdchem.Mol object at 0x0000021ACD98F220>,[0 1 0 ... 0 0 0],O=C1C(=O)c2ccccc2-c2ccccc21,208.21599999999998,2.7326000000000006,0,2,34.14,0,True
CHEMBL53002,CCc1cc(Nc2cc(O)nc(O)n2)ccc1C,LEISHMANIASIS,6.287497103672663,DNA topoisomerase,<rdkit.Chem.rdchem.Mol object at 0x0000021ACD98F1B0>,[0 0 0 ... 0 0 0],c1ccc(Nc2ccncn2)cc1,245.282,2.5022200000000003,3,5,78.27,3,True
CHEMBL53109,CCCCc1ccc(Nc2cc(O)nc(O)n2)cc1C,LEISHMANIASIS,3.519500005906794,DNA topoisomerase,<rdkit.Chem.rdchem.Mol object at 0x0000021ACD98F140>,[0 0 0 ... 0 0 0],c1ccc(Nc2ccncn2)cc1,273.336,3.282420000000002,3,5,78.27,5,True
CHEMBL53209,CCCCc1cccc(Nc2cc(O)nc(O)n2)c1,LEISHMANIASIS,3.245499997013441,DNA topoisomerase,<rdkit.Chem.rdchem.Mol object at 0x0000021ACD98F0D0>,[0 0 0 ... 0 0 0],c1ccc(Nc2ccncn2)cc1,259.30899999999997,2.974000000000002,3,5,78.27,5,True
CHEMBL53605,Nc1[nH]c(Nc2ccc(Cl)c(Cl)c2)nc2ncnc1-2,LEISHMANIASIS,3.6989700043360183,DNA topoisomerase,<rdkit.Chem.rdchem.Mol object at 0x0000021ACD98F060>,[0 0 0 ... 0 0 0],c1ccc(Nc2nc3ncnc-3c[nH]2)cc1,295.133,2.9371,3,5,92.51,2,True
CHEMBL54371,CCc1ccc(Nc2cc(O)nc(O)n2)cc1C,LEISHMANIASIS,5.049000023692059,DNA topoisomerase,<rdkit.Chem.rdchem.Mol object at 0x0000021ACD98EFF0>,[0 0 0 ... 0 0 0],c1ccc(Nc2ccncn2)cc1,245.28199999999998,2.5022200000000003,3,5,78.27,3,True
CHEMBL53463,COc1cccc2c1C(=O)c1c(O)c3c(c(O)c1C2=O)C[C@@](O)(C(=O)CO)C[C@@H]3O[C@H]1C[C@H](N)[C@H](O)[C@H](C)O1,LEISHMANIASIS,5.522878745280337,DNA topoisomerase,<rdkit.Chem.rdchem.Mol object at 0x0000021ACD98EF80>,[0 0 0 ... 0 0 0],O=C1c2ccccc2C(=O)c2cc3c(cc21)CCCC3OC1CCCCO1,543.5250000000003,0.0012999999999993017,6,12,206.07,5,False
CHEMBL54632,CCCc1ccc(Nc2cc(O)nc(O)n2)cc1C,LEISHMANIASIS,4.434500038389684,DNA topoisomerase,<rdkit.Chem.rdchem.Mol object at 0x0000021ACD98EF10>,[0 0 0 ... 0 0 0],c1ccc(Nc2ccncn2)cc1,259.309,2.8923200000000016,3,5,78.27,4,True
CHEMBL54814,CCCc1cccc(Nc2cc(O)nc(O)n2)c1,LEISHMANIASIS,4.808999882369602,DNA topoisomerase,<rdkit.Chem.rdchem.Mol object at 0x0000021ACD98EEA0>,[0 0 0 ... 0 0 0],c1ccc(Nc2ccncn2)cc1,245.28199999999998,2.5839000000000008,3,5,78.27,4,True
CHEMBL54861,COc1ccc(Nc2cc(O)nc(O)n2)cc1,LEISHMANIASIS,3.921000001140274,DNA topoisomerase,<rdkit.Chem.rdchem.Mol object at 0x0000021ACD98EE30>,[0 0 0 ... 0 0 0],c1ccc(Nc2ccncn2)cc1,233.227,1.6399999999999995,3,6,87.5,3,True
CHEMBL54949,Oc1cc(Nc2cccc(Cl)c2)nc(O)n1,LEISHMANIASIS,4.602000062824431,DNA topoisomerase,<rdkit.Chem.rdchem.Mol object at 0x0000021ACD98EDC0>,[0 0 0 ... 0 0 0],c1ccc(Nc2ccncn2)cc1,237.646,2.284800000000001,3,5,78.27,2,True
CHEMBL54782,Cc1ccc(Nc2cc(O)nc(O)n2)cc1C,LEISHMANIASIS,6.035999797940923,DNA topoisomerase,<rdkit.Chem.rdchem.Mol object at 0x0000021ACD98ED50>,[0 0 0 ... 0 0 0],c1ccc(Nc2ccncn2)cc1,231.25500000000002,2.248239999999999,3,5,78.27,2,True
CHEMBL55032,Cc1ccc(Nc2cc(O)nc(O)n2)cc1CCl,LEISHMANIASIS,6.585026652029182,DNA topoisomerase,<rdkit.Chem.rdchem.Mol object at 0x0000021ACD98ECE0>,[0 0 0 ... 0 0 0],c1ccc(Nc2ccncn2)cc1,265.70000000000005,2.6786200000000004,3,5,78.27,3,True
CHEMBL54950,Oc1cc(Nc2ccc3c(c2)CCC3)nc(O)n1,LEISHMANIASIS,6.376874829205908,DNA topoisomerase,<rdkit.Chem.rdchem.Mol object at 0x0000021ACD98EC70>,[0 0 0 ... 0 0 0],c1cc(Nc2ccc3c(c2)CCC3)ncn1,243.26599999999996,2.1201000000000003,3,5,78.27,2,True
CHEMBL55145,Cc1ccc(Nc2cc(O)nc(O)n2)cc1Cl,LEISHMANIASIS,6.200659450546418,DNA topoisomerase,<rdkit.Chem.rdchem.Mol object at 0x0000021ACD98EC00>,[0 0 0 ... 0 0 0],c1ccc(Nc2ccncn2)cc1,251.67300000000003,2.5932200000000005,3,5,78.27,2,True
CHEMBL53912,Nc1nc(Cl)cc(Nc2ccc(Cl)c(Cl)c2)n1,LEISHMANIASIS,3.6989700043360183,DNA topoisomerase,<rdkit.Chem.rdchem.Mol object at 0x0000021ACD98EB90>,[0 0 0 ... 0 0 0],c1ccc(Nc2ccncn2)cc1,289.553,3.762600000000001,2,4,63.83,2,True
CHEMBL54490,Cc1ccc(Nc2cc(O)nc(O)n2)cc1CO,LEISHMANIASIS,4.105000019141978,DNA topoisomerase,<rdkit.Chem.rdchem.Mol object at 0x0000021ACD98EB20>,[0 0 0 ... 0 0 0],c1ccc(Nc2ccncn2)cc1,247.25400000000002,1.432119999999999,4,6,98.5,3,True
CHEMBL54419,CC(C)c1ccc(Nc2cc(O)nc(O)n2)cc1,LEISHMANIASIS,3.4660000031922675,DNA topoisomerase,<rdkit.Chem.rdchem.Mol object at 0x0000021ACD98EAB0>,[0 1 0 ... 0 0 0],c1ccc(Nc2ccncn2)cc1,245.282,2.7548000000000012,3,5,78.27,3,True
CHEMBL54362,CCCCc1ccc(Nc2cc(O)nc(O)n2)cc1,LEISHMANIASIS,2.304999999828886,DNA topoisomerase,<rdkit.Chem.rdchem.Mol object at 0x0000021ACD98EA40>,[0 0 0 ... 0 0 0],c1ccc(Nc2ccncn2)cc1,259.30899999999997,2.974000000000001,3,5,78.27,5,True
CHEMBL54530,Cc1cc(Nc2cc(O)nc(O)n2)ccc1N,LEISHMANIASIS,4.721000063947474,DNA topoisomerase,<rdkit.Chem.rdchem.Mol object at 0x0000021ACD98E9D0>,[0 0 0 ... 0 0 0],c1ccc(Nc2ccncn2)cc1,232.243,1.5220199999999997,4,6,104.28999999999999,2,True
CHEMBL55756,CC(C)c1cc(CN(C)C)cc(C(C)C)c1O,LEISHMANIASIS,4.928117992693875,Trypanothione reductase,<rdkit.Chem.rdchem.Mol object at 0x0000021ACD98E960>,[0 1 0 ... 0 0 0],c1ccccc1,235.37099999999998,3.7006000000000037,1,2,23.47,4,True
CHEMBL56014,Cc1ccc(Nc2cc(O)nc(O)n2)cc1I,LEISHMANIASIS,6.42021640338319,DNA topoisomerase,<rdkit.Chem.rdchem.Mol object at 0x0000021ACD98E8F0>,[0 0 0 ... 0 0 0],c1ccc(Nc2ccncn2)cc1,343.124,2.5444200000000006,3,5,78.27,2,True
CHEMBL941,Cc1ccc(NC(=O)c2ccc(CN3CCN(C)CC3)cc2)cc1Nc1nccc(-c2cccnc2)n1,LEISHMANIASIS,4.522878745280337,DNA topoisomerase,<rdkit.Chem.rdchem.Mol object at 0x0000021ACD98E880>,[0 0 0 ... 0 0 0],O=C(Nc1cccc(Nc2nccc(-c3cccnc3)n2)c1)c1ccc(CN2CCNCC2)cc1,493.6150000000002,4.590320000000004,2,7,86.28000000000002,7,True
CHEMBL57397,Cc1ccc(Nc2cc(O)nc(O)n2)cc1,LEISHMANIASIS,4.7569809370167295,DNA topoisomerase,<rdkit.Chem.rdchem.Mol object at 0x0000021ACD98E810>,[0 0 0 ... 0 0 0],c1ccc(Nc2ccncn2)cc1,217.22800000000004,1.9398199999999997,3,5,78.27,2,True
CHEMBL58084,NCCCN(CCCCN(CCCN)Cc1ccccc1)Cc1ccccc1,LEISHMANIASIS,4.721246399047171,Trypanothione reductase,<rdkit.Chem.rdchem.Mol object at 0x0000021ACD98E7A0>,[0 0 0 ... 0 0 0],c1ccc(CNCCCCNCc2ccccc2)cc1,382.59600000000006,3.468600000000002,2,4,58.519999999999996,15,True
CHEMBL58301,O=C(NCCCCNCCCNC(=O)c1ccccc1)c1ccccc1,LEISHMANIASIS,2.6989700043360187,Trypanothione reductase,<rdkit.Chem.rdchem.Mol object at 0x0000021ACD98E730>,[0 0 0 ... 0 0 0],O=C(NCCCCNCCCNC(=O)c1ccccc1)c1ccccc1,353.46600000000007,2.6063,3,3,70.23,11,True
CHEMBL60430,CN(C)CCCNC(=O)CNC(=O)C(CCSCC(NC(=O)OCc1ccccc1)C(=O)NCC(=O)NCCCN(C)C)NC(=O)OCc1ccccc1,LEISHMANIASIS,4.366531544420414,Trypanothione reductase,<rdkit.Chem.rdchem.Mol object at 0x0000021ACD98E6C0>,[0 1 0 ... 0 0 0],O=C(NCCCSCCNC(=O)OCc1ccccc1)OCc1ccccc1,772.9699999999998,1.0679000000000112,6,11,199.54,25,False
CHEMBL61573,COc1cc2c(c(O)c1O)-c1ccc(SC)c(=O)cc1[C@@H](NC(C)=O)CC2,LEISHMANIASIS,3.823908740944319,DNA topoisomerase,<rdkit.Chem.rdchem.Mol object at 0x0000021ACD98E650>,[0 0 0 ... 0 0 0],O=c1cccc2c(c1)CCCc1ccccc1-2,387.45700000000016,2.978900000000001,3,6,95.85999999999999,3,True
CHEMBL61691,NCCCN(CCCCN(CCCN)Cc1ccc2ccccc2c1)Cc1ccc2ccccc2c1,LEISHMANIASIS,5.259637310505756,Trypanothione reductase,<rdkit.Chem.rdchem.Mol object at 0x0000021ACD98E5E0>,[0 0 0 ... 0 0 0],c1ccc2cc(CNCCCCNCc3ccc4ccccc4c3)ccc2c1,482.7160000000002,5.775000000000006,2,4,58.519999999999996,15,False
CHEMBL61609,CSc1ccc2c(cc1=O)[C@@H](NC(C)=O)CCc1cc(O)c(O)c(O)c1-2,LEISHMANIASIS,5.045757490560675,DNA topoisomerase,<rdkit.Chem.rdchem.Mol object at 0x0000021ACD98E570>,[0 0 0 ... 0 0 0],O=c1cccc2c(c1)CCCc1ccccc1-2,373.43000000000006,2.6759000000000017,4,6,106.86000000000001,2,True
CHEMBL62048,NCCCN(CCCCN(CCCN)CCCc1ccccc1)CCCc1ccccc1,LEISHMANIASIS,5.458420756053419,Trypanothione reductase,<rdkit.Chem.rdchem.Mol object at 0x0000021ACD98E500>,[0 0 0 ... 0 0 0],c1ccc(CCCNCCCCNCCCc2ccccc2)cc1,438.7040000000001,4.333800000000004,2,4,58.519999999999996,19,True
CHEMBL164,O=c1c(O)c(-c2cc(O)c(O)c(O)c2)oc2cc(O)cc(O)c12,LEISHMANIASIS,6.4089353929735005,DNA topoisomerase,<rdkit.Chem.rdchem.Mol object at 0x0000021ACD98E490>,[0 0 0 ... 0 0 0],O=c1cc(-c2ccccc2)oc2ccccc12,318.237,1.6935999999999998,6,8,151.59,1,False
CHEMBL66033,O=C1C(O)=C(C(C2=C(O)C(=O)c3ccccc3C2=O)c2ccc(C(C3=C(O)C(=O)c4ccccc4C3=O)C3=C(O)C(=O)c4ccccc4C3=O)cc2)C(=O)c2ccccc21,LEISHMANIASIS,4.221848749616356,DNA topoisomerase,<rdkit.Chem.rdchem.Mol object at 0x0000021ACD98E420>,[0 1 0 ... 0 0 0],O=C1C=C(C(C2=CC(=O)c3ccccc3C2=O)c2ccc(C(C3=CC(=O)c4ccccc4C3=O)C3=CC(=O)c4ccccc4C3=O)cc2)C(=O)c2ccccc21,794.7240000000003,7.419000000000007,4,12,217.47999999999996,6,False
CHEMBL64993,CC1OC(Oc2c(O)c3c(c4cccnc24)C(=O)c2ccccc2C3=O)C(F)C(O)C1O,LEISHMANIASIS,5.301029995663981,DNA topoisomerase,<rdkit.Chem.rdchem.Mol object at 0x0000021ACD98E3B0>,[0 1 0 ... 0 0 0],O=C1c2ccccc2C(=O)c2c1cc(OC1CCCCO1)c1ncccc21,439.3950000000001,1.8992999999999989,3,8,126.18,2,True
CHEMBL64874,CCC1(O)C(=O)OCc2c1cc1n(c2=O)Cc2cc3cc(OCCNC(=O)c4cc(NC(=O)c5cc(NC(=O)CCCN(C)C)cn5COC)cn4COC)ccc3nc2-1,LEISHMANIASIS,5.317133204337676,DNA topoisomerase,<rdkit.Chem.rdchem.Mol object at 0x0000021ACD98E340>,[0 0 0 ... 0 0 0],O=C1Cc2cc3n(c(=O)c2CO1)Cc1cc2cc(OCCNC(=O)c4cc(NC(=O)c5ccc[nH]5)c[nH]4)ccc2nc1-3,824.8919999999996,3.2318000000000033,4,15,209.51,17,False
CHEMBL3545083,COCCN1CCN(Cc2ccc(-c3n[nH]c4c3C(=O)c3c(NC(=O)NN5CCOCC5)cccc3-4)cc2)CC1,LEISHMANIASIS,4.522878745280337,DNA topoisomerase,<rdkit.Chem.rdchem.Mol object at 0x0000021ACD98E2D0>,[0 0 0 ... 0 0 0],O=C(Nc1cccc2c1C(=O)c1c(-c3ccc(CN4CCNCC4)cc3)n[nH]c1-2)NN1CCOCC1,545.6440000000002,2.4208000000000007,3,8,115.06,8,False
CHEMBL9416,CC(C)=CC[C@@H](OC(=O)C(C)C)C1=CC(=O)c2c(O)ccc(O)c2C1=O,LEISHMANIASIS,4.075720713938118,DNA topoisomerase,<rdkit.Chem.rdchem.Mol object at 0x0000021ACD98E260>,[0 1 0 ... 0 0 0],O=C1C=CC(=O)c2ccccc21,358.3900000000001,3.3273000000000033,2,6,100.9,5,True
CHEMBL67115,CC[C@@]1(O)C(=O)OCc2c1cc1n(c2=O)Cc2cc3cc(N)c(O)cc3nc2-1,LEISHMANIASIS,6.769551078621726,DNA topoisomerase,<rdkit.Chem.rdchem.Mol object at 0x0000021ACD98E1F0>,[0 0 0 ... 0 0 0],O=C1Cc2cc3n(c(=O)c2CO1)Cc1cc2ccccc2nc1-3,379.3720000000001,1.3674,3,8,127.67,1,True
CHEMBL69367,CC1(C)CCC(C)(C)c2cc(C(=O)Nc3ccc(C(=O)O)cc3)ccc21,LEISHMANIASIS,3.6020599913279625,DNA topoisomerase,<rdkit.Chem.rdchem.Mol object at 0x0000021ACD98E180>,[0 0 0 ... 0 0 0],O=C(Nc1ccccc1)c1ccc2c(c1)CCCC2,351.4460000000001,4.986100000000004,2,2,66.4,3,True
CHEMBL72353,CCOC(=O)c1cc(NC(=O)c2cc(NOC(=O)COc3ccc4nc5c(cc4c3)Cn3c-5cc4c(c3=O)COC(=O)C4(O)CC)cn2COC)cn1COC,LEISHMANIASIS,5.367542707815276,DNA topoisomerase,<rdkit.Chem.rdchem.Mol object at 0x0000021ACD98E110>,[0 0 0 ... 0 0 0],O=C1Cc2cc3n(c(=O)c2CO1)Cc1cc2cc(OCC(=O)ONc4c[nH]c(C(=O)Nc5cc[nH]c5)c4)ccc2nc1-3,770.752,3.268500000000002,3,17,212.69999999999996,14,False
CHEMBL71836,CC[C@]1(O)C(=O)OCc2c1cc1n(c2=O)Cc2cc3ccccc3nc2-1,LEISHMANIASIS,4.522878745280337,DNA topoisomerase,<rdkit.Chem.rdchem.Mol object at 0x0000021ACD98E0A0>,[0 0 0 ... 0 0 0],O=C1Cc2cc3n(c(=O)c2CO1)Cc1cc2ccccc2nc1-3,348.35800000000006,2.0796,1,6,81.42,1,True
CHEMBL73451,c1ccc2c(c1)Sc1ccccc1N2CC1CN2CCC1CC2,LEISHMANIASIS,4.463371838403274,Trypanothione reductase,<rdkit.Chem.rdchem.Mol object at 0x0000021ACD98E030>,[0 0 0 ... 0 0 0],c1ccc2c(c1)Sc1ccccc1N2CC1CN2CCC1CC2,322.47700000000015,4.631100000000005,0,3,6.48,2,True
CHEMBL73133,CNc1nc2ccccc2n2cnnc12,LEISHMANIASIS,5.679853713888946,DNA topoisomerase,<rdkit.Chem.rdchem.Mol object at 0x0000021ACD98DFC0>,[0 0 0 ... 0 0 0],c1ccc2c(c1)ncc1nncn12,199.21699999999998,1.3191999999999997,1,5,55.11,1,True
CHEMBL72627,CCC1(O)C(=O)OCc2c1cc1n(c2=O)Cc2cc3cc(OCC(=O)O)ccc3nc2-1,LEISHMANIASIS,5.951558196449596,DNA topoisomerase,<rdkit.Chem.rdchem.Mol object at 0x0000021ACD98DF50>,[0 0 0 ... 0 0 0],O=C1Cc2cc3n(c(=O)c2CO1)Cc1cc2ccccc2nc1-3,422.3930000000002,1.5430000000000004,2,8,127.95000000000002,4,True
CHEMBL73002,CCOC(=O)c1cc(NC(=O)c2cc(NC(=O)c3cc(NOC(=O)COc4ccc5nc6c(cc5c4)Cn4c-6cc5c(c4=O)COC(=O)C5(O)CC)cn3COC)cn2COC)cn1COC,LEISHMANIASIS,5.410944468947656,DNA topoisomerase,<rdkit.Chem.rdchem.Mol object at 0x0000021ACD98DEE0>,[0 0 0 ... 0 0 0],O=C1Cc2cc3n(c(=O)c2CO1)Cc1cc2cc(OCC(=O)ONc4c[nH]c(C(=O)Nc5c[nH]c(C(=O)Nc6cc[nH]c6)c5)c4)ccc2nc1-3,922.9049999999996,3.9262000000000032,4,20,255.95999999999995,18,False
CHEMBL74406,CCCC(=O)Nc1cc(C(=O)Nc2cc(C(=O)NCCOc3ccc4nc5c(cc4c3)Cn3c-5cc4c(c3=O)COC(=O)C4(O)CC)n(COC)c2)n(COC)c1,LEISHMANIASIS,4.77942124536717,DNA topoisomerase,<rdkit.Chem.rdchem.Mol object at 0x0000021ACD98DE70>,[0 0 0 ... 0 0 0],O=C1Cc2cc3n(c(=O)c2CO1)Cc1cc2cc(OCCNC(=O)c4cc(NC(=O)c5ccc[nH]5)c[nH]4)ccc2nc1-3,781.823,3.690100000000002,4,14,206.26999999999998,15,False
CHEMBL74459,CCOC(=O)c1cc(NOC(=O)COc2ccc3nc4c(cc3c2)Cn2c-4cc3c(c2=O)COC(=O)C3(O)CC)cn1COC,LEISHMANIASIS,5.314975214894286,DNA topoisomerase,<rdkit.Chem.rdchem.Mol object at 0x0000021ACD98DE00>,[0 0 0 ... 0 0 0],O=C1Cc2cc3n(c(=O)c2CO1)Cc1cc2cc(OCC(=O)ONc4cc[nH]c4)ccc2nc1-3,618.5990000000002,2.6108000000000002,2,14,169.44,10,False
CHEMBL76523,O=C(CCc1c[nH]c2ccccc12)NCCCNCCCCNCCCNC(=O)Cc1c[nH]c2ccccc12,LEISHMANIASIS,6.455931955649724,Trypanothione reductase,<rdkit.Chem.rdchem.Mol object at 0x0000021ACD98DD90>,[0 0 0 ... 0 0 0],O=C(CCc1c[nH]c2ccccc12)NCCCNCCCCNCCCNC(=O)Cc1c[nH]c2ccccc12,530.7170000000004,3.7965000000000027,6,4,113.84,18,False
CHEMBL76582,O=C(Cc1c[nH]c2ccccc12)NCCCNCCCCNCCCNC(=O)Cc1c[nH]c2ccccc12,LEISHMANIASIS,6.4089353929735005,Trypanothione reductase,<rdkit.Chem.rdchem.Mol object at 0x0000021ACD98DD20>,[0 0 0 ... 0 0 0],O=C(Cc1c[nH]c2ccccc12)NCCCNCCCCNCCCNC(=O)Cc1c[nH]c2ccccc12,516.6900000000003,3.4064000000000014,6,4,113.84,17,False
CHEMBL76994,O=C(/C=C/c1ccc(O)c(O)c1)NCCCNCCCCNCCCNC(=O)/C=C/c1ccc(O)c(O)c1,LEISHMANIASIS,5.856985199745905,Trypanothione reductase,<rdkit.Chem.rdchem.Mol object at 0x0000021ACD98DCB0>,[0 0 0 ... 0 0 0],O=C(C=Cc1ccccc1)NCCCNCCCCNCCCNC(=O)C=Cc1ccccc1,526.6340000000004,2.2076000000000002,8,8,163.17999999999998,17,False
CHEMBL77450,CN(C)CCNc1cc(Cl)ccc1Sc1ccccc1,LEISHMANIASIS,4.045757490560675,Trypanothione reductase,<rdkit.Chem.rdchem.Mol object at 0x0000021ACD98DC40>,[0 0 0 ... 0 0 0],c1ccc(Sc2ccccc2)cc1,306.862,4.464700000000003,1,3,15.27,6,True
CHEMBL77912,O=C(CCCc1c[nH]c2ccccc12)NCCCNCCCCNCCCNC(=O)CCCc1c[nH]c2ccccc12,LEISHMANIASIS,5.8996294548824375,Trypanothione reductase,<rdkit.Chem.rdchem.Mol object at 0x0000021ACD98DBD0>,[0 0 0 ... 0 0 0],O=C(CCCc1c[nH]c2ccccc12)NCCCNCCCCNCCCNC(=O)CCCc1c[nH]c2ccccc12,572.7980000000005,4.966800000000004,6,4,113.84,21,False
CHEMBL79129,O=C(CCc1ccc(O)c(O)c1)NCCCNCCCCNCCCNC(=O)CCc1ccc(O)c(O)c1,LEISHMANIASIS,5.7447274948966935,Trypanothione reductase,<rdkit.Chem.rdchem.Mol object at 0x0000021ACD98DB60>,[0 0 0 ... 0 0 0],O=C(CCc1ccccc1)NCCCNCCCCNCCCNC(=O)CCc1ccccc1,530.6660000000004,2.0464,8,8,163.17999999999998,19,False
CHEMBL78036,O=C(NCCCNCCCCNCCCNC(=O)c1cnc2cc(C(F)(F)F)ccc2c1O)c1cnc2cc(C(F)(F)F)ccc2c1O,LEISHMANIASIS,6.1249387366083,Trypanothione reductase,<rdkit.Chem.rdchem.Mol object at 0x0000021ACD98DAF0>,[0 0 0 ... 0 0 0],O=C(NCCCNCCCCNCCCNC(=O)c1cnc2ccccc2c1)c1cnc2ccccc2c1,680.6500000000002,5.131200000000006,6,8,148.49999999999997,15,False
CHEMBL79103,CCC(O)c1cc(OC)c2c(c1OC)C(=O)C=CC2=O,LEISHMANIASIS,3.9142457557903008,DNA topoisomerase,<rdkit.Chem.rdchem.Mol object at 0x0000021ACD98DA80>,[0 1 0 ... 0 0 0],O=C1C=CC(=O)c2ccccc21,276.288,2.0824,1,5,72.83,4,True
CHEMBL76954,COc1ccc2nc3cc(Cl)ccc3c(N)c2c1,LEISHMANIASIS,5.154901959985743,Trypanothione reductase,<rdkit.Chem.rdchem.Mol object at 0x0000021ACD98DA10>,[0 0 0 ... 0 0 0],c1ccc2nc3ccccc3cc2c1,258.70799999999997,3.632200000000002,1,3,48.14,1,True
CHEMBL78344,COc1cc(C(C)O)c(OC)c2c1C(=O)C=CC2=O,LEISHMANIASIS,3.956127087608576,DNA topoisomerase,<rdkit.Chem.rdchem.Mol object at 0x0000021ACD98D9A0>,[0 1 0 ... 0 0 0],O=C1C=CC(=O)c2ccccc21,262.26099999999997,1.6923,1,5,72.83,3,True
CHEMBL78432,COc1ccc(OC)c2c1C(=O)C=C(C(C)O)C2=O,LEISHMANIASIS,2.8239087409443187,DNA topoisomerase,<rdkit.Chem.rdchem.Mol object at 0x0000021ACD98D930>,[0 1 0 ... 0 0 0],O=C1C=CC(=O)c2ccccc21,262.26099999999997,1.39,1,5,72.83000000000001,3,True
CHEMBL78448,N#Cc1ccc(C2NCCc3c2[nH]c2ccccc32)cc1,LEISHMANIASIS,5.698970004336019,Trypanothione reductase,<rdkit.Chem.rdchem.Mol object at 0x0000021ACD98D8C0>,[0 0 0 ... 0 0 0],c1ccc(C2NCCc3c2[nH]c2ccccc32)cc1,273.339,3.274680000000001,2,2,51.61,1,True
CHEMBL80138,CCCCCC(O)c1cc(OC)c2c(c1OC)C(=O)C=CC2=O,LEISHMANIASIS,4.4089353929735005,DNA topoisomerase,<rdkit.Chem.rdchem.Mol object at 0x0000021ACD98D850>,[0 1 0 ... 0 0 0],O=C1C=CC(=O)c2ccccc21,318.369,3.2527000000000017,1,5,72.83,7,True
CHEMBL80264,NCCCNCCCCNCCCNC(=O)CCc1ccc(O)c(O)c1,LEISHMANIASIS,4.070581074285707,Trypanothione reductase,<rdkit.Chem.rdchem.Mol object at 0x0000021ACD98D7E0>,[0 0 0 ... 0 0 0],c1ccccc1,366.50600000000003,0.8449000000000011,6,6,119.64000000000001,15,False
CHEMBL81614,c1ccc(CNCCCNCCCCNCCCNCc2ccccc2)cc1,LEISHMANIASIS,4.721246399047171,Trypanothione reductase,<rdkit.Chem.rdchem.Mol object at 0x0000021ACD98D770>,[0 0 0 ... 0 0 0],c1ccc(CNCCCNCCCCNCCCNCc2ccccc2)cc1,382.596,3.305600000000002,4,4,48.12,17,True
CHEMBL82315,Clc1ccc(Sc2ccccc2)c(NCCN2CCCC2)c1,LEISHMANIASIS,4.0655015487564325,Trypanothione reductase,<rdkit.Chem.rdchem.Mol object at 0x0000021ACD98D700>,[0 0 0 ... 0 0 0],c1ccc(Sc2ccccc2NCCN2CCCC2)cc1,332.90000000000015,4.998900000000004,1,3,15.27,6,True
CHEMBL83520,O=C1c2c(O)cccc2-c2nn(CCNCCO)c3ccc(NCCNCCO)c1c23,LEISHMANIASIS,5.136677139879544,DNA topoisomerase,<rdkit.Chem.rdchem.Mol object at 0x0000021ACD98D690>,[0 0 0 ... 0 0 0],O=C1c2ccccc2-c2n[nH]c3cccc1c23,425.4890000000002,0.5290000000000001,6,9,131.67,11,False
CHEMBL82641,c1ccc(CCCNCCCCN(CCCNCCCc2ccccc2)CCCc2ccccc2)cc1,LEISHMANIASIS,5.455931955649724,Trypanothione reductase,<rdkit.Chem.rdchem.Mol object at 0x0000021ACD98D620>,[0 0 0 ... 0 0 0],c1ccc(CCCNCCCCN(CCCNCCCc2ccccc2)CCCc2ccccc2)cc1,499.78700000000026,6.536300000000007,2,3,27.299999999999997,21,False
CHEMBL85198,NCCCCN(CCCNCCCc1ccccc1)CCCc1ccccc1.NCCCN(CCCCNCCCc1ccccc1)CCCc1ccccc1,LEISHMANIASIS,5.330683119433888,Trypanothione reductase,<rdkit.Chem.rdchem.Mol object at 0x0000021ACD98D5B0>,[0 0 0 ... 0 0 0],c1ccc(CCCNCCCCNCCCc2ccccc2)cc1.c1ccc(CCCNCCCNCCCc2ccccc2)cc1,763.2160000000001,8.545200000000007,4,6,82.58,32,False
CHEMBL84221,c1ccc(CCCNCCCNCCCCNCCCN(CCCc2ccccc2)CCCc2ccccc2)cc1,LEISHMANIASIS,5.441291429466834,Trypanothione reductase,<rdkit.Chem.rdchem.Mol object at 0x0000021ACD98D540>,[0 0 0 ... 0 0 0],c1ccc(CCCNCCCNCCCCNCCCN(CCCc2ccccc2)CCCc2ccccc2)cc1,556.8830000000004,6.516000000000006,3,4,39.33,25,False
CHEMBL85161,c1ccc(CCCNCCCN(CCCCN(CCCc2ccccc2)CCCN(CCCc2ccccc2)CCCc2ccccc2)CCCc2ccccc2)cc1,LEISHMANIASIS,6.82102305270683,Trypanothione reductase,<rdkit.Chem.rdchem.Mol object at 0x0000021ACD98D4D0>,[0 0 0 ... 0 0 0],c1ccc(CCCNCCCN(CCCCN(CCCc2ccccc2)CCCN(CCCc2ccccc2)CCCc2ccccc2)CCCc2ccccc2)cc1,793.241,11.206399999999991,1,4,21.75,33,False
CHEMBL85779,NCCCNCCCCNCCCNCCCc1ccccc1,LEISHMANIASIS,4.428305215502672,Trypanothione reductase,<rdkit.Chem.rdchem.Mol object at 0x0000021ACD98D460>,[0 0 0 ... 0 0 0],c1ccccc1,320.5249999999999,1.907100000000001,4,4,62.11,16,True
CHEMBL85964,NCCCCN(CCCN)CCCc1ccccc1,LEISHMANIASIS,4.85078088734462,Trypanothione reductase,<rdkit.Chem.rdchem.Mol object at 0x0000021ACD98D3F0>,[0 0 0 ... 0 0 0],c1ccccc1,263.429,2.0089000000000006,2,3,55.28,11,True
CHEMBL85189,NCCCN(CCCCN(CCCNCCCc1ccccc1)CCCc1ccccc1)CCCc1ccccc1,LEISHMANIASIS,5.860120913598763,Trypanothione reductase,<rdkit.Chem.rdchem.Mol object at 0x0000021ACD98D380>,[0 0 0 ... 0 0 0],c1ccc(CCCNCCCCN(CCCNCCCc2ccccc2)CCCc2ccccc2)cc1,556.8830000000004,6.597500000000007,2,4,44.53,24,False
CHEMBL86482,Oc1cc(NCc2ccccc2)nc(O)n1,LEISHMANIASIS,5.1249387366083,DNA topoisomerase,<rdkit.Chem.rdchem.Mol object at 0x0000021ACD98D310>,[0 0 0 ... 0 0 0],c1ccc(CNc2ccncn2)cc1,217.228,1.4998999999999998,3,5,78.27,3,True
CHEMBL86096,c1ccc(CCCNCCCNCCCCNCCCNCCCc2ccccc2)cc1,LEISHMANIASIS,4.915456821256488,Trypanothione reductase,<rdkit.Chem.rdchem.Mol object at 0x0000021ACD98D2A0>,[0 0 0 ... 0 0 0],c1ccc(CCCNCCCNCCCCNCCCNCCCc2ccccc2)cc1,438.7040000000002,4.170800000000003,4,4,48.12,21,True
CHEMBL88409,Cc1cc(O)c2c(c1)O[C@@]1(C(N)=O)C(=CC=C[C@H]1O)C2=O,LEISHMANIASIS,4.36913072632373,DNA topoisomerase,<rdkit.Chem.rdchem.Mol object at 0x0000021ACD98D230>,[0 0 0 ... 0 0 0],O=C1C2=CC=CCC2Oc2ccccc21,287.271,0.35691999999999974,3,5,109.85000000000002,1,True
CHEMBL87791,CC[C@@]1(O)C(=O)OCc2c1cc1n(c2=O)Cc2cc3c(O)cccc3nc2-1,LEISHMANIASIS,6.060480747381382,DNA topoisomerase,<rdkit.Chem.rdchem.Mol object at 0x0000021ACD98D1C0>,[0 0 0 ... 0 0 0],O=C1Cc2cc3n(c(=O)c2CO1)Cc1cc2ccccc2nc1-3,364.3570000000001,1.7852,2,7,101.65,1,True
CHEMBL88880,CCC1(O)C(=O)OCc2c1cc1n(c2=O)Cc2cc3c(N)c(Br)cc(Br)c3nc2-1,LEISHMANIASIS,4.522878745280337,DNA topoisomerase,<rdkit.Chem.rdchem.Mol object at 0x0000021ACD98D150>,[0 0 0 ... 0 0 0],O=C1Cc2cc3n(c(=O)c2CO1)Cc1cc2ccccc2nc1-3,521.1650000000001,3.1868000000000016,2,7,107.44,1,False
CHEMBL89303,COc1ccc2nc3cc(Cl)ccc3c(NCCCCCCNC(=O)NCc3ccccc3)c2c1,LEISHMANIASIS,4.943095148663527,Trypanothione reductase,<rdkit.Chem.rdchem.Mol object at 0x0000021ACD98D0E0>,[0 0 0 ... 0 0 0],O=C(NCCCCCCNc1c2ccccc2nc2ccccc12)NCc1ccccc1,491.03500000000037,6.5217000000000045,3,4,75.28,11,False
CHEMBL91104,CCC1(O)C(=O)OCc2c1cc1n(c2=O)Cc2cc3c(Cl)cccc3nc2-1,LEISHMANIASIS,6.721246399047171,DNA topoisomerase,<rdkit.Chem.rdchem.Mol object at 0x0000021ACD98D070>,[0 0 0 ... 0 0 0],O=C1Cc2cc3n(c(=O)c2CO1)Cc1cc2ccccc2nc1-3,382.80300000000005,2.7330000000000014,1,6,81.42,1,True
CHEMBL91117,CCC1(O)C(=O)OCc2c1cc1n(c2=O)Cc2cc3cc(OC(=O)N4CCN(C)CC4)ccc3nc2-1,LEISHMANIASIS,5.356547323513812,DNA topoisomerase,<rdkit.Chem.rdchem.Mol object at 0x0000021ACD98D000>,[0 0 0 ... 0 0 0],O=C1Cc2cc3n(c(=O)c2CO1)Cc1cc2cc(OC(=O)N4CCNCC4)ccc2nc1-3,490.51600000000036,1.8258,1,9,114.2,2,True
CHEMBL89887,CCC1(O)C(=O)OCc2c1cc1n(c2=O)Cc2cc3cc4c(cc3nc2-1)OCCO4,LEISHMANIASIS,6.327902142064283,DNA topoisomerase,<rdkit.Chem.rdchem.Mol object at 0x0000021ACD98CF90>,[0 0 0 ... 0 0 0],O=C1Cc2cc3n(c(=O)c2CO1)Cc1cc2cc4c(cc2nc1-3)OCCO4,406.39400000000023,1.8507999999999998,1,8,99.88000000000001,1,True
CHEMBL88912,CCC(O)(C(=O)[O-])c1cc2n(c(=O)c1CO)Cc1cc3ccccc3nc1-2.[Na+],LEISHMANIASIS,5.698970004336019,DNA topoisomerase,<rdkit.Chem.rdchem.Mol object at 0x0000021ACD98CF20>,[0 0 0 ... 0 0 0],O=c1cccc2n1Cc1cc3ccccc3nc1-2,388.355,-2.730999999999998,2,7,115.47999999999999,4,True
CHEMBL90136,CCC1(O)C(=O)OCc2c1cc1n(c2=O)Cc2cccnc2-1,LEISHMANIASIS,4.522878745280337,DNA topoisomerase,<rdkit.Chem.rdchem.Mol object at 0x0000021ACD98CEB0>,[0 0 0 ... 0 0 0],O=C1Cc2cc3n(c(=O)c2CO1)Cc1cccnc1-3,298.298,0.9264000000000001,1,6,81.42,1,True
CHEMBL90413,CCC1(O)C(=O)OCc2c1cc1n(c2=O)Cc2cc3c(F)cccc3nc2-1,LEISHMANIASIS,6.795880017344075,DNA topoisomerase,<rdkit.Chem.rdchem.Mol object at 0x0000021ACD98CE40>,[0 0 0 ... 0 0 0],O=C1Cc2cc3n(c(=O)c2CO1)Cc1cc2ccccc2nc1-3,366.34800000000007,2.2187,1,6,81.42,1,True
CHEMBL89464,Cc1cc(O)c2c(c1)O[C@@]1(C(=O)NCCO)C(=CC=C[C@H]1O)C2=O,LEISHMANIASIS,4.3148359961102445,DNA topoisomerase,<rdkit.Chem.rdchem.Mol object at 0x0000021ACD98CDD0>,[0 0 0 ... 0 0 0],O=C1C2=CC=CCC2Oc2ccccc21,331.324,-0.019880000000000397,4,6,116.09,3,True
CHEMBL90436,CCC(O)(C(=O)[O-])c1cc2n(c(=O)c1CO)Cc1cc3cc4c(cc3nc1-2)OCO4.[Na+],LEISHMANIASIS,6.259637310505756,DNA topoisomerase,<rdkit.Chem.rdchem.Mol object at 0x0000021ACD98CD60>,[0 0 0 ... 0 0 0],O=c1cccc2n1Cc1cc3cc4c(cc3nc1-2)OCO4,432.36400000000015,-3.0022999999999973,2,9,133.94,4,True
CHEMBL91382,COC(=O)[C@]12Oc3cc(C)cc(O)c3C(=O)C1=CC=C[C@H]2O,LEISHMANIASIS,4.711024436135122,DNA topoisomerase,<rdkit.Chem.rdchem.Mol object at 0x0000021ACD98CCF0>,[0 0 0 ... 0 0 0],O=C1C2=CC=CCC2Oc2ccccc21,302.282,1.0446199999999997,2,6,93.06000000000002,1,True
CHEMBL91309,COc1ccc2nc3cc(Cl)ccc3c(NCCCCNC(=O)NCc3ccccc3)c2c1,LEISHMANIASIS,4.809668301829708,Trypanothione reductase,<rdkit.Chem.rdchem.Mol object at 0x0000021ACD98CC80>,[0 0 0 ... 0 0 0],O=C(NCCCCNc1c2ccccc2nc2ccccc12)NCc1ccccc1,462.9810000000003,5.741500000000004,3,4,75.28,9,False
CHEMBL90636,CCC1(O)C(=O)OCc2c1cc1n(c2=O)Cc2cc3c(Cl)c4c(cc3nc2-1)OCO4,LEISHMANIASIS,7.214670164989233,DNA topoisomerase,<rdkit.Chem.rdchem.Mol object at 0x0000021ACD98CC10>,[0 0 0 ... 0 0 0],O=C1Cc2cc3n(c(=O)c2CO1)Cc1cc2cc4c(cc2nc1-3)OCO4,426.8120000000002,2.4617000000000004,1,8,99.88000000000001,1,True
CHEMBL90296,CCC1(O)C(=O)OCc2c1cc1n(c2=O)Cc2cc3c(Cl)c(Cl)ccc3nc2-1,LEISHMANIASIS,6.958607314841775,DNA topoisomerase,<rdkit.Chem.rdchem.Mol object at 0x0000021ACD98CBA0>,[0 0 0 ... 0 0 0],O=C1Cc2cc3n(c(=O)c2CO1)Cc1cc2ccccc2nc1-3,417.2480000000001,3.386400000000002,1,6,81.42,1,True
CHEMBL91495,O=C1OCc2c(cc3n(c2=O)Cc2cc4ccccc4nc2-3)C1(O)CCBr,LEISHMANIASIS,5.508638306165727,DNA topoisomerase,<rdkit.Chem.rdchem.Mol object at 0x0000021ACD98CB30>,[0 0 0 ... 0 0 0],O=C1Cc2cc3n(c(=O)c2CO1)Cc1cc2ccccc2nc1-3,427.25400000000013,2.4546,1,6,81.42,2,True
CHEMBL90820,COc1ccc2nc3cc(Cl)ccc3c(NCCCNS(=O)(=O)c3ccc4ccccc4c3)c2c1,LEISHMANIASIS,5.481486060122113,Trypanothione reductase,<rdkit.Chem.rdchem.Mol object at 0x0000021ACD98CAC0>,[0 0 0 ... 0 0 0],O=S(=O)(NCCCNc1c2ccccc2nc2ccccc12)c1ccc2ccccc2c1,506.02700000000027,5.983700000000004,2,5,80.32,8,False
CHEMBL91829,CN(C)C[C@@H]1CCn2cc(c3ccccc32)C2=C(C(=O)NC2=O)c2cn(c3ccccc23)CCO1,LEISHMANIASIS,4.522878745280337,DNA topoisomerase,<rdkit.Chem.rdchem.Mol object at 0x0000021ACD98CA50>,[0 0 0 ... 0 0 0],O=C1NC(=O)C2=C1c1cn(c3ccccc13)CCCOCCn1cc2c2ccccc21,468.55700000000024,3.513700000000002,1,6,68.5,2,True
CHEMBL91017,CC1(O)C(=O)OCc2c1cc1n(c2=O)Cc2cc3ccccc3nc2-1,LEISHMANIASIS,5.3979400086720375,DNA topoisomerase,<rdkit.Chem.rdchem.Mol object at 0x0000021ACD98C9E0>,[0 0 0 ... 0 0 0],O=C1Cc2cc3n(c(=O)c2CO1)Cc1cc2ccccc2nc1-3,334.331,1.6894999999999998,1,6,81.42,0,True
CHEMBL92155,COc1ccc2nc3cc(Cl)ccc3c(NCCNS(=O)(=O)c3ccc4ccccc4c3)c2c1,LEISHMANIASIS,5.229147988357856,Trypanothione reductase,<rdkit.Chem.rdchem.Mol object at 0x0000021ACD98C970>,[0 0 0 ... 0 0 0],O=S(=O)(NCCNc1c2ccccc2nc2ccccc12)c1ccc2ccccc2c1,492.0000000000002,5.593600000000004,2,5,80.32,7,False
CHEMBL92495,CNC(=O)[C@]12Oc3cc(C)cc(O)c3C(=O)C1=CC=C[C@H]2O,LEISHMANIASIS,3.701152407037244,DNA topoisomerase,<rdkit.Chem.rdchem.Mol object at 0x0000021ACD98C900>,[0 0 0 ... 0 0 0],O=C1C2=CC=CCC2Oc2ccccc21,301.298,0.6176199999999996,3,5,95.86,1,True
CHEMBL91704,CN1CCN(C(=O)N[C@@H](Cc2ccccc2)C(=O)N[C@H](/C=C/S(=O)(=O)c2ccccc2)CCc2ccccc2)CC1,LEISHMANIASIS,5.3979400086720375,Cysteine protease,<rdkit.Chem.rdchem.Mol object at 0x0000021ACD98C890>,[0 1 0 ... 0 0 0],O=C(NC(C=CS(=O)(=O)c1ccccc1)CCc1ccccc1)C(Cc1ccccc1)NC(=O)N1CCNCC1,574.7470000000001,3.659900000000002,2,5,98.82,11,False
CHEMBL92129,C[n+]1c2ccccc2cc2[n-]c3ccccc3c21.Cl,LEISHMANIASIS,4.1938200260161125,Cysteine protease,<rdkit.Chem.rdchem.Mol object at 0x0000021ACD98C820>,[0 0 0 ... 0 0 0],c1ccc2[nH+]c3c(cc2c1)[n-]c1ccccc13,268.74699999999996,3.3497000000000026,0,0,17.98,0,True
CHEMBL93122,CCC1(O)C(=O)OCc2c1cc1n(c2=O)Cc2cc3cc(C(=O)O)ccc3nc2-1,LEISHMANIASIS,6.0,DNA topoisomerase,<rdkit.Chem.rdchem.Mol object at 0x0000021ACD98C7B0>,[0 0 0 ... 0 0 0],O=C1Cc2cc3n(c(=O)c2CO1)Cc1cc2ccccc2nc1-3,392.36700000000013,1.7778,2,7,118.72,2,True
CHEMBL93068,CCC1(O)C(=O)OCc2c1cc1n(c2=O)Cc2cc3c(O)cccc3nc2-1,LEISHMANIASIS,6.045757490560675,DNA topoisomerase,<rdkit.Chem.rdchem.Mol object at 0x0000021ACD98C740>,[0 0 0 ... 0 0 0],O=C1Cc2cc3n(c(=O)c2CO1)Cc1cc2ccccc2nc1-3,364.3570000000001,1.7852,2,7,101.65,1,True
CHEMBL96705,Cc1cc(-c2c(F)cc3c(=O)c(C(=O)O)c(C)n(C4CC4)c3c2F)cc(C)n1,LEISHMANIASIS,3.585026652029182,DNA topoisomerase,<rdkit.Chem.rdchem.Mol object at 0x0000021ACD98C6D0>,[0 0 0 ... 0 1 0],O=c1ccn(C2CC2)c2cc(-c3ccncc3)ccc12,384.3820000000002,4.300060000000003,1,4,72.19,3,True
CHEMBL94321,Cc1cc(-c2c(F)cc3c(O)c(C(=O)O)cnc3c2F)cc(C)n1,LEISHMANIASIS,3.5228787452803374,DNA topoisomerase,<rdkit.Chem.rdchem.Mol object at 0x0000021ACD98C660>,[0 0 0 ... 0 0 0],c1cnc2cc(-c3ccncc3)ccc2c1,330.2900000000001,3.5956400000000013,2,4,83.31,2,True
CHEMBL94506,Cc1cc(-c2c(F)cc3c(=O)cc(C)n(C4CC4)c3c2F)cc(C)n1,LEISHMANIASIS,4.795880017344075,DNA topoisomerase,<rdkit.Chem.rdchem.Mol object at 0x0000021ACD98C5F0>,[0 0 0 ... 0 1 0],O=c1ccn(C2CC2)c2cc(-c3ccncc3)ccc12,340.37300000000005,4.601860000000003,0,3,34.89,2,True
CHEMBL94671,CCn1cc(C(=O)O)c(=O)c2cc(F)c(-c3cc(C)nc(C)c3)c(F)c21,LEISHMANIASIS,3.958607314841775,DNA topoisomerase,<rdkit.Chem.rdchem.Mol object at 0x0000021ACD98C580>,[0 0 0 ... 0 0 0],O=c1cc[nH]c2cc(-c3ccncc3)ccc12,358.34400000000005,3.6766400000000026,1,4,72.19,3,True
CHEMBL96509,Cc1cc(-c2c(F)c(Sc3ccccc3)c3c(=O)c(C(=O)O)cn(C4CC4)c3c2F)cc(C)n1,LEISHMANIASIS,3.3767507096021,DNA topoisomerase,<rdkit.Chem.rdchem.Mol object at 0x0000021ACD98C510>,[0 0 0 ... 0 0 0],O=c1ccn(C2CC2)c2cc(-c3ccncc3)cc(Sc3ccccc3)c12,478.5200000000003,6.142840000000004,1,5,72.19,5,False
CHEMBL96510,O=C(O)c1cn(C2CC2)c2c(F)c(-c3ccc(O)cc3)c(F)cc2c1=O,LEISHMANIASIS,5.920818753952375,DNA topoisomerase,<rdkit.Chem.rdchem.Mol object at 0x0000021ACD98C4A0>,[0 0 0 ... 0 0 0],O=c1ccn(C2CC2)c2cc(-c3ccccc3)ccc12,357.31200000000007,3.6854000000000013,2,4,79.53,3,True
CHEMBL97087,Cc1cc(-c2c(F)cc3c(=O)c(C(=O)O)cn(C4CC4)c3c2F)ccn1,LEISHMANIASIS,4.795880017344075,DNA topoisomerase,<rdkit.Chem.rdchem.Mol object at 0x0000021ACD98C430>,[0 0 0 ... 0 0 0],O=c1ccn(C2CC2)c2cc(-c3ccncc3)ccc12,356.32800000000015,3.6832200000000013,1,4,72.19,3,True
CHEMBL97315,Cc1ccc(-c2c(F)cc3c(=O)c(C(=O)O)cn(C4CC4)c3c2F)c(C)n1,LEISHMANIASIS,4.275724130399211,DNA topoisomerase,<rdkit.Chem.rdchem.Mol object at 0x0000021ACD98C3C0>,[0 0 0 ... 0 0 0],O=c1ccn(C2CC2)c2cc(-c3cccnc3)ccc12,370.3550000000002,3.991640000000002,1,4,72.19,3,True
CHEMBL102252,CC[C@@]1(O)C(=O)OCc2c1cc1n(c2=O)Cc2cc3cc(N)ccc3nc2-1,LEISHMANIASIS,6.853871964321762,DNA topoisomerase,<rdkit.Chem.rdchem.Mol object at 0x0000021ACD98C350>,[0 0 0 ... 0 0 0],O=C1Cc2cc3n(c(=O)c2CO1)Cc1cc2ccccc2nc1-3,363.3730000000001,1.6618000000000002,2,7,107.44,1,True
CHEMBL101299,N[C@H]1CCN(c2c(F)cc3c(=O)c(C(=O)O)cn4c3c2Oc2ccccc2-4)C1,LEISHMANIASIS,6.292429823902063,DNA topoisomerase,<rdkit.Chem.rdchem.Mol object at 0x0000021ACD98C2E0>,[0 0 0 ... 0 0 0],O=c1ccn2c3c(c(N4CCCC4)ccc13)Oc1ccccc1-2,381.36300000000017,2.4711,2,6,97.79,2,True
CHEMBL101253,Clc1ccc(Nc2nnc(Cc3ccncc3)c3ccccc23)cc1,LEISHMANIASIS,4.522878745280337,DNA topoisomerase,<rdkit.Chem.rdchem.Mol object at 0x0000021ACD98C270>,[0 0 0 ... 0 0 0],c1ccc(Nc2nnc(Cc3ccncc3)c3ccccc23)cc1,346.8210000000001,5.012600000000003,1,4,50.7,4,False
CHEMBL105769,C[N+](C)(CCCN1c2ccccc2Sc2ccc(Cl)cc21)Cc1ccc(Cl)cc1,LEISHMANIASIS,5.332873678832884,Trypanothione reductase,<rdkit.Chem.rdchem.Mol object at 0x0000021ACD98C200>,[0 0 0 ... 0 0 0],c1ccc(C[NH2+]CCCN2c3ccccc3Sc3ccccc32)cc1,444.45100000000025,7.262800000000007,0,2,3.24,6,False
CHEMBL106074,C[N+](C)(CCCN1c2ccccc2Sc2ccc(Cl)cc21)CC(=O)C12CC3CC(CC(C3)C1)C2,LEISHMANIASIS,5.401442459456367,Trypanothione reductase,<rdkit.Chem.rdchem.Mol object at 0x0000021ACD98C190>,[0 0 0 ... 0 0 0],O=C(C[NH2+]CCCN1c2ccccc2Sc2ccccc21)C12CC3CC(CC(C3)C1)C2,496.1400000000005,7.194700000000007,0,3,20.310000000000002,7,False
CHEMBL3317856,O=c1ccc2ncc(=O)n3c2n1C[C@H]3CN1CCC(NCc2cc3c(cn2)OCCC3)CC1,LEISHMANIASIS,4.2580609222708015,DNA topoisomerase,<rdkit.Chem.rdchem.Mol object at 0x0000021ACD98C120>,[0 0 0 ... 0 0 0],O=c1ccc2ncc(=O)n3c2n1CC3CN1CCC(NCc2cc3c(cn2)OCCC3)CC1,448.5270000000003,1.0870999999999995,1,9,94.28,5,True
CHEMBL274654,Cc1[nH]c(/C=C2\C(=O)Nc3ccccc32)c(C)c1CCC(=O)O,LEISHMANIASIS,4.522878745280337,DNA topoisomerase,<rdkit.Chem.rdchem.Mol object at 0x0000021ACD98C0B0>,[0 0 0 ... 0 0 0],O=C1Nc2ccccc2C1=Cc1ccc[nH]1,310.35300000000007,3.141440000000001,3,2,82.19,4,True
CHEMBL106236,C[N+](C)(CCCN1c2ccccc2Sc2ccc(Cl)cc21)Cc1c(F)c(F)c(F)c(F)c1F,LEISHMANIASIS,5.388641764426208,Trypanothione reductase,<rdkit.Chem.rdchem.Mol object at 0x0000021ACD98C040>,[0 0 0 ... 0 0 0],c1ccc(C[NH2+]CCCN2c3ccccc3Sc3ccccc32)cc1,499.95600000000024,7.304900000000005,0,2,3.24,6,False
CHEMBL105785,C[N+](C)(CCCN1c2ccccc2Sc2ccc(Cl)cc21)Cc1cccc(Cl)c1,LEISHMANIASIS,5.400122411373262,Trypanothione reductase,<rdkit.Chem.rdchem.Mol object at 0x0000021ACD98BF40>,[0 0 0 ... 0 0 0],c1ccc(C[NH2+]CCCN2c3ccccc3Sc3ccccc32)cc1,444.45100000000025,7.262800000000007,0,2,3.24,6,False
CHEMBL106415,C[N+](C)(CCCN1c2ccccc2Sc2ccc(Cl)cc21)Cc1ccc(Br)cc1,LEISHMANIASIS,5.374180889775894,Trypanothione reductase,<rdkit.Chem.rdchem.Mol object at 0x0000021ACD98BED0>,[0 0 0 ... 0 0 0],c1ccc(C[NH2+]CCCN2c3ccccc3Sc3ccccc32)cc1,488.9020000000002,7.371900000000006,0,2,3.24,6,False
CHEMBL106108,C[N+](C)(CCCN1c2ccccc2Sc2ccc(Cl)cc21)CC1CCCCC1,LEISHMANIASIS,5.308541432456234,Trypanothione reductase,<rdkit.Chem.rdchem.Mol object at 0x0000021ACD98BE60>,[0 0 1 ... 0 0 0],c1ccc2c(c1)Sc1ccccc1N2CCC[NH2+]CC1CCCCC1,416.05400000000037,6.989500000000007,0,2,3.24,6,False
CHEMBL106125,C[N+](C)(CCCN1c2ccccc2Sc2ccc(Cl)cc21)C(c1ccccc1)c1ccccc1,LEISHMANIASIS,6.03478020261665,Trypanothione reductase,<rdkit.Chem.rdchem.Mol object at 0x0000021ACD98BDF0>,[0 1 0 ... 0 0 0],c1ccc(C([NH2+]CCCN2c3ccccc3Sc3ccccc32)c2ccccc2)cc1,486.1040000000002,8.198800000000007,0,2,3.24,7,False
CHEMBL106127,C[N+](C)(CCCN1c2ccccc2Sc2ccc(Cl)cc21)Cc1ccc(Cl)c(Cl)c1,LEISHMANIASIS,6.514362075630947,Trypanothione reductase,<rdkit.Chem.rdchem.Mol object at 0x0000021ACD98BD80>,[0 0 0 ... 0 0 0],c1ccc(C[NH2+]CCCN2c3ccccc3Sc3ccccc32)cc1,478.8960000000003,7.916200000000006,0,2,3.24,6,False
CHEMBL106732,C[N+](C)(CCCN1c2ccccc2Sc2ccc(Cl)cc21)Cc1ccccc1,LEISHMANIASIS,5.4909411397045,Trypanothione reductase,<rdkit.Chem.rdchem.Mol object at 0x0000021ACD98BD10>,[0 0 0 ... 0 0 0],c1ccc(C[NH2+]CCCN2c3ccccc3Sc3ccccc32)cc1,410.0060000000002,6.609400000000006,0,2,3.24,6,False
CHEMBL106769,COc1ccc2c(C[N+](C)(C)CCCN3c4ccccc4Sc4ccc(Cl)cc43)cc(=O)oc2c1,LEISHMANIASIS,5.890994978507818,Trypanothione reductase,<rdkit.Chem.rdchem.Mol object at 0x0000021ACD98BCA0>,[0 0 0 ... 0 0 0],O=c1cc(C[NH2+]CCCN2c3ccccc3Sc3ccccc32)c2ccccc2o1,508.06300000000016,6.7244000000000055,0,5,42.68,7,False
CHEMBL36506,CO[C@@H]1[C@@H](OC(N)=O)[C@@H](O)[C@H](Oc2ccc3c(O)c(NC(=O)c4ccc(O)c(CC=C(C)C)c4)c(=O)oc3c2C)OC1(C)C,LEISHMANIASIS,4.347066471698854,DNA topoisomerase,<rdkit.Chem.rdchem.Mol object at 0x0000021ACD98BC30>,[0 0 0 ... 0 0 0],O=C(Nc1cc2ccc(OC3CCCCO3)cc2oc1=O)c1ccccc1,612.6320000000002,3.6271200000000023,5,11,200.00999999999996,8,False
CHEMBL106901,COc1cc(C[N+](C)(C)CCCN2c3ccccc3Sc3ccc(Cl)cc32)cc(OC)c1,LEISHMANIASIS,5.690557757502274,Trypanothione reductase,<rdkit.Chem.rdchem.Mol object at 0x0000021ACD98BBC0>,[0 0 0 ... 0 0 0],c1ccc(C[NH2+]CCCN2c3ccccc3Sc3ccccc32)cc1,470.05800000000016,6.626600000000007,0,4,21.700000000000003,8,False
CHEMBL107852,CC(C)(C)c1ccc(C[N+](C)(C)CCCN2c3ccccc3Sc3ccc(Cl)cc32)cc1,LEISHMANIASIS,5.777353615287014,Trypanothione reductase,<rdkit.Chem.rdchem.Mol object at 0x0000021ACD98BB50>,[0 0 0 ... 0 0 0],c1ccc(C[NH2+]CCCN2c3ccccc3Sc3ccccc32)cc1,466.1140000000001,7.906900000000007,0,2,3.24,6,False
CHEMBL108404,CNC(=O)OCc1cc(N)cc(Nc2c3ccccc3nc3ccccc23)c1,LEISHMANIASIS,6.935542010773082,DNA topoisomerase,<rdkit.Chem.rdchem.Mol object at 0x0000021ACD98BAE0>,[0 0 0 ... 0 0 0],c1ccc(Nc2c3ccccc3nc3ccccc23)cc1,372.4280000000001,4.569800000000002,3,5,89.27,4,True
CHEMBL108493,COc1cccc2c(Sc3ccc(COC(=O)NC(C)C)cc3)c3ccccc3nc12,LEISHMANIASIS,4.0,DNA topoisomerase,<rdkit.Chem.rdchem.Mol object at 0x0000021ACD98BA70>,[0 1 0 ... 0 0 0],c1ccc(Sc2c3ccccc3nc3ccccc23)cc1,432.5450000000001,6.182400000000006,1,5,60.45,6,False
CHEMBL109743,OCc1ccc(Oc2c3ccccc3nc3ccccc23)cc1,LEISHMANIASIS,4.0,DNA topoisomerase,<rdkit.Chem.rdchem.Mol object at 0x0000021ACD98BA00>,[0 0 0 ... 0 0 0],c1ccc(Oc2c3ccccc3nc3ccccc23)cc1,301.345,4.672600000000004,1,3,42.35,3,True
CHEMBL108283,CNC(=O)OCc1cc(NC(=O)OC(C)(C)C)cc(Nc2c3ccccc3nc3ccccc23)c1,LEISHMANIASIS,7.698970004336019,DNA topoisomerase,<rdkit.Chem.rdchem.Mol object at 0x0000021ACD98B990>,[0 0 0 ... 0 0 0],c1ccc(Nc2c3ccccc3nc3ccccc23)cc1,472.54500000000013,6.334600000000005,3,6,101.58000000000001,5,False
CHEMBL109468,O=C(O)CCC(=O)Nc1cc(COC(=O)CCC(=O)O)cc(Nc2c3ccccc3nc3ccccc23)c1,LEISHMANIASIS,4.0,DNA topoisomerase,<rdkit.Chem.rdchem.Mol object at 0x0000021ACD98B920>,[0 0 0 ... 0 0 0],c1ccc(Nc2c3ccccc3nc3ccccc23)cc1,515.5220000000002,4.842900000000004,4,7,154.91999999999996,11,False
CHEMBL109922,CNC(=O)OCc1ccc(Sc2c3ccccc3nc3c(OC)cccc23)cc1,LEISHMANIASIS,4.0,DNA topoisomerase,<rdkit.Chem.rdchem.Mol object at 0x0000021ACD98B8B0>,[0 0 0 ... 0 0 0],c1ccc(Sc2c3ccccc3nc3ccccc23)cc1,404.49100000000016,5.403800000000004,1,5,60.45,5,False
CHEMBL109928,CC(=O)CCC(=O)Nc1cc(COC(=O)CCC(C)=O)cc(Nc2c3ccccc3nc3ccccc23)c1,LEISHMANIASIS,6.0,DNA topoisomerase,<rdkit.Chem.rdchem.Mol object at 0x0000021ACD98B840>,[0 0 0 ... 0 0 0],c1ccc(Nc2c3ccccc3nc3ccccc23)cc1,511.57800000000015,5.8517000000000055,2,7,114.46,11,False
CHEMBL109942,CNC(=O)OCc1ccc(Oc2c3ccccc3nc3ccccc23)cc1,LEISHMANIASIS,4.698970004336019,DNA topoisomerase,<rdkit.Chem.rdchem.Mol object at 0x0000021ACD98B7D0>,[0 0 0 ... 0 0 0],c1ccc(Oc2c3ccccc3nc3ccccc23)cc1,358.39700000000005,5.036300000000003,1,4,60.45,4,False
CHEMBL109880,CC(C)NC(=O)OCc1ccc(Sc2c3ccccc3nc3ccccc23)cc1,LEISHMANIASIS,4.301029995663981,DNA topoisomerase,<rdkit.Chem.rdchem.Mol object at 0x0000021ACD98B760>,[0 1 0 ... 0 0 0],c1ccc(Sc2c3ccccc3nc3ccccc23)cc1,402.5190000000001,6.173800000000004,1,4,51.22,5,False
CHEMBL111779,O=C1c2c(c3c4cc(O)ccc4n(C4OC(CO)C(O)C(O)C4O)c3c3[nH]c4ccccc4c23)C(=O)N1NC(CO)CO,LEISHMANIASIS,5.011138197355576,DNA topoisomerase,<rdkit.Chem.rdchem.Mol object at 0x0000021ACD98B6F0>,[0 1 0 ... 0 0 0],O=C1NC(=O)c2c1c1c3ccccc3[nH]c1c1c2c2ccccc2n1C1CCCCO1,592.5610000000001,-0.4392000000000006,9,12,220.96999999999997,6,False
CHEMBL111889,O=C1c2c(c3c4c(O)cccc4n(C4OC(CO)C(O)C(O)C4O)c3c3[nH]c4ccccc4c23)C(=O)N1NC(CO)CO,LEISHMANIASIS,6.309803919971486,DNA topoisomerase,<rdkit.Chem.rdchem.Mol object at 0x0000021ACD98B680>,[0 1 0 ... 0 0 0],O=C1NC(=O)c2c1c1c3ccccc3[nH]c1c1c2c2ccccc2n1C1CCCCO1,592.5610000000001,-0.43920000000000103,9,12,220.96999999999997,6,False
CHEMBL112235,O=C1c2c(c3c4ccc(O)cc4n(C4OC(CO)C(O)C(O)C4O)c3c3[nH]c4cc(O)ccc4c23)C(=O)N1NC(CO)CO,LEISHMANIASIS,5.796729909783022,DNA topoisomerase,<rdkit.Chem.rdchem.Mol object at 0x0000021ACD98B610>,[0 1 0 ... 0 0 0],O=C1NC(=O)c2c1c1c3ccccc3[nH]c1c1c2c2ccccc2n1C1CCCCO1,608.5600000000002,-0.7336000000000009,10,13,241.19999999999996,6,False
CHEMBL112239,O=C1c2c(c3c4ccc(O)cc4n(C4OC(CO)C(O)C(O)C4O)c3c3[nH]c4c(O)cc(O)cc4c23)C(=O)N1NC(CO)CO,LEISHMANIASIS,5.673393743112328,DNA topoisomerase,<rdkit.Chem.rdchem.Mol object at 0x0000021ACD98B5A0>,[0 1 0 ... 0 0 0],O=C1NC(=O)c2c1c1c3ccccc3[nH]c1c1c2c2ccccc2n1C1CCCCO1,624.5590000000001,-1.0280000000000007,11,14,261.42999999999995,6,False
CHEMBL111261,CNC(=O)OCc1ccc(Sc2c3ccccc3nc3ccccc23)cc1,LEISHMANIASIS,4.698970004336019,DNA topoisomerase,<rdkit.Chem.rdchem.Mol object at 0x0000021ACD98B530>,[0 0 0 ... 0 0 0],c1ccc(Sc2c3ccccc3nc3ccccc23)cc1,374.4650000000001,5.395200000000004,1,4,51.22,4,False
CHEMBL111574,COC(=O)c1cccc2oc(-c3cccc4oc(-c5ccccc5O)nc34)nc12,LEISHMANIASIS,4.3979400086720375,DNA topoisomerase,<rdkit.Chem.rdchem.Mol object at 0x0000021ACD98B4C0>,[0 0 0 ... 0 0 0],c1ccc(-c2nc3c(-c4nc5ccccc5o4)cccc3o2)cc1,386.36300000000006,4.795200000000003,1,7,98.59,3,True
CHEMBL111502,OCc1ccc(Sc2c3ccccc3nc3ccccc23)cc1,LEISHMANIASIS,4.0,DNA topoisomerase,<rdkit.Chem.rdchem.Mol object at 0x0000021ACD98B450>,[0 0 0 ... 0 0 0],c1ccc(Sc2c3ccccc3nc3ccccc23)cc1,317.41300000000007,5.031500000000003,1,3,33.120000000000005,3,False
CHEMBL111735,COc1cccc2c(Sc3ccc(CO)cc3)c3ccccc3nc12,LEISHMANIASIS,4.301029995663981,DNA topoisomerase,<rdkit.Chem.rdchem.Mol object at 0x0000021ACD98B3E0>,[0 0 0 ... 0 0 0],c1ccc(Sc2c3ccccc3nc3ccccc23)cc1,347.4390000000001,5.040100000000004,1,4,42.35,4,False
CHEMBL111592,CS(=O)(=O)Nc1cc(C[n+]2ccccc2)cc(Nc2c3ccccc3nc3ccccc23)c1.[Cl-],LEISHMANIASIS,5.527243550682788,DNA topoisomerase,<rdkit.Chem.rdchem.Mol object at 0x0000021ACD98B370>,[0 0 0 ... 0 0 0],c1cc[n+](Cc2cccc(Nc3c4ccccc4nc4ccccc34)c2)cc1,491.0160000000002,1.8428999999999989,2,4,74.97,6,True
CHEMBL112597,S=C(Nc1ccccn1)c1ccccn1,LEISHMANIASIS,4.292429823902063,Cysteine protease,<rdkit.Chem.rdchem.Mol object at 0x0000021ACD98B300>,[0 0 0 ... 0 0 0],S=C(Nc1ccccn1)c1ccccn1,215.28099999999998,2.2641999999999998,1,3,37.81,2,True
CHEMBL112602,O=C1c2c(c3c4cc(O)ccc4n(C4OC(CO)C(O)C(O)C4O)c3c3[nH]c4c(O)cccc4c23)C(=O)N1NC(CO)CO,LEISHMANIASIS,5.593543321678572,DNA topoisomerase,<rdkit.Chem.rdchem.Mol object at 0x0000021ACD98B290>,[0 1 0 ... 0 0 0],O=C1NC(=O)c2c1c1c3ccccc3[nH]c1c1c2c2ccccc2n1C1CCCCO1,608.5600000000002,-0.7336000000000009,10,13,241.19999999999996,6,False
CHEMBL113081,c1ccc(-c2nc3c(-c4nc5ccccc5o4)cccc3o2)cc1,LEISHMANIASIS,4.0,DNA topoisomerase,<rdkit.Chem.rdchem.Mol object at 0x0000021ACD98B220>,[0 0 0 ... 0 0 0],c1ccc(-c2nc3c(-c4nc5ccccc5o4)cccc3o2)cc1,312.3280000000001,5.3030000000000035,0,4,52.06,2,False
CHEMBL113086,C/N=C(\S)N/N=C(\C)c1cnccn1,LEISHMANIASIS,4.0,DNA topoisomerase,<rdkit.Chem.rdchem.Mol object at 0x0000021ACD98B1B0>,[0 0 0 ... 0 0 0],c1cnccn1,209.27800000000002,0.7058,2,4,62.53,2,True
CHEMBL112570,CC(C)CCC[C@@H](C)[C@H]1CC[C@H]2[C@@H]3CC=C4C[C@@H](O)CC[C@]4(C)[C@H]3CC[C@]12C,LEISHMANIASIS,3.3010299956639813,DNA topoisomerase,<rdkit.Chem.rdchem.Mol object at 0x0000021ACD98B140>,[0 1 0 ... 0 0 0],C1=C2CCCCC2C2CCC3CCCC3C2C1,386.6640000000002,7.388700000000009,1,1,20.23,5,False
CHEMBL115302,Cc1ccc(/N=C2/C(=O)c3cncnc3C(O)=C2Cl)c(Br)c1,LEISHMANIASIS,4.392544976785332,DNA topoisomerase,<rdkit.Chem.rdchem.Mol object at 0x0000021ACD98B0D0>,[0 0 0 ... 0 0 0],O=C1C(=Nc2ccccc2)C=Cc2ncncc21,378.61300000000006,3.9819200000000015,1,5,75.44,1,True
CHEMBL115665,O=C1C(Nc2ccc(Br)cc2)=C(Cl)C(=O)c2ncncc21,LEISHMANIASIS,4.82102305270683,DNA topoisomerase,<rdkit.Chem.rdchem.Mol object at 0x0000021ACD98B060>,[0 0 0 ... 0 0 0],O=C1C(Nc2ccccc2)=CC(=O)c2ncncc21,364.58600000000007,3.180600000000001,1,5,71.95,2,True
CHEMBL117315,O=C1c2c(c3c4ccc(O)cc4n(O[C@@H]4O[C@H](CO)[C@@H](O)[C@H](O)[C@H]4O)c3c3[nH]c4cc(O)ccc4c23)C(=O)N1NCc1ccc(CO)cc1,LEISHMANIASIS,6.84518491628705,DNA topoisomerase,<rdkit.Chem.rdchem.Mol object at 0x0000021ACD98AFF0>,[0 0 0 ... 0 0 0],O=C1c2c(c3c4ccccc4n(OC4CCCCO4)c3c3[nH]c4ccccc4c23)C(=O)N1NCc1ccccc1,670.631,0.8618000000000003,9,13,230.2,7,False
CHEMBL120147,O=C(Cc1ccc2ccccc2c1)NNC(=O)c1ccc([N+](=O)[O-])o1,LEISHMANIASIS,4.6020599913279625,Trypanothione reductase,<rdkit.Chem.rdchem.Mol object at 0x0000021ACD98AF80>,[0 0 0 ... 0 0 0],O=C(Cc1ccc2ccccc2c1)NNC(=O)c1ccco1,339.3070000000001,2.3447000000000005,2,5,114.48,4,True
CHEMBL120665,NNC(=O)c1ccc([N+](=O)[O-])o1,LEISHMANIASIS,4.301029995663981,Trypanothione reductase,<rdkit.Chem.rdchem.Mol object at 0x0000021ACD98AF10>,[0 0 0 ... 0 0 0],c1ccoc1,171.11199999999997,-0.20870000000000005,2,5,111.39999999999999,2,True
CHEMBL120915,CCN(CC)CCNc1ccc(CNC=O)c2sc3ccccc3c(=O)c12,LEISHMANIASIS,3.292429823902064,DNA topoisomerase,<rdkit.Chem.rdchem.Mol object at 0x0000021ACD98AEA0>,[0 0 0 ... 0 0 0],O=c1c2ccccc2sc2ccccc12,383.51700000000017,3.4144000000000014,2,5,61.44,9,True
CHEMBL118432,O=C(NNC(=O)c1ccc([N+](=O)[O-])o1)c1ccc([N+](=O)[O-])o1,LEISHMANIASIS,4.301029995663981,Trypanothione reductase,<rdkit.Chem.rdchem.Mol object at 0x0000021ACD98AE30>,[0 0 0 ... 0 0 0],O=C(NNC(=O)c1ccco1)c1ccco1,310.17800000000005,0.7638000000000001,2,8,170.76,4,True
CHEMBL118441,CC(C)(C)OC(=O)NNC(=O)c1ccc([N+](=O)[O-])o1,LEISHMANIASIS,4.301029995663981,Trypanothione reductase,<rdkit.Chem.rdchem.Mol object at 0x0000021ACD98ADC0>,[0 0 0 ... 0 0 0],c1ccoc1,271.229,1.3573,2,6,123.71000000000002,2,True
CHEMBL121192,CCN(CC)CCNc1ccc(CNC(=O)OC)c2sc3ccccc3c(=O)c12,LEISHMANIASIS,4.698970004336019,DNA topoisomerase,<rdkit.Chem.rdchem.Mol object at 0x0000021ACD98AD50>,[0 0 0 ... 0 0 0],O=c1c2ccccc2sc2ccccc12,413.5430000000002,4.024400000000003,2,6,70.66999999999999,8,True
CHEMBL121666,CCN(CC)CCNc1ccc(CNS(C)(=O)=O)c2sc3ccc(O)cc3c(=O)c12,LEISHMANIASIS,6.301029995663981,DNA topoisomerase,<rdkit.Chem.rdchem.Mol object at 0x0000021ACD98ACE0>,[0 0 0 ... 0 0 0],O=c1c2ccccc2sc2ccccc12,449.59800000000024,2.9232000000000014,3,7,98.74000000000001,9,True
CHEMBL121626,Cc1c(Cl)cccc1Nc1ccccc1C(=O)O,LEISHMANIASIS,5.087777943467585,Cysteine protease,<rdkit.Chem.rdchem.Mol object at 0x0000021ACD98AC70>,[0 0 0 ... 0 0 0],c1ccc(Nc2ccccc2)cc1,261.70799999999997,4.090220000000002,2,2,49.33,3,True
CHEMBL121547,CCN(CC)CCNc1ccc(CNS(C)(=O)=O)c2sc3ccc(OC)cc3c(=O)c12,LEISHMANIASIS,3.677780705266081,DNA topoisomerase,<rdkit.Chem.rdchem.Mol object at 0x0000021ACD98AC00>,[0 0 0 ... 0 0 0],O=c1c2ccccc2sc2ccccc12,463.6250000000003,3.226200000000002,2,7,87.74000000000001,10,True
CHEMBL123638,Oc1cc(Nc2cccc3ccccc23)nc(O)n1,LEISHMANIASIS,4.083019952679618,DNA topoisomerase,<rdkit.Chem.rdchem.Mol object at 0x0000021ACD98AB90>,[0 0 0 ... 0 0 0],c1ccc2c(Nc3ccncn3)cccc2c1,253.261,2.7846000000000015,3,5,78.27,2,True
CHEMBL123810,Cc1ccc(Nc2cc(O)nc(O)n2)c(C)c1,LEISHMANIASIS,2.701146923590293,DNA topoisomerase,<rdkit.Chem.rdchem.Mol object at 0x0000021ACD98AB20>,[0 0 0 ... 0 0 0],c1ccc(Nc2ccncn2)cc1,231.25500000000002,2.248239999999999,3,5,78.27,2,True
CHEMBL121442,CCN(CC)CCNc1ccc(CNC(=O)OC)c2sc3ccc(O)cc3c(=O)c12,LEISHMANIASIS,5.795880017344075,DNA topoisomerase,<rdkit.Chem.rdchem.Mol object at 0x0000021ACD98AAB0>,[0 0 0 ... 0 0 0],O=c1c2ccccc2sc2ccccc12,429.5420000000002,3.7300000000000013,3,7,90.9,8,True
CHEMBL125067,Cc1cccc(Nc2cc(O)nc(O)n2)c1C,LEISHMANIASIS,3.6516951369518393,DNA topoisomerase,<rdkit.Chem.rdchem.Mol object at 0x0000021ACD98AA40>,[0 0 0 ... 0 0 0],c1ccc(Nc2ccncn2)cc1,231.255,2.24824,3,5,78.27,2,True
CHEMBL122716,CCN(CC)CCNc1ccc(CNC)c2sc3ccc(O)cc3c(=O)c12,LEISHMANIASIS,5.0,DNA topoisomerase,<rdkit.Chem.rdchem.Mol object at 0x0000021ACD98A9D0>,[0 0 0 ... 0 0 0],O=c1c2ccccc2sc2ccccc12,385.5330000000002,3.593400000000001,3,6,64.6,8,True
CHEMBL124310,CCCCCNc1cc(O)nc(O)n1,LEISHMANIASIS,3.474955192963155,DNA topoisomerase,<rdkit.Chem.rdchem.Mol object at 0x0000021ACD98A960>,[0 0 0 ... 0 0 0],c1cncnc1,197.238,1.4898999999999996,3,5,78.27,5,True
CHEMBL124858,CC(C)CCNc1cc(O)nc(O)n1,LEISHMANIASIS,2.619788758288394,DNA topoisomerase,<rdkit.Chem.rdchem.Mol object at 0x0000021ACD98A8F0>,[0 1 0 ... 0 0 0],c1cncnc1,197.238,1.3457999999999997,3,5,78.27,4,True
CHEMBL124977,CCCCCCNc1cc(O)nc(O)n1,LEISHMANIASIS,3.431798275933005,DNA topoisomerase,<rdkit.Chem.rdchem.Mol object at 0x0000021ACD98A880>,[0 0 0 ... 0 0 0],c1cncnc1,211.26500000000001,1.88,3,5,78.27,6,True
CHEMBL124889,Oc1cccc(Nc2cc(O)nc(O)n2)c1,LEISHMANIASIS,2.580044251510242,DNA topoisomerase,<rdkit.Chem.rdchem.Mol object at 0x0000021ACD98A810>,[0 0 0 ... 0 0 0],c1ccc(Nc2ccncn2)cc1,219.20000000000002,1.3369999999999993,4,6,98.5,2,True
CHEMBL124937,O=c1cc(Nc2ccc3ccccc3c2)[nH]c(=O)[nH]1,LEISHMANIASIS,5.167491087293763,DNA topoisomerase,<rdkit.Chem.rdchem.Mol object at 0x0000021ACD98A7A0>,[0 0 0 ... 0 0 0],O=c1cc(Nc2ccc3ccccc3c2)[nH]c(=O)[nH]1,253.26100000000002,1.9599999999999995,3,3,77.75,2,True
CHEMBL124384,Cc1ccc(C)c(Nc2cc(O)nc(O)n2)c1,LEISHMANIASIS,2.8664610916297826,DNA topoisomerase,<rdkit.Chem.rdchem.Mol object at 0x0000021ACD98A730>,[0 0 0 ... 0 0 0],c1ccc(Nc2ccncn2)cc1,231.25500000000002,2.24824,3,5,78.27,2,True
CHEMBL124740,OCCCCCNc1cc(O)nc(O)n1,LEISHMANIASIS,1.869666231504994,DNA topoisomerase,<rdkit.Chem.rdchem.Mol object at 0x0000021ACD98A6C0>,[0 0 0 ... 0 0 0],c1cncnc1,213.23700000000002,0.46229999999999977,4,6,98.5,6,True
CHEMBL127717,O=C1c2ccccc2-c2nnc3ccccc3c21,LEISHMANIASIS,4.0,DNA topoisomerase,<rdkit.Chem.rdchem.Mol object at 0x0000021ACD98A650>,[0 1 0 ... 0 0 0],O=C1c2ccccc2-c2nnc3ccccc3c21,232.242,2.8412000000000006,0,3,42.85,0,True
CHEMBL126013,C=CCNc1cc(O)nc(O)n1,LEISHMANIASIS,1.6497519816658373,DNA topoisomerase,<rdkit.Chem.rdchem.Mol object at 0x0000021ACD98A5E0>,[0 0 0 ... 0 0 0],c1cncnc1,167.16799999999998,0.48569999999999985,3,5,78.27,3,True
CHEMBL128466,Cc1cc(-c2c(F)cc3/c(=N/c4ccc(N)cc4)ccn(C4CC4)c3c2F)cc(C)n1,LEISHMANIASIS,5.119186407719209,DNA topoisomerase,<rdkit.Chem.rdchem.Mol object at 0x0000021ACD98A570>,[0 0 0 ... 0 0 0],c1ccc(N=c2ccn(C3CC3)c3cc(-c4ccncc4)ccc23)cc1,416.4750000000002,5.747840000000004,1,4,56.199999999999996,3,False
CHEMBL130332,CC(=O)N[C@H]1CC[C@@H](n2nc3c4cc(F)c(-c5cc(C)nc(C)c5)c(F)c4n(C4CC4)cc-3c2=O)CC1,LEISHMANIASIS,4.707382468317112,DNA topoisomerase,<rdkit.Chem.rdchem.Mol object at 0x0000021ACD98A500>,[0 0 0 ... 0 0 0],O=c1c2cn(C3CC3)c3cc(-c4ccncc4)ccc3c-2nn1C1CCCCC1,505.56900000000036,5.214540000000005,1,6,81.81,4,False
CHEMBL128315,CC[C@@]1(O)C(=O)OCc2c1cc1n(c2=O)Cc2c-1nc1cc3c(cc1c2CN1CCN(C)CC1)OCO3.O=C(O)C(F)(F)F,LEISHMANIASIS,6.522878745280337,DNA topoisomerase,<rdkit.Chem.rdchem.Mol object at 0x0000021ACD98A490>,[0 0 0 ... 0 0 0],O=C1Cc2cc3n(c(=O)c2CO1)Cc1c-3nc2cc3c(cc2c1CN1CCNCC1)OCO3,618.5650000000005,2.1889999999999996,2,11,143.66,3,False
CHEMBL130604,Cc1cc(-c2c(F)cc3c(=S)ccn(C4CC4)c3c2F)cc(C)n1,LEISHMANIASIS,4.119186407719209,DNA topoisomerase,<rdkit.Chem.rdchem.Mol object at 0x0000021ACD98A420>,[0 0 0 ... 0 0 0],S=c1ccn(C2CC2)c2cc(-c3ccncc3)ccc12,342.4140000000001,5.662730000000003,0,3,17.82,2,False
CHEMBL130538,Cc1cc(-c2c(F)cc3/c(=N/Sc4ccc(Cl)cc4)ccn(C4CC4)c3c2F)cc(C)n1,LEISHMANIASIS,5.026872146400302,DNA topoisomerase,<rdkit.Chem.rdchem.Mol object at 0x0000021ACD98A3B0>,[0 0 0 ... 0 0 0],c1ccc(SN=c2ccn(C3CC3)c3cc(-c4ccncc4)ccc23)cc1,467.97200000000026,7.194640000000005,0,4,30.18,4,False
CHEMBL130627,Cc1cc(-c2c(F)cc3c4nn(C5CCCCC5)c(=O)c-4cn(C4CC4)c3c2F)cc(C)n1,LEISHMANIASIS,5.173393743112328,DNA topoisomerase,<rdkit.Chem.rdchem.Mol object at 0x0000021ACD98A340>,[0 0 1 ... 0 0 0],O=c1c2cn(C3CC3)c3cc(-c4ccncc4)ccc3c-2nn1C1CCCCC1,448.51700000000017,6.099940000000005,0,5,52.71,3,False
CHEMBL130706,Cc1cc(-c2c(F)cc3/c(=N/c4ccccn4)ccn(C4CC4)c3c2F)cc(C)n1,LEISHMANIASIS,5.443697499232712,DNA topoisomerase,<rdkit.Chem.rdchem.Mol object at 0x0000021ACD98A2D0>,[0 0 0 ... 0 0 0],c1ccc(N=c2ccn(C3CC3)c3cc(-c4ccncc4)ccc23)nc1,402.4480000000002,5.560640000000004,0,4,43.07,3,False
CHEMBL130889,Cc1cc(-c2c(F)cc3c(c2F)N(C2CC2)C=CC3=C(C#N)C#N)cc(C)n1,LEISHMANIASIS,5.200659450546418,DNA topoisomerase,<rdkit.Chem.rdchem.Mol object at 0x0000021ACD98A260>,[0 0 0 ... 0 0 0],C=C1C=CN(C2CC2)c2cc(-c3ccncc3)ccc21,374.3940000000001,4.940500000000004,0,4,63.71,2,True
CHEMBL130047,Cc1cc(-c2c(F)cc3/c(=N/Sc4ccccn4)ccn(C4CC4)c3c2F)cc(C)n1,LEISHMANIASIS,5.42021640338319,DNA topoisomerase,<rdkit.Chem.rdchem.Mol object at 0x0000021ACD98A1F0>,[0 0 0 ... 0 0 0],c1ccc(SN=c2ccn(C3CC3)c3cc(-c4ccncc4)ccc23)nc1,434.5150000000002,5.936240000000004,0,5,43.07,4,False
CHEMBL129892,Cc1cc(-c2c(F)cc3/c(=N/CCN(C)C)ccn(C4CC4)c3c2F)cc(C)n1,LEISHMANIASIS,4.853871964321762,DNA topoisomerase,<rdkit.Chem.rdchem.Mol object at 0x0000021ACD98A180>,[0 0 0 ... 0 0 0],N=c1ccn(C2CC2)c2cc(-c3ccncc3)ccc12,396.4850000000002,4.395540000000003,0,4,33.42,5,True
CHEMBL129908,Cc1cc(-c2c(F)cc3c4nn(C5CCN(C)CC5)c(=O)c-4cn(C4CC4)c3c2F)cc(C)n1,LEISHMANIASIS,4.8979400086720375,DNA topoisomerase,<rdkit.Chem.rdchem.Mol object at 0x0000021ACD98A110>,[0 0 0 ... 0 0 0],O=c1c2cn(C3CC3)c3cc(-c4ccncc4)ccc3c-2nn1C1CCNCC1,463.53200000000027,4.8614400000000035,0,6,55.95,3,True
CHEMBL129840,Cc1cc(-c2c(F)cc3/c(=N\O)ccn(C4CC4)c3c2F)cc(C)n1,LEISHMANIASIS,5.853871964321762,DNA topoisomerase,<rdkit.Chem.rdchem.Mol object at 0x0000021ACD98A0A0>,[0 0 0 ... 0 0 0],N=c1ccn(C2CC2)c2cc(-c3ccncc3)ccc12,341.3610000000001,4.223140000000003,1,4,50.410000000000004,2,True
CHEMBL130097,Cc1cc(-c2c(F)cc3c(=N)ccn(C4CC4)c3c2F)cc(C)n1,LEISHMANIASIS,4.920818753952375,DNA topoisomerase,<rdkit.Chem.rdchem.Mol object at 0x0000021ACD98A030>,[0 0 0 ... 0 0 0],N=c1ccn(C2CC2)c2cc(-c3ccncc3)ccc12,325.3620000000001,4.412710000000002,1,3,41.67,2,True
CHEMBL130368,Cc1ccc(S(=O)(=O)/N=c2\ccn(C3CC3)c3c(F)c(-c4cc(C)nc(C)c4)c(F)cc23)cc1,LEISHMANIASIS,4.346787486224656,DNA topoisomerase,<rdkit.Chem.rdchem.Mol object at 0x0000021ACD989FC0>,[0 0 0 ... 0 0 0],O=S(=O)(N=c1ccn(C2CC2)c2cc(-c3ccncc3)ccc12)c1ccccc1,479.5520000000002,5.531260000000005,0,4,64.32,4,False
CHEMBL130547,Cc1cc(-c2c(F)cc3c(c2F)N(C2CC2)C=C/C3=C/C#N)cc(C)n1,LEISHMANIASIS,5.3979400086720375,DNA topoisomerase,<rdkit.Chem.rdchem.Mol object at 0x0000021ACD989F50>,[0 0 0 ... 0 0 0],C=C1C=CN(C2CC2)c2cc(-c3ccncc3)ccc21,349.38400000000007,5.046720000000004,0,3,39.92,2,False
CHEMBL132533,O=C1c2c(c3c4ccc(O)cc4n([C@@H]4O[C@H](CO)[C@@H](O)[C@@H]4O)c3c3[nH]c4cc(O)ccc4c23)C(=O)N1NC(CO)CO,LEISHMANIASIS,5.8979400086720375,DNA topoisomerase,<rdkit.Chem.rdchem.Mol object at 0x0000021ACD989EE0>,[0 1 0 ... 0 0 0],O=C1NC(=O)c2c1c1c3ccccc3[nH]c1c1c2c2ccccc2n1C1CCCO1,578.5340000000002,-0.0945000000000002,9,12,220.96999999999997,6,False
CHEMBL130381,Cc1cc(-c2c(F)cc3c4nn(CCN(C)C)c(=O)c-4cn(C4CC4)c3c2F)cc(C)n1,LEISHMANIASIS,5.808271851737624,DNA topoisomerase,<rdkit.Chem.rdchem.Mol object at 0x0000021ACD989E70>,[0 0 0 ... 0 0 0],O=c1[nH]nc2c3ccc(-c4ccncc4)cc3n(C3CC3)cc1-2,437.4940000000002,4.156340000000003,0,6,55.95,5,True
CHEMBL131262,Cc1cc(-c2c(F)cc3c4nn([C@H]5CC[C@H](N(C)C)CC5)c(=O)c-4cn(C4CC4)c3c2F)cc(C)n1,LEISHMANIASIS,4.828788659588897,DNA topoisomerase,<rdkit.Chem.rdchem.Mol object at 0x0000021ACD989E00>,[0 0 0 ... 0 0 0],O=c1c2cn(C3CC3)c3cc(-c4ccncc4)ccc3c-2nn1C1CCCCC1,491.58600000000035,5.640040000000004,0,6,55.95,4,False
CHEMBL131677,Cc1cc(-c2c(F)cc3c4nn(CCCN(C)C)c(=O)c-4cn(C4CC4)c3c2F)cc(C)n1,LEISHMANIASIS,5.035290537142854,DNA topoisomerase,<rdkit.Chem.rdchem.Mol object at 0x0000021ACD989D90>,[0 0 0 ... 0 0 0],O=c1[nH]nc2c3ccc(-c4ccncc4)cc3n(C3CC3)cc1-2,451.52100000000024,4.546440000000003,0,6,55.95,6,True
CHEMBL130662,Cc1cc(-c2c(F)cc3/c(=N/N4C(=O)c5ccccc5C4=O)ccn(C4CC4)c3c2F)cc(C)n1,LEISHMANIASIS,4.795880017344075,DNA topoisomerase,<rdkit.Chem.rdchem.Mol object at 0x0000021ACD989D20>,[0 0 0 ... 0 0 0],O=C1c2ccccc2C(=O)N1N=c1ccn(C2CC2)c2cc(-c3ccncc3)ccc12,470.47900000000027,5.0451400000000035,0,5,67.56,3,False
CHEMBL131600,Cc1cc(-c2c(F)cc3c4nn(C5CCC(C)CC5)c(=O)c-4cn(C4CC4)c3c2F)cc(C)n1,LEISHMANIASIS,4.904834150914854,DNA topoisomerase,<rdkit.Chem.rdchem.Mol object at 0x0000021ACD989CB0>,[0 0 0 ... 0 0 0],O=c1c2cn(C3CC3)c3cc(-c4ccncc4)ccc3c-2nn1C1CCCCC1,462.54400000000027,6.345940000000005,0,5,52.71,3,False
CHEMBL130838,CC(=O)N/N=c1\ccn(C2CC2)c2c(F)c(-c3cc(C)nc(C)c3)c(F)cc12,LEISHMANIASIS,4.698970004336019,DNA topoisomerase,<rdkit.Chem.rdchem.Mol object at 0x0000021ACD989C40>,[0 0 0 ... 0 0 0],N=c1ccn(C2CC2)c2cc(-c3ccncc3)ccc12,382.4140000000001,3.8850400000000027,1,4,59.28,3,True
CHEMBL131491,Cc1cc(-c2c(F)cc3c4n[nH]c(=O)c-4cn(C4CC4)c3c2F)cc(C)n1,LEISHMANIASIS,4.763621775341393,DNA topoisomerase,<rdkit.Chem.rdchem.Mol object at 0x0000021ACD989BD0>,[0 0 0 ... 0 0 0],O=c1[nH]nc2c3ccc(-c4ccncc4)cc3n(C3CC3)cc1-2,366.37100000000015,4.121340000000003,1,4,63.57,2,True
CHEMBL132098,Cc1cc(-c2c(F)cc3c4nn([C@H]5CC[C@@H](N)CC5)c(=O)c-4cn(C4CC4)c3c2F)cc(C)n1,LEISHMANIASIS,5.301029995663981,DNA topoisomerase,<rdkit.Chem.rdchem.Mol object at 0x0000021ACD989B60>,[0 0 0 ... 0 0 0],O=c1c2cn(C3CC3)c3cc(-c4ccncc4)ccc3c-2nn1C1CCCCC1,463.53200000000027,5.0371400000000035,1,6,78.73,3,False
CHEMBL132213,Cc1cc(-c2c(F)cc3/c(=N/Nc4cnc5ccccc5c4)ccn(C4CC4)c3c2F)cc(C)n1,LEISHMANIASIS,4.036212172654444,DNA topoisomerase,<rdkit.Chem.rdchem.Mol object at 0x0000021ACD989AF0>,[0 0 0 ... 0 0 0],c1ccc2ncc(NN=c3ccn(C4CC4)c4cc(-c5ccncc5)ccc34)cc2c1,467.52300000000025,6.409240000000004,1,5,55.1,4,False
CHEMBL133784,CCOC(=O)Cn1nc2c3cc(F)c(-c4cc(C)nc(C)c4)c(F)c3n(C3CC3)cc-2c1=O,LEISHMANIASIS,4.7182594573027945,DNA topoisomerase,<rdkit.Chem.rdchem.Mol object at 0x0000021ACD989A80>,[0 0 0 ... 0 0 0],O=c1[nH]nc2c3ccc(-c4ccncc4)cc3n(C3CC3)cc1-2,452.46100000000024,4.157840000000003,0,7,79.01,5,True
CHEMBL131208,Cc1cc(-c2c(F)cc3/c(=N/CCCN(C)C)ccn(C4CC4)c3c2F)cc(C)n1,LEISHMANIASIS,5.259637310505756,DNA topoisomerase,<rdkit.Chem.rdchem.Mol object at 0x0000021ACD989A10>,[0 0 0 ... 0 0 0],N=c1ccn(C2CC2)c2cc(-c3ccncc3)ccc12,410.51200000000017,4.785640000000004,0,4,33.42,6,True
CHEMBL133802,Cc1cc(-c2c(F)cc3c4nn(CCNCCO)c(=O)c-4cn(C4CC4)c3c2F)cc(C)n1,LEISHMANIASIS,5.701152407037244,DNA topoisomerase,<rdkit.Chem.rdchem.Mol object at 0x0000021ACD9899A0>,[0 0 0 ... 0 0 0],O=c1[nH]nc2c3ccc(-c4ccncc4)cc3n(C3CC3)cc1-2,453.4930000000002,3.1766400000000017,2,7,84.97000000000001,7,True
CHEMBL133757,Cc1cc(-c2c(F)cc3c4nn(CCO)c(=O)c-4cn(C4CC4)c3c2F)cc(C)n1,LEISHMANIASIS,4.707834387816234,DNA topoisomerase,<rdkit.Chem.rdchem.Mol object at 0x0000021ACD989930>,[0 0 0 ... 0 0 0],O=c1[nH]nc2c3ccc(-c4ccncc4)cc3n(C3CC3)cc1-2,410.42400000000015,3.587040000000002,1,6,72.94,4,True
CHEMBL134040,CCOC(=O)c1cn(CC)c2cc(N3CCN(C(=O)c4ccc(N5C[C@H](CNC(C)=O)OC5=O)cc4F)CC3)c(F)cc2c1=O,LEISHMANIASIS,4.903089986991944,DNA topoisomerase,<rdkit.Chem.rdchem.Mol object at 0x0000021ACD9898C0>,[0 0 0 ... 0 0 0],O=C(c1ccc(N2CCOC2=O)cc1)N1CCN(c2ccc3c(=O)cc[nH]c3c2)CC1,625.6290000000001,2.9000000000000012,1,9,130.49,8,False
CHEMBL133780,Cc1cc(-c2c(F)cc3/c(=N/Nc4ccccn4)ccn(C4CC4)c3c2F)cc(C)n1,LEISHMANIASIS,6.008773924307505,DNA topoisomerase,<rdkit.Chem.rdchem.Mol object at 0x0000021ACD989850>,[0 0 0 ... 0 0 0],c1ccc(NN=c2ccn(C3CC3)c3cc(-c4ccncc4)ccc23)nc1,417.46300000000025,5.256040000000003,1,5,55.1,4,False
CHEMBL132656,Cc1cc(-c2c(F)cc3/c(=N/C4CC4)ccn(C4CC4)c3c2F)cc(C)n1,LEISHMANIASIS,5.619788758288394,DNA topoisomerase,<rdkit.Chem.rdchem.Mol object at 0x0000021ACD9897E0>,[0 0 0 ... 0 0 0],c1cc(-c2ccc3c(=NC4CC4)ccn(C4CC4)c3c2)ccn1,365.42700000000013,4.996340000000004,0,3,30.18,3,True
CHEMBL135536,CC1=C(CCCCCC(=O)O)C(=O)c2c(O)cccc2C1=O,LEISHMANIASIS,4.301029995663981,Trypanothione reductase,<rdkit.Chem.rdchem.Mol object at 0x0000021ACD989770>,[0 0 0 ... 0 0 0],O=C1C=CC(=O)c2ccccc21,302.3260000000001,3.1228000000000007,2,4,91.66999999999999,6,True
CHEMBL135287,CC1=C(CCCCCC(=O)O)C(=O)c2ccccc2C1=O,LEISHMANIASIS,4.301029995663981,Trypanothione reductase,<rdkit.Chem.rdchem.Mol object at 0x0000021ACD989700>,[0 1 0 ... 0 0 0],O=C1C=CC(=O)c2ccccc21,286.32700000000006,3.417200000000002,1,3,71.44,6,True
CHEMBL133209,O=C1c2c(c3c4ccc(O)cc4n([C@H]4O[C@H](CO)[C@H](O)[C@H]4O)c3c3[nH]c4cc(O)ccc4c23)C(=O)N1NC(CO)CO,LEISHMANIASIS,6.035290537142854,DNA topoisomerase,<rdkit.Chem.rdchem.Mol object at 0x0000021ACD989690>,[0 1 0 ... 0 0 0],O=C1NC(=O)c2c1c1c3ccccc3[nH]c1c1c2c2ccccc2n1C1CCCO1,578.5340000000002,-0.0945000000000002,9,12,220.96999999999997,6,False
CHEMBL133466,Cc1cc(-c2c(F)cc3c4nn(C)c(=O)c-4cn(C4CC4)c3c2F)cc(C)n1,LEISHMANIASIS,4.725498368987106,DNA topoisomerase,<rdkit.Chem.rdchem.Mol object at 0x0000021ACD989620>,[0 0 0 ... 0 0 0],O=c1[nH]nc2c3ccc(-c4ccncc4)cc3n(C3CC3)cc1-2,380.3980000000002,4.131740000000003,0,5,52.71,2,True
CHEMBL134615,CC1=C(CCCCC(=O)O)C(=O)c2ccccc2C1=O,LEISHMANIASIS,4.301029995663981,Trypanothione reductase,<rdkit.Chem.rdchem.Mol object at 0x0000021ACD9895B0>,[0 1 0 ... 0 0 0],O=C1C=CC(=O)c2ccccc21,272.30000000000007,3.027100000000001,1,3,71.44,5,True
CHEMBL134536,C[C@H]1O[C@@H](n2c3cc(O)ccc3c3c4c(c5c6ccc(O)cc6[nH]c5c32)C(=O)N(NC(CO)CO)C4=O)[C@H](O)[C@@H](O)[C@@H]1O,LEISHMANIASIS,5.577450979992872,DNA topoisomerase,<rdkit.Chem.rdchem.Mol object at 0x0000021ACD989540>,[0 1 0 ... 0 0 0],O=C1NC(=O)c2c1c1c3ccccc3[nH]c1c1c2c2ccccc2n1C1CCCCO1,592.5610000000005,0.29400000000000054,9,12,220.96999999999994,5,False
CHEMBL135881,O=C1c2c(c3c4ccc(O)cc4n([C@@H]4O[C@@H](C(O)CO)[C@@H](O)[C@H]4O)c3c3[nH]c4cc(O)ccc4c23)C(=O)N1NC(CO)CO,LEISHMANIASIS,6.0,DNA topoisomerase,<rdkit.Chem.rdchem.Mol object at 0x0000021ACD9894D0>,[0 1 0 ... 0 0 0],O=C1NC(=O)c2c1c1c3ccccc3[nH]c1c1c2c2ccccc2n1C1CCCO1,608.5600000000002,-0.7336000000000009,10,13,241.19999999999996,7,False
CHEMBL135970,O=C1c2c(c3c4ccc(O)cc4n([C@H]4O[C@H](CO)[C@@H](O)[C@H]4O)c3c3[nH]c4cc(O)ccc4c23)C(=O)N1NC(CO)CO,LEISHMANIASIS,5.911954370472159,DNA topoisomerase,<rdkit.Chem.rdchem.Mol object at 0x0000021ACD989460>,[0 1 0 ... 0 0 0],O=C1NC(=O)c2c1c1c3ccccc3[nH]c1c1c2c2ccccc2n1C1CCCO1,578.5340000000002,-0.0945000000000002,9,12,220.96999999999997,6,False
CHEMBL135491,O=C1c2c(c3c4ccc(O)cc4n([C@@H]4O[C@H](CO)[C@H](O)[C@H]4O)c3c3[nH]c4cc(O)ccc4c23)C(=O)N1NC(CO)CO,LEISHMANIASIS,6.035290537142854,DNA topoisomerase,<rdkit.Chem.rdchem.Mol object at 0x0000021ACD9893F0>,[0 1 0 ... 0 0 0],O=C1NC(=O)c2c1c1c3ccccc3[nH]c1c1c2c2ccccc2n1C1CCCO1,578.5340000000002,-0.0945000000000002,9,12,220.96999999999997,6,False
CHEMBL135492,O=C1c2c(c3c4ccc(O)cc4n([C@@H]4O[C@H](CO)[C@@H](O)[C@H]4O)c3c3[nH]c4cc(O)ccc4c23)C(=O)N1NC(CO)CO,LEISHMANIASIS,6.198970004336019,DNA topoisomerase,<rdkit.Chem.rdchem.Mol object at 0x0000021ACD989380>,[0 1 0 ... 0 0 0],O=C1NC(=O)c2c1c1c3ccccc3[nH]c1c1c2c2ccccc2n1C1CCCO1,578.5340000000002,-0.0945000000000002,9,12,220.96999999999997,6,False
CHEMBL135504,CC1=C(CCCCC(=O)O)C(=O)c2c(O)cccc2C1=O,LEISHMANIASIS,4.301029995663981,Trypanothione reductase,<rdkit.Chem.rdchem.Mol object at 0x0000021ACD989310>,[0 0 0 ... 0 0 0],O=C1C=CC(=O)c2ccccc21,288.2990000000001,2.7327000000000004,2,4,91.66999999999999,5,True
CHEMBL135778,N[C@@H]1CCN(c2c(F)cc3c(=O)c(C(=O)O)cn4c3c2Oc2c-4ccc3ccccc23)C1,LEISHMANIASIS,6.619788758288394,DNA topoisomerase,<rdkit.Chem.rdchem.Mol object at 0x0000021ACD9892A0>,[0 0 0 ... 0 0 0],O=c1ccn2c3c(c(N4CCCC4)ccc13)Oc1c-2ccc2ccccc12,431.42300000000023,3.6243000000000016,2,6,97.79,2,True
CHEMBL139335,COc1cc([C@@H]2c3cc4c(cc3[C@@H](OC3CC(N)C(O)C(C)O3)[C@H]3COC(=O)[C@H]23)OCO4)cc(OC)c1O,LEISHMANIASIS,5.251811972993799,DNA topoisomerase,<rdkit.Chem.rdchem.Mol object at 0x0000021ACD989230>,[0 0 0 ... 0 0 0],O=C1OCC2C(OC3CCCCO3)c3cc4c(cc3C(c3ccccc3)C12)OCO4,529.5420000000004,1.9535999999999993,3,11,148.16000000000003,5,False
CHEMBL137263,O=C(O)c1cn2c3c(c(N4CCNCC4)c(F)cc3c1=O)Oc1c-2ccc2ccccc12,LEISHMANIASIS,5.735182176990463,DNA topoisomerase,<rdkit.Chem.rdchem.Mol object at 0x0000021ACD9891C0>,[0 0 0 ... 0 0 0],O=c1ccn2c3c(c(N4CCNCC4)ccc13)Oc1c-2ccc2ccccc12,431.4230000000002,3.496500000000003,2,6,83.8,2,True
CHEMBL137098,N[C@@H]1CCN(c2c(F)cc3c(=O)c(C(=O)O)cn4c3c2Oc2cc3ccccc3cc2-4)C1,LEISHMANIASIS,6.376750709602099,DNA topoisomerase,<rdkit.Chem.rdchem.Mol object at 0x0000021ACD989150>,[0 0 0 ... 0 0 0],O=c1ccn2c3c(c(N4CCCC4)ccc13)Oc1cc3ccccc3cc1-2,431.42300000000023,3.6243000000000016,2,6,97.79,2,True
CHEMBL142016,COc1cc([C@@H]2c3cc4c(cc3[C@@H](OC3CC(N)C5OC(C)OCC5O3)[C@H]3COC(=O)[C@H]23)OCO4)cc(OC)c1O,LEISHMANIASIS,4.0,DNA topoisomerase,<rdkit.Chem.rdchem.Mol object at 0x0000021ACD9890E0>,[0 0 0 ... 0 0 0],O=C1OCC2C(OC3CCC4OCOCC4O3)c3cc4c(cc3C(c3ccccc3)C12)OCO4,571.5790000000004,2.3342000000000005,2,12,146.39000000000004,5,False
CHEMBL139899,COc1ccc(/C=C2/NC(=O)NC2=O)cc1OC,LEISHMANIASIS,4.0,DNA topoisomerase,<rdkit.Chem.rdchem.Mol object at 0x0000021ACD989070>,[0 0 0 ... 0 0 0],O=C1NC(=O)C(=Cc2ccccc2)N1,248.23799999999997,0.8841,2,4,76.66000000000001,3,True
CHEMBL140036,COc1cc([C@@H]2c3cc4c(cc3[C@@H](OC3CC(N)C(O)C(CN)O3)[C@H]3COC(=O)[C@H]23)OCO4)cc(OC)c1O,LEISHMANIASIS,4.0,DNA topoisomerase,<rdkit.Chem.rdchem.Mol object at 0x0000021ACD989000>,[0 0 0 ... 0 0 0],O=C1OCC2C(OC3CCCCO3)c3cc4c(cc3C(c3ccccc3)C12)OCO4,544.5570000000004,0.8924000000000001,4,12,174.17999999999998,6,False
CHEMBL140476,CC1=CC2Cc3nc4cc(Cl)ccc4c(N)c3C(C1)C2,LEISHMANIASIS,5.301029995663981,Trypanothione reductase,<rdkit.Chem.rdchem.Mol object at 0x0000021ACD988F90>,[0 0 0 ... 0 0 0],C1=CC2Cc3nc4ccccc4cc3C(C1)C2,284.7900000000001,4.466400000000003,1,2,38.91,0,True
CHEMBL146512,Nc1c2ccccc2nc2cc(Cl)ccc12,LEISHMANIASIS,4.366531544420414,Trypanothione reductase,<rdkit.Chem.rdchem.Mol object at 0x0000021ACD988F20>,[0 0 0 ... 0 0 0],c1ccc2nc3ccccc3cc2c1,228.682,3.6236000000000015,1,2,38.91,0,True
CHEMBL4437561,O=c1nc(SCc2ccc3nonc3c2)nc(SCc2ccc(Cl)cc2)[nH]1,LEISHMANIASIS,4.255707016877324,DNA topoisomerase,<rdkit.Chem.rdchem.Mol object at 0x0000021ACD988EB0>,[0 0 0 ... 0 0 0],O=c1nc(SCc2ccc3nonc3c2)nc(SCc2ccccc2)[nH]1,417.90300000000013,3.9391000000000025,1,8,97.56,6,True
CHEMBL4437494,CNC[C@@H]1CCN(c2c(F)cc3c(=O)c(C(=O)O)cn(Cc4ccc(-c5ccccc5)cc4)c3c2OC)C1,LEISHMANIASIS,3.810790510417694,DNA topoisomerase,<rdkit.Chem.rdchem.Mol object at 0x0000021ACD988E40>,[0 0 0 ... 0 0 0],O=c1ccn(Cc2ccc(-c3ccccc3)cc2)c2cc(N3CCCC3)ccc12,515.5850000000002,4.608400000000003,2,6,83.8,8,False
CHEMBL4437416,COC1=CC(=O)N(C(=O)/C=C/[C@H](C)NC(=O)[C@H](CC2CCCCC2)NC(=O)[C@H](CC(C)C)NC(=O)[C@H](C(C)C)N(C)C)[C@H]1Cc1c[nH]c2ccccc12.O=C(O)C(F)(F)F,LEISHMANIASIS,6.39040559077478,Cysteine protease,<rdkit.Chem.rdchem.Mol object at 0x0000021ACD988DD0>,[0 1 1 ... 0 0 0],O=C(CCC1CCCCC1)NCC=CC(=O)N1C(=O)C=CC1Cc1c[nH]c2ccccc12,846.9890000000003,5.2446000000000055,5,8,190.23999999999998,17,False
CHEMBL152285,CN1CCN(C(=O)CCCC2=C(CCCC(=O)N3CCN(C)CC3)C(=O)c3c(O)cccc3C2=O)CC1,LEISHMANIASIS,4.756961951313706,Trypanothione reductase,<rdkit.Chem.rdchem.Mol object at 0x0000021ACD988D60>,[0 0 0 ... 0 0 0],O=C1C(CCCC(=O)N2CCNCC2)=C(CCCC(=O)N2CCNCC2)C(=O)c2ccccc21,510.6350000000004,1.9564000000000001,1,7,101.47000000000003,8,False
CHEMBL4438223,NC[C@@H]1CCN(c2cc3c(cc2F)c(=O)c(C(=O)O)cn3Cc2ccc(-n3cccn3)cc2)C1,LEISHMANIASIS,4.03810452633215,DNA topoisomerase,<rdkit.Chem.rdchem.Mol object at 0x0000021ACD988CF0>,[0 0 0 ... 0 0 0],O=c1ccn(Cc2ccc(-n3cccn3)cc2)c2cc(N3CCCC3)ccc12,461.4970000000001,2.857800000000001,2,7,106.38000000000001,6,True
CHEMBL152023,CCN(CC)CCCC(C)Nc1c2ccccc2nc2ccc(OC)cc12,LEISHMANIASIS,4.568636235841013,Trypanothione reductase,<rdkit.Chem.rdchem.Mol object at 0x0000021ACD988C80>,[0 1 0 ... 0 0 0],c1ccc2nc3ccccc3cc2c1,365.52100000000013,5.319000000000005,1,4,37.39,9,False
CHEMBL151680,CC1=C(CCCNC(=O)OC(C)(C)C)C(=O)c2c(O)cccc2C1=O,LEISHMANIASIS,4.6020599913279625,Trypanothione reductase,<rdkit.Chem.rdchem.Mol object at 0x0000021ACD988C10>,[0 0 0 ... 0 0 0],O=C1C=CC(=O)c2ccccc21,345.39500000000004,3.3926000000000025,2,5,92.69999999999999,4,True
CHEMBL152142,CC1=C(CCCCC(=O)NCCCN2CCN(CCCNC(=O)CCCCC3=C(C)C(=O)c4cccc(O)c4C3=O)CC2)C(=O)c2c(O)cccc2C1=O,LEISHMANIASIS,5.6020599913279625,Trypanothione reductase,<rdkit.Chem.rdchem.Mol object at 0x0000021ACD988BA0>,[0 0 0 ... 0 0 0],O=C(CCCCC1=CC(=O)c2ccccc2C1=O)NCCCN1CCN(CCCNC(=O)CCCCC2=CC(=O)c3ccccc3C2=O)CC1,740.8980000000003,4.940000000000005,4,10,173.42,18,False
CHEMBL152234,CC1=C(CCCC(=O)NCCCCNCCCNC(=O)CCCC2=C(C)C(=O)c3cccc(O)c3C2=O)C(=O)c2c(O)cccc2C1=O,LEISHMANIASIS,5.638272163982407,Trypanothione reductase,<rdkit.Chem.rdchem.Mol object at 0x0000021ACD988B30>,[0 0 0 ... 0 0 0],O=C(CCCC1=CC(=O)c2ccccc2C1=O)NCCCCNCCCNC(=O)CCCC1=CC(=O)c2ccccc2C1=O,657.7640000000004,4.521900000000005,5,9,178.97,17,False
CHEMBL152235,CC1=C(CCCC(=O)NCCCNCCCNC(=O)CCCC2=C(C)C(=O)c3ccccc3C2=O)C(=O)c2ccccc2C1=O,LEISHMANIASIS,4.958607314841775,Trypanothione reductase,<rdkit.Chem.rdchem.Mol object at 0x0000021ACD988AC0>,[0 1 0 ... 0 0 0],O=C(CCCC1=CC(=O)c2ccccc2C1=O)NCCCNCCCNC(=O)CCCC1=CC(=O)c2ccccc2C1=O,611.7390000000004,4.720600000000004,3,7,138.51,16,False
CHEMBL151798,O=C(O)CCCCCC1=C(CCCCCC(=O)O)C(=O)c2ccccc2C1=O,LEISHMANIASIS,4.301029995663981,Trypanothione reductase,<rdkit.Chem.rdchem.Mol object at 0x0000021ACD988A50>,[0 1 0 ... 0 0 0],O=C1C=CC(=O)c2ccccc21,386.4440000000001,4.432400000000004,2,4,108.73999999999998,12,True
CHEMBL152394,CC1=C(NCCCN2CCN(CCCN)CC2)C(=O)c2ccccc2C1=O,LEISHMANIASIS,5.221848749616356,Trypanothione reductase,<rdkit.Chem.rdchem.Mol object at 0x0000021ACD9889E0>,[0 1 0 ... 0 0 0],O=C1C=C(NCCCN2CCNCC2)C(=O)c2ccccc21,370.49700000000007,1.2857000000000012,2,6,78.67,8,True
CHEMBL152308,CC1=C(NCCCNCCCCNCCCNC2=C(C)C(=O)c3ccccc3C2=O)C(=O)c2ccccc2C1=O,LEISHMANIASIS,5.187086643357144,Trypanothione reductase,<rdkit.Chem.rdchem.Mol object at 0x0000021ACD988970>,[0 1 0 ... 0 0 0],O=C1C=C(NCCCNCCCCNCCCNC2=CC(=O)c3ccccc3C2=O)C(=O)c2ccccc21,542.6800000000003,3.611600000000001,4,8,116.39999999999998,15,False
CHEMBL152395,CC1=C(NCCCCN)C(=O)c2ccccc2C1=O,LEISHMANIASIS,4.2441251443275085,Trypanothione reductase,<rdkit.Chem.rdchem.Mol object at 0x0000021ACD988900>,[0 1 0 ... 0 0 0],O=C1C=CC(=O)c2ccccc21,258.321,1.6681,2,4,72.19,5,True
CHEMBL152312,CC1=C(NCCCC/N=C2/C(=O)c3ccccc3C(O)=C2C)C(=O)c2ccccc2C1=O,LEISHMANIASIS,4.2441251443275085,Trypanothione reductase,<rdkit.Chem.rdchem.Mol object at 0x0000021ACD988890>,[0 1 0 ... 0 0 0],O=C1C(=NCCCCNC2=CC(=O)c3ccccc3C2=O)C=Cc2ccccc21,428.4880000000002,4.335900000000003,2,6,95.82999999999998,6,True
CHEMBL152313,CN(C)CCCN1CCN(CC2=C(N3CCN(CCCN(C)C)CC3)C(=O)c3ccccc3C2=O)CC1,LEISHMANIASIS,4.2441251443275085,Trypanothione reductase,<rdkit.Chem.rdchem.Mol object at 0x0000021ACD988820>,[0 1 0 ... 0 0 0],O=C1C(CN2CCNCC2)=C(N2CCNCC2)C(=O)c2ccccc21,510.72700000000043,1.4583000000000046,0,8,53.580000000000005,11,False
CHEMBL152150,CC1=C(NCCCNCCC/N=C2/C(=O)c3ccccc3C(O)=C2C)C(=O)c2ccccc2C1=O,LEISHMANIASIS,5.045757490560675,Trypanothione reductase,<rdkit.Chem.rdchem.Mol object at 0x0000021ACD9887B0>,[0 1 0 ... 0 0 0],O=C1C(=NCCCNCCCNC2=CC(=O)c3ccccc3C2=O)C=Cc2ccccc21,471.55700000000024,3.925500000000003,3,7,107.85999999999999,9,True
CHEMBL152558,CC1=C(O)c2ccccc2C(=O)/C1=N\CCCN1CCN(C)CC1,LEISHMANIASIS,4.2441251443275085,Trypanothione reductase,<rdkit.Chem.rdchem.Mol object at 0x0000021ACD988740>,[0 1 0 ... 0 0 0],O=C1C(=NCCCN2CCNCC2)C=Cc2ccccc21,327.4280000000001,2.250400000000001,1,5,56.14,4,True
CHEMBL152422,CC1=C(CCCCC(=O)NCCCCNCCCNC(=O)CCCCC2=C(C)C(=O)c3cccc(O)c3C2=O)C(=O)c2c(O)cccc2C1=O,LEISHMANIASIS,5.769551078621726,Trypanothione reductase,<rdkit.Chem.rdchem.Mol object at 0x0000021ACD9886D0>,[0 0 0 ... 0 0 0],O=C(CCCCC1=CC(=O)c2ccccc2C1=O)NCCCCNCCCNC(=O)CCCCC1=CC(=O)c2ccccc2C1=O,685.8180000000003,5.302100000000006,5,9,178.97,19,False
CHEMBL152263,CC1=C(CCC(=O)O)C(=O)c2c(O)cccc2C1=O,LEISHMANIASIS,4.301029995663981,Trypanothione reductase,<rdkit.Chem.rdchem.Mol object at 0x0000021ACD988660>,[0 0 0 ... 0 0 0],O=C1C=CC(=O)c2ccccc21,260.245,1.9525,2,4,91.66999999999999,3,True
CHEMBL152177,CC1=C(CCC(=O)NCCCCNCCCNC(=O)CCC2=C(C)C(=O)c3ccccc3C2=O)C(=O)c2ccccc2C1=O,LEISHMANIASIS,5.568636235841013,Trypanothione reductase,<rdkit.Chem.rdchem.Mol object at 0x0000021ACD9885F0>,[0 1 0 ... 0 0 0],O=C(CCC1=CC(=O)c2ccccc2C1=O)NCCCCNCCCNC(=O)CCC1=CC(=O)c2ccccc2C1=O,597.7120000000003,4.3305000000000025,3,7,138.51,15,False
CHEMBL152178,CN1CCN(CCCNC(=O)CCC2=C(CCC(=O)NCCCN3CCN(C)CC3)C(=O)c3c(O)cccc3C2=O)CC1,LEISHMANIASIS,4.301029995663981,Trypanothione reductase,<rdkit.Chem.rdchem.Mol object at 0x0000021ACD988580>,[0 0 0 ... 0 0 0],O=C(CCC1=C(CCC(=O)NCCCN2CCNCC2)C(=O)c2ccccc2C1=O)NCCCN1CCNCC1,596.7730000000003,1.1356000000000037,3,9,125.53,14,False
CHEMBL152191,O=C(O)CCCCC1=C(CCCCC(=O)O)C(=O)c2ccccc2C1=O,LEISHMANIASIS,4.301029995663981,Trypanothione reductase,<rdkit.Chem.rdchem.Mol object at 0x0000021ACD988510>,[0 1 0 ... 0 0 0],O=C1C=CC(=O)c2ccccc21,358.39000000000004,3.6522000000000023,2,4,108.73999999999998,10,True
CHEMBL152345,CC1=C(NCCCNCCCN)C(=O)c2c(O)cccc2C1=O,LEISHMANIASIS,4.2441251443275085,Trypanothione reductase,<rdkit.Chem.rdchem.Mol object at 0x0000021ACD9884A0>,[0 0 0 ... 0 0 0],O=C1C=CC(=O)c2ccccc21,317.38900000000007,0.9633000000000005,4,6,104.45000000000002,8,True
CHEMBL152353,CC1=C(CCC(=O)N2CCN(C)CC2)C(=O)c2c(O)cccc2C1=O,LEISHMANIASIS,4.301029995663981,Trypanothione reductase,<rdkit.Chem.rdchem.Mol object at 0x0000021ACD988430>,[0 0 0 ... 0 0 0],O=C1C=C(CCC(=O)N2CCNCC2)C(=O)c2ccccc21,342.39500000000004,1.6419,1,5,77.92000000000002,3,True
CHEMBL151228,CCN(CC)CCCCC(C)Nc1c2ccc(Cl)cc2nc2ccc(OC)cc12,LEISHMANIASIS,5.259637310505756,Trypanothione reductase,<rdkit.Chem.rdchem.Mol object at 0x0000021ACD9883C0>,[0 1 0 ... 0 0 0],c1ccc2nc3ccccc3cc2c1,413.99300000000017,6.362500000000006,1,4,37.39,10,False
CHEMBL151734,O=C1/C(=C/c2ccccc2)CC/C1=C\c1ccccc1,LEISHMANIASIS,4.0,Trypanothione reductase,<rdkit.Chem.rdchem.Mol object at 0x0000021ACD988350>,[0 0 0 ... 0 0 0],O=C1C(=Cc2ccccc2)CCC1=Cc1ccccc1,260.33599999999996,4.516500000000003,0,1,17.07,2,True
CHEMBL4437980,COc1c(N2CC[C@@H](CN)C2)c(F)cc2c(=O)c(C(N)=O)cn(Cc3ccc(-c4ccccc4)cc3)c12,LEISHMANIASIS,3.73471037413917,DNA topoisomerase,<rdkit.Chem.rdchem.Mol object at 0x0000021ACD9882E0>,[0 0 0 ... 0 0 0],O=c1ccn(Cc2ccc(-c3ccccc3)cc2)c2cc(N3CCCC3)ccc12,500.5740000000002,3.748400000000003,2,6,103.58000000000001,7,False
CHEMBL152532,CC1=C(CCCCCNC(=O)OC(C)(C)C)C(=O)c2c(O)cccc2C1=O,LEISHMANIASIS,4.6020599913279625,Trypanothione reductase,<rdkit.Chem.rdchem.Mol object at 0x0000021ACD988270>,[0 0 0 ... 0 0 0],O=C1C=CC(=O)c2ccccc21,373.4490000000001,4.172800000000003,2,5,92.69999999999999,6,True
CHEMBL152534,CC1=C(CCCC(=O)NCCCNCCCNC(=O)CCCC2=C(C)C(=O)c3cccc(O)c3C2=O)C(=O)c2c(O)cccc2C1=O,LEISHMANIASIS,5.698970004336019,Trypanothione reductase,<rdkit.Chem.rdchem.Mol object at 0x0000021ACD988200>,[0 0 0 ... 0 0 0],O=C(CCCC1=CC(=O)c2ccccc2C1=O)NCCCNCCCNC(=O)CCCC1=CC(=O)c2ccccc2C1=O,643.7370000000003,4.131800000000003,5,9,178.97,16,False
CHEMBL152627,CC1=C(NCCCNCCCCNCCCN)C(=O)c2c(O)cccc2C1=O,LEISHMANIASIS,4.552841968657781,Trypanothione reductase,<rdkit.Chem.rdchem.Mol object at 0x0000021ACD988190>,[0 0 0 ... 0 0 0],O=C1C=CC(=O)c2ccccc21,388.5120000000001,1.3331000000000006,5,7,116.48000000000002,13,True
CHEMBL152629,CC1=C(CCCCCC(=O)NCCCCNCCCNC(=O)CCCCCC2=C(C)C(=O)c3cccc(O)c3C2=O)C(=O)c2c(O)cccc2C1=O,LEISHMANIASIS,5.795880017344075,Trypanothione reductase,<rdkit.Chem.rdchem.Mol object at 0x0000021ACD988120>,[0 0 0 ... 0 0 0],O=C(CCCCCC1=CC(=O)c2ccccc2C1=O)NCCCCNCCCNC(=O)CCCCCC1=CC(=O)c2ccccc2C1=O,713.8720000000004,6.082300000000007,5,9,178.97,21,False
CHEMBL153789,CC1=C(N2CCN(CCCN(C)C)CC2)C(=O)c2ccccc2C1=O,LEISHMANIASIS,4.2441251443275085,Trypanothione reductase,<rdkit.Chem.rdchem.Mol object at 0x0000021ACD9880B0>,[0 1 0 ... 0 0 0],O=C1C=C(N2CCNCC2)C(=O)c2ccccc21,341.45500000000004,1.9088999999999994,0,5,43.86,5,True
CHEMBL153790,CCN(CC)CCCC(C)Nc1c2ccccc2nc2cc(Cl)ccc12,LEISHMANIASIS,5.0,Trypanothione reductase,<rdkit.Chem.rdchem.Mol object at 0x0000021ACD988040>,[0 1 0 ... 0 0 0],c1ccc2nc3ccccc3cc2c1,369.9400000000001,5.963800000000005,1,3,28.16,8,False
CHEMBL152810,CC1=C(CCCCC(=O)NCCCNCCCNC(=O)CCCCC2=C(C)C(=O)c3ccccc3C2=O)C(=O)c2ccccc2C1=O,LEISHMANIASIS,4.728158393463501,Trypanothione reductase,<rdkit.Chem.rdchem.Mol object at 0x0000021ACD987F40>,[0 1 0 ... 0 0 0],O=C(CCCCC1=CC(=O)c2ccccc2C1=O)NCCCNCCCNC(=O)CCCCC1=CC(=O)c2ccccc2C1=O,639.7930000000003,5.500800000000004,3,7,138.51,18,False
CHEMBL152673,CC1=C(CCCCCC(=O)NCCCN2CCN(CCCNC(=O)CCCCCC3=C(C)C(=O)c4cccc(O)c4C3=O)CC2)C(=O)c2c(O)cccc2C1=O,LEISHMANIASIS,5.795880017344075,Trypanothione reductase,<rdkit.Chem.rdchem.Mol object at 0x0000021ACD987ED0>,[0 0 0 ... 0 0 0],O=C(CCCCCC1=CC(=O)c2ccccc2C1=O)NCCCN1CCN(CCCNC(=O)CCCCCC2=CC(=O)c3ccccc3C2=O)CC1,768.9520000000003,5.720200000000006,4,10,173.42,20,False
CHEMBL153804,CC1=C(CCCC(=O)NCCCCNCCCNC(=O)CCCC2=C(C)C(=O)c3ccccc3C2=O)C(=O)c2ccccc2C1=O,LEISHMANIASIS,5.3979400086720375,Trypanothione reductase,<rdkit.Chem.rdchem.Mol object at 0x0000021ACD987E60>,[0 1 0 ... 0 0 0],O=C(CCCC1=CC(=O)c2ccccc2C1=O)NCCCCNCCCNC(=O)CCCC1=CC(=O)c2ccccc2C1=O,625.7660000000003,5.110700000000005,3,7,138.51,17,False
CHEMBL152822,O=C(O)CCCC1=C(CCCC(=O)O)C(=O)c2ccccc2C1=O,LEISHMANIASIS,4.301029995663981,Trypanothione reductase,<rdkit.Chem.rdchem.Mol object at 0x0000021ACD987DF0>,[0 1 0 ... 0 0 0],O=C1C=CC(=O)c2ccccc21,330.33600000000007,2.8720000000000008,2,4,108.73999999999998,8,True
CHEMBL152753,CC1=C(CCCCNC(=O)OC(C)(C)C)C(=O)c2c(O)cccc2C1=O,LEISHMANIASIS,4.6020599913279625,Trypanothione reductase,<rdkit.Chem.rdchem.Mol object at 0x0000021ACD987D80>,[0 0 0 ... 0 0 0],O=C1C=CC(=O)c2ccccc21,359.4220000000001,3.782700000000003,2,5,92.69999999999999,5,True
CHEMBL152768,CC1=C(NCCCN2CCN(CCCNC3=C(C)C(=O)c4ccccc4C3=O)CC2)C(=O)c2ccccc2C1=O,LEISHMANIASIS,5.0,Trypanothione reductase,<rdkit.Chem.rdchem.Mol object at 0x0000021ACD987D10>,[0 1 0 ... 0 0 0],O=C1C=C(NCCCN2CCN(CCCNC3=CC(=O)c4ccccc4C3=O)CC2)C(=O)c2ccccc21,540.6640000000003,3.269800000000002,2,8,98.82,10,False
CHEMBL152700,CC1=C(CCCC(=O)O)C(=O)c2c(O)cccc2C1=O,LEISHMANIASIS,4.301029995663981,Trypanothione reductase,<rdkit.Chem.rdchem.Mol object at 0x0000021ACD987CA0>,[0 0 0 ... 0 0 0],O=C1C=CC(=O)c2ccccc21,274.27200000000005,2.3426,2,4,91.66999999999999,4,True
CHEMBL152712,CC1=C(CCCC(=O)NCCCN2CCN(C)CC2)C(=O)c2c(O)cccc2C1=O,LEISHMANIASIS,4.494850021680094,Trypanothione reductase,<rdkit.Chem.rdchem.Mol object at 0x0000021ACD987C30>,[0 0 0 ... 0 0 0],O=C(CCCC1=CC(=O)c2ccccc2C1=O)NCCCN1CCNCC1,413.51800000000014,2.0116999999999994,2,6,89.95000000000002,8,True
CHEMBL152955,CN1CCN(CCCNC(=O)CCCC2=C(CCCC(=O)NCCCN3CCN(C)CC3)C(=O)c3c(O)cccc3C2=O)CC1,LEISHMANIASIS,4.958607314841775,Trypanothione reductase,<rdkit.Chem.rdchem.Mol object at 0x0000021ACD987BC0>,[0 0 0 ... 0 0 0],O=C(CCCC1=C(CCCC(=O)NCCCN2CCNCC2)C(=O)c2ccccc2C1=O)NCCCN1CCNCC1,624.8270000000003,1.9158000000000037,3,9,125.53,16,False
CHEMBL152868,CC1=C(CCC(=O)O)C(=O)c2ccccc2C1=O,LEISHMANIASIS,4.301029995663981,Trypanothione reductase,<rdkit.Chem.rdchem.Mol object at 0x0000021ACD987B50>,[0 1 0 ... 0 0 0],O=C1C=CC(=O)c2ccccc21,244.24599999999998,2.2469,1,3,71.44,3,True
CHEMBL152787,CN1CCN(CCCNC(=O)CCCCCC2=C(CCCCCC(=O)NCCCN3CCN(C)CC3)C(=O)c3c(O)cccc3C2=O)CC1,LEISHMANIASIS,6.096910013008056,Trypanothione reductase,<rdkit.Chem.rdchem.Mol object at 0x0000021ACD987AE0>,[0 0 0 ... 0 0 0],O=C(CCCCCC1=C(CCCCCC(=O)NCCCN2CCNCC2)C(=O)c2ccccc2C1=O)NCCCN1CCNCC1,680.9350000000004,3.476200000000004,3,9,125.53,20,False
CHEMBL152794,CC1=C(CCCCCNC(=O)OC(C)(C)C)C(=O)c2ccccc2C1=O,LEISHMANIASIS,4.301029995663981,Trypanothione reductase,<rdkit.Chem.rdchem.Mol object at 0x0000021ACD987A70>,[0 1 0 ... 0 0 0],O=C1C=CC(=O)c2ccccc21,357.4500000000001,4.467200000000004,1,4,72.47,6,True
CHEMBL153191,CC1=C(CCNC(=O)OC(C)(C)C)C(=O)c2ccccc2C1=O,LEISHMANIASIS,4.301029995663981,Trypanothione reductase,<rdkit.Chem.rdchem.Mol object at 0x0000021ACD987A00>,[0 1 0 ... 0 0 0],O=C1C=CC(=O)c2ccccc21,315.369,3.2969000000000017,1,4,72.47,3,True
CHEMBL153197,CC1=C(CCCNC(=O)OC(C)(C)C)C(=O)c2ccccc2C1=O,LEISHMANIASIS,4.301029995663981,Trypanothione reductase,<rdkit.Chem.rdchem.Mol object at 0x0000021ACD987990>,[0 1 0 ... 0 0 0],O=C1C=CC(=O)c2ccccc21,329.3960000000001,3.687000000000003,1,4,72.47,4,True
CHEMBL153039,CC1=C(NCCCNCCCN)C(=O)c2ccccc2C1=O,LEISHMANIASIS,4.920818753952375,Trypanothione reductase,<rdkit.Chem.rdchem.Mol object at 0x0000021ACD987920>,[0 1 0 ... 0 0 0],O=C1C=CC(=O)c2ccccc21,301.39000000000004,1.2577000000000005,3,5,84.22,8,True
CHEMBL152874,CC1=C(CCC(=O)NCCCN2CCN(C)CC2)C(=O)c2ccccc2C1=O,LEISHMANIASIS,4.42021640338319,Trypanothione reductase,<rdkit.Chem.rdchem.Mol object at 0x0000021ACD9878B0>,[0 1 0 ... 0 0 0],O=C(CCC1=CC(=O)c2ccccc2C1=O)NCCCN1CCNCC1,383.4920000000001,1.916,1,5,69.72,7,True
CHEMBL153287,CC1=C(CCCCNC(=O)OC(C)(C)C)C(=O)c2ccccc2C1=O,LEISHMANIASIS,4.6020599913279625,Trypanothione reductase,<rdkit.Chem.rdchem.Mol object at 0x0000021ACD987840>,[0 1 0 ... 0 0 0],O=C1C=CC(=O)c2ccccc21,343.42300000000006,4.077100000000003,1,4,72.47,5,True
CHEMBL153447,O=C(O)CCC1=C(CCC(=O)O)C(=O)c2ccccc2C1=O,LEISHMANIASIS,4.301029995663981,Trypanothione reductase,<rdkit.Chem.rdchem.Mol object at 0x0000021ACD9877D0>,[0 1 0 ... 0 0 0],O=C1C=CC(=O)c2ccccc21,302.2820000000001,2.0918,2,4,108.73999999999998,6,True
CHEMBL153450,CC1=C(O)c2cccc(O)c2C(=O)/C1=N\CCCN1CCN(C)CC1,LEISHMANIASIS,4.2441251443275085,Trypanothione reductase,<rdkit.Chem.rdchem.Mol object at 0x0000021ACD987760>,[0 0 0 ... 0 0 0],O=C1C(=NCCCN2CCNCC2)C=Cc2ccccc21,343.42700000000013,1.9560000000000004,2,6,76.36999999999999,4,True
CHEMBL153554,CC1=C(CCCCCC(=O)NCCCNCCCNC(=O)CCCCCC2=C(C)C(=O)c3ccccc3C2=O)C(=O)c2ccccc2C1=O,LEISHMANIASIS,5.6020599913279625,Trypanothione reductase,<rdkit.Chem.rdchem.Mol object at 0x0000021ACD9876F0>,[0 1 0 ... 0 0 0],O=C(CCCCCC1=CC(=O)c2ccccc2C1=O)NCCCNCCCNC(=O)CCCCCC1=CC(=O)c2ccccc2C1=O,667.8470000000003,6.281000000000006,3,7,138.51,20,False
CHEMBL153399,CN1CCN(C(=O)CCCCCC2=C(CCCCCC(=O)N3CCN(C)CC3)C(=O)c3c(O)cccc3C2=O)CC1,LEISHMANIASIS,5.537602002101044,Trypanothione reductase,<rdkit.Chem.rdchem.Mol object at 0x0000021ACD987680>,[0 0 0 ... 0 0 0],O=C1C(CCCCCC(=O)N2CCNCC2)=C(CCCCCC(=O)N2CCNCC2)C(=O)c2ccccc21,566.7430000000002,3.5168000000000017,1,7,101.47000000000003,12,False
CHEMBL153574,CC1=C(CCCC(=O)NCCCN2CCN(CCCNC(=O)CCCC3=C(C)C(=O)c4cccc(O)c4C3=O)CC2)C(=O)c2c(O)cccc2C1=O,LEISHMANIASIS,5.638272163982407,Trypanothione reductase,<rdkit.Chem.rdchem.Mol object at 0x0000021ACD987610>,[0 0 0 ... 0 0 0],O=C(CCCC1=CC(=O)c2ccccc2C1=O)NCCCN1CCN(CCCNC(=O)CCCC2=CC(=O)c3ccccc3C2=O)CC1,712.8440000000002,4.159800000000002,4,10,173.42,16,False
CHEMBL153583,CC1=C(CCC(=O)NCCCN2CCN(CCCNC(=O)CCC3=C(C)C(=O)c4cccc(O)c4C3=O)CC2)C(=O)c2c(O)cccc2C1=O,LEISHMANIASIS,5.585026652029182,Trypanothione reductase,<rdkit.Chem.rdchem.Mol object at 0x0000021ACD9875A0>,[0 0 0 ... 0 0 0],O=C(CCC1=CC(=O)c2ccccc2C1=O)NCCCN1CCN(CCCNC(=O)CCC2=CC(=O)c3ccccc3C2=O)CC1,684.7900000000002,3.379600000000001,4,10,173.42,14,False
CHEMBL153337,CC1=C(NCCCNCCCCNCCCN)C(=O)c2ccccc2C1=O,LEISHMANIASIS,4.552841968657781,Trypanothione reductase,<rdkit.Chem.rdchem.Mol object at 0x0000021ACD987530>,[0 1 0 ... 0 0 0],O=C1C=CC(=O)c2ccccc21,372.5130000000001,1.6275000000000015,4,6,96.25,13,True
CHEMBL155143,CC1=C(CCC(=O)NCCCNCCCNC(=O)CCC2=C(C)C(=O)c3ccccc3C2=O)C(=O)c2ccccc2C1=O,LEISHMANIASIS,5.301029995663981,Trypanothione reductase,<rdkit.Chem.rdchem.Mol object at 0x0000021ACD9874C0>,[0 1 0 ... 0 0 0],O=C(CCC1=CC(=O)c2ccccc2C1=O)NCCCNCCCNC(=O)CCC1=CC(=O)c2ccccc2C1=O,583.6850000000004,3.940400000000002,3,7,138.51,14,False
CHEMBL4438807,O=c1cc(CC(O)CCN2CCN(c3nccc4ccc(F)cc34)CC2)c2ccccc2o1,LEISHMANIASIS,5.685805534974844,DNA topoisomerase,<rdkit.Chem.rdchem.Mol object at 0x0000021ACD987450>,[0 1 0 ... 0 0 0],O=c1cc(CCCCN2CCN(c3nccc4ccccc34)CC2)c2ccccc2o1,447.5100000000002,3.596000000000002,1,6,69.81,6,True
CHEMBL155344,N[C@H]1CCN(c2c(F)cc3c(=O)c(C(=O)O)cn4c3c2Oc2c-4ccc3c2ccc2ccccc23)C1,LEISHMANIASIS,6.154901959985743,DNA topoisomerase,<rdkit.Chem.rdchem.Mol object at 0x0000021ACD9873E0>,[0 0 0 ... 0 0 0],O=c1ccn2c3c(c(N4CCCC4)ccc13)Oc1c-2ccc2c1ccc1ccccc12,481.4830000000003,4.7775000000000025,2,6,97.79,2,True
CHEMBL154224,CC1=C(CCNC(=O)OC(C)(C)C)C(=O)c2c(O)cccc2C1=O,LEISHMANIASIS,4.6020599913279625,Trypanothione reductase,<rdkit.Chem.rdchem.Mol object at 0x0000021ACD987370>,[0 0 0 ... 0 0 0],O=C1C=CC(=O)c2ccccc21,331.36800000000005,3.0025000000000013,2,5,92.69999999999999,3,True
CHEMBL155515,CC1=C(CCCCCC(=O)NCCCNCCCNC(=O)CCCCCC2=C(C)C(=O)c3cccc(O)c3C2=O)C(=O)c2c(O)cccc2C1=O,LEISHMANIASIS,5.698970004336019,Trypanothione reductase,<rdkit.Chem.rdchem.Mol object at 0x0000021ACD987300>,[0 0 0 ... 0 0 0],O=C(CCCCCC1=CC(=O)c2ccccc2C1=O)NCCCNCCCNC(=O)CCCCCC1=CC(=O)c2ccccc2C1=O,699.8450000000004,5.692200000000007,5,9,178.97,20,False
CHEMBL153356,CC1=C(CCCC(=O)N2CCN(C)CC2)C(=O)c2c(O)cccc2C1=O,LEISHMANIASIS,4.376750709602099,Trypanothione reductase,<rdkit.Chem.rdchem.Mol object at 0x0000021ACD987290>,[0 0 0 ... 0 0 0],O=C1C=C(CCCC(=O)N2CCNCC2)C(=O)c2ccccc21,356.422,2.032,1,5,77.92000000000002,4,True
CHEMBL155801,CCCCN(CCCC)CCCNC(=O)CCCCC1=C(C)C(=O)c2ccccc2C1=O,LEISHMANIASIS,5.958607314841775,Trypanothione reductase,<rdkit.Chem.rdchem.Mol object at 0x0000021ACD987220>,[0 1 0 ... 0 0 0],O=C1C=CC(=O)c2ccccc21,440.62800000000016,5.351000000000005,1,4,66.48,15,False
CHEMBL158113,Nc1nc(Cl)cc(NCc2ccccc2)n1,LEISHMANIASIS,4.769551078621726,DNA topoisomerase,<rdkit.Chem.rdchem.Mol object at 0x0000021ACD9871B0>,[0 0 0 ... 0 0 0],c1ccc(CNc2ccncn2)cc1,234.69,2.3243,2,4,63.83,3,True
CHEMBL4439135,O=C1c2ccccc2C(=O)c2c(O)c(C(O)c3ccc(OC(F)(F)F)cc3)cc(O)c21,LEISHMANIASIS,4.546227143358204,DNA topoisomerase,<rdkit.Chem.rdchem.Mol object at 0x0000021ACD987140>,[0 1 0 ... 0 0 0],O=C1c2ccccc2C(=O)c2cc(Cc3ccccc3)ccc21,430.33400000000006,3.853500000000001,3,6,104.06000000000002,3,True
CHEMBL4439637,COC1=CC(=O)N(C(=O)/C=C/[C@H](CCc2ccccc2)NC(=O)[C@H](CC(C)C)NC(=O)[C@H](CC(C)C)NC(=O)[C@H](C(C)C)N(C)C)[C@H]1Cc1c[nH]c2ccccc12.O=C(O)C(F)(F)F,LEISHMANIASIS,6.950781977329818,Cysteine protease,<rdkit.Chem.rdchem.Mol object at 0x0000021ACD9870D0>,[0 1 0 ... 0 0 0],O=C(C=CCCCc1ccccc1)N1C(=O)C=CC1Cc1c[nH]c2ccccc12,897.0490000000001,5.933200000000006,5,8,190.23999999999998,20,False
CHEMBL449782,COc1ccc2cc1Oc1ccc(cc1)C[C@H]1c3c(cc4c(c3Oc3cc5c(cc3OC)CCN(C)[C@@H]5C2)OCO4)CCN1C,LEISHMANIASIS,4.703268353045999,Trypanothione reductase,<rdkit.Chem.rdchem.Mol object at 0x0000021ACD987060>,[0 0 0 ... 0 0 0],c1cc2cc(c1)Oc1ccc(cc1)CC1NCCc3cc4c(c(c31)Oc1ccc3c(c1)C(C2)NCC3)OCO4,606.7190000000002,6.873900000000009,0,8,61.86000000000001,2,False
CHEMBL159006,CCCCN(CCCC)CCCNC(=O)CCCCC1=C(CCCCC(=O)NCCCN(CCCC)CCCC)C(=O)c2c(O)cccc2C1=O,LEISHMANIASIS,6.221848749616356,Trypanothione reductase,<rdkit.Chem.rdchem.Mol object at 0x0000021ACD986FF0>,[0 0 0 ... 0 0 0],O=C1C=CC(=O)c2ccccc21,711.0450000000002,8.00560000000001,3,7,119.05000000000001,30,False
CHEMBL159322,CC[C@@]1(O)C(=O)OCc2c1cc1n(c2=O)Cc2c-1nc1cc3c(cc1c2C[n+]1ccc(CO)cc1)OCCO3,LEISHMANIASIS,6.468521082957745,DNA topoisomerase,<rdkit.Chem.rdchem.Mol object at 0x0000021ACD986F80>,[0 0 0 ... 0 0 0],O=C1Cc2cc3n(c(=O)c2CO1)Cc1c-3nc2cc3c(cc2c1C[n+]1ccccc1)OCCO3,528.5410000000003,1.6788999999999996,2,9,123.99000000000001,4,False
CHEMBL160637,CCCCN(CCCC)CCCNC(=O)CCCCC1=C(C)C(=O)c2cccc(O)c2C1=O,LEISHMANIASIS,6.522878745280337,Trypanothione reductase,<rdkit.Chem.rdchem.Mol object at 0x0000021ACD986F10>,[0 0 0 ... 0 0 0],O=C1C=CC(=O)c2ccccc21,456.6270000000002,5.056600000000006,2,5,86.71000000000001,15,False
CHEMBL162192,Cc1ccc(Nc2nc(O)nc(O)c2C)cc1,LEISHMANIASIS,2.8013429130455774,DNA topoisomerase,<rdkit.Chem.rdchem.Mol object at 0x0000021ACD986EA0>,[0 0 0 ... 0 0 0],c1ccc(Nc2ccncn2)cc1,231.25500000000002,2.24824,3,5,78.27000000000001,2,True
CHEMBL4439502,COc1cc([C@@H]2c3cc4c(cc3[C@@H](O[C@@H]3O[C@@H]5CO[C@@H](c6cccs6)O[C@H]5[C@H](OC(=O)CSc5nc6cc(F)ccc6s5)[C@H]3NC(=O)CSc3nc5cc(F)ccc5s3)[C@H]3COC(=O)[C@H]23)OCO4)cc(OC)c1O,LEISHMANIASIS,3.9336740746379615,DNA topoisomerase,<rdkit.Chem.rdchem.Mol object at 0x0000021ACD986E30>,[0 0 0 ... 0 0 0],O=C(CSc1nc2ccccc2s1)NC1C(OC2c3cc4c(cc3C(c3ccccc3)C3C(=O)OCC23)OCO4)OC2COC(c3cccs3)OC2C1OC(=O)CSc1nc2ccccc2s1,1106.216,8.509900000000005,2,21,201.54999999999998,14,False
CHEMBL161515,Oc1nc(O)c(I)c(NCc2ccccc2)n1,LEISHMANIASIS,5.045757490560675,DNA topoisomerase,<rdkit.Chem.rdchem.Mol object at 0x0000021ACD986DC0>,[0 0 0 ... 0 0 0],c1ccc(CNc2ccncn2)cc1,343.124,2.1044999999999994,3,5,78.27000000000001,3,True
CHEMBL161517,Oc1nc(O)c(Br)c(NCc2ccccc2)n1,LEISHMANIASIS,5.045757490560675,DNA topoisomerase,<rdkit.Chem.rdchem.Mol object at 0x0000021ACD986D50>,[0 0 0 ... 0 0 0],c1ccc(CNc2ccncn2)cc1,296.12399999999997,2.2623999999999995,3,5,78.27000000000001,3,True
CHEMBL162904,CC[C@@]1(O)C(=O)OCc2c1cc1n(c2=O)Cc2c-1nc1cc3c(cc1c2C[n+]1ccccc1)OCO3,LEISHMANIASIS,6.6777807052660805,DNA topoisomerase,<rdkit.Chem.rdchem.Mol object at 0x0000021ACD986CE0>,[0 0 0 ... 0 0 0],O=C1Cc2cc3n(c(=O)c2CO1)Cc1c-3nc2cc3c(cc2c1C[n+]1ccccc1)OCO3,484.4880000000002,2.1441,1,8,103.76,3,True
CHEMBL163007,CC[C@@]1(O)C(=O)OCc2c1cc1n(c2=O)Cc2c-1nc1cc3c(cc1c2Cn1ccnc1)OCCO3,LEISHMANIASIS,6.698970004336019,DNA topoisomerase,<rdkit.Chem.rdchem.Mol object at 0x0000021ACD986C70>,[0 0 0 ... 0 0 0],O=C1Cc2cc3n(c(=O)c2CO1)Cc1c-3nc2cc3c(cc2c1Cn1ccnc1)OCCO3,486.48400000000026,2.0955999999999992,1,10,117.7,3,True
CHEMBL163162,CC[C@@]1(O)C(=O)OCc2c1cc1n(c2=O)Cc2c-1nc1cc3c(cc1c2C[n+]1ccccn1)OCCO3,LEISHMANIASIS,6.6020599913279625,DNA topoisomerase,<rdkit.Chem.rdchem.Mol object at 0x0000021ACD986C00>,[0 0 0 ... 0 0 0],O=C1Cc2cc3n(c(=O)c2CO1)Cc1c-3nc2cc3c(cc2c1C[n+]1ccccn1)OCCO3,499.50300000000027,1.5815999999999997,1,9,116.65,3,True
CHEMBL164269,CC[C@@](O)(C(=O)[O-])c1cc2n(c(=O)c1CO)Cc1cc3ccccc3nc1-2.[Na+],LEISHMANIASIS,4.920818753952375,DNA topoisomerase,<rdkit.Chem.rdchem.Mol object at 0x0000021ACD986B90>,[0 0 0 ... 0 0 0],O=c1cccc2n1Cc1cc3ccccc3nc1-2,388.355,-2.730999999999998,2,7,115.47999999999999,4,True
CHEMBL4440308,C[C@@H]1CN2c3c(cc4c(N5C(=O)SC[C@@H]5C)noc4c3F)CC3(C(=O)NC(=O)NC3=O)[C@H]2[C@H](C)O1,LEISHMANIASIS,3.6989700043360183,DNA topoisomerase,<rdkit.Chem.rdchem.Mol object at 0x0000021ACD986B20>,[0 0 0 ... 0 0 0],O=C1NC(=O)C2(Cc3cc4c(N5CCSC5=O)noc4cc3N3CCOCC32)C(=O)N1,503.5120000000002,1.9192999999999996,2,9,134.07999999999998,1,False
CHEMBL168505,CC[C@@]1(O)C(=O)OCc2c1cc1n(c2=O)Cc2cc3cc(/C=C/C(=O)OC)ccc3nc2-1,LEISHMANIASIS,4.0,DNA topoisomerase,<rdkit.Chem.rdchem.Mol object at 0x0000021ACD986AB0>,[0 0 0 ... 0 0 0],O=C1Cc2cc3n(c(=O)c2CO1)Cc1cc2ccccc2nc1-3,432.4320000000002,2.2658000000000005,1,8,107.72,3,True
CHEMBL4440907,O=C1c2ccccc2C(=O)c2c(O)c(C(c3ccsc3)N(CCCl)CCCl)cc(O)c21,LEISHMANIASIS,4.65465393341286,DNA topoisomerase,<rdkit.Chem.rdchem.Mol object at 0x0000021ACD986A40>,[0 1 0 ... 0 0 0],O=C1c2ccccc2C(=O)c2cc(Cc3ccsc3)ccc21,476.38100000000014,4.803700000000003,2,6,77.84,7,True
CHEMBL168975,CC[C@@]1(O)C(=O)OCc2c1cc1n(c2=O)Cc2cc3c(/C=C(\NC(C)=O)C(=O)OC)cccc3nc2-1,LEISHMANIASIS,4.496209316942819,DNA topoisomerase,<rdkit.Chem.rdchem.Mol object at 0x0000021ACD9869D0>,[0 0 0 ... 0 0 0],O=C1Cc2cc3n(c(=O)c2CO1)Cc1cc2ccccc2nc1-3,489.48400000000026,1.7295999999999998,2,9,136.82,4,True
CHEMBL168994,CC[C@]1(O)C(=O)OCc2c1cc1n(c2=O)C/C(=C2\C(=O)Nc3cc(OC(F)(F)F)ccc32)C1=O,LEISHMANIASIS,4.0,DNA topoisomerase,<rdkit.Chem.rdchem.Mol object at 0x0000021ACD986960>,[0 0 0 ... 0 0 0],O=C1Cc2cc3n(c(=O)c2CO1)CC(=C1C(=O)Nc2ccccc21)C3=O,476.3630000000001,2.0035,2,8,123.93,2,True
CHEMBL170409,CCC1(O)C(=O)OCc2c1cc1n(c2=O)C/C(=C2\C(=O)Nc3ccc(Cl)cc32)C1=O,LEISHMANIASIS,4.0,DNA topoisomerase,<rdkit.Chem.rdchem.Mol object at 0x0000021ACD9868F0>,[0 0 0 ... 0 0 0],O=C1Cc2cc3n(c(=O)c2CO1)CC(=C1C(=O)Nc2ccccc21)C3=O,426.8120000000001,1.7583,2,7,114.69999999999999,1,True
CHEMBL170447,Cl.Cl.OCCN1CCN=C1c1ccc(-c2ccc(-c3ccc(C4=NCCN4CCO)cc3)o2)cc1,LEISHMANIASIS,4.698970004336019,DNA topoisomerase,<rdkit.Chem.rdchem.Mol object at 0x0000021ACD986880>,[0 0 0 ... 0 0 0],c1cc(-c2ccc(-c3ccc(C4=NCCN4)cc3)o2)ccc1C1=NCCN1,517.4570000000003,3.566200000000002,2,7,84.8,8,False
CHEMBL170599,CCC1(O)C(=O)OCc2c1cc1n(c2=O)C/C(=C2\C(=O)Nc3ccccc32)C1=O,LEISHMANIASIS,5.236572006437063,DNA topoisomerase,<rdkit.Chem.rdchem.Mol object at 0x0000021ACD986810>,[0 0 0 ... 0 0 0],O=C1Cc2cc3n(c(=O)c2CO1)CC(=C1C(=O)Nc2ccccc21)C3=O,392.3670000000001,1.1049000000000002,2,7,114.69999999999999,1,True
CHEMBL170532,CC[C@]1(O)C(=O)OCc2c1cc1n(c2=O)Cc2c-1nc1ccccc1c2C(=O)O,LEISHMANIASIS,5.6777807052660805,DNA topoisomerase,<rdkit.Chem.rdchem.Mol object at 0x0000021ACD9867A0>,[0 0 0 ... 0 0 0],O=C1Cc2cc3n(c(=O)c2CO1)Cc1cc2ccccc2nc1-3,392.3670000000001,1.7778,2,7,118.72000000000001,2,True
CHEMBL170820,CCC1(O)C(=O)OCc2c1cc1n(c2=O)C/C(=C2\C(=O)Nc3ccc(F)cc32)C1=O,LEISHMANIASIS,5.920818753952375,DNA topoisomerase,<rdkit.Chem.rdchem.Mol object at 0x0000021ACD986730>,[0 0 0 ... 0 0 0],O=C1Cc2cc3n(c(=O)c2CO1)CC(=C1C(=O)Nc2ccccc21)C3=O,410.3570000000001,1.244,2,7,114.69999999999999,1,True
CHEMBL171364,CC[C@@]1(O)C(=O)OCc2c1cc1n(c2=O)C/C(=C2\C(=O)Nc3ccc(F)cc32)C1=O,LEISHMANIASIS,4.0,DNA topoisomerase,<rdkit.Chem.rdchem.Mol object at 0x0000021ACD9866C0>,[0 0 0 ... 0 0 0],O=C1Cc2cc3n(c(=O)c2CO1)CC(=C1C(=O)Nc2ccccc21)C3=O,410.3570000000001,1.244,2,7,114.69999999999999,1,True
CHEMBL171287,Cl.Cl.c1cc(-c2ccc(-c3ccc(C4=NC5CCCCC5N4)cc3)o2)ccc1C1=NC2CCCCC2N1,LEISHMANIASIS,5.522878745280337,DNA topoisomerase,<rdkit.Chem.rdchem.Mol object at 0x0000021ACD986650>,[0 0 0 ... 0 0 0],c1cc(-c2ccc(-c3ccc(C4=NC5CCCCC5N4)cc3)o2)ccc1C1=NC2CCCCC2N1,537.5350000000004,6.779200000000008,2,5,61.92,4,False
CHEMBL171194,CCC1(O)C(=O)OCc2c1cc1n(c2=O)C/C(=C2\C(=O)N(C)c3ccccc32)C1=O,LEISHMANIASIS,4.0,DNA topoisomerase,<rdkit.Chem.rdchem.Mol object at 0x0000021ACD9865E0>,[0 0 0 ... 0 0 0],O=C1Cc2cc3n(c(=O)c2CO1)CC(=C1C(=O)Nc2ccccc21)C3=O,406.3940000000001,1.1292,1,7,105.91,1,True
CHEMBL4441505,COc1ccc(C(O)c2cc(O)c3c(c2O)C(=O)c2ccccc2C3=O)cc1Br,LEISHMANIASIS,4.571883346674438,DNA topoisomerase,<rdkit.Chem.rdchem.Mol object at 0x0000021ACD986570>,[0 1 0 ... 0 0 0],O=C1c2ccccc2C(=O)c2cc(Cc3ccccc3)ccc21,455.2600000000001,3.7260000000000018,3,6,104.06,3,True
CHEMBL4441154,CCOC(=O)c1cnc2ccc(-c3ccc(OC)cc3)cc2c1NCCCn1ccnc1,LEISHMANIASIS,5.0,DNA topoisomerase,<rdkit.Chem.rdchem.Mol object at 0x0000021ACD986500>,[0 0 0 ... 0 0 0],c1ccc(-c2ccc3nccc(NCCCn4ccnc4)c3c2)cc1,430.5080000000002,4.785800000000003,1,7,78.27,9,True
CHEMBL172821,CC[C@]1(O)C(=O)OCc2c1cc1n(c2=O)C/C(=C2\C(=O)Nc3ccccc32)C1=O,LEISHMANIASIS,5.3979400086720375,DNA topoisomerase,<rdkit.Chem.rdchem.Mol object at 0x0000021ACD986490>,[0 0 0 ... 0 0 0],O=C1Cc2cc3n(c(=O)c2CO1)CC(=C1C(=O)Nc2ccccc21)C3=O,392.3670000000001,1.1049000000000002,2,7,114.69999999999999,1,True
CHEMBL4441397,O=c1cc(N[C@H]2C[C@@H](N3CCN(c4nccc5ccccc45)CC3)C2)c2ccccc2o1,LEISHMANIASIS,5.022878745280337,DNA topoisomerase,<rdkit.Chem.rdchem.Mol object at 0x0000021ACD986420>,[0 0 0 ... 0 0 0],O=c1cc(NC2CC(N3CCN(c4nccc5ccccc45)CC3)C2)c2ccccc2o1,426.52000000000027,4.106300000000004,1,6,61.61000000000001,4,True
CHEMBL171707,CCN1CCN=C1c1ccc(-c2ccc(-c3ccc(C4=NCCN4CC)cc3)o2)cc1.Cl.Cl,LEISHMANIASIS,4.6020599913279625,DNA topoisomerase,<rdkit.Chem.rdchem.Mol object at 0x0000021ACD9863B0>,[0 0 0 ... 0 0 0],c1cc(-c2ccc(-c3ccc(C4=NCCN4)cc3)o2)ccc1C1=NCCN1,485.45900000000023,5.621400000000007,0,5,44.34,6,False
CHEMBL170751,Cl.Cl.c1cc(-c2ccc(-c3ccc(C4=NCCCCN4)cc3)o2)ccc1C1=NCCCCN1,LEISHMANIASIS,5.823908740944319,DNA topoisomerase,<rdkit.Chem.rdchem.Mol object at 0x0000021ACD986340>,[0 0 0 ... 0 0 0],c1cc(-c2ccc(-c3ccc(C4=NCCCCN4)cc3)o2)ccc1C1=NCCCCN1,485.45900000000034,5.717200000000007,2,5,61.92,4,False
CHEMBL4441269,CC[C@@H](O)CNc1cc2c3c(cccc3c1)NC2=O,LEISHMANIASIS,4.092045174556612,Cysteine protease,<rdkit.Chem.rdchem.Mol object at 0x0000021ACD9862D0>,[0 1 0 ... 0 0 0],O=C1Nc2cccc3cccc1c23,256.305,2.5883000000000003,3,3,61.36,4,True
CHEMBL172268,CC[C@]1(O)C(=O)OCc2c1cc1n(c2=O)C/C(=C2\C(=O)Nc3cc(SC)ccc32)C1=O,LEISHMANIASIS,4.0,DNA topoisomerase,<rdkit.Chem.rdchem.Mol object at 0x0000021ACD986260>,[0 0 0 ... 0 0 0],O=C1Cc2cc3n(c(=O)c2CO1)CC(=C1C(=O)Nc2ccccc21)C3=O,438.4610000000001,1.8268,2,8,114.69999999999999,2,True
CHEMBL171240,CC[C@]1(O)C(=O)OCc2c1cc1n(c2=O)C/C(=C2\C(=O)Nc3cc(F)c(F)cc32)C1=O,LEISHMANIASIS,5.886056647693163,DNA topoisomerase,<rdkit.Chem.rdchem.Mol object at 0x0000021ACD9861F0>,[0 0 0 ... 0 0 0],O=C1Cc2cc3n(c(=O)c2CO1)CC(=C1C(=O)Nc2ccccc21)C3=O,428.3470000000001,1.3831,2,7,114.69999999999999,1,True
CHEMBL4441534,NC[C@@H]1CCN(c2cc3c(cc2F)c(=O)c(C(=O)O)cn3Cc2cc(-c3ccccc3)no2)C1,LEISHMANIASIS,4.2343314452409855,DNA topoisomerase,<rdkit.Chem.rdchem.Mol object at 0x0000021ACD986180>,[0 0 0 ... 0 0 0],O=c1ccn(Cc2cc(-c3ccccc3)no2)c2cc(N3CCCC3)ccc12,462.48100000000017,3.3271000000000024,2,7,114.59,6,True
CHEMBL173820,CCC1(O)C(=O)OCc2c1cc1n(c2=O)C/C(=C2\C(=O)Nc3c2ccc(F)c3C)C1=O,LEISHMANIASIS,4.0,DNA topoisomerase,<rdkit.Chem.rdchem.Mol object at 0x0000021ACD986110>,[0 0 0 ... 0 0 0],O=C1Cc2cc3n(c(=O)c2CO1)CC(=C1C(=O)Nc2ccccc21)C3=O,424.3840000000001,1.5524200000000004,2,7,114.69999999999999,1,True
CHEMBL172860,CCC1(O)C(=O)OCc2c1cc1n(c2=O)C/C(=C2\C(=O)Nc3c2cc(F)c(F)c3F)C1=O,LEISHMANIASIS,4.0,DNA topoisomerase,<rdkit.Chem.rdchem.Mol object at 0x0000021ACD9860A0>,[0 0 0 ... 0 0 0],O=C1Cc2cc3n(c(=O)c2CO1)CC(=C1C(=O)Nc2ccccc21)C3=O,446.3370000000001,1.5222000000000002,2,7,114.69999999999999,1,True
CHEMBL171761,CCC1(O)C(=O)OCc2c1cc1n(c2=O)C/C(=C2\C(=O)Nc3ccc(I)cc32)C1=O,LEISHMANIASIS,4.494850021680094,DNA topoisomerase,<rdkit.Chem.rdchem.Mol object at 0x0000021ACD986030>,[0 0 0 ... 0 0 0],O=C1Cc2cc3n(c(=O)c2CO1)CC(=C1C(=O)Nc2ccccc21)C3=O,518.263,1.7095,2,7,114.69999999999999,1,False
CHEMBL4441893,COc1cc(/C=C/CNC(=O)c2c(O)n(-c3ccccc3)c(=S)n(-c3ccccc3)c2=O)cc(OC)c1O,LEISHMANIASIS,4.552841968657781,DNA topoisomerase,<rdkit.Chem.rdchem.Mol object at 0x0000021ACD985FC0>,[0 0 0 ... 0 0 0],O=C(NCC=Cc1ccccc1)c1cn(-c2ccccc2)c(=S)n(-c2ccccc2)c1=O,531.5900000000003,4.229290000000003,3,9,114.95000000000002,8,False
CHEMBL4442287,COc1ccc(-c2ccc3ncc(-c4nnco4)c(NCCCn4ccnc4)c3c2)cc1OC,LEISHMANIASIS,5.0,DNA topoisomerase,<rdkit.Chem.rdchem.Mol object at 0x0000021ACD985F50>,[0 0 0 ... 0 0 0],c1ccc(-c2ccc3ncc(-c4nnco4)c(NCCCn4ccnc4)c3c2)cc1,456.5060000000002,4.667700000000003,1,9,100.12,9,True
CHEMBL174233,CCC1(O)C(=O)OCc2c1cc1n(c2=O)Cc2c-1nc1cc(F)c(F)cc1c2C(=O)O,LEISHMANIASIS,5.823908740944319,DNA topoisomerase,<rdkit.Chem.rdchem.Mol object at 0x0000021ACD985EE0>,[0 0 0 ... 0 0 0],O=C1Cc2cc3n(c(=O)c2CO1)Cc1cc2ccccc2nc1-3,428.3470000000001,2.056,2,7,118.72000000000001,2,True
CHEMBL173975,Cl.Cl.c1cc(-c2ccc(-c3ccc(C4=NCCCN4)cc3)o2)ccc1C1=NCCCN1,LEISHMANIASIS,6.301029995663981,DNA topoisomerase,<rdkit.Chem.rdchem.Mol object at 0x0000021ACD985E70>,[0 0 0 ... 0 0 0],c1cc(-c2ccc(-c3ccc(C4=NCCCN4)cc3)o2)ccc1C1=NCCCN1,457.40500000000026,4.937000000000006,2,5,61.92,4,True
CHEMBL174428,CCC1(O)C(=O)OCc2c1cc1n(c2=O)Cc2c-1nc1cccc(I)c1c2C(=O)O,LEISHMANIASIS,5.886056647693163,DNA topoisomerase,<rdkit.Chem.rdchem.Mol object at 0x0000021ACD985E00>,[0 0 0 ... 0 0 0],O=C1Cc2cc3n(c(=O)c2CO1)Cc1cc2ccccc2nc1-3,518.2630000000001,2.3824,2,7,118.72000000000001,2,False
CHEMBL4442674,COC1=CC(=O)N(C(=O)/C=C/[C@@H](NC(=O)[C@H](CC(C)C)NC(=O)[C@H](CC(C)C)NC(=O)[C@H](C(C)C)N(C)C)C2CCCCC2)[C@H]1Cc1c[nH]c2ccccc12.O=C(O)C(F)(F)F,LEISHMANIASIS,6.315154638355588,Cysteine protease,<rdkit.Chem.rdchem.Mol object at 0x0000021ACD985D90>,[0 1 1 ... 0 0 0],O=C(C=CCC1CCCCC1)N1C(=O)C=CC1Cc1c[nH]c2ccccc12,875.0429999999999,5.880700000000006,5,8,190.23999999999998,18,False
CHEMBL4442854,COC1=CC(=O)N(C(=O)/C=C/[C@H](C)NC(=O)[C@H](CC(C)C)NC(=O)[C@H](CCc2ccccc2)NC(=O)[C@H](C(C)C)N(C)C)[C@H]1Cc1c[nH]c2ccccc12.O=C(O)C(F)(F)F,LEISHMANIASIS,6.642065152999546,Cysteine protease,<rdkit.Chem.rdchem.Mol object at 0x0000021ACD985D20>,[0 1 0 ... 0 0 0],O=C(CCCc1ccccc1)NCC(=O)NCC=CC(=O)N1C(=O)C=CC1Cc1c[nH]c2ccccc12,854.9680000000002,4.907000000000006,5,8,190.23999999999998,18,False
CHEMBL179743,COc1cc2nc(N3CCN(C4=CC(=O)c5ccccc5C4=O)CC3)nc(N)c2cc1OC,LEISHMANIASIS,4.891258027893047,Trypanothione reductase,<rdkit.Chem.rdchem.Mol object at 0x0000021ACD985CB0>,[0 1 0 ... 0 0 0],O=C1C=C(N2CCN(c3ncc4ccccc4n3)CC2)C(=O)c2ccccc21,445.4790000000003,2.3143000000000002,1,9,110.88,4,True
CHEMBL181547,CC[C@@]1(O)C(=O)OCc2c1cc1n(c2=O)Cc2c-1nc1cc3c(cc1c2C1CCCC1)OCO3,LEISHMANIASIS,6.721246399047171,DNA topoisomerase,<rdkit.Chem.rdchem.Mol object at 0x0000021ACD985C40>,[0 0 0 ... 0 0 0],O=C1Cc2cc3n(c(=O)c2CO1)Cc1c-3nc2cc3c(cc2c1C1CCCC1)OCO3,460.48600000000033,3.4659000000000013,1,8,99.88000000000001,2,True
CHEMBL184094,CC[C@@]1(O)C(=O)OCc2c1cc1n(c2=O)Cc2c-1nc1cc3c(cc1c2-c1ccccc1)OCO3,LEISHMANIASIS,6.823908740944319,DNA topoisomerase,<rdkit.Chem.rdchem.Mol object at 0x0000021ACD985BD0>,[0 0 0 ... 0 0 0],O=C1Cc2cc3n(c(=O)c2CO1)Cc1c-3nc2cc3c(cc2c1-c1ccccc1)OCO3,468.4650000000002,3.4753000000000025,1,8,99.88000000000001,2,True
CHEMBL184100,CCCCc1c2c(nc3ccccc13)-c1cc3c(c(=O)n1C2)COC(=O)[C@]3(O)CC,LEISHMANIASIS,6.698970004336019,DNA topoisomerase,<rdkit.Chem.rdchem.Mol object at 0x0000021ACD985B60>,[0 0 0 ... 0 0 0],O=C1Cc2cc3n(c(=O)c2CO1)Cc1cc2ccccc2nc1-3,404.4660000000003,3.422200000000002,1,6,81.42,4,True
CHEMBL183350,CCc1c2c(nc3cc4c(cc13)OCO4)-c1cc3c(c(=O)n1C2)COC(=O)[C@]3(O)CC,LEISHMANIASIS,6.568636235841013,DNA topoisomerase,<rdkit.Chem.rdchem.Mol object at 0x0000021ACD985AF0>,[0 0 0 ... 0 0 0],O=C1Cc2cc3n(c(=O)c2CO1)Cc1cc2cc4c(cc2nc1-3)OCO4,420.4210000000002,2.370700000000001,1,8,99.88000000000001,2,True
CHEMBL185306,CC[C@@]1(O)C(=O)OCc2c1cc1n(c2=O)Cc2c-1nc1cc3c(cc1c2-c1ccc(Cl)cc1)OCO3,LEISHMANIASIS,5.935542010773082,DNA topoisomerase,<rdkit.Chem.rdchem.Mol object at 0x0000021ACD985A80>,[0 0 0 ... 0 0 0],O=C1Cc2cc3n(c(=O)c2CO1)Cc1c-3nc2cc3c(cc2c1-c1ccccc1)OCO3,502.9100000000002,4.128700000000003,1,8,99.88000000000001,2,False
CHEMBL185640,CC[C@H](/C=C/[C@@H](C)[C@H]1CCC2C3CC=C4C[C@@H](OCCO)CC[C@]4(C)C3CC[C@@]21C)C(C)C,LEISHMANIASIS,3.3010299956639813,DNA topoisomerase,<rdkit.Chem.rdchem.Mol object at 0x0000021ACD985A10>,[0 1 0 ... 0 0 0],C1=C2CCCCC2C2CCC3CCCC3C2C1,456.7550000000004,7.81740000000001,1,2,29.46,8,False
CHEMBL186373,CC[C@H](/C=C/[C@@H](C)[C@H]1CCC2C3CC=C4C[C@@H](O)CC[C@]4(C)C3CC[C@@]21C)C(C)C,LEISHMANIASIS,3.3010299956639813,DNA topoisomerase,<rdkit.Chem.rdchem.Mol object at 0x0000021ACD9859A0>,[0 1 0 ... 0 0 0],C1=C2CCCCC2C2CCC3CCCC3C2C1,412.7020000000003,7.8008000000000095,1,1,20.23,5,False
CHEMBL186541,CC[C@@]1(O)C(=O)OCc2c1cc1n(c2=O)Cc2c-1nc1ccccc1c2CC(C)C,LEISHMANIASIS,6.346787486224656,DNA topoisomerase,<rdkit.Chem.rdchem.Mol object at 0x0000021ACD985930>,[0 1 0 ... 0 0 0],O=C1Cc2cc3n(c(=O)c2CO1)Cc1cc2ccccc2nc1-3,404.4660000000001,3.278100000000002,1,6,81.42,3,True
CHEMBL188403,CC(C)CCC[C@@H](C)[C@H]1CCC2C3CC=C4C[C@@H](OCCO)CC[C@]4(C)C3CC[C@@]21C,LEISHMANIASIS,3.3010299956639813,DNA topoisomerase,<rdkit.Chem.rdchem.Mol object at 0x0000021ACD9858C0>,[0 1 0 ... 0 0 0],C1=C2CCCCC2C2CCC3CCCC3C2C1,430.7170000000003,7.40530000000001,1,2,29.46,8,False
CHEMBL188121,CC[C@@]1(O)C(=O)OCc2c1cc1n(c2=O)Cc2c-1nc1ccccc1c2Cc1ccccc1,LEISHMANIASIS,5.341035157335565,DNA topoisomerase,<rdkit.Chem.rdchem.Mol object at 0x0000021ACD985850>,[0 0 0 ... 0 0 0],O=C1Cc2cc3n(c(=O)c2CO1)Cc1c-3nc2ccccc2c1Cc1ccccc1,438.4830000000001,3.6704000000000025,1,6,81.42,3,True
CHEMBL189703,CC(C)CCC[C@@H](C)[C@H]1CCC2C3CC=C4C[C@@H](OCC(=O)O)CC[C@]4(C)C3CC[C@@]21C,LEISHMANIASIS,3.3010299956639813,DNA topoisomerase,<rdkit.Chem.rdchem.Mol object at 0x0000021ACD9857E0>,[0 1 0 ... 0 0 0],C1=C2CCCCC2C2CCC3CCCC3C2C1,444.70000000000033,7.497600000000009,1,2,46.53,8,False
CHEMBL188765,COc1cc(C(=N)NC2CCC(CC3CCC(/N=C(\N)c4ccc(OCc5ccccc5)c(OC)c4)CC3)CC2)ccc1OCc1ccccc1,LEISHMANIASIS,5.698970004336019,Trypanothione reductase,<rdkit.Chem.rdchem.Mol object at 0x0000021ACD985770>,[0 0 0 ... 0 0 0],N=C(NC1CCC(CC2CCC(N=Cc3ccc(OCc4ccccc4)cc3)CC2)CC1)c1ccc(OCc2ccccc2)cc1,688.913,8.689970000000004,3,6,111.18,14,False
CHEMBL189793,C[C@H](CC[C@@H](O)C(C)(C)O)[C@H]1CC[C@]2(C)C3CCC4C(C)(C)C(=O)C(C(=O)O)=C[C@]4(C)C3=CC[C@]12C,LEISHMANIASIS,4.623423042943488,DNA topoisomerase,<rdkit.Chem.rdchem.Mol object at 0x0000021ACD985700>,[0 1 0 ... 0 0 0],O=C1C=CC2C3=CCC4CCCC4C3CCC2C1,500.7200000000003,5.939600000000007,3,4,94.83,6,False
CHEMBL189088,CC[C@H](/C=C/[C@@H](C)[C@H]1CCC2C3CC=C4C[C@@H](OC(O)CO)CC[C@]4(C)C3CC[C@@]21C)C(C)C,LEISHMANIASIS,3.3010299956639813,DNA topoisomerase,<rdkit.Chem.rdchem.Mol object at 0x0000021ACD985690>,[0 1 0 ... 0 0 0],C1=C2CCCCC2C2CCC3CCCC3C2C1,472.75400000000036,7.13580000000001,2,3,49.69,8,False
CHEMBL189096,COc1cc(C(=N)NCCCCCCCCN=C(N)c2ccc(OCc3ccccc3)c(OC)c2)ccc1OCc1ccccc1,LEISHMANIASIS,5.301029995663981,Trypanothione reductase,<rdkit.Chem.rdchem.Mol object at 0x0000021ACD985620>,[0 0 0 ... 0 0 0],N=C(NCCCCCCCCN=Cc1ccc(OCc2ccccc2)cc1)c1ccc(OCc2ccccc2)cc1,622.8100000000002,7.522870000000008,3,6,111.18,19,False
CHEMBL189270,O=C1NC(=O)c2c1c1c3cc(F)ccc3[nH]c1c1c2c2cc(F)ccc2n1C1OC(CO)C(F)(F)C(O)C1O,LEISHMANIASIS,7.096910013008056,DNA topoisomerase,<rdkit.Chem.rdchem.Mol object at 0x0000021ACD9855B0>,[0 0 0 ... 0 0 0],O=C1NC(=O)c2c1c1c3ccccc3[nH]c1c1c2c2ccccc2n1C1CCCCO1,543.4290000000002,2.8376000000000023,5,7,136.81,2,False
CHEMBL189836,C[C@H](CC[C@@H](O)C(C)(C)O)[C@H]1CC[C@]2(C)C3CCC4C(C)(C)C(=O)C(C=O)=C[C@]4(C)C3=CC[C@]12C,LEISHMANIASIS,5.730487055782084,DNA topoisomerase,<rdkit.Chem.rdchem.Mol object at 0x0000021ACD985540>,[0 1 0 ... 0 0 0],O=C1C=CC2C3=CCC4CCCC4C3CCC2C1,484.7210000000003,6.053900000000007,2,4,74.6,6,False
CHEMBL190606,O=C1NC(=O)c2c1c1c3cc(F)c(F)cc3sc1c1c2c2cc(F)c(F)cc2n1C1OC(CO)C(F)(F)C(O)C1O,LEISHMANIASIS,6.301029995663981,DNA topoisomerase,<rdkit.Chem.rdchem.Mol object at 0x0000021ACD9854D0>,[0 0 0 ... 0 0 0],O=C1NC(=O)c2c1c1c3ccccc3sc1c1c2c2ccccc2n1C1CCCCO1,596.4610000000005,3.8492000000000037,4,8,121.02000000000001,2,False
CHEMBL190841,C[C@H](CC[C@@H](O)C(C)(C)O)[C@H]1CC[C@]2(C)C3CCC4C(C)(C)C(=O)C=C[C@]4(C)C3=CC[C@]12C,LEISHMANIASIS,3.8239956085277473,DNA topoisomerase,<rdkit.Chem.rdchem.Mol object at 0x0000021ACD985460>,[0 1 0 ... 0 0 0],O=C1C=CC2C3=CCC4CCCC4C3CCC2C1,456.71100000000024,6.484800000000008,2,3,57.53,5,False
CHEMBL191216,COC1=C[C@]2(C)C3=CC[C@]4(C)[C@@H]([C@H](C)CC[C@@H](O)C(C)(C)O)CC[C@]4(C)C3CCC2C(C)(C)C1=O,LEISHMANIASIS,4.6439741428068775,DNA topoisomerase,<rdkit.Chem.rdchem.Mol object at 0x0000021ACD9853F0>,[0 1 0 ... 0 0 0],O=C1C=CC2C3=CCC4CCCC4C3CCC2C1,486.7370000000004,6.458900000000008,2,4,66.75999999999999,6,False
CHEMBL191001,C[C@H](CC[C@@H](O)C(C)(C)O)[C@H]1CC[C@]2(C)C3CCC4C(C)(C)C(=O)C(C#N)=C[C@]4(C)C3=CC[C@]12C,LEISHMANIASIS,4.079720105367052,DNA topoisomerase,<rdkit.Chem.rdchem.Mol object at 0x0000021ACD985380>,[0 1 0 ... 0 0 0],O=C1C=CC2C3=CCC4CCCC4C3CCC2C1,481.7210000000003,6.3785800000000075,2,4,81.32,5,False
CHEMBL189963,CC(=O)c1c(C)c2cnc(Nc3ccc(N4CCNCC4)cn3)nc2n(C2CCCC2)c1=O,LEISHMANIASIS,4.522878745280337,DNA topoisomerase,<rdkit.Chem.rdchem.Mol object at 0x0000021ACD985310>,[0 0 0 ... 0 1 0],O=c1ccc2cnc(Nc3ccc(N4CCNCC4)cn3)nc2n1C1CCCC1,447.54300000000035,2.965820000000001,2,9,105.03999999999999,5,True
CHEMBL192605,O=C1NC(=O)c2c1c1c3cc(F)c(F)cc3sc1c1c2c2cc(F)c(F)cc2n1C1OC(CF)C(O)C(O)C1O,LEISHMANIASIS,5.823908740944319,DNA topoisomerase,<rdkit.Chem.rdchem.Mol object at 0x0000021ACD9852A0>,[0 0 0 ... 0 0 0],O=C1NC(=O)c2c1c1c3ccccc3sc1c1c2c2ccccc2n1C1CCCCO1,578.4710000000003,3.5520000000000036,4,8,121.02000000000001,2,False
CHEMBL193251,C[C@H](CC[C@@H](O)C(C)(C)O)[C@H]1CC[C@]2(C)C3CCC4C(C)(C)C(=O)C(Br)=C[C@]4(C)C3=CC[C@]12C,LEISHMANIASIS,4.738261452647462,DNA topoisomerase,<rdkit.Chem.rdchem.Mol object at 0x0000021ACD985230>,[0 1 0 ... 0 0 0],O=C1C=CC2C3=CCC4CCCC4C3CCC2C1,535.6070000000002,7.207400000000009,2,3,57.53,5,False
CHEMBL192855,O=C1NC(=O)c2c1c1c3cc(F)ccc3sc1c1c2c2cc(F)ccc2n1C1OC(CF)C(O)C(O)C1O,LEISHMANIASIS,6.376750709602099,DNA topoisomerase,<rdkit.Chem.rdchem.Mol object at 0x0000021ACD9851C0>,[0 0 0 ... 0 0 0],O=C1NC(=O)c2c1c1c3ccccc3sc1c1c2c2ccccc2n1C1CCCCO1,542.4910000000003,3.2738000000000027,4,8,121.02000000000001,2,False
CHEMBL193002,C[C@H](CC[C@@H](O)C(C)(C)O)[C@H]1CC[C@]2(C)C3CCC4C(C)(C)C(=O)C(Cl)=C[C@]4(C)C3=CC[C@]12C,LEISHMANIASIS,3.971428747307463,DNA topoisomerase,<rdkit.Chem.rdchem.Mol object at 0x0000021ACD985150>,[0 1 0 ... 0 0 0],O=C1C=CC2C3=CCC4CCCC4C3CCC2C1,491.15600000000023,7.051300000000008,2,3,57.53,5,False
CHEMBL195416,O=C1Oc2cc(O)ccc2/C1=C\c1ccc(O)cc1,LEISHMANIASIS,3.397940008672037,DNA topoisomerase,<rdkit.Chem.rdchem.Mol object at 0x0000021ACD9850E0>,[0 0 0 ... 0 0 0],O=C1Oc2ccccc2C1=Cc1ccccc1,254.24099999999999,2.5574000000000003,2,4,66.76,1,True
CHEMBL195195,O=C1Oc2ccc(O)cc2/C1=C\c1ccc(O)c(O)c1,LEISHMANIASIS,4.420818753952375,DNA topoisomerase,<rdkit.Chem.rdchem.Mol object at 0x0000021ACD985070>,[0 0 0 ... 0 0 0],O=C1Oc2ccccc2C1=Cc1ccccc1,270.23999999999995,2.263000000000001,3,5,86.99000000000001,1,True
CHEMBL194829,O=C1Oc2ccccc2/C1=C\c1cccc(O)c1,LEISHMANIASIS,3.489819358676146,DNA topoisomerase,<rdkit.Chem.rdchem.Mol object at 0x0000021ACD985000>,[0 0 0 ... 0 0 0],O=C1Oc2ccccc2C1=Cc1ccccc1,238.242,2.851800000000001,1,3,46.53,1,True
CHEMBL195143,O=C1Oc2ccccc2/C1=C\c1ccc(O)c(O)c1,LEISHMANIASIS,3.680655556654938,DNA topoisomerase,<rdkit.Chem.rdchem.Mol object at 0x0000021ACD984F90>,[0 0 0 ... 0 0 0],O=C1Oc2ccccc2C1=Cc1ccccc1,254.24099999999999,2.5574000000000012,2,4,66.76,1,True
CHEMBL4444541,COc1ccc(C(=O)Nc2ccc(-c3nnn(CC(=O)Nc4cc(C)on4)n3)cc2)cc1,LEISHMANIASIS,5.175874166083451,Cysteine protease,<rdkit.Chem.rdchem.Mol object at 0x0000021ACD984F20>,[0 0 0 ... 0 0 0],O=C(Cn1nnc(-c2ccc(NC(=O)c3ccccc3)cc2)n1)Nc1ccon1,433.4280000000001,2.5361200000000004,2,9,137.06,7,True
CHEMBL4445613,O=c1cc(NCCCN2CCN(c3nccc4ccc(F)cc34)CC2)c2ccccc2o1,LEISHMANIASIS,5.348834535657801,DNA topoisomerase,<rdkit.Chem.rdchem.Mol object at 0x0000021ACD984EB0>,[0 0 0 ... 0 0 0],O=c1cc(NCCCN2CCN(c3nccc4ccccc34)CC2)c2ccccc2o1,432.49900000000025,4.104500000000003,1,6,61.61000000000001,6,True
CHEMBL197131,O=C(Cc1ccccc1)Nc1cc(Cl)ccc1Sc1ccccc1,LEISHMANIASIS,4.521608537111551,Trypanothione reductase,<rdkit.Chem.rdchem.Mol object at 0x0000021ACD984E40>,[0 0 0 ... 0 0 0],O=C(Cc1ccccc1)Nc1ccccc1Sc1ccccc1,353.874,5.672400000000003,1,2,29.1,5,False
CHEMBL197216,O=C1Oc2ccccc2/C1=C\c1cc(O)c(O)c(O)c1,LEISHMANIASIS,4.799299729609228,DNA topoisomerase,<rdkit.Chem.rdchem.Mol object at 0x0000021ACD984DD0>,[0 0 0 ... 0 0 0],O=C1Oc2ccccc2C1=Cc1ccccc1,270.23999999999995,2.263000000000001,3,5,86.99000000000001,1,True
CHEMBL197230,C[N+](C)(CCCN1c2ccccc2Sc2ccc(Cl)cc21)c1ccc(Cl)c(Cl)c1,LEISHMANIASIS,6.550637409205253,Trypanothione reductase,<rdkit.Chem.rdchem.Mol object at 0x0000021ACD984D60>,[0 0 0 ... 0 0 0],c1ccc([NH2+]CCCN2c3ccccc3Sc3ccccc32)cc1,464.86900000000026,7.906700000000005,0,2,3.24,5,False
CHEMBL4445341,CC(C)c1ccc(CSc2nc(SCc3ccc(Cl)cc3)[nH]c(=O)n2)cc1,LEISHMANIASIS,5.036212172654444,DNA topoisomerase,<rdkit.Chem.rdchem.Mol object at 0x0000021ACD984CF0>,[0 1 0 ... 0 0 0],O=c1nc(SCc2ccccc2)nc(SCc2ccccc2)[nH]1,417.9870000000001,5.526300000000005,1,5,58.64,7,False
CHEMBL4445556,NC[C@H](Oc1noc2ccc(-c3ccccc3Cl)cc12)c1ccccc1,LEISHMANIASIS,3.677780705266081,DNA topoisomerase,<rdkit.Chem.rdchem.Mol object at 0x0000021ACD984C80>,[0 1 0 ... 0 0 0],c1ccc(COc2noc3ccc(-c4ccccc4)cc23)cc1,364.8320000000001,5.227000000000004,1,4,61.28,5,False
CHEMBL198590,O=C(Nc1cc(Cl)ccc1Sc1ccccc1)c1ccccc1,LEISHMANIASIS,4.457676119572636,Trypanothione reductase,<rdkit.Chem.rdchem.Mol object at 0x0000021ACD984C10>,[0 0 0 ... 0 0 0],O=C(Nc1ccccc1Sc1ccccc1)c1ccccc1,339.84700000000004,5.7435000000000045,1,2,29.1,4,False
CHEMBL199067,C[N+](C)(CCCNc1cc(Cl)ccc1Sc1ccccc1)c1ccccc1,LEISHMANIASIS,4.847711655616943,Trypanothione reductase,<rdkit.Chem.rdchem.Mol object at 0x0000021ACD984BA0>,[0 0 0 ... 0 0 0],c1ccc([NH2+]CCCNc2ccccc2Sc2ccccc2)cc1,397.99500000000006,6.560300000000005,1,2,12.03,8,False
CHEMBL199020,CC(C)(C)c1ccc([N+](C)(C)CCCN)cc1,LEISHMANIASIS,6.522878745280337,Trypanothione reductase,<rdkit.Chem.rdchem.Mol object at 0x0000021ACD984B30>,[0 0 0 ... 0 0 0],c1ccccc1,235.39499999999995,2.899800000000001,1,1,26.02,4,True
CHEMBL4445376,O=c1nc(SCc2ccc(CO)cc2)nc(SCc2ccc(Cl)cc2)[nH]1,LEISHMANIASIS,3.809948582240794,DNA topoisomerase,<rdkit.Chem.rdchem.Mol object at 0x0000021ACD984AC0>,[0 0 0 ... 0 0 0],O=c1nc(SCc2ccccc2)nc(SCc2ccccc2)[nH]1,405.93200000000013,3.8952000000000027,2,6,78.87,7,True
CHEMBL4445277,COc1ccc(-c2ccc3ncc(-c4nnc(C)o4)c(NCCN4CCOCC4)c3c2)cc1OC,LEISHMANIASIS,5.0,DNA topoisomerase,<rdkit.Chem.rdchem.Mol object at 0x0000021ACD984A50>,[0 0 0 ... 0 0 0],c1ccc(-c2ccc3ncc(-c4nnco4)c(NCCN4CCOCC4)c3c2)cc1,475.5490000000004,4.021520000000003,1,9,94.77000000000001,8,True
CHEMBL200962,CCc1c2s[nH]c(=O)c2c(=O)n2ccc(-c3cc(C)nc(C)c3)cc12,LEISHMANIASIS,5.200659450546418,DNA topoisomerase,<rdkit.Chem.rdchem.Mol object at 0x0000021ACD9849E0>,[0 0 0 ... 0 0 0],O=c1[nH]sc2cc3cc(-c4ccncc4)ccn3c(=O)c12,351.4310000000001,3.443740000000002,1,5,67.23,2,True
CHEMBL201439,CCc1c2s[nH]c(=O)c2c(=O)n2ccc(N3CCNCC3)cc12,LEISHMANIASIS,4.431798275933005,DNA topoisomerase,<rdkit.Chem.rdchem.Mol object at 0x0000021ACD984970>,[0 0 0 ... 0 0 0],O=c1[nH]sc2cc3cc(N4CCNCC4)ccn3c(=O)c12,330.4130000000001,1.1744999999999999,2,6,69.61,2,True
CHEMBL201289,O=C(O)C1Nc2ccc(Br)cc2C2C=CCC12,LEISHMANIASIS,5.404503778174425,Cysteine protease,<rdkit.Chem.rdchem.Mol object at 0x0000021ACD984900>,[0 0 0 ... 0 0 0],C1=CC2c3ccccc3NCC2C1,294.148,2.9875000000000016,2,2,49.33,1,True
CHEMBL201369,CCc1c2s[nH]c(=O)c2c(=O)n2ccc(-c3ccncc3)cc12,LEISHMANIASIS,5.091514981121351,DNA topoisomerase,<rdkit.Chem.rdchem.Mol object at 0x0000021ACD984890>,[0 0 0 ... 0 0 0],O=c1[nH]sc2cc3cc(-c4ccncc4)ccn3c(=O)c12,323.377,2.826900000000001,1,5,67.23,2,True
CHEMBL199517,CCc1c2s[nH]c(=O)c2c(=O)n2ccc(N3CCC(N(C)C)C3)cc12,LEISHMANIASIS,4.102372908709558,DNA topoisomerase,<rdkit.Chem.rdchem.Mol object at 0x0000021ACD984820>,[0 0 0 ... 0 0 0],O=c1[nH]sc2cc3cc(N4CCCC4)ccn3c(=O)c12,358.46700000000016,1.9051999999999998,1,6,60.82000000000001,3,True
CHEMBL202813,Cc1cc(-c2cc3c(cc2F)c(=O)c2c(=O)[nH]sc2n3C2CC2)ccn1,LEISHMANIASIS,4.585026652029182,DNA topoisomerase,<rdkit.Chem.rdchem.Mol object at 0x0000021ACD9847B0>,[0 0 0 ... 0 1 0],O=c1[nH]sc2c1c(=O)c1ccc(-c3ccncc3)cc1n2C1CC1,367.4050000000001,3.7489200000000027,1,5,67.75,2,True
CHEMBL202753,O=c1[nH]sc2c1c(=O)c1cc(F)c(-c3ccc4cnccc4c3)cc1n2C1CC1,LEISHMANIASIS,5.443697499232712,DNA topoisomerase,<rdkit.Chem.rdchem.Mol object at 0x0000021ACD984740>,[0 0 0 ... 0 1 0],O=c1[nH]sc2c1c(=O)c1ccc(-c3ccc4cnccc4c3)cc1n2C1CC1,403.43800000000016,4.593700000000002,1,5,67.75,2,True
CHEMBL203002,O=c1[nH]sc2c1c(=O)c1cc(F)c(-c3ccc(CO)cc3)cc1n2C1CC1,LEISHMANIASIS,4.3872161432802645,DNA topoisomerase,<rdkit.Chem.rdchem.Mol object at 0x0000021ACD9846D0>,[0 0 0 ... 0 1 0],O=c1[nH]sc2c1c(=O)c1ccc(-c3ccccc3)cc1n2C1CC1,382.41600000000017,3.5378000000000016,2,5,75.09,3,True
CHEMBL204344,CCCS(=O)(=O)c1cscc1NC(=O)CSCCS(=O)(=O)c1ccc(Cl)cc1,LEISHMANIASIS,4.301029995663981,Cysteine protease,<rdkit.Chem.rdchem.Mol object at 0x0000021ACD984660>,[0 0 0 ... 0 0 0],O=C(CSCCS(=O)(=O)c1ccccc1)Nc1ccsc1,482.07000000000016,3.730800000000003,1,7,97.38,10,True
CHEMBL204346,O=c1[nH]sc2c1c(=O)c1cc(F)c(-c3cnc4ccccc4c3)cc1n2C1CC1,LEISHMANIASIS,4.301029995663981,DNA topoisomerase,<rdkit.Chem.rdchem.Mol object at 0x0000021ACD9845F0>,[0 0 0 ... 0 1 0],O=c1[nH]sc2c1c(=O)c1ccc(-c3cnc4ccccc4c3)cc1n2C1CC1,403.43800000000016,4.593700000000002,1,5,67.75,2,True
CHEMBL204230,O=c1[nH]sc2c1c(=O)c1cc(F)c(-c3ccc(F)nc3)cc1n2C1CC1,LEISHMANIASIS,4.920818753952375,DNA topoisomerase,<rdkit.Chem.rdchem.Mol object at 0x0000021ACD984580>,[0 0 0 ... 0 1 0],O=c1[nH]sc2c1c(=O)c1ccc(-c3cccnc3)cc1n2C1CC1,371.3680000000001,3.579600000000001,1,5,67.75,2,True
CHEMBL204320,O=c1[nH]sc2c1c(=O)c1cc(F)c(-c3cccc4cccnc34)cc1n2C1CC1,LEISHMANIASIS,4.3979400086720375,DNA topoisomerase,<rdkit.Chem.rdchem.Mol object at 0x0000021ACD984510>,[0 0 0 ... 0 1 0],O=c1[nH]sc2c1c(=O)c1ccc(-c3cccc4cccnc34)cc1n2C1CC1,403.43800000000016,4.593700000000002,1,5,67.75,2,True
CHEMBL204491,O=C(CCSSCCC(=O)NCc1ccccc1)NCc1ccccc1,LEISHMANIASIS,4.72584215073632,Cysteine protease,<rdkit.Chem.rdchem.Mol object at 0x0000021ACD9844A0>,[0 0 0 ... 0 0 0],O=C(CCSSCCC(=O)NCc1ccccc1)NCc1ccccc1,388.55800000000005,3.780800000000003,2,4,58.2,11,True
CHEMBL202633,O=c1[nH]sc2c1c(=O)c1cc(F)c(-c3cnccn3)cc1n2C1CC1,LEISHMANIASIS,4.1938200260161125,DNA topoisomerase,<rdkit.Chem.rdchem.Mol object at 0x0000021ACD984430>,[0 0 0 ... 0 1 0],O=c1[nH]sc2c1c(=O)c1ccc(-c3cnccn3)cc1n2C1CC1,354.3660000000001,2.8355000000000006,1,6,80.64000000000001,2,True
CHEMBL202864,O=c1[nH]sc2c1c(=O)c1cc(F)c(N3CCNCC3)cc1n2C1CC1,LEISHMANIASIS,6.301029995663981,DNA topoisomerase,<rdkit.Chem.rdchem.Mol object at 0x0000021ACD9843C0>,[0 0 0 ... 0 1 0],O=c1[nH]sc2c1c(=O)c1ccc(N3CCNCC3)cc1n2C1CC1,360.41400000000016,1.7881,2,6,70.13,2,True
CHEMBL203801,Cc1cccc(NC(=O)Cn2c(O)c(/N=N/C(=O)C(=O)NCc3ccccc3)c3ccccc32)c1,LEISHMANIASIS,4.301029995663981,Cysteine protease,<rdkit.Chem.rdchem.Mol object at 0x0000021ACD984350>,[0 0 0 ... 0 0 0],O=C(Cn1cc(N=NC(=O)C(=O)NCc2ccccc2)c2ccccc21)Nc1ccccc1,469.5010000000002,4.220720000000003,3,6,125.15,6,True
CHEMBL203802,Cc1ccc(S(=O)(=O)N(C)C)cc1NS(=O)(=O)c1ccc(-c2ccon2)s1,LEISHMANIASIS,4.301029995663981,Cysteine protease,<rdkit.Chem.rdchem.Mol object at 0x0000021ACD9842E0>,[0 0 0 ... 0 0 0],O=S(=O)(Nc1ccccc1)c1ccc(-c2ccon2)s1,427.52900000000017,2.762620000000001,1,7,109.58000000000001,6,True
CHEMBL203856,Cn1c(O)c(/N=N/C(=O)CCCCC(=O)/N=N/c2c(O)n(C)c3ccccc23)c2ccccc21,LEISHMANIASIS,4.301029995663981,Cysteine protease,<rdkit.Chem.rdchem.Mol object at 0x0000021ACD984270>,[0 0 0 ... 0 0 0],O=C(CCCCC(=O)N=Nc1c[nH]c2ccccc12)N=Nc1c[nH]c2ccccc12,460.49400000000014,5.562400000000005,2,8,133.89999999999998,7,False
CHEMBL203979,COc1ncc(-c2cc3c(cc2F)c(=O)c2c(=O)[nH]sc2n3C2CC2)cn1,LEISHMANIASIS,5.481486060122113,DNA topoisomerase,<rdkit.Chem.rdchem.Mol object at 0x0000021ACD984200>,[0 0 0 ... 0 1 0],O=c1[nH]sc2c1c(=O)c1ccc(-c3cncnc3)cc1n2C1CC1,384.39200000000005,2.8441,1,7,89.86999999999999,3,True
CHEMBL204035,O=C(Cn1nnc(-c2ccccc2)n1)NN/C=N\OCc1c(F)cccc1Cl,LEISHMANIASIS,4.414539270491499,Cysteine protease,<rdkit.Chem.rdchem.Mol object at 0x0000021ACD984190>,[0 0 0 ... 0 0 0],O=C(Cn1nnc(-c2ccccc2)n1)NNC=NOCc1ccccc1,403.8050000000002,1.9134999999999998,2,7,106.32000000000001,8,True
CHEMBL204036,O=C(CS(=O)(=O)c1ccc(Cl)cc1)NCCS(=O)(=O)c1ccccc1,LEISHMANIASIS,4.603800652904264,Cysteine protease,<rdkit.Chem.rdchem.Mol object at 0x0000021ACD984120>,[0 0 0 ... 0 0 0],O=C(CS(=O)(=O)c1ccccc1)NCCS(=O)(=O)c1ccccc1,401.89300000000014,1.7038000000000006,1,5,97.38,7,True
CHEMBL204042,O=c1[nH]sc2c1c(=O)c1cc(F)c(-c3cncc4ccccc34)cc1n2C1CC1,LEISHMANIASIS,4.42021640338319,DNA topoisomerase,<rdkit.Chem.rdchem.Mol object at 0x0000021ACD9840B0>,[0 0 0 ... 0 1 0],O=c1[nH]sc2c1c(=O)c1ccc(-c3cncc4ccccc34)cc1n2C1CC1,403.43800000000016,4.593700000000002,1,5,67.75,2,True
CHEMBL204544,Cn1ccc2cc(-c3cc4c(cc3F)c(=O)c3c(=O)[nH]sc3n4C3CC3)ccc21,LEISHMANIASIS,5.443697499232712,DNA topoisomerase,<rdkit.Chem.rdchem.Mol object at 0x0000021ACD984040>,[0 0 0 ... 0 1 0],O=c1[nH]sc2c1c(=O)c1ccc(-c3ccc4[nH]ccc4c3)cc1n2C1CC1,405.45400000000006,4.537200000000003,1,5,59.79,2,True
CHEMBL204749,Cc1ccc(-c2cc3c(cc2F)c(=O)c2c(=O)[nH]sc2n3C2CC2)c(C)n1,LEISHMANIASIS,5.096910013008056,DNA topoisomerase,<rdkit.Chem.rdchem.Mol object at 0x0000021ACD983F40>,[0 0 0 ... 0 1 0],O=c1[nH]sc2c1c(=O)c1ccc(-c3cccnc3)cc1n2C1CC1,381.43200000000013,4.057340000000003,1,5,67.75,2,True
CHEMBL204899,O=c1[nH]sc2c1c(=O)c1cc(F)c(-c3ccc(-n4cccc4)nc3)cc1n2C1CC1,LEISHMANIASIS,4.7447274948966935,DNA topoisomerase,<rdkit.Chem.rdchem.Mol object at 0x0000021ACD983ED0>,[0 0 0 ... 0 1 0],O=c1[nH]sc2c1c(=O)c1ccc(-c3ccc(-n4cccc4)nc3)cc1n2C1CC1,418.45300000000015,4.231200000000002,1,6,72.68,3,True
CHEMBL203491,O=c1[nH]sc2c1c(=O)c1cc(F)c(-c3cncc(C4CCCN4)c3)cc1n2C1CC1,LEISHMANIASIS,5.958607314841775,DNA topoisomerase,<rdkit.Chem.rdchem.Mol object at 0x0000021ACD983E60>,[0 0 0 ... 0 1 0],O=c1[nH]sc2c1c(=O)c1ccc(-c3cncc(C4CCCN4)c3)cc1n2C1CC1,422.48500000000024,3.865000000000002,2,6,79.78,3,True
CHEMBL204911,O=c1[nH]sc2c1c(=O)c1cc(F)c(-c3ccnc(CO)c3)cc1n2C1CC1,LEISHMANIASIS,5.318758762624412,DNA topoisomerase,<rdkit.Chem.rdchem.Mol object at 0x0000021ACD983DF0>,[0 0 0 ... 0 1 0],O=c1[nH]sc2c1c(=O)c1ccc(-c3ccncc3)cc1n2C1CC1,383.40400000000017,2.932800000000001,2,6,87.97999999999999,3,True
CHEMBL204762,O=c1[nH]sc2c1c(=O)c1cc(F)c(-c3cc4ccccc4[nH]3)cc1n2C1CC1,LEISHMANIASIS,5.481486060122113,DNA topoisomerase,<rdkit.Chem.rdchem.Mol object at 0x0000021ACD983D80>,[0 0 0 ... 0 1 0],O=c1[nH]sc2c1c(=O)c1ccc(-c3cc4ccccc4[nH]3)cc1n2C1CC1,391.42700000000013,4.5268000000000015,2,4,70.65,2,True
CHEMBL204850,O=C(CSc1nnc(O)n1Cc1ccco1)c1ccc2c(c1)OCCO2,LEISHMANIASIS,4.301029995663981,Cysteine protease,<rdkit.Chem.rdchem.Mol object at 0x0000021ACD983D10>,[0 0 0 ... 0 0 0],O=C(CSc1nncn1Cc1ccco1)c1ccc2c(c1)OCCO2,373.3900000000002,2.371200000000001,1,9,99.61,6,True
CHEMBL203666,NCCCNc1ccc2c3c(nn2CCNCCO)-c2c(O)ccc(O)c2C(=O)c13,LEISHMANIASIS,5.337242168318426,DNA topoisomerase,<rdkit.Chem.rdchem.Mol object at 0x0000021ACD983CA0>,[0 0 0 ... 0 0 0],O=C1c2ccccc2-c2n[nH]c3cccc1c23,411.4620000000001,1.0014999999999996,6,9,145.66,9,False
CHEMBL203557,O=c1[nH]sc2c1c(=O)c1cc(F)c(-c3cccnc3)cc1n2C1CC1,LEISHMANIASIS,6.301029995663981,DNA topoisomerase,<rdkit.Chem.rdchem.Mol object at 0x0000021ACD983C30>,[0 0 0 ... 0 1 0],O=c1[nH]sc2c1c(=O)c1ccc(-c3cccnc3)cc1n2C1CC1,353.3780000000001,3.440500000000001,1,5,67.75,2,True
CHEMBL205011,O=c1[nH]sc2c1c(=O)c1cc(F)c(-c3cccc(CO)c3)cc1n2C1CC1,LEISHMANIASIS,5.086186147616283,DNA topoisomerase,<rdkit.Chem.rdchem.Mol object at 0x0000021ACD983BC0>,[0 0 0 ... 0 1 0],O=c1[nH]sc2c1c(=O)c1ccc(-c3ccccc3)cc1n2C1CC1,382.41600000000017,3.5378000000000016,2,5,75.09,3,True
CHEMBL203649,O=S(=O)(c1ccc(-c2ccc(S(=O)(=O)N3CCOCC3)s2)s1)N1CCOCC1,LEISHMANIASIS,4.423658649794207,Cysteine protease,<rdkit.Chem.rdchem.Mol object at 0x0000021ACD983B50>,[0 0 0 ... 0 0 0],O=S(=O)(c1ccc(-c2ccc(S(=O)(=O)N3CCOCC3)s2)s1)N1CCOCC1,464.61200000000036,1.5184000000000002,0,8,93.22,5,True
CHEMBL203851,O=c1[nH]sc2c1c(=O)c1cc(F)c(-c3ccc[nH]3)cc1n2C1CC1,LEISHMANIASIS,5.00436480540245,DNA topoisomerase,<rdkit.Chem.rdchem.Mol object at 0x0000021ACD983AE0>,[0 0 0 ... 0 1 0],O=c1[nH]sc2c1c(=O)c1ccc(-c3ccc[nH]3)cc1n2C1CC1,341.3670000000001,3.3736000000000015,2,4,70.65,2,True
CHEMBL203823,CCCc1cc(O)nc(SCC(=O)NCCSCc2ccco2)n1,LEISHMANIASIS,4.301029995663981,Cysteine protease,<rdkit.Chem.rdchem.Mol object at 0x0000021ACD983A70>,[0 0 0 ... 0 0 0],O=C(CSc1ncccn1)NCCSCc1ccco1,367.49600000000004,2.8694000000000015,2,7,88.25000000000001,10,True
CHEMBL203935,COc1ccncc1-c1cc2c(cc1F)c(=O)c1c(=O)[nH]sc1n2C1CC1,LEISHMANIASIS,5.0,DNA topoisomerase,<rdkit.Chem.rdchem.Mol object at 0x0000021ACD983A00>,[0 0 0 ... 0 1 0],O=c1[nH]sc2c1c(=O)c1ccc(-c3cccnc3)cc1n2C1CC1,383.4040000000001,3.4491000000000023,1,6,76.97999999999999,3,True
CHEMBL205729,Nc1cc(-c2cc3c(cc2F)c(=O)c2c(=O)[nH]sc2n3C2CC2)ccc1F,LEISHMANIASIS,5.0,DNA topoisomerase,<rdkit.Chem.rdchem.Mol object at 0x0000021ACD983990>,[0 0 0 ... 0 1 0],O=c1[nH]sc2c1c(=O)c1ccc(-c3ccccc3)cc1n2C1CC1,385.3950000000001,3.766800000000001,2,5,80.88,2,True
CHEMBL204200,O=C(N[C@@H](COCc1ccccc1)C(=O)ON1C(=O)CCC1=O)OCc1ccccc1,LEISHMANIASIS,4.628932137728263,Cysteine protease,<rdkit.Chem.rdchem.Mol object at 0x0000021ACD983920>,[0 1 0 ... 0 0 0],O=C(NC(COCc1ccccc1)C(=O)ON1C(=O)CCC1=O)OCc1ccccc1,426.4250000000003,2.1053999999999995,1,7,111.24,9,True
CHEMBL204271,O=c1[nH]sc2c1c(=O)c1cc(F)c(-c3cccc(O)c3)cc1n2C1CC1,LEISHMANIASIS,5.795880017344075,DNA topoisomerase,<rdkit.Chem.rdchem.Mol object at 0x0000021ACD9838B0>,[0 0 0 ... 0 1 0],O=c1[nH]sc2c1c(=O)c1ccc(-c3ccccc3)cc1n2C1CC1,368.3890000000001,3.751100000000001,2,5,75.09,2,True
CHEMBL204452,N=C(CS(=O)(=O)Cc1ccc(F)cc1)NOC(=O)c1cccs1,LEISHMANIASIS,4.301029995663981,Cysteine protease,<rdkit.Chem.rdchem.Mol object at 0x0000021ACD983840>,[0 0 0 ... 0 0 0],N=C(CS(=O)(=O)Cc1ccccc1)NOC(=O)c1cccs1,356.4000000000001,2.1408700000000005,2,6,96.32,5,True
CHEMBL206834,Cc1ccc(NC(=O)c2ccc(CN3CC[C@H](N(C)C)C3)c(C(F)(F)F)c2)cc1Nc1nccc(-c2cncnc2)n1,LEISHMANIASIS,4.522878745280337,DNA topoisomerase,<rdkit.Chem.rdchem.Mol object at 0x0000021ACD9837D0>,[0 0 0 ... 0 0 0],O=C(Nc1cccc(Nc2nccc(-c3cncnc3)n2)c1)c1ccc(CN2CCCC2)cc1,576.6270000000001,5.392620000000004,2,8,99.17000000000002,8,False
CHEMBL206916,N=C(NCCCNCCCCCCCNCCCNC(=N)NC1CCCCCC1)NC1CCCCCC1,LEISHMANIASIS,4.752517739322946,Trypanothione reductase,<rdkit.Chem.rdchem.Mol object at 0x0000021ACD983760>,[0 0 1 ... 0 0 0],N=C(NCCCNCCCCCCCNCCCNC(=N)NC1CCCCCC1)NC1CCCCCC1,520.8550000000004,4.569840000000004,8,4,119.88,18,False
CHEMBL207396,N=C(NCCCNCCCNCCCNC(=N)NC(=N)NCCC(c1ccccc1)c1ccccc1)NC(=N)NCCC(c1ccccc1)c1ccccc1,LEISHMANIASIS,5.434152181326482,Trypanothione reductase,<rdkit.Chem.rdchem.Mol object at 0x0000021ACD9836F0>,[0 1 0 ... 0 0 0],N=C(NCCCNCCCNCCCNC(=N)NC(=N)NCCC(c1ccccc1)c1ccccc1)NC(=N)NCCC(c1ccccc1)c1ccccc1,745.037,5.056980000000008,12,6,191.64,22,False
CHEMBL207163,N=C(NCCCNCCCNCCCNC(=N)NCC(c1ccccc1)c1ccccc1)NCC(c1ccccc1)c1ccccc1,LEISHMANIASIS,5.443697499232712,Trypanothione reductase,<rdkit.Chem.rdchem.Mol object at 0x0000021ACD983680>,[0 1 0 ... 0 0 0],N=C(NCCCNCCCNCCCNC(=N)NCC(c1ccccc1)c1ccccc1)NCC(c1ccccc1)c1ccccc1,632.9010000000003,5.228040000000008,8,4,119.88,20,False
CHEMBL204973,Cc1csc(Cn2nc(CC(=O)N/N=C/c3ccccc3)c3ccccc3c2=O)n1,LEISHMANIASIS,4.301029995663981,Cysteine protease,<rdkit.Chem.rdchem.Mol object at 0x0000021ACD983610>,[0 0 0 ... 0 0 0],O=C(Cc1nn(Cc2nccs2)c(=O)c2ccccc12)NN=Cc1ccccc1,417.49400000000014,2.9025200000000018,1,7,89.24,6,True
CHEMBL205056,COC(=O)c1ccsc1NC(=O)CN1CCN(S(=O)(=O)c2ccc(Cl)cc2)CC1,LEISHMANIASIS,4.308034897232639,Cysteine protease,<rdkit.Chem.rdchem.Mol object at 0x0000021ACD9835A0>,[0 0 0 ... 0 0 0],O=C(CN1CCN(S(=O)(=O)c2ccccc2)CC1)Nc1cccs1,457.9610000000001,2.1330999999999998,1,7,96.02000000000001,6,True
CHEMBL206156,COc1cncc(-c2cc3c(cc2F)c(=O)c2c(=O)[nH]sc2n3C2CC2)c1,LEISHMANIASIS,4.6777807052660805,DNA topoisomerase,<rdkit.Chem.rdchem.Mol object at 0x0000021ACD983530>,[0 0 0 ... 0 1 0],O=c1[nH]sc2c1c(=O)c1ccc(-c3cccnc3)cc1n2C1CC1,383.40400000000005,3.4491000000000014,1,6,76.97999999999999,3,True
CHEMBL206622,Cc1ccc(-c2cc3c(cc2F)c(=O)c2c(=O)[nH]sc2n3C2CC2)cn1,LEISHMANIASIS,5.070581074285707,DNA topoisomerase,<rdkit.Chem.rdchem.Mol object at 0x0000021ACD9834C0>,[0 0 0 ... 0 1 0],O=c1[nH]sc2c1c(=O)c1ccc(-c3cccnc3)cc1n2C1CC1,367.4050000000001,3.7489200000000027,1,5,67.75,2,True
CHEMBL206553,COc1ccc(-c2cc3c(cc2F)c(=O)c2c(=O)[nH]sc2n3C2CC2)c(OC)n1,LEISHMANIASIS,4.795880017344075,DNA topoisomerase,<rdkit.Chem.rdchem.Mol object at 0x0000021ACD983450>,[0 0 0 ... 0 1 0],O=c1[nH]sc2c1c(=O)c1ccc(-c3cccnc3)cc1n2C1CC1,413.4300000000001,3.4577000000000018,1,7,86.21000000000001,4,True
CHEMBL4447387,C[C@@H]1CN2c3c(cc4c(N5C[C@H](C)SC5=O)noc4c3F)CC3(C(=O)NC(=O)NC3=O)[C@H]2[C@H](C)O1,LEISHMANIASIS,3.6989700043360183,DNA topoisomerase,<rdkit.Chem.rdchem.Mol object at 0x0000021ACD9833E0>,[0 0 0 ... 0 0 1],O=C1NC(=O)C2(Cc3cc4c(N5CCSC5=O)noc4cc3N3CCOCC32)C(=O)N1,503.5120000000002,1.9192999999999996,2,9,134.07999999999998,1,False
CHEMBL4446949,O=P(c1ccccc1)(c1ccccc1)c1cccc2c(-c3ccc(F)cc3)cc(-c3ccc(F)c(F)c3)nc12,LEISHMANIASIS,4.157078879240018,DNA topoisomerase,<rdkit.Chem.rdchem.Mol object at 0x0000021ACD983370>,[0 0 0 ... 0 0 0],O=P(c1ccccc1)(c1ccccc1)c1cccc2c(-c3ccccc3)cc(-c3ccccc3)nc12,535.5050000000001,7.625500000000006,0,2,29.96,5,False
CHEMBL208290,N=C(NCCCNCCCCCCCNCCCNC(=N)NCC(c1ccccc1)c1ccccc1)NCC(c1ccccc1)c1ccccc1,LEISHMANIASIS,5.3260580013659125,Trypanothione reductase,<rdkit.Chem.rdchem.Mol object at 0x0000021ACD983300>,[0 1 0 ... 0 0 0],N=C(NCCCNCCCCCCCNCCCNC(=N)NCC(c1ccccc1)c1ccccc1)NCC(c1ccccc1)c1ccccc1,689.009,6.788440000000008,8,4,119.88,24,False
CHEMBL210576,NCCCCN(CCCN)Cc1ccccc1,LEISHMANIASIS,4.0,Trypanothione reductase,<rdkit.Chem.rdchem.Mol object at 0x0000021ACD983290>,[0 0 0 ... 0 0 0],c1ccccc1,235.375,1.5763000000000007,2,3,55.28,9,True
CHEMBL209834,N=C(NCCCNCCCNCCCNC(=N)NC(=N)NCC(c1ccccc1)c1ccccc1)NC(=N)NCC(c1ccccc1)c1ccccc1,LEISHMANIASIS,5.380906669373258,Trypanothione reductase,<rdkit.Chem.rdchem.Mol object at 0x0000021ACD983220>,[0 1 0 ... 0 0 0],N=C(NCCCNCCCNCCCNC(=N)NC(=N)NCC(c1ccccc1)c1ccccc1)NC(=N)NCC(c1ccccc1)c1ccccc1,716.9830000000001,4.276780000000008,12,6,191.64,20,False
CHEMBL210370,N=C(NCCCNCCCCNCCCNC(=N)NCC(c1ccccc1)c1ccccc1)NCC(c1ccccc1)c1ccccc1,LEISHMANIASIS,5.341035157335565,Trypanothione reductase,<rdkit.Chem.rdchem.Mol object at 0x0000021ACD9831B0>,[0 1 0 ... 0 0 0],N=C(NCCCNCCCCNCCCNC(=N)NCC(c1ccccc1)c1ccccc1)NCC(c1ccccc1)c1ccccc1,646.9280000000002,5.6181400000000075,8,4,119.88,21,False
CHEMBL210371,N=C(NCCCNCCCCNCCCNC(=N)NC(=N)NCC(c1ccccc1)c1ccccc1)NC(=N)NCC(c1ccccc1)c1ccccc1,LEISHMANIASIS,5.562249437179612,Trypanothione reductase,<rdkit.Chem.rdchem.Mol object at 0x0000021ACD983140>,[0 1 0 ... 0 0 0],N=C(NCCCNCCCCNCCCNC(=N)NC(=N)NCC(c1ccccc1)c1ccccc1)NC(=N)NCC(c1ccccc1)c1ccccc1,731.01,4.666880000000008,12,6,191.64,21,False
CHEMBL211029,O=C(Cc1ccccc1)NCCCNCCCCNCCCNC(=O)Cc1ccccc1,LEISHMANIASIS,4.0,Trypanothione reductase,<rdkit.Chem.rdchem.Mol object at 0x0000021ACD9830D0>,[0 0 0 ... 0 0 0],O=C(Cc1ccccc1)NCCCNCCCCNCCCNC(=O)Cc1ccccc1,438.6160000000001,2.4438000000000013,4,4,82.25999999999999,17,True
CHEMBL210734,CC(C)(C)OC(=O)N(CCCN)CCCCN,LEISHMANIASIS,2.6989700043360187,Trypanothione reductase,<rdkit.Chem.rdchem.Mol object at 0x0000021ACD983060>,[0 0 0 ... 0 0 0],,245.3669999999999,1.3112000000000006,2,4,81.58,7,True
CHEMBL4448631,CC(C)c1ccc(CSc2nc(SCc3cccc(Cl)c3)[nH]c(=O)n2)cc1,LEISHMANIASIS,4.43533393574791,DNA topoisomerase,<rdkit.Chem.rdchem.Mol object at 0x0000021ACD982FF0>,[0 1 0 ... 0 0 0],O=c1nc(SCc2ccccc2)nc(SCc2ccccc2)[nH]1,417.9870000000001,5.526300000000005,1,5,58.64,7,False
CHEMBL4525169,O=C(CF)CNC(=O)[C@H](Cc1ccccc1)NC(=O)c1cccc2cccnc12,LEISHMANIASIS,5.049259941345005,Cysteine protease,<rdkit.Chem.rdchem.Mol object at 0x0000021ACD982F80>,[0 1 0 ... 0 0 0],O=C(NCCc1ccccc1)c1cccc2cccnc12,393.4180000000001,2.2306999999999997,2,4,88.16000000000001,8,True
CHEMBL4448353,CN(C)CCCNc1ccc(NCCCN(C)C)c2c1C(=O)c1ccc(C(=O)Nc3ccc(S(C)(=O)=O)cc3)cc1C2=O,LEISHMANIASIS,5.36251027048749,DNA topoisomerase,<rdkit.Chem.rdchem.Mol object at 0x0000021ACD982F10>,[0 1 0 ... 0 0 0],O=C(Nc1ccccc1)c1ccc2c(c1)C(=O)c1ccccc1C2=O,605.7610000000002,3.8450000000000024,3,9,127.91999999999999,13,False
CHEMBL215152,CCN(CCO)CCCOc1ccc2c(Nc3cc(CC(=O)Nc4cccc(F)c4)[nH]n3)ncnc2c1,LEISHMANIASIS,4.522878745280337,DNA topoisomerase,<rdkit.Chem.rdchem.Mol object at 0x0000021ACD982EA0>,[0 0 0 ... 0 0 0],O=C(Cc1cc(Nc2ncnc3ccccc23)n[nH]1)Nc1ccccc1,507.57000000000016,3.499900000000001,4,8,128.29000000000002,13,False
CHEMBL413,CO[C@H]1C[C@@H]2CC[C@@H](C)[C@@](O)(O2)C(=O)C(=O)N2CCCC[C@H]2C(=O)O[C@H]([C@H](C)C[C@@H]2CC[C@@H](O)[C@H](OC)C2)CC(=O)[C@H](C)/C=C(\C)[C@@H](O)[C@@H](OC)C(=O)[C@H](C)C[C@H](C)/C=C/C=C/C=C/1C,LEISHMANIASIS,4.522878745280337,DNA topoisomerase,<rdkit.Chem.rdchem.Mol object at 0x0000021ACD982E30>,[0 1 0 ... 0 0 0],O=C1CCC=CCC(=O)CC(CCC2CCCCC2)OC(=O)C2CCCCN2C(=O)C(=O)C2CCCC(CCC=CC=CC=CCCC1)O2,914.187,6.180600000000006,3,13,195.42999999999995,6,False
CHEMBL3991929,CCS(=O)(=O)N1CCN(c2ccc(Nc3ncc(C(N)=O)c(NC4CC4)n3)cc2)CC1.Cl,LEISHMANIASIS,4.522878745280337,DNA topoisomerase,<rdkit.Chem.rdchem.Mol object at 0x0000021ACD982DC0>,[0 0 0 ... 0 0 0],c1cc(NC2CC2)nc(Nc2ccc(N3CCNCC3)cc2)n1,482.0100000000003,1.7869000000000006,3,8,133.55,8,True
CHEMBL151,O=c1cc(-c2ccc(O)c(O)c2)oc2cc(O)cc(O)c12,LEISHMANIASIS,5.740743030061056,DNA topoisomerase,<rdkit.Chem.rdchem.Mol object at 0x0000021ACD982D50>,[0 0 0 ... 0 0 0],O=c1cc(-c2ccccc2)oc2ccccc12,286.23900000000003,2.2824000000000004,4,6,111.13000000000001,1,True
CHEMBL43184,Nc1c2ccccc2nc2ccccc12,LEISHMANIASIS,4.42021640338319,Trypanothione reductase,<rdkit.Chem.rdchem.Mol object at 0x0000021ACD982CE0>,[0 0 0 ... 0 0 0],c1ccc2nc3ccccc3cc2c1,194.237,2.970200000000001,1,2,38.91,0,True
CHEMBL221991,O=C(NCc1ccc(/C=c2/sc3n(c2=O)CCN=3)o1)C(=O)Nc1ccccc1,LEISHMANIASIS,4.928117992693875,Cysteine protease,<rdkit.Chem.rdchem.Mol object at 0x0000021ACD982C70>,[0 0 0 ... 0 0 0],O=C(NCc1ccc(C=c2sc3n(c2=O)CCN=3)o1)C(=O)Nc1ccccc1,396.42800000000005,0.21969999999999984,2,7,105.69999999999999,4,True
CHEMBL222322,C/C(=N\NS(=O)(=O)c1ccc(C)cc1)c1c(O)c2ccccc2oc1=O,LEISHMANIASIS,4.856985199745905,Cysteine protease,<rdkit.Chem.rdchem.Mol object at 0x0000021ACD982C00>,[0 0 0 ... 0 0 0],O=c1oc2ccccc2cc1C=NNS(=O)(=O)c1ccccc1,372.4020000000001,2.509520000000001,2,6,108.97,4,True
CHEMBL222325,Oc1cccc(/C=N\c2cccc3c(/N=C/c4cccc(O)c4O)cccc23)c1O,LEISHMANIASIS,4.591939032256048,Cysteine protease,<rdkit.Chem.rdchem.Mol object at 0x0000021ACD982B90>,[0 0 0 ... 0 0 0],C(=Nc1cccc2c(N=Cc3ccccc3)cccc12)c1ccccc1,398.4180000000001,5.1634000000000055,4,6,105.64000000000001,4,False
CHEMBL222270,O=C(CNC(=O)[C@@H]1COc2ccccc2O1)N/N=C/c1cccs1,LEISHMANIASIS,4.301029995663981,Cysteine protease,<rdkit.Chem.rdchem.Mol object at 0x0000021ACD982B20>,[0 0 0 ... 0 0 0],O=C(CNC(=O)C1COc2ccccc2O1)NN=Cc1cccs1,345.38000000000005,1.1543999999999996,2,6,89.02000000000001,5,True
CHEMBL221471,OC[C@@H](O)/C=N/Nc1nc(Nc2ccccc2)nc(Nc2ccccc2)n1,LEISHMANIASIS,4.301029995663981,Cysteine protease,<rdkit.Chem.rdchem.Mol object at 0x0000021ACD982AB0>,[0 1 0 ... 0 0 0],c1ccc(Nc2ncnc(Nc3ccccc3)n2)cc1,365.3970000000001,2.1097,5,9,127.58,8,True
CHEMBL221833,Cc1cccc(NC(=O)CCC(=O)N/N=C/c2cc(Cl)ccc2O)c1,LEISHMANIASIS,5.267606240177032,Cysteine protease,<rdkit.Chem.rdchem.Mol object at 0x0000021ACD982A40>,[0 0 0 ... 0 0 0],O=C(CCC(=O)Nc1ccccc1)NN=Cc1ccccc1,359.8130000000001,3.223020000000001,3,4,90.79,6,True
CHEMBL222870,Oc1ccc(/C=N/c2ccc(/N=C/c3ccc(O)cc3O)c(Cl)c2)c(O)c1,LEISHMANIASIS,4.655012777666613,Cysteine protease,<rdkit.Chem.rdchem.Mol object at 0x0000021ACD9829D0>,[0 0 0 ... 0 0 0],C(=Nc1ccc(N=Cc2ccccc2)cc1)c1ccccc1,382.8030000000001,4.663600000000005,4,6,105.64000000000001,4,True
CHEMBL222871,O=C(N/N=C/c1ccc(/C=N/NC(=O)c2ccccc2O)cc1)c1ccccc1O,LEISHMANIASIS,4.555955204081924,Cysteine protease,<rdkit.Chem.rdchem.Mol object at 0x0000021ACD982960>,[0 0 0 ... 0 0 0],O=C(NN=Cc1ccc(C=NNC(=O)c2ccccc2)cc1)c1ccccc1,402.4100000000001,2.6256000000000017,4,6,123.38,6,True
CHEMBL224915,O=C(Cn1nnc(-c2ccccc2)n1)N/N=C1\C(=O)Nc2ccccc21,LEISHMANIASIS,4.094380113623355,Cysteine protease,<rdkit.Chem.rdchem.Mol object at 0x0000021ACD9828F0>,[0 0 0 ... 0 0 0],O=C(Cn1nnc(-c2ccccc2)n1)NN=C1C(=O)Nc2ccccc21,347.3380000000001,0.8126999999999993,2,7,114.16,4,True
CHEMBL222706,OC[C@H](O)/C=N/Nc1nc(Nc2ccccc2)nc(N2CCCCC2)n1,LEISHMANIASIS,4.301029995663981,Cysteine protease,<rdkit.Chem.rdchem.Mol object at 0x0000021ACD982880>,[0 1 1 ... 0 0 0],c1ccc(Nc2ncnc(N3CCCCC3)n2)cc1,357.4180000000003,1.3563999999999998,4,9,118.78999999999999,7,True
CHEMBL222707,CCCc1cc(O)nc(SCC(=O)Nc2ccccc2)n1,LEISHMANIASIS,4.301029995663981,Cysteine protease,<rdkit.Chem.rdchem.Mol object at 0x0000021ACD982810>,[0 0 0 ... 0 0 0],O=C(CSc1ncccn1)Nc1ccccc1,303.387,2.865500000000001,2,5,75.11000000000001,6,True
CHEMBL222708,O=C(CSc1ccc2ccccc2n1)N/N=C/c1ccc(O)cc1O,LEISHMANIASIS,4.301029995663981,Cysteine protease,<rdkit.Chem.rdchem.Mol object at 0x0000021ACD9827A0>,[0 0 0 ... 0 0 0],O=C(CSc1ccc2ccccc2n1)NN=Cc1ccccc1,353.40300000000013,2.888400000000001,3,6,94.81,5,True
CHEMBL222709,O=C(Nc1cccc(O)c1)c1cccc(S(=O)(=O)Nc2cccc(O)c2)c1,LEISHMANIASIS,4.301029995663981,Cysteine protease,<rdkit.Chem.rdchem.Mol object at 0x0000021ACD982730>,[0 0 0 ... 0 0 0],O=C(Nc1ccccc1)c1cccc(S(=O)(=O)Nc2ccccc2)c1,384.41300000000007,3.150900000000001,4,5,115.73,5,True
CHEMBL224976,C=CC(=O)/C=C/c1ccccc1Cl,LEISHMANIASIS,5.3979400086720375,Trypanothione reductase,<rdkit.Chem.rdchem.Mol object at 0x0000021ACD9826C0>,[0 0 0 ... 0 0 0],c1ccccc1,192.64499999999998,3.1083000000000016,0,1,17.07,3,True
CHEMBL4449682,CN[C@@H]1CCN(c2cc3c(cc2F)c(=O)c(C(=O)O)cn3Cc2ccc(-c3ccccc3)cc2)C1,LEISHMANIASIS,4.458420756053419,DNA topoisomerase,<rdkit.Chem.rdchem.Mol object at 0x0000021ACD982650>,[0 0 0 ... 0 0 0],O=c1ccn(Cc2ccc(-c3ccccc3)cc2)c2cc(N3CCCC3)ccc12,471.53200000000015,4.352200000000003,2,5,74.57,6,True
CHEMBL224916,O=C(Cc1nnc(NC(=O)c2ccccc2)s1)N/N=C\c1ccc(O)c(O)c1,LEISHMANIASIS,4.301029995663981,Cysteine protease,<rdkit.Chem.rdchem.Mol object at 0x0000021ACD9825E0>,[0 0 0 ... 0 0 0],O=C(Cc1nnc(NC(=O)c2ccccc2)s1)NN=Cc1ccccc1,397.4160000000001,1.8943999999999999,4,8,136.8,6,True
CHEMBL224858,CCCS(=O)(=O)N1CCN(S(=O)(=O)c2ccc3ccccc3c2)CC1,LEISHMANIASIS,4.528708288941061,Cysteine protease,<rdkit.Chem.rdchem.Mol object at 0x0000021ACD982570>,[0 0 0 ... 0 0 0],O=S(=O)(c1ccc2ccccc2c1)N1CCNCC1,382.5070000000001,1.8858999999999997,0,4,74.76,5,True
CHEMBL224801,O=C(O)c1ccccc1N/N=C/c1ccc(/C=N/Nc2ccccc2C(=O)O)cc1,LEISHMANIASIS,4.726235711770109,Cysteine protease,<rdkit.Chem.rdchem.Mol object at 0x0000021ACD982500>,[0 0 0 ... 0 0 0],C(=NNc1ccccc1)c1ccc(C=NNc2ccccc2)cc1,402.41000000000014,3.9750000000000014,4,6,123.38000000000001,8,True
CHEMBL4449400,COc1ccc(NC(=O)Cn2nnc(-c3ccccc3NS(=O)(=O)c3ccc(NC(C)=O)cc3)n2)cc1,LEISHMANIASIS,5.175874166083451,Cysteine protease,<rdkit.Chem.rdchem.Mol object at 0x0000021ACD982490>,[0 0 0 ... 0 0 0],O=C(Cn1nnc(-c2ccccc2NS(=O)(=O)c2ccccc2)n1)Nc1ccccc1,521.5590000000002,2.746600000000001,3,9,157.2,9,False
CHEMBL224803,O=C(CSc1nnnn1-c1ccccc1)Nc1ccc(-n2cnnn2)cc1,LEISHMANIASIS,5.267606240177032,Cysteine protease,<rdkit.Chem.rdchem.Mol object at 0x0000021ACD982420>,[0 0 0 ... 0 0 0],O=C(CSc1nnnn1-c1ccccc1)Nc1ccc(-n2cnnn2)cc1,379.4090000000001,1.3687999999999998,1,10,116.3,6,True
CHEMBL3329317,CCNC(=O)Nc1cc(Nc2ccc(O)cc2)c(C(=O)Nc2cccnc2)cn1,LEISHMANIASIS,6.546186847578367,DNA topoisomerase,<rdkit.Chem.rdchem.Mol object at 0x0000021ACD9823B0>,[0 0 0 ... 0 1 0],O=C(Nc1cccnc1)c1cnccc1Nc1ccccc1,392.4190000000001,3.3195000000000006,5,6,128.27,6,True
CHEMBL226528,CC(C)=CCCC(C(=O)O)[C@H]1CC[C@@]2(C)C3=CC[C@H]4C(C)(C)C(=O)CC[C@]4(C)C3=CC[C@]12C,LEISHMANIASIS,4.425968732272281,DNA topoisomerase,<rdkit.Chem.rdchem.Mol object at 0x0000021ACD982340>,[0 1 0 ... 0 0 0],O=C1CCC2C3=CCC4CCCC4C3=CCC2C1,452.6790000000003,7.5280000000000085,1,2,54.37,5,False
CHEMBL4450284,CC(F)(F)c1cccc(NC(=O)c2c(O)n(-c3ccccc3)c(=S)n(-c3ccccc3)c2=O)c1,LEISHMANIASIS,5.036212172654444,DNA topoisomerase,<rdkit.Chem.rdchem.Mol object at 0x0000021ACD9822D0>,[0 0 0 ... 0 0 0],O=C(Nc1ccccc1)c1cn(-c2ccccc2)c(=S)n(-c2ccccc2)c1=O,479.50800000000015,5.427290000000005,2,6,76.25999999999999,5,False
CHEMBL4450503,O=c1nc(SCc2cc(F)c(F)cc2F)nc(SCc2ccccc2F)[nH]1,LEISHMANIASIS,3.784891418946907,DNA topoisomerase,<rdkit.Chem.rdchem.Mol object at 0x0000021ACD982260>,[0 0 0 ... 0 0 0],O=c1nc(SCc2ccccc2)nc(SCc2ccccc2)[nH]1,413.42100000000005,4.305900000000002,1,5,58.64,6,True
CHEMBL4450448,NC[C@@H]1CCN(c2ccc3c(=O)c(C(=O)O)cn(Cc4ccc(-n5cccn5)cc4)c3c2)C1,LEISHMANIASIS,4.214670164989233,DNA topoisomerase,<rdkit.Chem.rdchem.Mol object at 0x0000021ACD9821F0>,[0 0 0 ... 0 0 0],O=c1ccn(Cc2ccc(-n3cccn3)cc2)c2cc(N3CCCC3)ccc12,443.5070000000002,2.718700000000001,2,7,106.38000000000001,6,True
CHEMBL4450352,Oc1ccc(C2=Nc3cccc4cccc(c34)N2)cc1,LEISHMANIASIS,3.673393743112328,Cysteine protease,<rdkit.Chem.rdchem.Mol object at 0x0000021ACD982180>,[0 0 0 ... 0 0 0],c1ccc(C2=Nc3cccc4cccc(c34)N2)cc1,260.29600000000005,4.049200000000002,2,3,44.620000000000005,1,True
CHEMBL3329318,CCNC(=O)Nc1cc(Nc2cccc(O)c2)c(C(=O)Nc2cccnc2)cn1,LEISHMANIASIS,6.107905397309519,DNA topoisomerase,<rdkit.Chem.rdchem.Mol object at 0x0000021ACD982110>,[0 0 0 ... 0 1 0],O=C(Nc1cccnc1)c1cnccc1Nc1ccccc1,392.4190000000001,3.3195000000000006,5,6,128.27,6,True
CHEMBL3329319,CCNC(=O)Nc1cc(Nc2ccc(OC)cc2OC)c(C(=O)Nc2cccnc2)cn1,LEISHMANIASIS,5.236830361305078,DNA topoisomerase,<rdkit.Chem.rdchem.Mol object at 0x0000021ACD9820A0>,[0 0 0 ... 0 1 0],O=C(Nc1cccnc1)c1cnccc1Nc1ccccc1,436.47200000000015,3.6311000000000018,4,7,126.5,8,True
CHEMBL230011,Nc1nc(N)c2nc(-c3cccc(O)c3)c(-c3cccc(O)c3)nc2n1,LEISHMANIASIS,4.522878745280337,DNA topoisomerase,<rdkit.Chem.rdchem.Mol object at 0x0000021ACD982030>,[0 0 0 ... 0 0 0],c1ccc(-c2nc3cncnc3nc2-c2ccccc2)cc1,346.3500000000001,2.3294000000000006,4,8,144.06,2,True
CHEMBL231735,CCc1ccc(NCCC(=O)c2ccc(Cl)c(Cl)c2)cc1,LEISHMANIASIS,3.9706162223147903,Trypanothione reductase,<rdkit.Chem.rdchem.Mol object at 0x0000021ACD981FC0>,[0 0 0 ... 0 0 0],O=C(CCNc1ccccc1)c1ccccc1,322.235,5.240700000000004,1,2,29.1,6,False
CHEMBL4450768,C[C@@H]1CN2c3c(cc4c(N5CC6(CCC6)OC5=O)noc4c3F)CC3(C(=O)NC(=O)NC3=O)[C@H]2[C@H](C)O1,LEISHMANIASIS,3.6989700043360183,DNA topoisomerase,<rdkit.Chem.rdchem.Mol object at 0x0000021ACD981F50>,[0 0 0 ... 0 0 0],O=C1NC(=O)C2(Cc3cc4c(N5CC6(CCC6)OC5=O)noc4cc3N3CCOCC32)C(=O)N1,513.4820000000002,1.7368999999999994,2,9,143.30999999999997,1,False
CHEMBL4451416,O=C1c2ccccc2C(=O)c2c(O)c(C(c3ccc(C(F)(F)F)cc3)N(CCCl)CCCl)cc(O)c21,LEISHMANIASIS,4.301029995663981,DNA topoisomerase,<rdkit.Chem.rdchem.Mol object at 0x0000021ACD981EE0>,[0 1 0 ... 0 0 0],O=C1c2ccccc2C(=O)c2cc(Cc3ccccc3)ccc21,538.3490000000002,5.761000000000005,2,5,77.84,7,False
CHEMBL3989868,Cc1cc(Nc2ncnc3ccc(NC4=NC(C)(C)CO4)cc23)ccc1Oc1ccn2ncnc2c1,LEISHMANIASIS,4.522878745280337,DNA topoisomerase,<rdkit.Chem.rdchem.Mol object at 0x0000021ACD981E70>,[0 0 0 ... 0 0 0],c1nc(Nc2ccc(Oc3ccn4ncnc4c3)cc2)c2cc(NC3=NCCO3)ccc2n1,480.53200000000027,5.093520000000003,2,10,110.85000000000001,5,False
CHEMBL4451890,O=c1cc(NCCCN2CCN(c3nccc4ncccc34)CC2)c2ccccc2o1,LEISHMANIASIS,4.304944180507807,DNA topoisomerase,<rdkit.Chem.rdchem.Mol object at 0x0000021ACD981E00>,[0 0 0 ... 0 0 0],O=c1cc(NCCCN2CCN(c3nccc4ncccc34)CC2)c2ccccc2o1,415.49700000000024,3.360400000000001,1,7,74.5,6,True
CHEMBL233339,CCCCOC(=O)c1ccc(NCCC(=O)c2cccc([N+](=O)[O-])c2)cc1,LEISHMANIASIS,5.619788758288394,Trypanothione reductase,<rdkit.Chem.rdchem.Mol object at 0x0000021ACD981D90>,[0 0 0 ... 0 0 0],O=C(CCNc1ccccc1)c1ccccc1,370.40500000000003,4.236600000000003,1,6,98.53999999999999,10,True
CHEMBL233347,O=C(CCNc1ccccc1)c1cccc([N+](=O)[O-])c1,LEISHMANIASIS,5.769551078621726,Trypanothione reductase,<rdkit.Chem.rdchem.Mol object at 0x0000021ACD981D20>,[0 0 0 ... 0 0 0],O=C(CCNc1ccccc1)c1ccccc1,270.288,3.279700000000002,1,4,72.24,6,True
CHEMBL233348,Cc1cccc(NCCC(=O)c2cccc([N+](=O)[O-])c2)c1C,LEISHMANIASIS,5.823908740944319,Trypanothione reductase,<rdkit.Chem.rdchem.Mol object at 0x0000021ACD981CB0>,[0 0 0 ... 0 0 0],O=C(CCNc1ccccc1)c1ccccc1,298.3420000000001,3.8965400000000026,1,4,72.24,6,True
CHEMBL4451728,COc1ccc(NC(=O)Cn2nnc(-c3ccccc3NC(=O)c3cc(OC)cc(OC)c3)n2)cc1,LEISHMANIASIS,5.175874166083451,Cysteine protease,<rdkit.Chem.rdchem.Mol object at 0x0000021ACD981C40>,[0 0 0 ... 0 0 0],O=C(Cn1nnc(-c2ccccc2NC(=O)c2ccccc2)n1)Nc1ccccc1,488.50400000000025,3.2569000000000017,2,9,129.49,9,True
CHEMBL234180,O=C(CCN1CCOCC1)c1ccc(Cl)cc1,LEISHMANIASIS,3.8297382846050425,Trypanothione reductase,<rdkit.Chem.rdchem.Mol object at 0x0000021ACD981BD0>,[0 0 0 ... 0 0 0],O=C(CCN1CCOCC1)c1ccccc1,253.72899999999998,2.245,0,3,29.540000000000003,4,True
CHEMBL4452559,CNCCCNc1c(F)cc2c(=O)c(C(=O)O)cn(Cc3ccc(-c4ccccc4)cc3)c2c1OC,LEISHMANIASIS,3.995678626217357,DNA topoisomerase,<rdkit.Chem.rdchem.Mol object at 0x0000021ACD981B60>,[0 0 0 ... 0 0 0],O=c1ccn(Cc2ccc(-c3ccccc3)cc2)c2ccccc12,489.54700000000025,4.584100000000003,3,6,92.58999999999999,10,True
CHEMBL233549,O=C(CCNc1cccc(F)c1)c1cccc([N+](=O)[O-])c1,LEISHMANIASIS,5.481486060122113,Trypanothione reductase,<rdkit.Chem.rdchem.Mol object at 0x0000021ACD981AF0>,[0 0 0 ... 0 0 0],O=C(CCNc1ccccc1)c1ccccc1,288.278,3.418800000000002,1,4,72.24,6,True
CHEMBL4452830,CN[C@@H]1CCN(c2c(F)cc3c(=O)c(C(=O)O)cn(Cc4ccc(-c5ccccc5)cc4)c3c2OC)C1,LEISHMANIASIS,4.238824186844268,DNA topoisomerase,<rdkit.Chem.rdchem.Mol object at 0x0000021ACD981A80>,[0 0 0 ... 0 0 0],O=c1ccn(Cc2ccc(-c3ccccc3)cc2)c2cc(N3CCCC3)ccc12,501.5580000000003,4.360800000000003,2,6,83.8,7,False
CHEMBL4453182,Cc1c(NCCCN2CCN(c3nccc4ccc(F)cc34)CC2)c2ccccc2oc1=O,LEISHMANIASIS,4.828788659588897,DNA topoisomerase,<rdkit.Chem.rdchem.Mol object at 0x0000021ACD981A10>,[0 0 0 ... 0 0 0],O=c1cc(NCCCN2CCN(c3nccc4ccccc34)CC2)c2ccccc2o1,446.5260000000003,4.412920000000004,1,6,61.61,6,True
CHEMBL4453061,O=c1cc(NCCCN2CCN(c3nccc4ccc(F)cc34)CC2)c2c(o1)CCOC2,LEISHMANIASIS,4.813543998514946,DNA topoisomerase,<rdkit.Chem.rdchem.Mol object at 0x0000021ACD9819A0>,[0 0 0 ... 0 0 0],O=c1cc(NCCCN2CCN(c3nccc4ccccc34)CC2)c2c(o1)CCOC2,438.5030000000004,3.024000000000001,1,7,70.84,6,True
CHEMBL239370,C[N+](C)(CCCN1c2ccccc2Sc2ccc(Cl)cc21)Cc1ccc([N+](=O)[O-])cc1.[Cl-],LEISHMANIASIS,5.136465352471926,Trypanothione reductase,<rdkit.Chem.rdchem.Mol object at 0x0000021ACD981930>,[0 0 0 ... 0 0 0],c1ccc(C[NH2+]CCCN2c3ccccc3Sc3ccccc32)cc1,490.45600000000024,3.521600000000004,0,4,46.379999999999995,7,True
CHEMBL242165,O=[N+]([O-])c1ccc(/C=C/c2sc(Nc3ccccc3)n[n+]2-c2ccccc2)cc1.[Cl-],LEISHMANIASIS,5.787812395596042,Trypanothione reductase,<rdkit.Chem.rdchem.Mol object at 0x0000021ACD9818C0>,[0 0 0 ... 0 0 0],C(=Cc1sc(Nc2ccccc2)n[n+]1-c1ccccc1)c1ccccc1,436.9240000000001,2.2460000000000013,1,5,71.94,6,True
CHEMBL4454954,O=c1nc(SCc2c(F)cccc2F)nc(SCc2ccc(Cl)cc2)[nH]1,LEISHMANIASIS,4.364516253185088,DNA topoisomerase,<rdkit.Chem.rdchem.Mol object at 0x0000021ACD981850>,[0 0 0 ... 0 0 0],O=c1nc(SCc2ccccc2)nc(SCc2ccccc2)[nH]1,411.8860000000001,4.681100000000003,1,5,58.64,6,True
CHEMBL242770,CC(COc1ccc2c3c(oc2c1)C(=O)c1ccccc1C3=O)N(C)C,LEISHMANIASIS,4.376750709602099,DNA topoisomerase,<rdkit.Chem.rdchem.Mol object at 0x0000021ACD9817E0>,[0 1 0 ... 0 0 0],O=C1c2ccccc2C(=O)c2c1oc1ccccc21,349.3860000000001,3.5371000000000024,0,5,59.75,4,True
CHEMBL4453816,CNCCNc1c(F)cc2c(=O)c(C(=O)O)cn(Cc3ccc(-c4ccccc4)cc3)c2c1OC,LEISHMANIASIS,3.6989700043360183,DNA topoisomerase,<rdkit.Chem.rdchem.Mol object at 0x0000021ACD981770>,[0 0 0 ... 0 0 0],O=c1ccn(Cc2ccc(-c3ccccc3)cc2)c2ccccc12,475.5200000000002,4.194000000000003,3,6,92.58999999999999,9,True
CHEMBL4454117,NC[C@@H]1CCN(c2cc3c(cc2F)c(=O)c(C(=O)O)cn3Cc2ccc(-c3ccccc3)cc2)C1,LEISHMANIASIS,4.806875401645539,DNA topoisomerase,<rdkit.Chem.rdchem.Mol object at 0x0000021ACD981700>,[0 0 0 ... 0 0 0],O=c1ccn(Cc2ccc(-c3ccccc3)cc2)c2cc(N3CCCC3)ccc12,471.53200000000015,4.339100000000004,2,5,88.56,6,True
CHEMBL4454135,COc1ccc(-c2ccc3ncc(-c4nnco4)c(NCCCn4ccnc4)c3c2)cc1,LEISHMANIASIS,7.5376020021010435,DNA topoisomerase,<rdkit.Chem.rdchem.Mol object at 0x0000021ACD981690>,[0 0 0 ... 0 0 0],c1ccc(-c2ccc3ncc(-c4nnco4)c(NCCCn4ccnc4)c3c2)cc1,426.48000000000013,4.659100000000002,1,8,90.89,8,True
CHEMBL4454056,O=C(CN1CCOCC1)Nc1ccc2c(-c3cc4ccccc4o3)ccnc2c1O,LEISHMANIASIS,5.720046687481943,DNA topoisomerase,<rdkit.Chem.rdchem.Mol object at 0x0000021ACD981620>,[0 0 0 ... 0 0 0],O=C(CN1CCOCC1)Nc1ccc2c(-c3cc4ccccc4o3)ccnc2c1,403.4380000000001,3.624300000000002,2,6,87.83,4,True
CHEMBL247772,N=c1n(CCOc2ccccc2)c2ccccc2n1CCN1CCCCC1,LEISHMANIASIS,5.045757490560675,Trypanothione reductase,<rdkit.Chem.rdchem.Mol object at 0x0000021ACD9815B0>,[0 0 1 ... 0 0 0],N=c1n(CCOc2ccccc2)c2ccccc2n1CCN1CCCCC1,364.49300000000034,3.4871700000000025,1,5,46.18000000000001,7,True
CHEMBL251973,Cc1ccc(CNc2nc(C#N)nc3c2ncn3Cc2ccccc2)cc1,LEISHMANIASIS,4.6020599913279625,Cysteine protease,<rdkit.Chem.rdchem.Mol object at 0x0000021ACD981540>,[0 0 0 ... 0 0 0],c1ccc(CNc2ncnc3c2ncn3Cc2ccccc2)cc1,354.4170000000001,3.666800000000002,1,6,79.42000000000002,5,True
CHEMBL252121,COc1ccc(Cn2cnc3c(NCc4ccc(Cl)cc4)nc(C#N)nc32)cc1,LEISHMANIASIS,4.638272163982407,Cysteine protease,<rdkit.Chem.rdchem.Mol object at 0x0000021ACD9814D0>,[0 0 0 ... 0 0 0],c1ccc(CNc2ncnc3c2ncn3Cc2ccccc2)cc1,404.8610000000001,4.020380000000002,1,7,88.64999999999999,6,True
CHEMBL252933,N#Cc1nc(NCc2ccccc2)c2ncn(Cc3cccc(C(F)(F)F)c3)c2n1,LEISHMANIASIS,5.552841968657781,Cysteine protease,<rdkit.Chem.rdchem.Mol object at 0x0000021ACD981460>,[0 0 0 ... 0 0 0],c1ccc(CNc2ncnc3c2ncn3Cc2ccccc2)cc1,408.38700000000006,4.377180000000003,1,6,79.42,5,True
CHEMBL252934,N#Cc1nc(NCc2ccc(Cl)cc2)c2ncn(CCCO)c2n1,LEISHMANIASIS,6.2441251443275085,Cysteine protease,<rdkit.Chem.rdchem.Mol object at 0x0000021ACD9813F0>,[0 0 0 ... 0 0 0],c1ccc(CNc2ncnc3[nH]cnc23)cc1,342.7900000000002,2.3458799999999997,2,7,99.65,6,True
CHEMBL4456370,OC(c1cccs1)c1cc2ccccc2nc1Cl,LEISHMANIASIS,5.305394801066432,DNA topoisomerase,<rdkit.Chem.rdchem.Mol object at 0x0000021ACD981380>,[0 1 0 ... 0 0 0],c1csc(Cc2cnc3ccccc3c2)c1,275.76,4.031400000000001,1,3,33.120000000000005,2,True
CHEMBL252156,CCCCCCNc1nc(C#N)nc2c1ncn2C1CCCC1,LEISHMANIASIS,4.6020599913279625,Cysteine protease,<rdkit.Chem.rdchem.Mol object at 0x0000021ACD981310>,[0 0 0 ... 0 0 0],c1ncc2ncn(C3CCCC3)c2n1,312.42100000000016,3.8052800000000024,1,6,79.42000000000002,7,True
CHEMBL252157,CCCCCCNc1nc(C#N)nc2c1ncn2Cc1ccccc1,LEISHMANIASIS,4.6020599913279625,Cysteine protease,<rdkit.Chem.rdchem.Mol object at 0x0000021ACD9812A0>,[0 0 0 ... 0 0 0],c1ccc(Cn2cnc3cncnc32)cc1,334.4270000000001,3.7384800000000027,1,6,79.42000000000002,8,True
CHEMBL252158,CCCCn1cnc2c(NC(C)c3ccccc3)nc(C#N)nc21,LEISHMANIASIS,4.6020599913279625,Cysteine protease,<rdkit.Chem.rdchem.Mol object at 0x0000021ACD981230>,[0 1 0 ... 0 0 0],c1ccc(CNc2ncnc3[nH]cnc23)cc1,320.4000000000001,3.6711800000000014,1,6,79.42,6,True
CHEMBL251959,CCCCCCNc1nc(C#N)nc2c1ncn2CCCC,LEISHMANIASIS,4.6020599913279625,Cysteine protease,<rdkit.Chem.rdchem.Mol object at 0x0000021ACD9811C0>,[0 0 0 ... 0 0 0],c1ncc2nc[nH]c2n1,300.41000000000014,3.490280000000002,1,6,79.42000000000002,9,True
CHEMBL4455537,O=c1nc(SCc2ccc3nonc3c2)nc(SCc2cccc(Cl)c2)[nH]1,LEISHMANIASIS,4.257274868695302,DNA topoisomerase,<rdkit.Chem.rdchem.Mol object at 0x0000021ACD981150>,[0 0 0 ... 0 0 0],O=c1nc(SCc2ccc3nonc3c2)nc(SCc2ccccc2)[nH]1,417.90300000000013,3.9391000000000016,1,8,97.56,6,True
CHEMBL4455867,COc1cccc(/C=C/CNC(=O)c2c(O)n(-c3ccccc3)c(=S)n(-c3ccccc3)c2=O)c1,LEISHMANIASIS,5.080921907623926,DNA topoisomerase,<rdkit.Chem.rdchem.Mol object at 0x0000021ACD9810E0>,[0 0 0 ... 0 0 0],O=C(NCC=Cc1ccccc1)c1cn(-c2ccccc2)c(=S)n(-c2ccccc2)c1=O,485.5650000000001,4.515090000000004,2,7,85.49000000000001,7,True
CHEMBL252359,CCC(C)CNc1nc(C#N)nc2c1ncn2Cc1ccccc1,LEISHMANIASIS,5.301029995663981,Cysteine protease,<rdkit.Chem.rdchem.Mol object at 0x0000021ACD981070>,[0 1 0 ... 0 0 0],c1ccc(Cn2cnc3cncnc32)cc1,320.40000000000003,3.2042800000000016,1,6,79.42000000000002,6,True
CHEMBL252361,CC(Nc1nc(C#N)nc2c1ncn2C1CCCC1)c1ccccc1,LEISHMANIASIS,4.6020599913279625,Cysteine protease,<rdkit.Chem.rdchem.Mol object at 0x0000021ACD981000>,[0 1 0 ... 0 0 0],c1ccc(CNc2ncnc3c2ncn3C2CCCC2)cc1,332.411,3.9861800000000027,1,6,79.42000000000002,4,True
CHEMBL252362,COc1ccc(CNc2nc(C#N)nc3c2ncn3C2CCCC2)cc1,LEISHMANIASIS,5.154901959985743,Cysteine protease,<rdkit.Chem.rdchem.Mol object at 0x0000021ACD980F90>,[0 0 0 ... 0 0 0],c1ccc(CNc2ncnc3c2ncn3C2CCCC2)cc1,348.4100000000002,3.4337800000000023,1,7,88.65,5,True
CHEMBL252558,Cc1cccc(CNc2nc(C#N)nc3c2ncn3CC2CCCCC2)c1,LEISHMANIASIS,4.6020599913279625,Cysteine protease,<rdkit.Chem.rdchem.Mol object at 0x0000021ACD980F20>,[0 0 1 ... 0 0 0],c1ccc(CNc2ncnc3c2ncn3CC2CCCCC2)cc1,360.46500000000026,4.198800000000003,1,6,79.42000000000002,5,True
CHEMBL252360,N#Cc1nc(NC2CCCCC2)c2ncn(C3CCCCC3)c2n1,LEISHMANIASIS,5.080921907623926,Cysteine protease,<rdkit.Chem.rdchem.Mol object at 0x0000021ACD980EB0>,[0 0 1 ... 0 0 0],c1nc(NC2CCCCC2)c2ncn(C3CCCCC3)c2n1,324.43200000000013,3.9477800000000025,1,6,79.42,3,True
CHEMBL252363,CCCCn1cnc2c(NCc3cccc(C)c3)nc(C#N)nc21,LEISHMANIASIS,4.958607314841775,Cysteine protease,<rdkit.Chem.rdchem.Mol object at 0x0000021ACD980E40>,[0 0 0 ... 0 0 0],c1ccc(CNc2ncnc3[nH]cnc23)cc1,320.40000000000003,3.4186000000000014,1,6,79.42,6,True
CHEMBL252504,CCN(CC)CCNc1c2ccccc2[n+](C)c2c1[nH]c1ccccc12.[Cl-],LEISHMANIASIS,4.022276394711152,Cysteine protease,<rdkit.Chem.rdchem.Mol object at 0x0000021ACD980DD0>,[0 0 0 ... 0 0 0],c1ccc2[nH+]c3c(cc2c1)[nH]c1ccccc13,382.9390000000001,1.0565000000000002,2,2,34.94,6,True
CHEMBL253715,CCN(CC)CCCNc1c2ccccc2[n+](C)c2c1[nH]c1ccccc12.[Cl-],LEISHMANIASIS,4.013228265733755,Cysteine protease,<rdkit.Chem.rdchem.Mol object at 0x0000021ACD980D60>,[0 0 0 ... 0 0 0],c1ccc2[nH+]c3c(cc2c1)[nH]c1ccccc13,396.9660000000001,1.4465999999999999,2,2,34.94,7,True
CHEMBL253969,NC(=O)c1c(OCc2c(F)cc(Br)cc2F)nsc1NC(=O)NCCCCN1CCCC1,LEISHMANIASIS,4.522878745280337,DNA topoisomerase,<rdkit.Chem.rdchem.Mol object at 0x0000021ACD980CF0>,[0 0 0 ... 0 0 0],O=C(NCCCCN1CCCC1)Nc1cc(OCc2ccccc2)ns1,532.4110000000002,3.859200000000003,3,6,109.58,10,False
CHEMBL253716,CC(C)NCCCNc1c2ccccc2[n+](C)c2c1[nH]c1ccccc12.[Cl-],LEISHMANIASIS,4.207608310501746,Cysteine protease,<rdkit.Chem.rdchem.Mol object at 0x0000021ACD980C80>,[0 1 0 ... 0 0 0],c1ccc2[nH+]c3c(cc2c1)[nH]c1ccccc13,382.9390000000001,1.1028000000000002,3,2,43.73,6,True
CHEMBL253831,N#Cc1nc(NCCc2ccccc2)c2ncn(Cc3ccccc3)c2n1,LEISHMANIASIS,4.6020599913279625,Cysteine protease,<rdkit.Chem.rdchem.Mol object at 0x0000021ACD980C10>,[0 0 0 ... 0 0 0],c1ccc(CCNc2ncnc3c2ncn3Cc2ccccc2)cc1,354.4170000000001,3.4008800000000017,1,6,79.42,6,True
CHEMBL253829,N#Cc1nc(NCc2ccc(Cl)cc2)c2ncn(Cc3ccccc3)c2n1,LEISHMANIASIS,4.6020599913279625,Cysteine protease,<rdkit.Chem.rdchem.Mol object at 0x0000021ACD980BA0>,[0 0 0 ... 0 0 0],c1ccc(CNc2ncnc3c2ncn3Cc2ccccc2)cc1,374.83500000000015,4.011780000000002,1,6,79.42,5,True
CHEMBL253830,N#Cc1nc(NCCc2ccccc2)c2ncn(Cc3cccnc3)c2n1,LEISHMANIASIS,5.0,Cysteine protease,<rdkit.Chem.rdchem.Mol object at 0x0000021ACD980B30>,[0 0 0 ... 0 0 0],c1ccc(CCNc2ncnc3c2ncn3Cc2cccnc2)cc1,355.4050000000001,2.7958800000000013,1,7,92.31,6,True
CHEMBL255167,CN(C)c1ccc(/C=C2\CC/C(=C\c3ccc(N(C)C)cc3)C2=O)cc1,LEISHMANIASIS,4.0,Trypanothione reductase,<rdkit.Chem.rdchem.Mol object at 0x0000021ACD980AC0>,[0 0 0 ... 0 0 0],O=C1C(=Cc2ccccc2)CCC1=Cc1ccccc1,346.47400000000005,4.648500000000004,0,3,23.55,4,True
CHEMBL255086,COc1ccc(CNc2nc(C#N)nc3c2ncn3Cc2ccccc2)cc1,LEISHMANIASIS,5.346787486224656,Cysteine protease,<rdkit.Chem.rdchem.Mol object at 0x0000021ACD980A50>,[0 0 0 ... 0 0 0],c1ccc(CNc2ncnc3c2ncn3Cc2ccccc2)cc1,370.4160000000001,3.3669800000000016,1,7,88.65,6,True
CHEMBL255087,Cc1ccc(CNc2nc(C#N)nc3c2ncn3CCCO)cc1,LEISHMANIASIS,5.376750709602099,Cysteine protease,<rdkit.Chem.rdchem.Mol object at 0x0000021ACD9809E0>,[0 0 0 ... 0 0 0],c1ccc(CNc2ncnc3[nH]cnc23)cc1,322.3720000000001,2.0008999999999997,2,7,99.65000000000002,6,True
CHEMBL254227,CCC(C)CNc1nc(C#N)nc2c1ncn2C1CCCC1,LEISHMANIASIS,4.853871964321762,Cysteine protease,<rdkit.Chem.rdchem.Mol object at 0x0000021ACD980970>,[0 1 0 ... 0 0 0],c1ncc2ncn(C3CCCC3)c2n1,298.3940000000002,3.271080000000002,1,6,79.42000000000002,5,True
CHEMBL4456760,O=c1nc(SCc2ccc(C(F)(F)F)cc2)nc(SCc2cccc(Cl)c2)[nH]1,LEISHMANIASIS,4.432973633840939,DNA topoisomerase,<rdkit.Chem.rdchem.Mol object at 0x0000021ACD980900>,[0 0 0 ... 0 0 0],O=c1nc(SCc2ccccc2)nc(SCc2ccccc2)[nH]1,443.90300000000013,5.421700000000003,1,5,58.64,6,False
CHEMBL4457871,COc1cccc(CNC(=O)c2c(O)n(-c3ccccc3)c(=S)n(-c3ccccc3)c2=O)c1,LEISHMANIASIS,4.647817481888637,DNA topoisomerase,<rdkit.Chem.rdchem.Mol object at 0x0000021ACD980890>,[0 0 0 ... 0 0 0],O=C(NCc1ccccc1)c1cn(-c2ccccc2)c(=S)n(-c2ccccc2)c1=O,459.52700000000016,4.001890000000002,2,7,85.49000000000001,6,True
CHEMBL254412,N#Cc1nc(NCc2ccc(Cl)c(Cl)c2)c2ncn(CCCO)c2n1,LEISHMANIASIS,6.568636235841013,Cysteine protease,<rdkit.Chem.rdchem.Mol object at 0x0000021ACD980820>,[0 0 0 ... 0 0 0],c1ccc(CNc2ncnc3[nH]cnc23)cc1,377.2350000000002,2.999280000000002,2,7,99.65,6,True
CHEMBL4457241,CNC[C@@H]1CCN(c2cc3c(cc2F)c(=O)c(C(=O)O)cn3Cc2ccc(-c3ccccc3)cc2)C1,LEISHMANIASIS,3.7757259857057424,DNA topoisomerase,<rdkit.Chem.rdchem.Mol object at 0x0000021ACD9807B0>,[0 0 0 ... 0 0 0],O=c1ccn(Cc2ccc(-c3ccccc3)cc2)c2cc(N3CCCC3)ccc12,485.5590000000002,4.599800000000004,2,5,74.57,7,True
CHEMBL253508,CN(C)CCCNc1c2ccccc2[n+](C)c2c1[nH]c1ccccc12.[Cl-],LEISHMANIASIS,4.508638306165727,Cysteine protease,<rdkit.Chem.rdchem.Mol object at 0x0000021ACD980740>,[0 0 0 ... 0 0 0],c1ccc2[nH+]c3c(cc2c1)[nH]c1ccccc13,368.91200000000003,0.6664000000000005,2,2,34.94,5,True
CHEMBL253611,N#Cc1nc(NCc2ccc(Cl)cc2)c2ncn(C3CCCC3)c2n1,LEISHMANIASIS,4.721246399047171,Cysteine protease,<rdkit.Chem.rdchem.Mol object at 0x0000021ACD9806D0>,[0 0 0 ... 0 0 0],c1ccc(CNc2ncnc3c2ncn3C2CCCC2)cc1,352.82900000000024,4.078580000000002,1,6,79.42,4,True
CHEMBL4456644,COC1=CC(=O)N(C(=O)/C=C/[C@H](CC2CCCCC2)NC(=O)[C@H](CC(C)C)NC(=O)[C@H](CC(C)C)NC(=O)[C@H](C(C)C)N(C)C)[C@H]1Cc1c[nH]c2ccccc12.O=C(O)C(F)(F)F,LEISHMANIASIS,5.58989792335714,Cysteine protease,<rdkit.Chem.rdchem.Mol object at 0x0000021ACD980660>,[0 1 1 ... 0 0 0],O=C(C=CCCC1CCCCC1)N1C(=O)C=CC1Cc1c[nH]c2ccccc12,889.0700000000002,6.270800000000006,5,8,190.23999999999998,19,False
CHEMBL254617,N#Cc1nc(NCc2ccc(Cl)c(Cl)c2)c2ncn(CC(O)CO)c2n1,LEISHMANIASIS,5.920818753952375,Cysteine protease,<rdkit.Chem.rdchem.Mol object at 0x0000021ACD9805F0>,[0 1 0 ... 0 0 0],c1ccc(CNc2ncnc3[nH]cnc23)cc1,393.23400000000015,1.9700799999999998,3,8,119.88000000000001,6,True
CHEMBL254618,COCCCn1cnc2c(NCc3ccc(Cl)c(Cl)c3)nc(C#N)nc21,LEISHMANIASIS,5.6020599913279625,Cysteine protease,<rdkit.Chem.rdchem.Mol object at 0x0000021ACD980580>,[0 0 0 ... 0 0 0],c1ccc(CNc2ncnc3[nH]cnc23)cc1,391.26200000000017,3.653380000000002,1,7,88.64999999999999,7,True
CHEMBL254619,COC(CCn1cnc2c(NCc3ccc(Cl)c(Cl)c3)nc(C#N)nc21)OC,LEISHMANIASIS,5.468521082957745,Cysteine protease,<rdkit.Chem.rdchem.Mol object at 0x0000021ACD980510>,[0 1 0 ... 0 0 0],c1ccc(CNc2ncnc3[nH]cnc23)cc1,421.2880000000002,3.625880000000002,1,8,97.88,8,True
CHEMBL254827,CCCCn1cnc2c(NCc3ccc(Br)cc3)nc(C#N)nc21,LEISHMANIASIS,5.075720713938118,Cysteine protease,<rdkit.Chem.rdchem.Mol object at 0x0000021ACD9804A0>,[0 0 0 ... 0 0 0],c1ccc(CNc2ncnc3[nH]cnc23)cc1,385.26900000000006,3.8726800000000026,1,6,79.42,6,True
CHEMBL254828,N#Cc1nc(NCc2ccc(Br)cc2)c2ncn(CCCc3ccccc3)c2n1,LEISHMANIASIS,4.6020599913279625,Cysteine protease,<rdkit.Chem.rdchem.Mol object at 0x0000021ACD980430>,[0 0 0 ... 0 0 0],c1ccc(CCCn2cnc3c(NCc4ccccc4)ncnc32)cc1,447.34000000000026,4.7053800000000034,1,6,79.42,7,True
CHEMBL255038,CCCCn1cnc2c(NCc3ccc(Cl)c(Cl)c3)nc(C#N)nc21,LEISHMANIASIS,5.3872161432802645,Cysteine protease,<rdkit.Chem.rdchem.Mol object at 0x0000021ACD9803C0>,[0 0 0 ... 0 0 0],c1ccc(CNc2ncnc3[nH]cnc23)cc1,375.26300000000003,4.416980000000003,1,6,79.42,6,True
CHEMBL256181,CSc1nc2c(Nc3cccc(NC(C)=O)c3)c3ccccc3nc2s1,LEISHMANIASIS,4.529295570277212,DNA topoisomerase,<rdkit.Chem.rdchem.Mol object at 0x0000021ACD980350>,[0 0 0 ... 0 0 0],c1ccc(Nc2c3ccccc3nc3scnc23)cc1,380.4980000000001,5.268400000000002,2,6,66.91,4,False
CHEMBL255056,CC1=CC2Cc3nc4cc(Cl)ccc4c(NCCCCCCCCNc4c5c(nc6ccccc46)CCCC5)c3C(C1)C2,LEISHMANIASIS,6.060480747381382,Trypanothione reductase,<rdkit.Chem.rdchem.Mol object at 0x0000021ACD9802E0>,[0 0 0 ... 0 0 0],C1=CC2Cc3nc4ccccc4c(NCCCCCCCCNc4c5c(nc6ccccc46)CCCC5)c3C(C1)C2,593.2590000000002,10.175799999999994,2,4,49.84,11,False
CHEMBL255079,CCCCn1cnc2c(NCc3ccccc3)nc(C#N)nc21,LEISHMANIASIS,4.853871964321762,Cysteine protease,<rdkit.Chem.rdchem.Mol object at 0x0000021ACD980270>,[0 0 0 ... 0 0 0],c1ccc(CNc2ncnc3[nH]cnc23)cc1,306.37300000000005,3.1101800000000015,1,6,79.42,6,True
CHEMBL255080,CCCCn1cnc2c(NCc3ccc(Cl)cc3)nc(C#N)nc21,LEISHMANIASIS,5.0,Cysteine protease,<rdkit.Chem.rdchem.Mol object at 0x0000021ACD980200>,[0 0 0 ... 0 0 0],c1ccc(CNc2ncnc3[nH]cnc23)cc1,340.81800000000004,3.763580000000002,1,6,79.42,6,True
CHEMBL3334567,C[C@@H](c1ccc2nccn2c1)n1nnc2ncc(-c3cnn(C)c3)nc21,LEISHMANIASIS,4.522878745280337,DNA topoisomerase,<rdkit.Chem.rdchem.Mol object at 0x0000021ACD980190>,[0 1 0 ... 0 0 0],c1cn2cc(Cn3nnc4ncc(-c5cn[nH]c5)nc43)ccc2n1,345.37000000000006,1.8787999999999996,0,9,91.61,3,True
CHEMBL4457343,COc1cc(NC(C)=O)c(O)c2nccc(-c3ccccc3NC(=O)c3ccccc3)c12,LEISHMANIASIS,5.508864383480216,DNA topoisomerase,<rdkit.Chem.rdchem.Mol object at 0x0000021ACD980120>,[0 0 0 ... 0 0 0],O=C(Nc1ccccc1-c1ccnc2ccccc12)c1ccccc1,427.46000000000015,4.826700000000002,3,5,100.55000000000001,5,True
CHEMBL256857,CSc1nc2c(Nc3cc(N)cc(CO)c3)c3ccccc3nc2s1,LEISHMANIASIS,4.743763466794077,DNA topoisomerase,<rdkit.Chem.rdchem.Mol object at 0x0000021ACD9800B0>,[0 0 0 ... 0 0 0],c1ccc(Nc2c3ccccc3nc3scnc23)cc1,368.4870000000001,4.384500000000001,3,7,84.06,4,True
CHEMBL4457850,COc1ccccc1-c1ccc2ncc(-c3nnco3)c(NCCCn3ccnc3)c2c1,LEISHMANIASIS,5.0,DNA topoisomerase,<rdkit.Chem.rdchem.Mol object at 0x0000021ACD980040>,[0 0 0 ... 0 0 0],c1ccc(-c2ccc3ncc(-c4nnco4)c(NCCCn4ccnc4)c3c2)cc1,426.4800000000002,4.659100000000002,1,8,90.89,8,True
CHEMBL4457484,CNCCCCNc1cc2c(cc1F)c(=O)c(C(=O)O)cn2Cc1ccc(-c2ccccc2)cc1,LEISHMANIASIS,4.054039296422431,DNA topoisomerase,<rdkit.Chem.rdchem.Mol object at 0x0000021ACD97FF40>,[0 0 0 ... 0 0 0],O=c1ccn(Cc2ccc(-c3ccccc3)cc2)c2ccccc12,473.5480000000002,4.965600000000004,3,5,83.35999999999999,10,True
CHEMBL255863,Cc1cn(-c2cc(NC(=O)c3ccc(C)c(Nc4nccc(-c5cccnc5)n4)c3)cc(C(F)(F)F)c2)cn1,LEISHMANIASIS,4.522878745280337,DNA topoisomerase,<rdkit.Chem.rdchem.Mol object at 0x0000021ACD97FED0>,[0 0 0 ... 0 0 0],O=C(Nc1cccc(-n2ccnc2)c1)c1cccc(Nc2nccc(-c3cccnc3)n2)c1,529.5260000000001,6.355840000000005,2,7,97.62,6,False
CHEMBL4458321,CCCCOc1ccc(-c2nnn(CC(=O)c3ccc(Cl)cc3)n2)cc1,LEISHMANIASIS,5.175874166083451,Cysteine protease,<rdkit.Chem.rdchem.Mol object at 0x0000021ACD97FE60>,[0 0 0 ... 0 0 0],O=C(Cn1nnc(-c2ccccc2)n1)c1ccccc1,370.84,4.055300000000003,0,6,69.9,8,True
CHEMBL257249,NCCc1c(C2(c3c[nH]c4ccccc34)NCCc3c2[nH]c2ccccc32)[nH]c2ccccc12,LEISHMANIASIS,4.0,DNA topoisomerase,<rdkit.Chem.rdchem.Mol object at 0x0000021ACD97FDF0>,[0 0 0 ... 0 0 0],c1ccc2[nH]c(C3(c4c[nH]c5ccccc45)NCCc4c3[nH]c3ccccc43)cc2c1,445.5700000000001,5.069300000000004,5,2,85.41999999999999,4,False
CHEMBL258919,COc1ccc2c(c1)/C(=N\OCCN(C)C)c1c-2c(N2CCNCC2)nc2ccccc12,LEISHMANIASIS,5.070581074285707,DNA topoisomerase,<rdkit.Chem.rdchem.Mol object at 0x0000021ACD97FD80>,[0 0 0 ... 0 0 0],N=C1c2ccccc2-c2c(N3CCNCC3)nc3ccccc3c21,431.5400000000002,2.9640000000000013,1,7,62.220000000000006,6,True
CHEMBL258925,CCCn1nnc2c1C(=O)c1cnncc1C2=O,LEISHMANIASIS,4.309803919971486,DNA topoisomerase,<rdkit.Chem.rdchem.Mol object at 0x0000021ACD97FD10>,[0 0 0 ... 0 0 0],O=C1c2cnncc2C(=O)c2[nH]nnc21,243.226,0.25349999999999984,0,7,90.63,2,True
CHEMBL4459266,COc1ccc(-c2ccc3ncc(-c4nnco4)c(NCCN4CCOCC4)c3c2)cc1,LEISHMANIASIS,5.0,DNA topoisomerase,<rdkit.Chem.rdchem.Mol object at 0x0000021ACD97FCA0>,[0 0 0 ... 0 0 0],c1ccc(-c2ccc3ncc(-c4nnco4)c(NCCN4CCOCC4)c3c2)cc1,431.49600000000027,3.704500000000002,1,8,85.54,7,True
CHEMBL260223,CCCCn1nc2c(n1)C(=O)c1cnncc1C2=O,LEISHMANIASIS,4.188424994129407,DNA topoisomerase,<rdkit.Chem.rdchem.Mol object at 0x0000021ACD97FC30>,[0 0 0 ... 0 0 0],O=C1c2cnncc2C(=O)c2n[nH]nc21,257.253,0.6436,0,7,90.63,3,True
CHEMBL260224,CC(C)n1nnc2c1C(=O)c1cnncc1C2=O,LEISHMANIASIS,4.47755576649368,DNA topoisomerase,<rdkit.Chem.rdchem.Mol object at 0x0000021ACD97FBC0>,[0 1 0 ... 0 0 0],O=C1c2cnncc2C(=O)c2[nH]nnc21,243.226,0.4243999999999999,0,7,90.63,1,True
CHEMBL260541,CCCCn1nnc2c1C(=O)c1cnncc1C2=O,LEISHMANIASIS,4.364516253185088,DNA topoisomerase,<rdkit.Chem.rdchem.Mol object at 0x0000021ACD97FB50>,[0 0 0 ... 0 0 0],O=C1c2cnncc2C(=O)c2[nH]nnc21,257.253,0.6436,0,7,90.63,3,True
CHEMBL258702,COc1ccc2c(c1)/C(=N\OCCCN(C)C)c1c-2c(N2CCNCC2)nc2ccccc12,LEISHMANIASIS,5.180456064458132,DNA topoisomerase,<rdkit.Chem.rdchem.Mol object at 0x0000021ACD97FAE0>,[0 0 0 ... 0 0 0],N=C1c2ccccc2-c2c(N3CCNCC3)nc3ccccc3c21,445.5670000000002,3.3541000000000016,1,7,62.220000000000006,7,True
CHEMBL259225,COc1ccc(Cn2nnc3c2C(=O)c2cnncc2C3=O)cc1,LEISHMANIASIS,4.543633966870957,DNA topoisomerase,<rdkit.Chem.rdchem.Mol object at 0x0000021ACD97FA70>,[0 0 0 ... 0 0 0],O=C1c2cnncc2C(=O)c2c1nnn2Cc1ccccc1,321.29600000000005,0.9003999999999999,0,8,99.86000000000001,3,True
CHEMBL259778,Cn1nnc2c1C(=O)c1cnncc1C2=O,LEISHMANIASIS,4.4089353929735005,DNA topoisomerase,<rdkit.Chem.rdchem.Mol object at 0x0000021ACD97FA00>,[0 0 0 ... 0 0 0],O=C1c2cnncc2C(=O)c2[nH]nnc21,215.172,-0.6195000000000002,0,7,90.63,0,True
CHEMBL259850,COc1ccc(CNC(=O)Nc2ncc([N+](=O)[O-])s2)cc1,LEISHMANIASIS,5.795880017344075,Cysteine protease,<rdkit.Chem.rdchem.Mol object at 0x0000021ACD97F990>,[0 0 0 ... 0 0 0],O=C(NCc1ccccc1)Nc1nccs1,308.319,2.3815999999999997,2,6,106.39000000000001,5,True
CHEMBL261330,CCCn1nc2c(n1)C(=O)c1cnncc1C2=O,LEISHMANIASIS,4.35261702988538,DNA topoisomerase,<rdkit.Chem.rdchem.Mol object at 0x0000021ACD97F920>,[0 0 0 ... 0 0 0],O=C1c2cnncc2C(=O)c2n[nH]nc21,243.226,0.25349999999999984,0,7,90.63,2,True
CHEMBL259989,Cn1nc2c(n1)C(=O)c1cnncc1C2=O,LEISHMANIASIS,4.254925208417943,DNA topoisomerase,<rdkit.Chem.rdchem.Mol object at 0x0000021ACD97F8B0>,[0 0 0 ... 0 0 0],O=C1c2cnncc2C(=O)c2n[nH]nc21,215.172,-0.6195000000000002,0,7,90.63,0,True
CHEMBL259990,O=C1c2cnncc2C(=O)c2[nH]nnc21,LEISHMANIASIS,4.277366077466188,DNA topoisomerase,<rdkit.Chem.rdchem.Mol object at 0x0000021ACD97F840>,[0 0 0 ... 0 0 0],O=C1c2cnncc2C(=O)c2[nH]nnc21,201.145,-0.6299000000000001,1,6,101.49000000000001,0,True
CHEMBL261341,CC(C)Cn1nnc2c1C(=O)c1cnncc1C2=O,LEISHMANIASIS,4.525783735923745,DNA topoisomerase,<rdkit.Chem.rdchem.Mol object at 0x0000021ACD97F7D0>,[0 1 0 ... 0 0 0],O=C1c2cnncc2C(=O)c2[nH]nnc21,257.253,0.49949999999999983,0,7,90.63,2,True
CHEMBL261342,CC(C)n1nc2c(n1)C(=O)c1cnncc1C2=O,LEISHMANIASIS,4.263603497723357,DNA topoisomerase,<rdkit.Chem.rdchem.Mol object at 0x0000021ACD97F760>,[0 1 0 ... 0 0 0],O=C1c2cnncc2C(=O)c2n[nH]nc21,243.226,0.4243999999999999,0,7,90.63,1,True
CHEMBL261876,CCn1nc2c(n1)C(=O)c1cnncc1C2=O,LEISHMANIASIS,4.211124884224583,DNA topoisomerase,<rdkit.Chem.rdchem.Mol object at 0x0000021ACD97F6F0>,[0 0 0 ... 0 0 0],O=C1c2cnncc2C(=O)c2n[nH]nc21,229.19899999999998,-0.13660000000000005,0,7,90.63,1,True
CHEMBL262982,Cc1cc(-c2c(F)cc3/c(=N/NC(N)=O)ccn(C4CC4)c3c2F)cc(C)n1,LEISHMANIASIS,5.508638306165727,DNA topoisomerase,<rdkit.Chem.rdchem.Mol object at 0x0000021ACD97F680>,[0 0 0 ... 0 0 0],N=c1ccn(C2CC2)c2cc(-c3ccncc3)ccc12,383.4020000000002,3.4172400000000014,2,4,85.3,3,True
CHEMBL265619,CCCCCC(=O)O[C@H](CC=C(C)C)C1=CC(=O)c2c(O)ccc(O)c2C1=O,LEISHMANIASIS,3.684029654543082,DNA topoisomerase,<rdkit.Chem.rdchem.Mol object at 0x0000021ACD97F610>,[0 1 0 ... 0 0 0],O=C1C=CC(=O)c2ccccc21,386.44400000000013,4.251600000000005,2,6,100.9,8,True
CHEMBL4459938,O=C(O)c1cn(Cc2ccc(-c3ccccc3)cc2)c2cc(NC[C@H]3CCNC3)c(F)cc2c1=O,LEISHMANIASIS,3.998266287191,DNA topoisomerase,<rdkit.Chem.rdchem.Mol object at 0x0000021ACD97F5A0>,[0 0 0 ... 0 0 0],O=c1ccn(Cc2ccc(-c3ccccc3)cc2)c2cc(NCC3CCNC3)ccc12,471.5320000000003,4.575500000000003,3,5,83.35999999999999,7,True
CHEMBL267049,CCCCCCCC/C=C/CCCCCCCC(=O)O[C@H](CC=C(C)C)C1=CC(=O)c2c(O)ccc(O)c2C1=O,LEISHMANIASIS,3.204119982655925,DNA topoisomerase,<rdkit.Chem.rdchem.Mol object at 0x0000021ACD97F530>,[0 1 0 ... 0 0 0],O=C1C=CC(=O)c2ccccc21,552.7520000000002,8.708800000000002,2,6,100.9,19,False
CHEMBL266355,CCCCCCCCCCCC(=O)O[C@H](CC=C(C)C)C1=CC(=O)c2c(O)ccc(O)c2C1=O,LEISHMANIASIS,3.204119982655925,DNA topoisomerase,<rdkit.Chem.rdchem.Mol object at 0x0000021ACD97F4C0>,[0 1 0 ... 0 0 0],O=C1C=CC(=O)c2ccccc21,470.6060000000002,6.592200000000008,2,6,100.9,14,False
CHEMBL415,CN(C)CCCN1c2ccccc2CCc2ccc(Cl)cc21,LEISHMANIASIS,5.187086643357144,Trypanothione reductase,<rdkit.Chem.rdchem.Mol object at 0x0000021ACD97F450>,[0 0 0 ... 0 0 0],c1ccc2c(c1)CCc1ccccc1N2,314.86,4.528400000000004,0,2,6.48,4,True
CHEMBL267024,CC(C)=CC[C@@H](OC(=O)C=C(C)C)C1=CC(=O)c2c(O)ccc(O)c2C1=O,LEISHMANIASIS,4.113509274827518,DNA topoisomerase,<rdkit.Chem.rdchem.Mol object at 0x0000021ACD97F3E0>,[0 1 0 ... 0 0 0],O=C1C=CC(=O)c2ccccc21,370.4010000000001,3.6375000000000033,2,6,100.9,5,True
CHEMBL267017,Cc1cc(-c2c(F)cc3c(=O)c(Cc4cccc5ccccc45)cn(C4CC4)c3c2F)cc(C)n1,LEISHMANIASIS,3.677780705266081,DNA topoisomerase,<rdkit.Chem.rdchem.Mol object at 0x0000021ACD97F370>,[0 0 0 ... 0 0 0],O=c1c(Cc2cccc3ccccc23)cn(C2CC2)c2cc(-c3ccncc3)ccc12,466.53100000000023,7.0374400000000055,0,3,34.89,4,False
CHEMBL267251,Cc1cc(-c2c(F)cc3c(=O)c(Cc4c[nH]cn4)cn(C4CC4)c3c2F)cc(C)n1,LEISHMANIASIS,5.795880017344075,DNA topoisomerase,<rdkit.Chem.rdchem.Mol object at 0x0000021ACD97F300>,[0 0 0 ... 0 0 0],O=c1c(Cc2c[nH]cn2)cn(C2CC2)c2cc(-c3ccncc3)ccc12,406.4360000000002,4.607340000000003,1,4,63.57,4,True
CHEMBL267275,CC/C=C/C(=O)O[C@H](CC=C(C)C)C1=CC(=O)c2c(O)ccc(O)c2C1=O,LEISHMANIASIS,4.096910013008056,DNA topoisomerase,<rdkit.Chem.rdchem.Mol object at 0x0000021ACD97F290>,[0 1 0 ... 0 0 0],O=C1C=CC(=O)c2ccccc21,370.4010000000001,3.6375000000000033,2,6,100.9,6,True
CHEMBL267856,CC(CN(C)C)Nc1c2ccccc2[n+](C)c2c1[nH]c1ccccc12.[Cl-],LEISHMANIASIS,4.0,Cysteine protease,<rdkit.Chem.rdchem.Mol object at 0x0000021ACD97F220>,[0 1 0 ... 0 0 0],c1ccc2[nH+]c3c(cc2c1)[nH]c1ccccc13,368.91200000000003,0.6648000000000007,2,2,34.94,4,True
CHEMBL268290,CCc1c2c(nc3cnc(C(=O)NCCN(C)C)cc13)-c1cc3c(c(=O)n1C2)COC(=O)[C@]3(O)CC,LEISHMANIASIS,5.030211462585061,DNA topoisomerase,<rdkit.Chem.rdchem.Mol object at 0x0000021ACD97F1B0>,[0 0 0 ... 0 0 0],O=C1Cc2cc3n(c(=O)c2CO1)Cc1cc2ccncc2nc1-3,491.54800000000034,1.3283999999999991,2,9,126.65000000000002,6,True
CHEMBL268458,Cc1cc(-c2c(F)cc3c(=O)c(Cc4ccccc4O)cn(C4CC4)c3c2F)cc(C)n1,LEISHMANIASIS,6.481486060122113,DNA topoisomerase,<rdkit.Chem.rdchem.Mol object at 0x0000021ACD97F140>,[0 0 0 ... 0 0 0],O=c1c(Cc2ccccc2)cn(C2CC2)c2cc(-c3ccncc3)ccc12,432.4700000000002,5.589840000000004,1,4,55.12,4,False
CHEMBL4460751,O=C(Nc1cccc(OC(F)F)c1)c1c(O)n(-c2ccccc2)c(=S)n(-c2ccccc2)c1=O,LEISHMANIASIS,4.991399828238082,DNA topoisomerase,<rdkit.Chem.rdchem.Mol object at 0x0000021ACD97F0D0>,[0 1 0 ... 0 0 0],O=C(Nc1ccccc1)c1cn(-c2ccccc2)c(=S)n(-c2ccccc2)c1=O,481.48000000000013,4.916990000000003,2,7,85.49000000000001,6,True
CHEMBL266468,CCC1(O)C(=O)OCc2c1cc1n(c2=O)Cc2cc3cc(OCCNC(=O)c4cc(NC(=O)c5cc(NC(=O)c6ccc(NC(=O)CCCN(C)C)n6COC)cn5COC)cn4COC)ccc3nc2-1,LEISHMANIASIS,5.704872914747809,DNA topoisomerase,<rdkit.Chem.rdchem.Mol object at 0x0000021ACD97F060>,[0 0 0 ... 0 0 0],O=C1Cc2cc3n(c(=O)c2CO1)Cc1cc2cc(OCCNC(=O)c4cc(NC(=O)c5cc(NC(=O)c6ccc[nH]6)c[nH]5)c[nH]4)ccc2nc1-3,977.0449999999994,3.8895000000000044,5,18,252.76999999999998,21,False
CHEMBL266603,CC/C=C/CC(=O)O[C@H](CC=C(C)C)C1=CC(=O)c2c(O)ccc(O)c2C1=O,LEISHMANIASIS,3.815308569182401,DNA topoisomerase,<rdkit.Chem.rdchem.Mol object at 0x0000021ACD97EFF0>,[0 1 0 ... 0 0 0],O=C1C=CC(=O)c2ccccc21,384.4280000000001,4.027600000000005,2,6,100.9,7,True
CHEMBL422,CN1CCN(CCCN2c3ccccc3Sc3ccc(C(F)(F)F)cc32)CC1,LEISHMANIASIS,4.390469833775569,Trypanothione reductase,<rdkit.Chem.rdchem.Mol object at 0x0000021ACD97EF80>,[0 0 0 ... 0 0 0],c1ccc2c(c1)Sc1ccccc1N2CCCN1CCNCC1,407.50500000000017,4.945600000000005,0,4,9.72,4,True
CHEMBL268978,CCc1c2c(nc3cnc(C#CCN)cc13)-c1cc3c(c(=O)n1C2)COC(=O)[C@]3(O)CC,LEISHMANIASIS,5.968591535748375,DNA topoisomerase,<rdkit.Chem.rdchem.Mol object at 0x0000021ACD97EF10>,[0 0 0 ... 0 0 0],O=C1Cc2cc3n(c(=O)c2CO1)Cc1cc2ccncc2nc1-3,430.4640000000003,1.3472,2,8,120.33000000000003,2,True
CHEMBL4460834,C[C@@H]1CN2c3c(cc4c(N5C[C@@H](C)SC5=O)noc4c3F)CC3(C(=O)NC(=O)NC3=O)[C@H]2[C@H](C)O1,LEISHMANIASIS,3.6989700043360183,DNA topoisomerase,<rdkit.Chem.rdchem.Mol object at 0x0000021ACD97EEA0>,[0 0 0 ... 0 0 1],O=C1NC(=O)C2(Cc3cc4c(N5CCSC5=O)noc4cc3N3CCOCC32)C(=O)N1,503.5120000000002,1.9192999999999996,2,9,134.07999999999998,1,False
CHEMBL269800,CSc1nc2c(Nc3cccc(Cl)c3)c3ccccc3nc2s1,LEISHMANIASIS,4.673664139071248,DNA topoisomerase,<rdkit.Chem.rdchem.Mol object at 0x0000021ACD97EE30>,[0 0 0 ... 0 0 0],c1ccc(Nc2c3ccccc3nc3scnc23)cc1,357.8910000000001,5.963400000000003,1,5,37.81,3,False
CHEMBL270857,CSc1nc2c(Nc3cccc(C(F)(F)F)c3)c3ccccc3nc2s1,LEISHMANIASIS,4.811915626285062,DNA topoisomerase,<rdkit.Chem.rdchem.Mol object at 0x0000021ACD97EDC0>,[0 0 0 ... 0 0 0],c1ccc(Nc2c3ccccc3nc3scnc23)cc1,391.4430000000001,6.328800000000002,1,5,37.81,3,False
CHEMBL4460858,Fc1ccc(-c2cc(-c3ccc(C(F)(F)F)cc3)nc3c(P(=S)(c4ccccc4)c4ccccc4)cccc23)cc1,LEISHMANIASIS,4.562407967746038,DNA topoisomerase,<rdkit.Chem.rdchem.Mol object at 0x0000021ACD97ED50>,[0 0 0 ... 0 0 0],S=P(c1ccccc1)(c1ccccc1)c1cccc2c(-c3ccccc3)cc(-c3ccccc3)nc12,583.5900000000001,8.482500000000005,0,2,12.89,5,False
CHEMBL271063,CNc1cccc(Nc2c3ccccc3nc3sc(SC)nc23)c1,LEISHMANIASIS,4.911155437272996,DNA topoisomerase,<rdkit.Chem.rdchem.Mol object at 0x0000021ACD97ECE0>,[0 0 0 ... 0 0 0],c1ccc(Nc2c3ccccc3nc3scnc23)cc1,352.4880000000001,5.351700000000002,2,6,49.84,4,False
CHEMBL270995,Cc1cc2c(F)c(Oc3ncnn4cc(OC[C@@H](C)OC(=O)[C@H](C)N)c(C)c34)ccc2[nH]1,LEISHMANIASIS,4.522878745280337,DNA topoisomerase,<rdkit.Chem.rdchem.Mol object at 0x0000021ACD97EC70>,[0 1 0 ... 0 0 1],c1cc2c(Oc3ccc4[nH]ccc4c3)ncnn2c1,441.46300000000025,3.4165400000000004,2,8,116.76000000000002,7,True
CHEMBL4461116,Cc1ccc(-c2ccc3ncc(-c4nnco4)c(NCCCn4ccnc4)c3c2)cc1,LEISHMANIASIS,5.700331433503756,DNA topoisomerase,<rdkit.Chem.rdchem.Mol object at 0x0000021ACD97EC00>,[0 0 0 ... 0 0 0],c1ccc(-c2ccc3ncc(-c4nnco4)c(NCCCn4ccnc4)c3c2)cc1,410.48100000000017,4.958920000000003,1,7,81.66000000000001,7,True
CHEMBL4461347,CC(c1nc(-c2ccncc2)no1)n1cc(C(=O)O)c(=O)c2cc(F)c(N3CC[C@@H](CN)C3)cc21,LEISHMANIASIS,3.6989700043360183,DNA topoisomerase,<rdkit.Chem.rdchem.Mol object at 0x0000021ACD97EB90>,[0 1 0 ... 0 0 0],O=c1ccn(Cc2nc(-c3ccncc3)no2)c2cc(N3CCCC3)ccc12,478.4840000000003,2.6781000000000006,2,9,140.37,6,True
CHEMBL4461057,COc1cc(NC(=O)c2c(O)n(-c3ccccc3)c(=S)n(-c3ccccc3)c2=O)ccc1F,LEISHMANIASIS,4.647817481888637,DNA topoisomerase,<rdkit.Chem.rdchem.Mol object at 0x0000021ACD97EB20>,[0 0 0 ... 0 0 0],O=C(Nc1ccccc1)c1cn(-c2ccccc2)c(=S)n(-c2ccccc2)c1=O,463.4900000000001,4.463290000000003,2,7,85.49000000000001,5,True
CHEMBL273734,CCc1c2c(nc3cnc(Br)cc13)-c1cc3c(c(=O)n1C2)COC(=O)[C@]3(O)CC,LEISHMANIASIS,6.913640169325252,DNA topoisomerase,<rdkit.Chem.rdchem.Mol object at 0x0000021ACD97EAB0>,[0 0 0 ... 0 0 0],O=C1Cc2cc3n(c(=O)c2CO1)Cc1cc2ccncc2nc1-3,456.29600000000033,2.799500000000001,1,7,94.31000000000002,2,True
CHEMBL273862,CC[C@@]1(O)C(=O)OCc2c1cc1n(c2=O)Cc2cc3cc(O)ccc3nc2-1,LEISHMANIASIS,6.958607314841775,DNA topoisomerase,<rdkit.Chem.rdchem.Mol object at 0x0000021ACD97EA40>,[0 0 0 ... 0 0 0],O=C1Cc2cc3n(c(=O)c2CO1)Cc1cc2ccccc2nc1-3,364.3570000000001,1.7852,2,7,101.65,1,True
CHEMBL274070,CC[C@@]1(O)C(=O)OCc2c1cc1n(c2=O)Cc2cc3c(N)cccc3nc2-1,LEISHMANIASIS,5.7447274948966935,DNA topoisomerase,<rdkit.Chem.rdchem.Mol object at 0x0000021ACD97E9D0>,[0 0 0 ... 0 0 0],O=C1Cc2cc3n(c(=O)c2CO1)Cc1cc2ccccc2nc1-3,363.3730000000001,1.6618000000000002,2,7,107.44,1,True
CHEMBL275538,CCc1c2c(nc3cnc(CCCN(C)C)cc13)-c1cc3c(c(=O)n1C2)COC(=O)[C@]3(O)CC,LEISHMANIASIS,5.82564940252062,DNA topoisomerase,<rdkit.Chem.rdchem.Mol object at 0x0000021ACD97E960>,[0 0 0 ... 0 0 0],O=C1Cc2cc3n(c(=O)c2CO1)Cc1cc2ccncc2nc1-3,462.5500000000003,2.5312,1,8,97.55,6,True
CHEMBL275665,CC(C(C)N1CC(=O)NC(=O)C1)N1CC(=O)NC(=O)C1,LEISHMANIASIS,4.856985199745905,DNA topoisomerase,<rdkit.Chem.rdchem.Mol object at 0x0000021ACD97E8F0>,[0 1 0 ... 0 0 0],O=C1CN(CCN2CC(=O)NC(=O)C2)CC(=O)N1,282.3,-2.3197999999999954,2,6,98.82,3,True
CHEMBL277008,O=C1c2c(c3c4cccc(O)c4n(C4OC(CO)C(O)C(O)C4O)c3c3[nH]c4c(O)cccc4c23)C(=O)N1NC(CO)CO,LEISHMANIASIS,5.268801001050522,DNA topoisomerase,<rdkit.Chem.rdchem.Mol object at 0x0000021ACD97E880>,[0 1 0 ... 0 0 0],O=C1NC(=O)c2c1c1c3ccccc3[nH]c1c1c2c2ccccc2n1C1CCCCO1,608.5600000000002,-0.7336000000000009,10,13,241.19999999999996,6,False
CHEMBL275938,O=C(O)C1=CC(=C(c2ccc(O)c(C(=O)O)c2)c2ccc(O)c(C(=O)O)c2)C=CC1=O,LEISHMANIASIS,5.886056647693163,Cysteine protease,<rdkit.Chem.rdchem.Mol object at 0x0000021ACD97E810>,[0 0 0 ... 0 0 0],O=C1C=CC(=C(c2ccccc2)c2ccccc2)C=C1,422.34500000000014,2.4460000000000006,5,6,169.42999999999998,5,True
CHEMBL277408,CS(=O)(=O)NN1C(=O)c2c(c3c4cccc(O)c4n(C4OC(CO)C(O)C(O)C4O)c3c3[nH]c4c(O)cccc4c23)C1=O,LEISHMANIASIS,5.268801001050522,DNA topoisomerase,<rdkit.Chem.rdchem.Mol object at 0x0000021ACD97E7A0>,[0 0 0 ... 0 0 0],O=C1NC(=O)c2c1c1c3ccccc3[nH]c1c1c2c2ccccc2n1C1CCCCO1,612.5730000000002,-0.12719999999999998,8,12,234.87999999999997,4,False
CHEMBL277667,CNN1C(=O)c2c(c3c4cccc(O)c4n(C4OC(CO)C(O)C(O)C4O)c3c3[nH]c4c(O)cccc4c23)C1=O,LEISHMANIASIS,5.378480975656853,DNA topoisomerase,<rdkit.Chem.rdchem.Mol object at 0x0000021ACD97E730>,[0 0 0 ... 0 0 0],O=C1NC(=O)c2c1c1c3ccccc3[nH]c1c1c2c2ccccc2n1C1CCCCO1,548.5080000000002,0.5429999999999999,8,11,200.73999999999998,3,False
CHEMBL276448,C=CCCC(=O)O[C@H](CC=C(C)C)C1=CC(=O)c2c(O)ccc(O)c2C1=O,LEISHMANIASIS,4.3979400086720375,DNA topoisomerase,<rdkit.Chem.rdchem.Mol object at 0x0000021ACD97E6C0>,[0 1 0 ... 0 0 0],O=C1C=CC(=O)c2ccccc21,370.40100000000007,3.6375000000000033,2,6,100.9,7,True
CHEMBL274993,O=C1/C(=C/c2ccccc2)CCC/C1=C\c1ccccc1,LEISHMANIASIS,4.33913452199613,Trypanothione reductase,<rdkit.Chem.rdchem.Mol object at 0x0000021ACD97E650>,[0 0 0 ... 0 0 0],O=C1C(=Cc2ccccc2)CCCC1=Cc1ccccc1,274.36299999999994,4.9066000000000045,0,1,17.07,2,True
CHEMBL276460,CC[C@@]1(O)C(=O)OCc2c1cc1n(c2=O)Cc2c-1nc1cnc(CN)cc1c2C,LEISHMANIASIS,6.634512015109101,DNA topoisomerase,<rdkit.Chem.rdchem.Mol object at 0x0000021ACD97E5E0>,[0 0 0 ... 0 0 0],O=C1Cc2cc3n(c(=O)c2CO1)Cc1cc2ccncc2nc1-3,392.41500000000013,1.2417199999999997,2,8,120.33,2,True
CHEMBL275029,CCCCCCCCCC(=O)O[C@H](CC=C(C)C)C1=CC(=O)c2c(O)ccc(O)c2C1=O,LEISHMANIASIS,3.204119982655925,DNA topoisomerase,<rdkit.Chem.rdchem.Mol object at 0x0000021ACD97E570>,[0 1 0 ... 0 0 0],O=C1C=CC(=O)c2ccccc21,442.5520000000002,5.812000000000007,2,6,100.9,12,False
CHEMBL275134,CC[C@@]1(O)C(=O)OCc2c1cc1n(c2=O)Cc2c-1nc1c[n+]([O-])c(CN)cc1c2C,LEISHMANIASIS,6.721246399047171,DNA topoisomerase,<rdkit.Chem.rdchem.Mol object at 0x0000021ACD97E500>,[0 0 0 ... 0 0 0],O=C1Cc2cc3n(c(=O)c2CO1)Cc1cc2cc[nH+]cc2nc1-3,408.41400000000016,0.48012000000000066,2,8,134.38,2,True
CHEMBL275224,c1ccc2c(c1)[nH]c1cnccc12,LEISHMANIASIS,4.508638306165727,DNA topoisomerase,<rdkit.Chem.rdchem.Mol object at 0x0000021ACD97E490>,[0 0 0 ... 0 0 0],c1ccc2c(c1)[nH]c1cnccc12,168.19899999999998,2.7161,1,1,28.68,0,True
CHEMBL276820,CCC1(O)C(=O)OCc2c1cc1n(c2=O)Cc2cc3ccccc3nc2-1,LEISHMANIASIS,5.824875990832918,DNA topoisomerase,<rdkit.Chem.rdchem.Mol object at 0x0000021ACD97E420>,[0 0 0 ... 0 0 0],O=C1Cc2cc3n(c(=O)c2CO1)Cc1cc2ccccc2nc1-3,348.35800000000006,2.0796,1,6,81.42,1,True
CHEMBL278071,CN(C)N1C(=O)c2c(c3c4cccc(O)c4n(C4OC(CO)C(O)C(O)C4O)c3c3[nH]c4c(O)cccc4c23)C1=O,LEISHMANIASIS,4.650514997831991,DNA topoisomerase,<rdkit.Chem.rdchem.Mol object at 0x0000021ACD97E3B0>,[0 0 0 ... 0 0 0],O=C1NC(=O)c2c1c1c3ccccc3[nH]c1c1c2c2ccccc2n1C1CCCCO1,562.5350000000002,0.8851999999999993,7,11,191.95,3,False
CHEMBL276829,CN(C)Cc1ccc(Nc2ccc(NC(=O)CCCCCC(=O)Nc3cccc(Sc4ccc(Br)cc4NC(=O)CCN4CCN(C)CC4)c3)c3c2C(=O)c2ccccc2C3=O)cc1,LEISHMANIASIS,5.481486060122113,Trypanothione reductase,<rdkit.Chem.rdchem.Mol object at 0x0000021ACD97E340>,[0 1 0 ... 0 0 0],O=C(CCCCCC(=O)Nc1ccc(Nc2ccccc2)c2c1C(=O)c1ccccc1C2=O)Nc1cccc(Sc2ccccc2NC(=O)CCN2CCNCC2)c1,944.9969999999995,9.284600000000001,4,10,143.18999999999997,18,False
CHEMBL279035,O=C(O)c1ccc(NN2C(=O)c3c(c4c5cccc(O)c5n(C5OC(CO)C(O)C(O)C5O)c4c4[nH]c5c(O)cccc5c34)C2=O)cc1,LEISHMANIASIS,5.548455006504028,DNA topoisomerase,<rdkit.Chem.rdchem.Mol object at 0x0000021ACD97E2D0>,[0 0 0 ... 0 0 0],O=C1c2c(c3c4ccccc4n(C4CCCCO4)c3c3[nH]c4ccccc4c23)C(=O)N1Nc1ccccc1,654.5880000000002,2.133899999999999,9,12,238.03999999999996,5,False
CHEMBL277039,NC(=O)NN1C(=O)c2c(c3c4cccc(O)c4n(C4OC(CO)C(O)C(O)C4O)c3c3[nH]c4c(O)cccc4c23)C1=O,LEISHMANIASIS,5.372363747448347,DNA topoisomerase,<rdkit.Chem.rdchem.Mol object at 0x0000021ACD97E260>,[0 0 0 ... 0 0 0],O=C1NC(=O)c2c1c1c3ccccc3[nH]c1c1c2c2ccccc2n1C1CCCCO1,577.5060000000002,-0.008099999999999496,9,11,243.82999999999996,3,False
CHEMBL277840,COc1ccc2nc3cc(Cl)ccc3c(NCCNC(=O)NCc3ccccc3)c2c1,LEISHMANIASIS,4.714442690992226,Trypanothione reductase,<rdkit.Chem.rdchem.Mol object at 0x0000021ACD97E1F0>,[0 0 0 ... 0 0 0],O=C(NCCNc1c2ccccc2nc2ccccc12)NCc1ccccc1,434.9270000000002,4.961300000000003,3,4,75.28,7,True
CHEMBL278757,CN(C)CC(=O)NN1C(=O)c2c(c3c4cccc(O)c4n(C4OC(CO)C(O)C(O)C4O)c3c3[nH]c4c(O)cccc4c23)C1=O,LEISHMANIASIS,6.769551078621726,DNA topoisomerase,<rdkit.Chem.rdchem.Mol object at 0x0000021ACD97E180>,[0 0 0 ... 0 0 0],O=C1NC(=O)c2c1c1c3ccccc3[nH]c1c1c2c2ccccc2n1C1CCCCO1,619.5870000000002,0.001400000000000956,8,12,221.04999999999998,5,False
CHEMBL278029,CCN(CC)C(=O)CCCC(=O)Nc1cccc(Sc2ccc(Br)cc2NC(=O)CCN2CCN(C)CC2)c1,LEISHMANIASIS,4.221848749616356,Trypanothione reductase,<rdkit.Chem.rdchem.Mol object at 0x0000021ACD97E110>,[0 0 0 ... 0 0 0],O=C(CCN1CCNCC1)Nc1ccccc1Sc1ccccc1,618.6419999999998,5.153500000000005,2,6,84.99,13,False
CHEMBL277432,O=C(NN1C(=O)c2c(c3c4cccc(O)c4n(C4OC(CO)C(O)C(O)C4O)c3c3[nH]c4c(O)cccc4c23)C1=O)c1ccccc1,LEISHMANIASIS,7.2839966563652,DNA topoisomerase,<rdkit.Chem.rdchem.Mol object at 0x0000021ACD97E0A0>,[0 0 0 ... 0 0 0],O=C(NN1C(=O)c2c(c3c4ccccc4n(C4CCCCO4)c3c3[nH]c4ccccc4c23)C1=O)c1ccccc1,638.5890000000002,1.7535999999999996,8,11,217.80999999999997,4,False
CHEMBL277535,c1ccc(-c2ccc(C(c3ccccc3)n3ccnc3)cc2)cc1,LEISHMANIASIS,5.070581074285707,Cysteine protease,<rdkit.Chem.rdchem.Mol object at 0x0000021ACD97E030>,[0 1 0 ... 0 0 0],c1ccc(-c2ccc(C(c3ccccc3)n3ccnc3)cc2)cc1,310.40000000000003,5.187800000000005,0,2,17.82,4,False
CHEMBL279374,CN1CCN(CCC(=O)Nc2cc(Br)ccc2Sc2cccc(NC(=O)CCCC(=O)Nc3cccc(Sc4ccc(Br)cc4NC(=O)CCN4CCN(C)CC4)c3)c2)CC1,LEISHMANIASIS,6.259637310505756,Trypanothione reductase,<rdkit.Chem.rdchem.Mol object at 0x0000021ACD97DFC0>,[0 0 0 ... 0 0 0],O=C(CCCC(=O)Nc1cccc(Sc2ccccc2NC(=O)CCN2CCNCC2)c1)Nc1cccc(Sc2ccccc2NC(=O)CCN2CCNCC2)c1,994.9209999999995,8.413500000000006,4,10,129.35999999999999,18,False
CHEMBL280609,CCN(CC)CCn1nc2c3c(c(CNC=O)ccc31)Sc1ccc(OC)cc1-2,LEISHMANIASIS,3.619788758288394,DNA topoisomerase,<rdkit.Chem.rdchem.Mol object at 0x0000021ACD97DF50>,[0 0 0 ... 0 0 0],c1ccc2c(c1)Sc1cccc3[nH]nc-2c13,410.5430000000002,3.7643000000000013,1,6,59.39,9,True
CHEMBL279832,CN1CCN(CCC(=O)Nc2cc(Br)ccc2Sc2cccc(NC(=O)CCCC(=O)NC(c3ccccc3)c3ccccc3)c2)CC1,LEISHMANIASIS,4.552841968657781,Trypanothione reductase,<rdkit.Chem.rdchem.Mol object at 0x0000021ACD97DEE0>,[0 1 0 ... 1 0 0],O=C(CCCC(=O)NC(c1ccccc1)c1ccccc1)Nc1cccc(Sc2ccccc2NC(=O)CCN2CCNCC2)c1,728.7570000000002,7.190900000000007,3,6,93.78,14,False
CHEMBL279833,CN1CCN(CCC(=O)Nc2cc(Br)ccc2Sc2cccc(NC(=O)CCCC(=O)NCC3CCCCC3)c2)CC1,LEISHMANIASIS,4.327902142064283,Trypanothione reductase,<rdkit.Chem.rdchem.Mol object at 0x0000021ACD97DE70>,[0 0 1 ... 0 0 0],O=C(CCCC(=O)Nc1cccc(Sc2ccccc2NC(=O)CCN2CCNCC2)c1)NCC1CCCCC1,658.7069999999998,5.981600000000006,3,6,93.78,13,False
CHEMBL278101,CCC(=O)NN1C(=O)c2c(c3c4cccc(O)c4n(C4OC(CO)C(O)C(O)C4O)c3c3[nH]c4c(O)cccc4c23)C1=O,LEISHMANIASIS,5.309894379144197,DNA topoisomerase,<rdkit.Chem.rdchem.Mol object at 0x0000021ACD97DE00>,[0 0 0 ... 0 0 0],O=C1NC(=O)c2c1c1c3ccccc3[nH]c1c1c2c2ccccc2n1C1CCCCO1,590.5450000000002,0.8497999999999997,8,11,217.80999999999997,4,False
CHEMBL278203,CN1CCN(CCC(=O)Nc2cc(Br)ccc2Sc2cccc(NC(=O)CCCC(=O)NCc3ccc4c(c3)OCO4)c2)CC1,LEISHMANIASIS,4.481486060122113,Trypanothione reductase,<rdkit.Chem.rdchem.Mol object at 0x0000021ACD97DD90>,[0 0 0 ... 0 0 0],O=C(CCCC(=O)Nc1cccc(Sc2ccccc2NC(=O)CCN2CCNCC2)c1)NCc1ccc2c(c1)OCO2,696.668,5.330200000000004,3,8,112.24000000000001,13,False
CHEMBL278526,N#CCC(=O)NN1C(=O)c2c(c3c4cccc(O)c4n(C4OC(CO)C(O)C(O)C4O)c3c3[nH]c4c(O)cccc4c23)C1=O,LEISHMANIASIS,5.280333653084869,DNA topoisomerase,<rdkit.Chem.rdchem.Mol object at 0x0000021ACD97DD20>,[0 0 0 ... 0 0 0],O=C1NC(=O)c2c1c1c3ccccc3[nH]c1c1c2c2ccccc2n1C1CCCCO1,601.5280000000001,0.35348000000000007,8,12,241.59999999999997,4,False
CHEMBL279905,C[N+](C)(C)CCCN1c2ccccc2Sc2ccc(Cl)cc21.[I-],LEISHMANIASIS,5.255724641749778,Trypanothione reductase,<rdkit.Chem.rdchem.Mol object at 0x0000021ACD97DCB0>,[0 0 0 ... 0 0 0],c1ccc2c(c1)Nc1ccccc1S2,460.81200000000007,2.0429999999999997,0,2,3.24,4,True
CHEMBL279101,Oc1nc(-c2cnc3ccccc3c2)nc2ccccc12,LEISHMANIASIS,4.6020599913279625,DNA topoisomerase,<rdkit.Chem.rdchem.Mol object at 0x0000021ACD97DC40>,[0 0 0 ... 0 0 0],c1ccc2ncc(-c3ncc4ccccc4n3)cc2c1,273.295,3.550600000000001,1,4,58.900000000000006,1,True
CHEMBL279108,CN1CCN(CCC(=O)Nc2cc(Br)ccc2Sc2cccc(NC(=O)CCCCCC(=O)Nc3ccccc3)c2)CC1,LEISHMANIASIS,4.853871964321762,Trypanothione reductase,<rdkit.Chem.rdchem.Mol object at 0x0000021ACD97DBD0>,[0 0 0 ... 0 0 0],O=C(CCCCCC(=O)Nc1cccc(Sc2ccccc2NC(=O)CCN2CCNCC2)c1)Nc1ccccc1,666.6860000000001,6.704000000000006,3,6,93.78,14,False
CHEMBL281022,CCN(CC)CCn1nc2c3c(c(CN)ccc31)Sc1ccccc1-2,LEISHMANIASIS,3.6020599913279625,DNA topoisomerase,<rdkit.Chem.rdchem.Mol object at 0x0000021ACD97DB60>,[0 0 0 ... 0 0 0],c1ccc2c(c1)Sc1cccc3[nH]nc-2c13,352.50700000000006,3.9684000000000026,1,5,47.08,6,True
CHEMBL4461990,COc1c(N2CC[C@@H](CN)C2)c(F)cc2c(=O)c(C(=O)O)cn(Cc3ccc4ccccc4c3)c12,LEISHMANIASIS,4.071544366076664,DNA topoisomerase,<rdkit.Chem.rdchem.Mol object at 0x0000021ACD97DAF0>,[0 0 0 ... 0 0 0],O=c1ccn(Cc2ccc3ccccc3c2)c2cc(N3CCCC3)ccc12,475.52000000000015,3.8339000000000025,2,6,97.78999999999999,6,True
CHEMBL4462070,Oc1ccc(-c2ccc3ncc(-c4nnco4)c(NCCCn4ccnc4)c3c2)cc1,LEISHMANIASIS,5.0,DNA topoisomerase,<rdkit.Chem.rdchem.Mol object at 0x0000021ACD97DA80>,[0 0 0 ... 0 0 0],c1ccc(-c2ccc3ncc(-c4nnco4)c(NCCCn4ccnc4)c3c2)cc1,412.4530000000002,4.356100000000002,2,8,101.89,7,True
CHEMBL4462115,CCOc1cccc(NC(=O)c2c(O)n(-c3ccccc3)c(=S)n(-c3ccccc3)c2=O)c1,LEISHMANIASIS,4.906578314837765,DNA topoisomerase,<rdkit.Chem.rdchem.Mol object at 0x0000021ACD97DA10>,[0 0 0 ... 0 0 0],O=C(Nc1ccccc1)c1cn(-c2ccccc2)c(=S)n(-c2ccccc2)c1=O,459.5270000000001,4.714290000000004,2,7,85.49000000000001,6,True
CHEMBL280230,CN1CCN(CCC(=O)Nc2cc(Br)ccc2Sc2cccc(NC(=O)CCCC(=O)NCc3ccc4ccccc4c3)c2)CC1,LEISHMANIASIS,4.6020599913279625,Trypanothione reductase,<rdkit.Chem.rdchem.Mol object at 0x0000021ACD97D9A0>,[0 0 0 ... 0 0 0],O=C(CCCC(=O)Nc1cccc(Sc2ccccc2NC(=O)CCN2CCNCC2)c1)NCc1ccc2ccccc2c1,702.719,6.754700000000006,3,6,93.78,13,False
CHEMBL282655,O=C1c2c(c3c4cccc(O)c4n(C4OC(CO)C(O)C(O)C4O)c3c3[nH]c4c(O)cccc4c23)C(=O)N1NCc1cccc(O)c1,LEISHMANIASIS,5.411954370472159,DNA topoisomerase,<rdkit.Chem.rdchem.Mol object at 0x0000021ACD97D930>,[0 0 0 ... 0 0 0],O=C1c2c(c3c4ccccc4n(C4CCCCO4)c3c3[nH]c4ccccc4c23)C(=O)N1NCc1ccccc1,640.6050000000001,1.818999999999999,9,12,220.96999999999997,5,False
CHEMBL283766,N#CCCNN1C(=O)c2c(c3c4cccc(O)c4n(C4OC(CO)C(O)C(O)C4O)c3c3[nH]c4c(O)cccc4c23)C1=O,LEISHMANIASIS,5.727965977824862,DNA topoisomerase,<rdkit.Chem.rdchem.Mol object at 0x0000021ACD97D8C0>,[0 0 0 ... 0 0 0],O=C1NC(=O)c2c1c1c3ccccc3[nH]c1c1c2c2ccccc2n1C1CCCCO1,587.5450000000002,0.8268799999999998,8,12,224.52999999999994,5,False
CHEMBL283120,COc1cc([C@@H]2c3cc4c(cc3[C@H](O)[C@H]3COC(=O)[C@@H]23)OCO4)cc(OC)c1OC,LEISHMANIASIS,5.418121238009022,DNA topoisomerase,<rdkit.Chem.rdchem.Mol object at 0x0000021ACD97D850>,[0 0 0 ... 0 0 0],O=C1OCC2Cc3cc4c(cc3C(c3ccccc3)C12)OCO4,414.41000000000025,2.4092000000000002,1,8,92.68,4,True
CHEMBL281948,COC(=O)[C@@]1(O)C[C@H]2O[C@]1(C)n1c3ccccc3c3c4c(c5c6ccccc6n2c5c31)C(=O)NC4,LEISHMANIASIS,4.522878745280337,DNA topoisomerase,<rdkit.Chem.rdchem.Mol object at 0x0000021ACD97D7E0>,[0 0 0 ... 0 0 0],O=C1NCc2c1c1c3ccccc3n3c1c1c2c2ccccc2n1C1CCC3O1,467.4810000000003,3.655100000000002,2,7,94.72,1,True
CHEMBL643,CC(CN1c2ccccc2Sc2ccccc21)N(C)C,LEISHMANIASIS,3.616288478987332,Trypanothione reductase,<rdkit.Chem.rdchem.Mol object at 0x0000021ACD97D770>,[0 1 0 ... 0 0 0],c1ccc2c(c1)Nc1ccccc1S2,284.428,4.239400000000003,0,3,6.48,3,True
CHEMBL283395,CCN(CC)CCNc1ccc(CNS(C)(=O)=O)c2sc3ccccc3c(=O)c12,LEISHMANIASIS,5.522878745280337,DNA topoisomerase,<rdkit.Chem.rdchem.Mol object at 0x0000021ACD97D700>,[0 0 0 ... 0 0 0],O=c1c2ccccc2sc2ccccc12,433.5990000000002,3.217600000000002,2,6,78.50999999999999,9,True
CHEMBL282299,c1coc(-c2ccnc(-c3cccs3)c2)c1,LEISHMANIASIS,3.397940008672037,DNA topoisomerase,<rdkit.Chem.rdchem.Mol object at 0x0000021ACD97D690>,[0 0 0 ... 0 0 0],c1coc(-c2ccnc(-c3cccs3)c2)c1,227.288,4.070100000000002,0,3,26.03,2,True
CHEMBL282436,O=CNN1C(=O)c2c(c3c4cccc(O)c4n(C4OC(CO)C(O)C(O)C4O)c3c3[nH]c4c(O)cccc4c23)C1=O,LEISHMANIASIS,5.227965977824862,DNA topoisomerase,<rdkit.Chem.rdchem.Mol object at 0x0000021ACD97D620>,[0 0 0 ... 0 0 0],O=C1NC(=O)c2c1c1c3ccccc3[nH]c1c1c2c2ccccc2n1C1CCCCO1,562.4910000000002,0.0696,8,11,217.80999999999997,4,False
CHEMBL140,COc1cc(/C=C/C(=O)CC(=O)/C=C/c2ccc(O)c(OC)c2)ccc1O,LEISHMANIASIS,4.823908740944319,DNA topoisomerase,<rdkit.Chem.rdchem.Mol object at 0x0000021ACD97D5B0>,[0 0 0 ... 0 0 0],O=C(C=Cc1ccccc1)CC(=O)C=Cc1ccccc1,368.3850000000001,3.3699000000000026,2,6,93.06000000000002,8,True
CHEMBL4462449,COc1cc(CSc2nc(SCc3cccc(Cl)c3)[nH]c(=O)n2)cc(OC)c1,LEISHMANIASIS,4.266000713461613,DNA topoisomerase,<rdkit.Chem.rdchem.Mol object at 0x0000021ACD97D540>,[0 0 0 ... 0 0 0],O=c1nc(SCc2ccccc2)nc(SCc2ccccc2)[nH]1,435.9580000000002,4.420100000000004,1,7,77.10000000000001,8,True
CHEMBL288110,NCCCN1c2ccccc2Sc2ccccc21,LEISHMANIASIS,2.850165303284215,Trypanothione reductase,<rdkit.Chem.rdchem.Mol object at 0x0000021ACD97D4D0>,[0 0 0 ... 0 0 0],c1ccc2c(c1)Nc1ccccc1S2,256.374,3.638100000000003,1,3,29.259999999999998,3,True
CHEMBL288428,CCN(CC)CCN1c2ccccc2Sc2ccc(Cl)cc21,LEISHMANIASIS,4.089909454405932,Trypanothione reductase,<rdkit.Chem.rdchem.Mol object at 0x0000021ACD97D460>,[0 0 0 ... 0 0 0],c1ccc2c(c1)Nc1ccccc1S2,332.90000000000003,5.284500000000005,0,3,6.48,5,False
CHEMBL287205,CCN(CC)CCn1nc2c3c(c(CNC=O)ccc31)Sc1ccccc1-2,LEISHMANIASIS,3.585026652029182,DNA topoisomerase,<rdkit.Chem.rdchem.Mol object at 0x0000021ACD97D3F0>,[0 0 0 ... 0 0 0],c1ccc2c(c1)Sc1cccc3[nH]nc-2c13,380.5170000000001,3.755700000000002,1,5,50.160000000000004,8,True
CHEMBL286494,Cc1cc(O)c2c(=O)c3c(O)cc(O)c4c5c(O)cc(O)c6c(=O)c7c(O)cc(C)c8c1c2c(c34)c(c78)c65,LEISHMANIASIS,4.647367568841298,Cysteine protease,<rdkit.Chem.rdchem.Mol object at 0x0000021ACD97D380>,[0 0 0 ... 0 0 0],O=c1c2cccc3c4cccc5c(=O)c6cccc7c8cccc1c8c(c23)c(c54)c67,504.4500000000004,5.081040000000003,6,8,155.52,0,False
CHEMBL4462930,CC(=O)Nc1ccc(-c2ccnc3c(O)c(NC(C)=O)ccc23)cc1,LEISHMANIASIS,5.479303657420887,DNA topoisomerase,<rdkit.Chem.rdchem.Mol object at 0x0000021ACD97D310>,[0 0 0 ... 0 0 0],c1ccc(-c2ccnc3ccccc23)cc1,335.36300000000006,3.5242000000000013,3,4,91.32,3,True
CHEMBL824,NCCCN1c2ccccc2Sc2ccc(Cl)cc21,LEISHMANIASIS,3.856985199745905,Trypanothione reductase,<rdkit.Chem.rdchem.Mol object at 0x0000021ACD97D2A0>,[0 0 0 ... 0 0 0],c1ccc2c(c1)Nc1ccccc1S2,290.819,4.291500000000003,1,3,29.259999999999998,3,True
CHEMBL286882,O=C1NC(=O)c2c1c1c3ccc(O)cc3[nH]c1c1c2c2ccc(O)cc2n1C1OC(CO)C(O)C(O)C1O,LEISHMANIASIS,6.580575454631372,DNA topoisomerase,<rdkit.Chem.rdchem.Mol object at 0x0000021ACD97D230>,[0 0 0 ... 0 0 0],O=C1NC(=O)c2c1c1c3ccccc3[nH]c1c1c2c2ccccc2n1C1CCCCO1,519.4660000000002,0.6961999999999995,8,10,197.49999999999997,2,False
CHEMBL287933,O=C(CNc1ccccc1)N1c2ccccc2Sc2ccc(Cl)cc21,LEISHMANIASIS,3.5917600346881504,Trypanothione reductase,<rdkit.Chem.rdchem.Mol object at 0x0000021ACD97D1C0>,[0 0 0 ... 0 0 0],O=C(CNc1ccccc1)N1c2ccccc2Sc2ccccc21,366.8730000000001,5.581400000000003,1,3,32.34,3,False
CHEMBL287756,C/C(=N\OC(=O)c1ccccc1)c1ccc2c(c1)N(CCCN(C)C)c1cc(Cl)ccc1S2,LEISHMANIASIS,3.701146923590293,Trypanothione reductase,<rdkit.Chem.rdchem.Mol object at 0x0000021ACD97D150>,[0 0 0 ... 0 0 0],O=C(ON=Cc1ccc2c(c1)Nc1ccccc1S2)c1ccccc1,480.0330000000003,6.475400000000006,0,6,45.14,7,False
CHEMBL289191,C=C(C)[C@@H]1CC[C@]2(C)CC[C@]3(C)[C@H](CC[C@@H]4[C@@]5(C)CC[C@H](O)C(C)(C)[C@@H]5CC[C@]43C)[C@@H]12,LEISHMANIASIS,4.292513326014591,DNA topoisomerase,<rdkit.Chem.rdchem.Mol object at 0x0000021ACD97D0E0>,[0 0 0 ... 0 0 0],C1CCC2C(C1)CCC1C2CCC2C3CCCC3CCC21,426.72900000000027,8.02480000000001,1,1,20.23,1,False
CHEMBL288335,CN(C)CCCN1c2ccccc2Sc2ccc(/C=N/O)cc21,LEISHMANIASIS,3.838631997765025,Trypanothione reductase,<rdkit.Chem.rdchem.Mol object at 0x0000021ACD97D070>,[0 0 0 ... 0 0 0],c1ccc2c(c1)Nc1ccccc1S2,327.4530000000001,4.049100000000003,1,5,39.07,5,True
CHEMBL288441,COc1cc(Nc2c(C#N)cnc3cc(OCCCN4CCN(C)CC4)c(OC)cc23)c(Cl)cc1Cl,LEISHMANIASIS,4.522878745280337,DNA topoisomerase,<rdkit.Chem.rdchem.Mol object at 0x0000021ACD97D000>,[0 0 0 ... 0 0 0],c1ccc(Nc2ccnc3cc(OCCCN4CCNCC4)ccc23)cc1,530.4560000000004,5.190380000000005,1,8,82.88,9,False
CHEMBL288636,CCCC(=O)N1c2ccccc2Sc2ccc(Cl)cc21,LEISHMANIASIS,4.022276394711152,Trypanothione reductase,<rdkit.Chem.rdchem.Mol object at 0x0000021ACD97CF90>,[0 0 0 ... 0 0 0],c1ccc2c(c1)Nc1ccccc1S2,303.814,5.269400000000003,0,2,20.310000000000002,2,False
CHEMBL4463318,COc1ccc(-c2ccc3ncc(-c4nnco4)c(NCCCN4CCOCC4)c3c2)cc1,LEISHMANIASIS,5.747146969020107,DNA topoisomerase,<rdkit.Chem.rdchem.Mol object at 0x0000021ACD97CF20>,[0 0 0 ... 0 0 0],c1ccc(-c2ccc3ncc(-c4nnco4)c(NCCCN4CCOCC4)c3c2)cc1,445.5230000000003,4.0946000000000025,1,8,85.54,8,True
CHEMBL288645,O=C(CBr)N1c2ccccc2Sc2ccc(Cl)cc21,LEISHMANIASIS,3.600326278518962,Trypanothione reductase,<rdkit.Chem.rdchem.Mol object at 0x0000021ACD97CEB0>,[0 0 0 ... 0 0 0],c1ccc2c(c1)Nc1ccccc1S2,354.6560000000001,4.864200000000002,0,2,20.310000000000002,1,True
CHEMBL288589,CC(=O)c1ccc2c(c1)N(C(C)=O)c1cc(Cl)ccc1S2,LEISHMANIASIS,3.39577394691553,Trypanothione reductase,<rdkit.Chem.rdchem.Mol object at 0x0000021ACD97CE40>,[0 0 0 ... 0 0 0],c1ccc2c(c1)Nc1ccccc1S2,317.79699999999997,4.691800000000002,0,3,37.38,1,True
CHEMBL290056,O=C1NC(=O)c2c1c1c3cc(F)ccc3[nH]c1c1c2c2cc(F)ccc2n1C1OC(CO)C(O)C(O)C1O,LEISHMANIASIS,6.619788758288394,DNA topoisomerase,<rdkit.Chem.rdchem.Mol object at 0x0000021ACD97CDD0>,[0 0 0 ... 0 0 0],O=C1NC(=O)c2c1c1c3ccccc3[nH]c1c1c2c2ccccc2n1C1CCCCO1,523.4480000000002,1.5632000000000001,6,8,157.04,2,False
CHEMBL290624,CCN(CC)CCC(=O)N1c2ccccc2Sc2ccc(Cl)cc21,LEISHMANIASIS,3.0958256317158366,Trypanothione reductase,<rdkit.Chem.rdchem.Mol object at 0x0000021ACD97CD60>,[0 0 0 ... 0 0 0],c1ccc2c(c1)Nc1ccccc1S2,360.91000000000014,5.2012000000000045,0,3,23.550000000000004,5,False
CHEMBL823,CN(C)CCCN1c2ccccc2[S+]([O-])c2ccc(Cl)cc21,LEISHMANIASIS,4.115771230367396,Trypanothione reductase,<rdkit.Chem.rdchem.Mol object at 0x0000021ACD97CCF0>,[0 0 0 ... 0 0 0],c1ccc2c(c1)Nc1ccccc1[SH+]2,334.872,3.909900000000003,0,3,29.54,4,True
CHEMBL4463643,CC(=O)Nc1ccc2c(-c3cc4ccccc4o3)ccnc2c1O,LEISHMANIASIS,5.727965977824862,DNA topoisomerase,<rdkit.Chem.rdchem.Mol object at 0x0000021ACD97CC80>,[0 0 0 ... 0 0 0],c1ccc2oc(-c3ccnc4ccccc34)cc2c1,318.33200000000005,4.312000000000003,2,4,75.36,2,True
CHEMBL289609,CCCCCC(=O)c1ccc2c(c1)N(CCCN(C)C)c1ccccc1S2,LEISHMANIASIS,3.767003889607846,Trypanothione reductase,<rdkit.Chem.rdchem.Mol object at 0x0000021ACD97CC10>,[0 0 0 ... 0 0 0],c1ccc2c(c1)Nc1ccccc1S2,382.5730000000001,6.004000000000006,0,4,23.550000000000004,9,False
CHEMBL289665,CCc1c2c(nc3ccc4c(c13)NCCO4)-c1cc3c(c(=O)n1C2)COC(=O)[C@]3(O)CC,LEISHMANIASIS,5.301029995663981,DNA topoisomerase,<rdkit.Chem.rdchem.Mol object at 0x0000021ACD97CBA0>,[0 0 0 ... 0 0 0],O=C1Cc2cc3n(c(=O)c2CO1)Cc1cc2c4c(ccc2nc1-3)OCCN4,433.4640000000003,2.4463,2,8,102.68000000000002,2,True
CHEMBL3301607,O=C(Nc1nc2cccc(-c3ccc(CN4CCS(=O)(=O)CC4)cc3)n2n1)C1CC1,LEISHMANIASIS,4.522878745280337,DNA topoisomerase,<rdkit.Chem.rdchem.Mol object at 0x0000021ACD97CB30>,[0 0 0 ... 0 0 0],O=C(Nc1nc2cccc(-c3ccc(CN4CCS(=O)(=O)CC4)cc3)n2n1)C1CC1,425.5140000000002,1.9751999999999998,1,7,96.67,5,True
CHEMBL290253,O=C(CCl)N1c2ccccc2Sc2ccc(Cl)cc21,LEISHMANIASIS,3.0644927341752872,Trypanothione reductase,<rdkit.Chem.rdchem.Mol object at 0x0000021ACD97CAC0>,[0 0 0 ... 0 0 0],c1ccc2c(c1)Nc1ccccc1S2,310.2050000000001,4.708100000000003,0,2,20.310000000000002,1,True
CHEMBL291997,CN(C)CCCNC(=O)CNC(=O)C(CSCSCC(NC(=O)OCc1ccccc1)C(=O)NCC(=O)NCCCN(C)C)NC(=O)OCc1ccccc1,LEISHMANIASIS,4.508638306165727,Trypanothione reductase,<rdkit.Chem.rdchem.Mol object at 0x0000021ACD97CA50>,[0 1 0 ... 0 0 0],O=C(NCCSCSCCNC(=O)OCc1ccccc1)OCc1ccccc1,805.0369999999998,1.3685000000000083,6,12,199.54,26,False
CHEMBL290960,CC1CS(=O)(=O)CCN1/N=C/c1ccc([N+](=O)[O-])o1,LEISHMANIASIS,3.6108339156354674,Trypanothione reductase,<rdkit.Chem.rdchem.Mol object at 0x0000021ACD97C9E0>,[0 0 0 ... 0 0 0],O=S1(=O)CCN(N=Cc2ccco2)CC1,287.297,0.6406000000000001,0,7,106.02,3,True
CHEMBL4463430,CCCCC(O)CNc1cc2c3c(cccc3c1)C(=O)N2,LEISHMANIASIS,4.920818753952375,Cysteine protease,<rdkit.Chem.rdchem.Mol object at 0x0000021ACD97C970>,[0 1 0 ... 0 0 0],O=C1Nc2cccc3cccc1c23,284.359,3.368500000000001,3,3,61.36,6,True
CHEMBL291461,Oc1cc(Nc2cccc(Br)c2)nc(O)n1,LEISHMANIASIS,4.9870000507645935,DNA topoisomerase,<rdkit.Chem.rdchem.Mol object at 0x0000021ACD97C900>,[0 0 0 ... 0 0 0],c1ccc(Nc2ccncn2)cc1,282.097,2.393900000000001,3,5,78.27,2,True
CHEMBL4464742,O=c1nc(SCc2cc(F)cc(C(F)(F)F)c2)nc(SCc2cccc(Cl)c2)[nH]1,LEISHMANIASIS,4.46344155742847,DNA topoisomerase,<rdkit.Chem.rdchem.Mol object at 0x0000021ACD97C890>,[0 0 0 ... 0 0 0],O=c1nc(SCc2ccccc2)nc(SCc2ccccc2)[nH]1,461.89300000000003,5.560800000000003,1,5,58.64,6,False
CHEMBL4464296,CCOc1ccc(C(O)c2cc(O)c3c(c2O)C(=O)c2ccccc2C3=O)cc1,LEISHMANIASIS,4.301029995663981,DNA topoisomerase,<rdkit.Chem.rdchem.Mol object at 0x0000021ACD97C820>,[0 1 0 ... 0 0 0],O=C1c2ccccc2C(=O)c2cc(Cc3ccccc3)ccc21,390.3910000000001,3.353600000000003,3,6,104.06,4,True
CHEMBL293914,O=c1c(C(c2ccc(C(c3c(O)oc4ccccc4c3=O)c3c(O)oc4ccccc4c3=O)cc2)c2c(O)oc3ccccc3c2=O)c(O)oc2ccccc12,LEISHMANIASIS,5.0,DNA topoisomerase,<rdkit.Chem.rdchem.Mol object at 0x0000021ACD97C7B0>,[0 1 0 ... 0 0 0],O=c1c(C(c2ccc(C(c3coc4ccccc4c3=O)c3coc4ccccc4c3=O)cc2)c2coc3ccccc3c2=O)coc2ccccc12,746.6800000000002,7.295000000000006,4,12,201.76,6,False
CHEMBL295316,CC1=CC(=O)c2c(O)cccc2C1=O,LEISHMANIASIS,4.552841968657781,Trypanothione reductase,<rdkit.Chem.rdchem.Mol object at 0x0000021ACD97C740>,[0 0 0 ... 0 0 0],O=C1C=CC(=O)c2ccccc21,188.182,1.7175,1,3,54.37,0,True
CHEMBL293964,Oc1cc(Nc2ccc(Br)cc2)nc(O)n1,LEISHMANIASIS,4.5003129173815966,DNA topoisomerase,<rdkit.Chem.rdchem.Mol object at 0x0000021ACD97C6D0>,[0 0 0 ... 0 0 0],c1ccc(Nc2ccncn2)cc1,282.097,2.393900000000001,3,5,78.27,2,True
CHEMBL294156,Oc1cc(Nc2ccc(C(F)(F)F)cc2)nc(O)n1,LEISHMANIASIS,3.9959999940086175,DNA topoisomerase,<rdkit.Chem.rdchem.Mol object at 0x0000021ACD97C660>,[0 0 0 ... 0 0 0],c1ccc(Nc2ccncn2)cc1,271.198,2.6502000000000003,3,5,78.27,2,True
CHEMBL294998,O=C(Nc1ccc(NC(=O)c2ccc(O)cc2)cc1)c1ccc(O)cc1,LEISHMANIASIS,4.0,DNA topoisomerase,<rdkit.Chem.rdchem.Mol object at 0x0000021ACD97C5F0>,[0 0 0 ... 0 0 0],O=C(Nc1ccc(NC(=O)c2ccccc2)cc1)c1ccccc1,348.35800000000006,3.602400000000001,4,4,98.66000000000001,4,True
CHEMBL295024,CC(=O)Oc1cc(C(=O)Nc2cccc(NC(=O)c3cc(OC(C)=O)c(OC(C)=O)c(OC(C)=O)c3)c2)cc(OC(C)=O)c1OC(C)=O,LEISHMANIASIS,4.950781977329818,DNA topoisomerase,<rdkit.Chem.rdchem.Mol object at 0x0000021ACD97C580>,[0 0 0 ... 0 0 0],O=C(Nc1cccc(NC(=O)c2ccccc2)c1)c1ccccc1,664.5760000000004,3.743000000000003,2,14,215.99999999999997,10,False
CHEMBL296350,O=C(Nc1nc2ccccc2s1)c1ccc(O)cc1,LEISHMANIASIS,4.0,DNA topoisomerase,<rdkit.Chem.rdchem.Mol object at 0x0000021ACD97C510>,[0 0 0 ... 0 0 0],O=C(Nc1nc2ccccc2s1)c1ccccc1,270.313,3.254200000000001,2,4,62.22,2,True
CHEMBL296351,O=C(Nc1nc2ccccc2s1)c1cc(O)c(O)c(O)c1,LEISHMANIASIS,5.086186147616283,DNA topoisomerase,<rdkit.Chem.rdchem.Mol object at 0x0000021ACD97C4A0>,[0 0 0 ... 0 0 0],O=C(Nc1nc2ccccc2s1)c1ccccc1,302.31100000000004,2.665400000000001,4,6,102.68,2,True
CHEMBL296468,CC(C)(C)c1cnc(CSc2cnc(NC(=O)C3CCNCC3)s2)o1,LEISHMANIASIS,4.522878745280337,DNA topoisomerase,<rdkit.Chem.rdchem.Mol object at 0x0000021ACD97C430>,[0 0 0 ... 0 0 0],O=C(Nc1ncc(SCc2ncco2)s1)C1CCNCC1,380.53900000000016,3.6590000000000016,2,7,80.05,5,True
CHEMBL296812,C[C@H]1COc2c(-c3ccncc3)c(F)cc3c(=O)c(C(=O)O)cn1c23,LEISHMANIASIS,4.2441251443275085,DNA topoisomerase,<rdkit.Chem.rdchem.Mol object at 0x0000021ACD97C3C0>,[0 0 0 ... 1 0 0],O=c1ccn2c3c(c(-c4ccncc4)ccc13)OCC2,340.31000000000006,2.8542000000000005,1,5,81.41999999999999,2,True
CHEMBL296862,CC[C@@]1(O)C(=O)OCc2c1cc1n(c2=O)Cc2cc3c4c(ccc3nc2-1)OCCN4CC#N,LEISHMANIASIS,4.795880017344075,DNA topoisomerase,<rdkit.Chem.rdchem.Mol object at 0x0000021ACD97C350>,[0 0 0 ... 0 0 0],O=C1Cc2cc3n(c(=O)c2CO1)Cc1cc2c4c(ccc2nc1-3)OCCN4,444.4470000000003,1.80198,1,9,117.68,2,True
CHEMBL296797,O=C(Nc1ccccc1NC(=O)c1ccc(O)cc1)c1ccc(O)cc1,LEISHMANIASIS,4.0,DNA topoisomerase,<rdkit.Chem.rdchem.Mol object at 0x0000021ACD97C2E0>,[0 0 0 ... 0 0 0],O=C(Nc1ccccc1NC(=O)c1ccccc1)c1ccccc1,348.35800000000006,3.602400000000001,4,4,98.66000000000001,4,True
CHEMBL296856,CC(=O)Oc1ccc(C(=O)Nc2cccc(NC(=O)c3ccc(OC(C)=O)cc3)c2)cc1,LEISHMANIASIS,4.0,DNA topoisomerase,<rdkit.Chem.rdchem.Mol object at 0x0000021ACD97C270>,[0 0 0 ... 0 0 0],O=C(Nc1cccc(NC(=O)c2ccccc2)c1)c1ccccc1,432.4320000000002,4.041800000000002,2,6,110.80000000000001,6,True
CHEMBL295775,Cc1cc(-c2c(F)cc3c(=O)c(C(=O)O)cn4c3c2OCC[C@@H]4C)cc(C)n1,LEISHMANIASIS,3.823908740944319,DNA topoisomerase,<rdkit.Chem.rdchem.Mol object at 0x0000021ACD97C200>,[0 0 0 ... 0 0 0],O=c1ccn2c3c(c(-c4ccncc4)ccc13)OCCC2,382.3910000000002,3.8611400000000016,1,5,81.42,2,True
CHEMBL296034,CC(=O)Oc1ccc(C(=O)Nc2cccc(NC(=O)c3ccc(OC(C)=O)c(OC(C)=O)c3)c2)cc1OC(C)=O,LEISHMANIASIS,4.364516253185088,DNA topoisomerase,<rdkit.Chem.rdchem.Mol object at 0x0000021ACD97C190>,[0 0 0 ... 0 0 0],O=C(Nc1cccc(NC(=O)c2ccccc2)c1)c1ccccc1,548.5040000000004,3.892400000000003,2,10,163.4,8,False
CHEMBL297594,CC(=O)Oc1cc(C(=O)Nc2ccc(NC(=O)c3cc(OC(C)=O)c(OC(C)=O)c(OC(C)=O)c3)cc2)cc(OC(C)=O)c1OC(C)=O,LEISHMANIASIS,5.0655015487564325,DNA topoisomerase,<rdkit.Chem.rdchem.Mol object at 0x0000021ACD97C120>,[0 0 0 ... 0 0 0],O=C(Nc1ccc(NC(=O)c2ccccc2)cc1)c1ccccc1,664.5760000000002,3.743000000000003,2,14,215.99999999999997,10,False
CHEMBL4465188,CNC(=O)c1cn(Cc2ccc(-c3ccccc3)cc2)c2c(OC)c(N3CC[C@@H](CN)C3)c(F)cc2c1=O,LEISHMANIASIS,4.085656842880559,DNA topoisomerase,<rdkit.Chem.rdchem.Mol object at 0x0000021ACD97C0B0>,[0 0 0 ... 0 0 0],O=c1ccn(Cc2ccc(-c3ccccc3)cc2)c2cc(N3CCCC3)ccc12,514.6010000000005,4.009100000000002,2,6,89.59,7,False
CHEMBL297255,O=C(Nc1cccc(NC(=O)c2ccc(O)c(O)c2)c1)c1ccc(O)c(O)c1,LEISHMANIASIS,5.0,DNA topoisomerase,<rdkit.Chem.rdchem.Mol object at 0x0000021ACD97C040>,[0 0 0 ... 0 0 0],O=C(Nc1cccc(NC(=O)c2ccccc2)c1)c1ccccc1,380.35600000000005,3.013600000000001,6,6,139.12,4,False
CHEMBL297811,CC[C@@]1(O)C(=O)OCc2c1cc1n(c2=O)Cc2cc3c4c(ccc3nc2-1)OCCN4C,LEISHMANIASIS,4.6777807052660805,DNA topoisomerase,<rdkit.Chem.rdchem.Mol object at 0x0000021ACD97BF40>,[0 0 0 ... 0 0 0],O=C1Cc2cc3n(c(=O)c2CO1)Cc1cc2c4c(ccc2nc1-3)OCCN4,419.43700000000024,1.9082,1,8,93.89,1,True
CHEMBL298368,Cc1cc(-c2c(F)cc3c(=O)c(C(=O)O)cn4c3c2OC[C@@H]4C)cc(C)n1,LEISHMANIASIS,4.508638306165727,DNA topoisomerase,<rdkit.Chem.rdchem.Mol object at 0x0000021ACD97BED0>,[0 0 0 ... 1 0 0],O=c1ccn2c3c(c(-c4ccncc4)ccc13)OCC2,368.36400000000015,3.4710400000000012,1,5,81.42,2,True
CHEMBL299412,CC(=O)Nc1cc(Nc2cc(O)nc(O)n2)ccc1C,LEISHMANIASIS,3.332999995533552,DNA topoisomerase,<rdkit.Chem.rdchem.Mol object at 0x0000021ACD97BE60>,[0 0 0 ... 0 0 0],c1ccc(Nc2ccncn2)cc1,274.28000000000003,1.8982199999999994,4,6,107.37,3,True
CHEMBL299172,OCc1cccc(Nc2cc(O)nc(O)n2)c1,LEISHMANIASIS,3.3840000020925345,DNA topoisomerase,<rdkit.Chem.rdchem.Mol object at 0x0000021ACD97BDF0>,[0 0 0 ... 0 0 0],c1ccc(Nc2ccncn2)cc1,233.227,1.1236999999999997,4,6,98.5,3,True
CHEMBL299948,Nc1ccc(Nc2cc(O)nc(O)n2)cc1,LEISHMANIASIS,3.192999997687113,DNA topoisomerase,<rdkit.Chem.rdchem.Mol object at 0x0000021ACD97BD80>,[0 0 0 ... 0 0 0],c1ccc(Nc2ccncn2)cc1,218.21600000000004,1.2135999999999998,4,6,104.29,2,True
CHEMBL299529,CCc1ccc(Nc2cc(O)nc(O)n2)cc1,LEISHMANIASIS,4.182434630440219,DNA topoisomerase,<rdkit.Chem.rdchem.Mol object at 0x0000021ACD97BD10>,[0 0 0 ... 0 0 0],c1ccc(Nc2ccncn2)cc1,231.255,2.1938000000000004,3,5,78.27,3,True
CHEMBL297453,O=C(O[C@@H]1Cc2c(O)cc(O)cc2O[C@@H]1c1cc(O)c(O)c(O)c1)c1cc(O)c(O)c(O)c1,LEISHMANIASIS,2.5228787452803374,DNA topoisomerase,<rdkit.Chem.rdchem.Mol object at 0x0000021ACD97BCA0>,[0 0 0 ... 0 0 0],O=C(OC1Cc2ccccc2OC1c1ccccc1)c1ccccc1,458.37500000000017,2.233199999999999,8,11,197.36999999999998,3,False
CHEMBL298559,OCc1ccc(Nc2cc(O)nc(O)n2)cc1,LEISHMANIASIS,2.494999999958103,DNA topoisomerase,<rdkit.Chem.rdchem.Mol object at 0x0000021ACD97BC30>,[0 0 0 ... 0 0 0],c1ccc(Nc2ccncn2)cc1,233.227,1.1236999999999995,4,6,98.5,3,True
CHEMBL299989,Cc1cc(-c2c(F)cc3c(=O)c(C(=O)O)cn4c3c2SC[C@@H]4C)cc(C)n1,LEISHMANIASIS,5.026872146400302,DNA topoisomerase,<rdkit.Chem.rdchem.Mol object at 0x0000021ACD97BBC0>,[0 0 0 ... 0 0 0],O=c1ccn2c3c(c(-c4ccncc4)ccc13)SCC2,384.43200000000013,4.184340000000002,1,5,72.19,2,True
CHEMBL298952,CC(=O)Nc1ccc(Nc2cc(O)nc(O)n2)cc1C,LEISHMANIASIS,3.332999995533552,DNA topoisomerase,<rdkit.Chem.rdchem.Mol object at 0x0000021ACD97BB50>,[0 0 0 ... 0 0 0],c1ccc(Nc2ccncn2)cc1,274.28000000000003,1.8982199999999994,4,6,107.37,3,True
CHEMBL300138,Cn1cc(C2=C(c3cn(C4CCN(Cc5ccccn5)CC4)c4ccccc34)C(=O)NC2=O)c2ccccc21,LEISHMANIASIS,4.522878745280337,DNA topoisomerase,<rdkit.Chem.rdchem.Mol object at 0x0000021ACD97BAE0>,[0 0 0 ... 0 0 0],O=C1NC(=O)C(c2cn(C3CCN(Cc4ccccn4)CC3)c3ccccc23)=C1c1c[nH]c2ccccc12,515.6170000000003,4.932300000000004,1,6,72.16,5,False
CHEMBL4465360,O=C1c2ccccc2C(=O)c2c(O)c(C(O)c3cc(Br)cs3)cc(O)c21,LEISHMANIASIS,4.663567936445134,DNA topoisomerase,<rdkit.Chem.rdchem.Mol object at 0x0000021ACD97BA70>,[0 1 0 ... 0 1 0],O=C1c2ccccc2C(=O)c2cc(Cc3cccs3)ccc21,431.26300000000003,3.7789000000000006,3,6,94.83000000000001,2,True
CHEMBL4465361,O=c1cc(NC[C@@H](O)CN2CCN(c3nccc4ccc(F)cc34)CC2)c2ccccc2o1,LEISHMANIASIS,5.70446769648675,DNA topoisomerase,<rdkit.Chem.rdchem.Mol object at 0x0000021ACD97BA00>,[0 1 0 ... 0 0 0],O=c1cc(NCCCN2CCN(c3nccc4ccccc34)CC2)c2ccccc2o1,448.4980000000002,3.075300000000002,2,7,81.84,6,True
CHEMBL300465,Oc1cc(Nc2cccc(I)c2)nc(O)n1,LEISHMANIASIS,5.327902142064283,DNA topoisomerase,<rdkit.Chem.rdchem.Mol object at 0x0000021ACD97B990>,[0 0 0 ... 0 0 0],c1ccc(Nc2ccncn2)cc1,329.097,2.236,3,5,78.27,2,True
CHEMBL4465692,Cc1cccc2oc(=O)cc(NCCCN3CCN(c4nccc5ccc(F)cc45)CC3)c12,LEISHMANIASIS,4.754319153082864,DNA topoisomerase,<rdkit.Chem.rdchem.Mol object at 0x0000021ACD97B920>,[0 0 0 ... 0 0 0],O=c1cc(NCCCN2CCN(c3nccc4ccccc34)CC2)c2ccccc2o1,446.5260000000002,4.412920000000004,1,6,61.61000000000001,6,True
CHEMBL298628,NCCCCN(CCCN)Cc1ccc2ccccc2c1,LEISHMANIASIS,3.983288122256525,Trypanothione reductase,<rdkit.Chem.rdchem.Mol object at 0x0000021ACD97B8B0>,[0 0 0 ... 0 0 0],c1ccc2ccccc2c1,285.435,2.7295000000000016,2,3,55.28,9,True
CHEMBL301851,COc1c(O)c(O)cc2c1-c1ccc(SC)c(=O)cc1[C@@H](NC(C)=O)CC2,LEISHMANIASIS,4.42021640338319,DNA topoisomerase,<rdkit.Chem.rdchem.Mol object at 0x0000021ACD97B840>,[0 0 0 ... 0 0 0],O=c1cccc2c(c1)CCCc1ccccc1-2,387.45700000000016,2.978900000000001,3,6,95.85999999999999,3,True
CHEMBL302322,CN(C)CCCNC(=O)CNC(=O)C(CSCC(NC(=O)OCc1ccccc1)C(=O)NCC(=O)NCCCN(C)C)NC(=O)OCc1ccccc1,LEISHMANIASIS,4.036212172654444,Trypanothione reductase,<rdkit.Chem.rdchem.Mol object at 0x0000021ACD97B7D0>,[0 1 0 ... 0 0 0],O=C(NCCSCCNC(=O)OCc1ccccc1)OCc1ccccc1,758.9429999999999,0.6778000000000113,6,11,199.54,24,False
CHEMBL303579,O=C(N[C@@H](Cc1ccccc1)C(=O)CCl)OCc1ccccc1,LEISHMANIASIS,5.841072755334265,Cysteine protease,<rdkit.Chem.rdchem.Mol object at 0x0000021ACD97B760>,[0 1 0 ... 0 0 0],O=C(NCCc1ccccc1)OCc1ccccc1,331.799,3.3320000000000016,1,3,55.400000000000006,7,True
CHEMBL4466015,O=C(O)c1cn(Cc2ccc(-c3ccccc3)cc2)c2cc(NC[C@@H]3CCNC3)c(F)cc2c1=O,LEISHMANIASIS,3.9833844524428224,DNA topoisomerase,<rdkit.Chem.rdchem.Mol object at 0x0000021ACD97B6F0>,[0 0 0 ... 0 0 0],O=c1ccn(Cc2ccc(-c3ccccc3)cc2)c2cc(NCC3CCNC3)ccc12,471.5320000000003,4.575500000000003,3,5,83.35999999999999,7,True
CHEMBL303935,CC[C@@]1(O)C(=O)OCc2c1cc1n(c2=O)Cc2cc3cc4ncoc4cc3nc2-1,LEISHMANIASIS,6.823908740944319,DNA topoisomerase,<rdkit.Chem.rdchem.Mol object at 0x0000021ACD97B680>,[0 0 0 ... 0 0 0],O=C1Cc2cc3n(c(=O)c2CO1)Cc1cc2cc4ncoc4cc2nc1-3,389.36700000000013,2.2207999999999997,1,8,107.45,1,True
CHEMBL305575,c1ccc2cc(CNCCCCNCCCNCc3ccc4ccccc4c3)ccc2c1,LEISHMANIASIS,5.022276394711152,Trypanothione reductase,<rdkit.Chem.rdchem.Mol object at 0x0000021ACD97B610>,[0 0 0 ... 0 0 0],c1ccc2cc(CNCCCCNCCCNCc3ccc4ccccc4c3)ccc2c1,425.62000000000006,5.632300000000005,3,3,36.089999999999996,13,False
CHEMBL4465971,Cc1ccc(-c2ccc3ncc(-c4nnco4)c(NCCCN4CCOCC4)c3c2)cc1,LEISHMANIASIS,5.0,DNA topoisomerase,<rdkit.Chem.rdchem.Mol object at 0x0000021ACD97B5A0>,[0 0 0 ... 0 0 0],c1ccc(-c2ccc3ncc(-c4nnco4)c(NCCCN4CCOCC4)c3c2)cc1,429.52400000000034,4.394420000000003,1,7,76.31,7,True
CHEMBL4467001,NC(=O)c1cccc(CSc2nc(SCc3ccccc3F)[nH]c(=O)n2)c1,LEISHMANIASIS,3.1450869776921446,DNA topoisomerase,<rdkit.Chem.rdchem.Mol object at 0x0000021ACD97B530>,[0 0 0 ... 0 0 0],O=c1nc(SCc2ccccc2)nc(SCc2ccccc2)[nH]1,402.476,2.9875000000000007,2,6,101.73,7,True
CHEMBL4467013,COC1=CC(=O)N(C(=O)/C=C/[C@H](C)NC(=O)[C@H](CC(C)C)NC(=O)[C@H](CC2CCCCC2)NC(=O)C2CCN(C)CC2)[C@H]1Cc1c[nH]c2ccccc12.O=C(O)C(F)(F)F,LEISHMANIASIS,6.931814138253839,Cysteine protease,<rdkit.Chem.rdchem.Mol object at 0x0000021ACD97B4C0>,[0 1 1 ... 0 0 0],O=C(CNC(=O)C(CC1CCCCC1)NC(=O)C1CCNCC1)NCC=CC(=O)N1C(=O)C=CC1Cc1c[nH]c2ccccc12,844.9730000000001,5.000200000000005,5,8,190.23999999999998,15,False
CHEMBL307261,C[C@H]1[C@@H](O)O[C@@H]2O[C@@]3(C)CC[C@H]4[C@H](C)CC[C@@H]1[C@@]24OO3,LEISHMANIASIS,4.0,Cysteine protease,<rdkit.Chem.rdchem.Mol object at 0x0000021ACD97B450>,[0 0 0 ... 0 0 0],C1CC2CCOC3OC4CCC(C1)C23OO4,284.352,2.1867,1,5,57.150000000000006,0,True
CHEMBL4466874,O=c1nc(SCc2cc(F)cc(C(F)(F)F)c2)nc(SCc2ccccc2F)[nH]1,LEISHMANIASIS,5.091514981121351,DNA topoisomerase,<rdkit.Chem.rdchem.Mol object at 0x0000021ACD97B3E0>,[0 0 0 ... 0 0 0],O=c1nc(SCc2ccccc2)nc(SCc2ccccc2)[nH]1,445.43800000000005,5.046500000000003,1,5,58.64,6,False
CHEMBL307650,COc1ccc2[nH]cc(CC(=O)NCCCNCCCCNCCCNC(=O)Cc3c[nH]c4ccc(OC)cc34)c2c1,LEISHMANIASIS,6.552841968657781,Trypanothione reductase,<rdkit.Chem.rdchem.Mol object at 0x0000021ACD97B370>,[0 0 0 ... 0 0 0],O=C(Cc1c[nH]c2ccccc12)NCCCNCCCCNCCCNC(=O)Cc1c[nH]c2ccccc12,576.7420000000003,3.423600000000003,6,6,132.29999999999998,19,False
CHEMBL4466968,COc1c(N2CC[C@@H](CN)C2)c(F)cc2c(=O)c(C(=O)NO)cn(Cc3ccc(-c4ccccc4)cc3)c12,LEISHMANIASIS,4.444905551421681,DNA topoisomerase,<rdkit.Chem.rdchem.Mol object at 0x0000021ACD97B300>,[0 0 0 ... 0 0 0],O=c1ccn(Cc2ccc(-c3ccccc3)cc2)c2cc(N3CCCC3)ccc12,516.5730000000001,3.768500000000003,3,7,109.82,7,False
CHEMBL4467826,O=c1cc(NCCCN2CCN(c3nccc4ccccc34)CC2)c2cc(F)ccc2o1,LEISHMANIASIS,5.697347476929445,DNA topoisomerase,<rdkit.Chem.rdchem.Mol object at 0x0000021ACD97B290>,[0 0 0 ... 0 0 0],O=c1cc(NCCCN2CCN(c3nccc4ccccc34)CC2)c2ccccc2o1,432.49900000000025,4.1045000000000025,1,6,61.61000000000001,6,True
CHEMBL4467352,COc1cc([C@@H]2c3cc4c(cc3[C@@H](O[C@@H]3O[C@@H]5CO[C@@H](c6cccs6)O[C@H]5[C@H](OC(=O)CSc5nc6cc(F)ccc6o5)[C@H]3NC(=O)CSc3nc5cc(F)ccc5o3)[C@H]3COC(=O)[C@H]23)OCO4)cc(OC)c1O,LEISHMANIASIS,3.905878404159439,DNA topoisomerase,<rdkit.Chem.rdchem.Mol object at 0x0000021ACD97B220>,[0 0 0 ... 0 0 0],O=C(CSc1nc2ccccc2o1)NC1C(OC2c3cc4c(cc3C(c3ccccc3)C3C(=O)OCC23)OCO4)OC2COC(c3cccs3)OC2C1OC(=O)CSc1nc2ccccc2o1,1074.08,7.572900000000008,2,21,227.82999999999996,14,False
CHEMBL4467606,CC(=O)Nc1ccc2c(-c3cccc(F)c3)ccnc2c1O,LEISHMANIASIS,5.107905397309519,DNA topoisomerase,<rdkit.Chem.rdchem.Mol object at 0x0000021ACD97B1B0>,[0 0 0 ... 0 0 0],c1ccc(-c2ccnc3ccccc23)cc1,296.30100000000004,3.7049000000000016,2,3,62.22,2,True
CHEMBL310207,c1ccc(CCCN(CCCCN(CCCc2ccccc2)CCCN(CCCc2ccccc2)CCCc2ccccc2)CCCN(CCCc2ccccc2)CCCc2ccccc2)cc1,LEISHMANIASIS,4.987162775294828,Trypanothione reductase,<rdkit.Chem.rdchem.Mol object at 0x0000021ACD97B140>,[0 0 0 ... 0 0 0],c1ccc(CCCN(CCCCN(CCCc2ccccc2)CCCN(CCCc2ccccc2)CCCc2ccccc2)CCCN(CCCc2ccccc2)CCCc2ccccc2)cc1,911.4199999999997,13.55159999999998,0,4,12.96,37,False
CHEMBL307794,CC[C@@]1(O)C(=O)OCc2c1cc1n(c2=O)Cc2cc3cc4c(cc3nc2-1)OCO4,LEISHMANIASIS,7.411954370472159,DNA topoisomerase,<rdkit.Chem.rdchem.Mol object at 0x0000021ACD97B0D0>,[0 0 0 ... 0 0 0],O=C1Cc2cc3n(c(=O)c2CO1)Cc1cc2cc4c(cc2nc1-3)OCO4,392.3670000000002,1.8082999999999998,1,8,99.88000000000001,1,True
CHEMBL310657,Cc1c(O)nc(O)nc1NCc1ccccc1,LEISHMANIASIS,3.360513510731414,DNA topoisomerase,<rdkit.Chem.rdchem.Mol object at 0x0000021ACD97B060>,[0 0 0 ... 0 0 0],c1ccc(CNc2ccncn2)cc1,231.25500000000002,1.8083199999999995,3,5,78.27000000000001,3,True
CHEMBL309562,COc1cc(CC2NCCc3c2[nH]c2ccccc32)ccc1O,LEISHMANIASIS,5.154901959985743,Trypanothione reductase,<rdkit.Chem.rdchem.Mol object at 0x0000021ACD97AFF0>,[0 0 0 ... 0 0 0],c1ccc(CC2NCCc3c2[nH]c2ccccc32)cc1,308.38100000000003,3.3116000000000017,3,3,57.28,3,True
CHEMBL4467805,CN(C)CCNc1ccc(NCCN(C)C)c2c1C(=O)c1ccc(C(=O)Nc3ccc(S(C)(=O)=O)cc3)cc1C2=O,LEISHMANIASIS,5.279840696594043,DNA topoisomerase,<rdkit.Chem.rdchem.Mol object at 0x0000021ACD97AF80>,[0 1 0 ... 0 0 0],O=C(Nc1ccccc1)c1ccc2c(c1)C(=O)c1ccccc1C2=O,577.7070000000002,3.064800000000001,3,9,127.91999999999999,11,False
CHEMBL4467892,S=C(Nc1cccnc1)c1ccccn1,LEISHMANIASIS,4.292429823902063,Cysteine protease,<rdkit.Chem.rdchem.Mol object at 0x0000021ACD97AF10>,[0 0 0 ... 0 0 0],S=C(Nc1cccnc1)c1ccccn1,215.281,2.2641999999999998,1,3,37.81,2,True
CHEMBL311566,CN1CCN(CCCNc2cc(Cl)ccc2Sc2ccccc2)CC1,LEISHMANIASIS,4.568636235841013,Trypanothione reductase,<rdkit.Chem.rdchem.Mol object at 0x0000021ACD97AEA0>,[0 0 0 ... 0 0 0],c1ccc(Sc2ccccc2NCCCN2CCNCC2)cc1,375.96900000000016,4.540600000000003,1,4,18.509999999999998,7,True
CHEMBL4468407,CCOC(=O)c1cnc2ccc(-c3ccc(OC)c(OC)c3)cc2c1NCCCn1ccnc1,LEISHMANIASIS,5.0,DNA topoisomerase,<rdkit.Chem.rdchem.Mol object at 0x0000021ACD97AE30>,[0 0 0 ... 0 0 0],c1ccc(-c2ccc3nccc(NCCCn4ccnc4)c3c2)cc1,460.5340000000002,4.794400000000003,1,8,87.50000000000001,10,True
CHEMBL311855,CCCC(=O)Nc1cn(COC)c(C(=O)Nc2cn(COC)c(C(=O)NCCOc3ccc4nc5c(cc4c3)Cn3c-5cc4c(c3=O)COC(=O)C4(O)CC)n2)n1,LEISHMANIASIS,5.616723349592349,DNA topoisomerase,<rdkit.Chem.rdchem.Mol object at 0x0000021ACD97ADC0>,[0 0 0 ... 0 0 0],O=C1Cc2cc3n(c(=O)c2CO1)Cc1cc2cc(OCCNC(=O)c4nc(NC(=O)c5ncc[nH]5)c[nH]4)ccc2nc1-3,783.7989999999999,2.4801,4,16,232.04999999999995,15,False
CHEMBL312306,CCCC(=O)Nc1cn(COC)c(C(=O)NCCOc2ccc3nc4c(cc3c2)Cn2c-4cc3c(c2=O)COC(=O)C3(O)CC)n1,LEISHMANIASIS,5.623058242853241,DNA topoisomerase,<rdkit.Chem.rdchem.Mol object at 0x0000021ACD97AD50>,[0 0 0 ... 0 0 0],O=C1Cc2cc3n(c(=O)c2CO1)Cc1cc2cc(OCCNC(=O)c4ncc[nH]4)ccc2nc1-3,630.6580000000001,2.4273999999999996,3,12,175.89999999999998,11,False
CHEMBL311902,CCCCCCCC(O)c1cc(OC)c2c(c1OC)C(=O)C=CC2=O,LEISHMANIASIS,4.35723879673468,DNA topoisomerase,<rdkit.Chem.rdchem.Mol object at 0x0000021ACD97ACE0>,[0 1 0 ... 0 0 0],O=C1C=CC(=O)c2ccccc21,346.4230000000001,4.032900000000003,1,5,72.83,9,True
CHEMBL310795,CCCCC(O)c1cc(OC)c2c(c1OC)C(=O)C=CC2=O,LEISHMANIASIS,4.080189979829804,DNA topoisomerase,<rdkit.Chem.rdchem.Mol object at 0x0000021ACD97AC70>,[0 1 0 ... 0 0 0],O=C1C=CC(=O)c2ccccc21,304.342,2.8626000000000014,1,5,72.83,6,True
CHEMBL315269,CCC1(O)C(=O)OCc2c1cc1n(c2=O)Cc2cc3c(N)cccc3nc2-1,LEISHMANIASIS,6.216134018725965,DNA topoisomerase,<rdkit.Chem.rdchem.Mol object at 0x0000021ACD97AC00>,[0 0 0 ... 0 0 0],O=C1Cc2cc3n(c(=O)c2CO1)Cc1cc2ccccc2nc1-3,363.3730000000001,1.6618000000000002,2,7,107.44,1,True
CHEMBL314025,CCC(O)(C(=O)[O-])c1cc2n(c(=O)c1CO)Cc1cc3c(N)cccc3nc1-2.[Na+],LEISHMANIASIS,4.886056647693163,DNA topoisomerase,<rdkit.Chem.rdchem.Mol object at 0x0000021ACD97AB90>,[0 0 0 ... 0 0 0],O=c1cccc2n1Cc1cc3ccccc3nc1-2,403.37000000000006,-3.148799999999996,3,8,141.5,4,True
CHEMBL313792,Nc1nc(N)nc(Nc2ccc([As]=O)cc2)n1,LEISHMANIASIS,5.299299729609228,Trypanothione reductase,<rdkit.Chem.rdchem.Mol object at 0x0000021ACD97AB20>,[0 0 0 ... 0 0 0],c1ccc(Nc2ncncn2)cc1,292.134,-0.5454000000000008,3,7,119.80999999999999,3,True
CHEMBL314950,CCC1(O)C(=O)OCc2c1cc1n(c2=O)Cc2cc3cc(F)ccc3nc2-1,LEISHMANIASIS,6.431798275933005,DNA topoisomerase,<rdkit.Chem.rdchem.Mol object at 0x0000021ACD97AAB0>,[0 0 0 ... 0 0 0],O=C1Cc2cc3n(c(=O)c2CO1)Cc1cc2ccccc2nc1-3,366.34800000000007,2.2187,1,6,81.42,1,True
CHEMBL315583,COc1ccc2nc3cc(Cl)ccc3c(NCCCNC(=O)NCc3ccccc3)c2c1,LEISHMANIASIS,4.882728704344236,Trypanothione reductase,<rdkit.Chem.rdchem.Mol object at 0x0000021ACD97AA40>,[0 0 0 ... 0 0 0],O=C(NCCCNc1c2ccccc2nc2ccccc12)NCc1ccccc1,448.95400000000024,5.351400000000004,3,4,75.28,8,False
CHEMBL319529,Cc1cc(-c2c(F)cc3c(=O)c(C(=O)O)c(-c4ccccc4)n(C4CC4)c3c2F)cc(C)n1,LEISHMANIASIS,3.657577319177794,DNA topoisomerase,<rdkit.Chem.rdchem.Mol object at 0x0000021ACD97A9D0>,[0 0 0 ... 0 1 0],O=c1cc(-c2ccccc2)n(C2CC2)c2cc(-c3ccncc3)ccc12,446.4530000000002,5.658640000000003,1,4,72.19,4,False
CHEMBL4469453,Fc1ccc(COC(c2cccs2)c2cc3ccccc3nc2Cl)cc1,LEISHMANIASIS,6.638272163982407,DNA topoisomerase,<rdkit.Chem.rdchem.Mol object at 0x0000021ACD97A960>,[0 1 0 ... 0 0 0],c1ccc(COC(c2cnc3ccccc3c2)c2cccs2)cc1,383.8750000000001,6.395000000000004,0,3,22.12,5,False
CHEMBL320354,CC(C)NC(=O)OCc1ccc(Oc2c3ccccc3nc3ccccc23)cc1,LEISHMANIASIS,4.698970004336019,DNA topoisomerase,<rdkit.Chem.rdchem.Mol object at 0x0000021ACD97A8F0>,[0 1 0 ... 0 0 0],c1ccc(Oc2c3ccccc3nc3ccccc23)cc1,386.4510000000001,5.814900000000004,1,4,60.45,5,False
CHEMBL320574,O=C1c2c(c3c4ccccc4n(C4OC(CO)C(O)C(O)C4O)c3c3[nH]c4cccc(O)c4c23)C(=O)N1NC(CO)CO,LEISHMANIASIS,5.272577569995745,DNA topoisomerase,<rdkit.Chem.rdchem.Mol object at 0x0000021ACD97A880>,[0 1 0 ... 0 0 0],O=C1NC(=O)c2c1c1c3ccccc3[nH]c1c1c2c2ccccc2n1C1CCCCO1,592.5610000000001,-0.43920000000000103,9,12,220.96999999999997,6,False
CHEMBL320575,O=C1c2c(c3c4ccccc4n(C4OC(CO)C(O)C(O)C4O)c3c3[nH]c4ccc(O)cc4c23)C(=O)N1NC(CO)CO,LEISHMANIASIS,5.129818655252878,DNA topoisomerase,<rdkit.Chem.rdchem.Mol object at 0x0000021ACD97A810>,[0 1 0 ... 0 0 0],O=C1NC(=O)c2c1c1c3ccccc3[nH]c1c1c2c2ccccc2n1C1CCCCO1,592.5610000000001,-0.43920000000000103,9,12,220.96999999999997,6,False
CHEMBL319939,Cc1cc(-c2c(F)cc3c(=O)c(C(=O)O)cn(CCF)c3c2F)cc(C)n1,LEISHMANIASIS,3.275724130399211,DNA topoisomerase,<rdkit.Chem.rdchem.Mol object at 0x0000021ACD97A7A0>,[0 0 0 ... 0 0 0],O=c1cc[nH]c2cc(-c3ccncc3)ccc12,376.3340000000001,3.626240000000001,1,4,72.19,4,True
CHEMBL4469737,O=C(CF)CNC(=O)[C@H](Cc1ccccc1)NC(=O)OCc1cccc2ccccc12,LEISHMANIASIS,6.443697499232712,Cysteine protease,<rdkit.Chem.rdchem.Mol object at 0x0000021ACD97A730>,[0 1 0 ... 0 0 0],O=C(NCCc1ccccc1)OCc1cccc2ccccc12,422.4560000000002,3.3321000000000014,2,4,84.50000000000001,9,True
CHEMBL321473,Nc1cc(CO)cc(Nc2c3ccccc3nc3ccccc23)c1,LEISHMANIASIS,6.0,DNA topoisomerase,<rdkit.Chem.rdchem.Mol object at 0x0000021ACD97A6C0>,[0 0 0 ... 0 0 0],c1ccc(Nc2c3ccccc3nc3ccccc23)cc1,315.37600000000003,4.206100000000002,3,4,71.17,3,True
CHEMBL535,CCN(CC)CCNC(=O)c1c(C)[nH]c(/C=C2\C(=O)Nc3ccc(F)cc32)c1C,LEISHMANIASIS,4.522878745280337,DNA topoisomerase,<rdkit.Chem.rdchem.Mol object at 0x0000021ACD97A650>,[0 0 0 ... 0 0 0],O=C1Nc2ccccc2C1=Cc1ccc[nH]1,398.48200000000014,3.3349400000000013,3,3,77.23,7,True
CHEMBL320495,CNC(=O)OCc1ccc(Oc2c3ccccc3nc3c(OC)cccc23)cc1,LEISHMANIASIS,4.301029995663981,DNA topoisomerase,<rdkit.Chem.rdchem.Mol object at 0x0000021ACD97A5E0>,[0 0 0 ... 0 0 0],c1ccc(Oc2c3ccccc3nc3ccccc23)cc1,388.4230000000001,5.044900000000004,1,5,69.68,5,False
CHEMBL323540,Cc1ccc(C[N+](C)(C)CCCN2c3ccccc3Sc3ccc(Cl)cc32)cc1,LEISHMANIASIS,5.355651869704872,Trypanothione reductase,<rdkit.Chem.rdchem.Mol object at 0x0000021ACD97A570>,[0 0 0 ... 0 0 0],c1ccc(C[NH2+]CCCN2c3ccccc3Sc3ccccc32)cc1,424.0330000000001,6.917820000000006,0,2,3.24,6,False
CHEMBL322325,CN(C)CCCC(=O)Nc1cc(CO)cc(Nc2c3ccccc3nc3ccccc23)c1,LEISHMANIASIS,7.267606240177032,DNA topoisomerase,<rdkit.Chem.rdchem.Mol object at 0x0000021ACD97A500>,[0 0 0 ... 0 0 0],c1ccc(Nc2c3ccccc3nc3ccccc23)cc1,428.5360000000001,4.904200000000003,3,5,77.49000000000001,8,True
CHEMBL322491,COc1cccc2c(Oc3ccc(CO)cc3)c3ccccc3nc12,LEISHMANIASIS,4.698970004336019,DNA topoisomerase,<rdkit.Chem.rdchem.Mol object at 0x0000021ACD97A490>,[0 0 0 ... 0 0 0],c1ccc(Oc2c3ccccc3nc3ccccc23)cc1,331.37100000000004,4.681200000000003,1,4,51.58,4,True
CHEMBL322711,O=C1c2c(c3c4cccc(O)c4n(C4OC(CO)C(O)C(O)C4O)c3c3[nH]c4cc(O)ccc4c23)C(=O)N1NC(CO)CO,LEISHMANIASIS,5.548455006504028,DNA topoisomerase,<rdkit.Chem.rdchem.Mol object at 0x0000021ACD97A420>,[0 1 0 ... 0 0 0],O=C1NC(=O)c2c1c1c3ccccc3[nH]c1c1c2c2ccccc2n1C1CCCCO1,608.5600000000002,-0.7336000000000009,10,13,241.19999999999996,6,False
CHEMBL322712,O=C1c2c(c3c4cccc(O)c4n(C4OC(CO)C(O)C(O)C4O)c3c3[nH]c4ccc(O)cc4c23)C(=O)N1NC(CO)CO,LEISHMANIASIS,5.296729909783022,DNA topoisomerase,<rdkit.Chem.rdchem.Mol object at 0x0000021ACD97A3B0>,[0 1 0 ... 0 0 0],O=C1NC(=O)c2c1c1c3ccccc3[nH]c1c1c2c2ccccc2n1C1CCCCO1,608.5600000000002,-0.7336000000000009,10,13,241.19999999999996,6,False
CHEMBL323210,C[N+](C)(CCCN1c2ccccc2Sc2ccc(Cl)cc21)Cc1ccc(OCc2ccccc2)cc1,LEISHMANIASIS,5.655434401382751,Trypanothione reductase,<rdkit.Chem.rdchem.Mol object at 0x0000021ACD97A340>,[0 0 0 ... 0 0 0],c1ccc(COc2ccc(C[NH2+]CCCN3c4ccccc4Sc4ccccc43)cc2)cc1,516.1300000000003,8.188400000000007,0,3,12.47,9,False
CHEMBL3301610,CCN1CCN(Cc2ccc(Nc3ncc(F)c(-c4cc(F)c5nc(C)n(C(C)C)c5c4)n3)nc2)CC1,LEISHMANIASIS,4.522878745280337,DNA topoisomerase,<rdkit.Chem.rdchem.Mol object at 0x0000021ACD97A2D0>,[0 1 0 ... 0 0 0],c1cc(-c2ccc3nc[nH]c3c2)nc(Nc2ccc(CN3CCNCC3)cn2)n1,506.6050000000003,4.936920000000004,1,8,75.0,7,False
CHEMBL4470431,Clc1ccc(COC(c2cccs2)c2cc3ccccc3nc2Cl)cc1,LEISHMANIASIS,6.356547323513812,DNA topoisomerase,<rdkit.Chem.rdchem.Mol object at 0x0000021ACD97A260>,[0 1 0 ... 0 0 0],c1ccc(COC(c2cnc3ccccc3c2)c2cccs2)cc1,400.33000000000004,6.9093000000000035,0,3,22.12,5,False
CHEMBL323601,O=C1c2c(c3c4cc(O)ccc4n(C4OC(CO)C(O)C(O)C4O)c3c3[nH]c4ccc(O)cc4c23)C(=O)N1NC(CO)CO,LEISHMANIASIS,5.489405350465031,DNA topoisomerase,<rdkit.Chem.rdchem.Mol object at 0x0000021ACD97A1F0>,[0 1 0 ... 0 0 0],O=C1NC(=O)c2c1c1c3ccccc3[nH]c1c1c2c2ccccc2n1C1CCCCO1,608.5600000000002,-0.7336000000000009,10,13,241.19999999999996,6,False
CHEMBL323394,O=C1c2c(c3c4ccc(O)cc4n(C4OC(CO)C(O)C(O)C4O)c3c3[nH]c4ccc(O)cc4c23)C(=O)N1NC(CO)CO,LEISHMANIASIS,5.866414135798493,DNA topoisomerase,<rdkit.Chem.rdchem.Mol object at 0x0000021ACD97A180>,[0 1 0 ... 0 0 0],O=C1NC(=O)c2c1c1c3ccccc3[nH]c1c1c2c2ccccc2n1C1CCCCO1,608.5600000000002,-0.7336000000000009,10,13,241.19999999999996,6,False
CHEMBL326274,O=C(O)CCC(=O)Nc1cc(CO)cc(Nc2c3ccccc3nc3ccccc23)c1,LEISHMANIASIS,4.698970004336019,DNA topoisomerase,<rdkit.Chem.rdchem.Mol object at 0x0000021ACD97A110>,[0 0 0 ... 0 0 0],c1ccc(Nc2c3ccccc3nc3ccccc23)cc1,415.4490000000001,4.427200000000003,4,5,111.55,7,True
CHEMBL324765,O=C1c2c(c3c4ccc(O)cc4n(C4OC(CO)C(O)C(O)C4O)c3c3[nH]c4c(O)cccc4c23)C(=O)N1NC(CO)CO,LEISHMANIASIS,5.780333653084869,DNA topoisomerase,<rdkit.Chem.rdchem.Mol object at 0x0000021ACD97A0A0>,[0 1 0 ... 0 0 0],O=C1NC(=O)c2c1c1c3ccccc3[nH]c1c1c2c2ccccc2n1C1CCCCO1,608.5600000000002,-0.7336000000000009,10,13,241.19999999999996,6,False
CHEMBL323957,Oc1ccccc1-c1nc2c(-c3nc4ccccc4o3)cccc2o1,LEISHMANIASIS,4.698970004336019,DNA topoisomerase,<rdkit.Chem.rdchem.Mol object at 0x0000021ACD97A030>,[0 0 0 ... 0 0 0],c1ccc(-c2nc3c(-c4nc5ccccc5o4)cccc3o2)cc1,328.32700000000006,5.008600000000004,1,5,72.29,2,False
CHEMBL325543,CC(=O)OCc1cc(Nc2c3ccccc3nc3ccccc23)cc(NS(C)(=O)=O)c1,LEISHMANIASIS,7.200659450546418,DNA topoisomerase,<rdkit.Chem.rdchem.Mol object at 0x0000021ACD979FC0>,[0 0 0 ... 0 0 0],c1ccc(Nc2c3ccccc3nc3ccccc23)cc1,435.50500000000017,4.566200000000003,2,6,97.38999999999999,6,True
CHEMBL324426,COC(=O)c1cccc2oc(-c3cccc4oc(-c5ccccc5)nc34)nc12,LEISHMANIASIS,4.42021640338319,DNA topoisomerase,<rdkit.Chem.rdchem.Mol object at 0x0000021ACD979F50>,[0 0 0 ... 0 0 0],c1ccc(-c2nc3c(-c4nc5ccccc5o4)cccc3o2)cc1,370.36400000000003,5.0896000000000035,0,6,78.36,3,False
CHEMBL325839,O=C1c2c(c3c4ccccc4n(C4OC(CO)C(O)C(O)C4O)c3c3[nH]c4cc(O)ccc4c23)C(=O)N1NC(CO)CO,LEISHMANIASIS,5.244058319510563,DNA topoisomerase,<rdkit.Chem.rdchem.Mol object at 0x0000021ACD979EE0>,[0 1 0 ... 0 0 0],O=C1NC(=O)c2c1c1c3ccccc3[nH]c1c1c2c2ccccc2n1C1CCCCO1,592.5610000000001,-0.43920000000000103,9,12,220.96999999999997,6,False
CHEMBL323271,C[N+](C)(CCCN1c2ccccc2Sc2ccc(Cl)cc21)c1ccc2ccccc2c1,LEISHMANIASIS,5.420592676637886,Trypanothione reductase,<rdkit.Chem.rdchem.Mol object at 0x0000021ACD979E70>,[0 0 0 ... 0 0 0],c1ccc2c(c1)Sc1ccccc1N2CCC[NH2+]c1ccc2ccccc2c1,446.0390000000002,7.753100000000006,0,2,3.24,5,False
CHEMBL4470699,CC[C@H]1CN(c2noc3c(F)c4c(cc23)CC2(C(=O)NC(=O)NC2=O)[C@H]2[C@H](C)O[C@H](C)CN42)C(=O)S1,LEISHMANIASIS,3.8914349762671656,DNA topoisomerase,<rdkit.Chem.rdchem.Mol object at 0x0000021ACD979E00>,[0 0 0 ... 0 0 1],O=C1NC(=O)C2(Cc3cc4c(N5CCSC5=O)noc4cc3N3CCOCC32)C(=O)N1,517.5390000000002,2.3094,2,9,134.07999999999998,2,False
CHEMBL325088,O=C1C(Nc2ccccc2Br)=C(Cl)C(=O)c2ncncc21,LEISHMANIASIS,4.761953896871205,DNA topoisomerase,<rdkit.Chem.rdchem.Mol object at 0x0000021ACD979D90>,[0 0 0 ... 0 0 0],O=C1C(Nc2ccccc2)=CC(=O)c2ncncc21,364.58600000000007,3.180600000000002,1,5,71.95,2,True
CHEMBL325005,O=C1c2c(c3c4ccccc4n(C4OC(CO)C(O)C(O)C4O)c3c3[nH]c4c(O)cccc4c23)C(=O)N1NC(CO)CO,LEISHMANIASIS,5.489405350465031,DNA topoisomerase,<rdkit.Chem.rdchem.Mol object at 0x0000021ACD979D20>,[0 1 0 ... 0 0 0],O=C1NC(=O)c2c1c1c3ccccc3[nH]c1c1c2c2ccccc2n1C1CCCCO1,592.5610000000001,-0.43920000000000103,9,12,220.96999999999997,6,False
CHEMBL325588,OCc1cccc(Nc2c3ccccc3nc3ccccc23)c1,LEISHMANIASIS,6.645891560852599,DNA topoisomerase,<rdkit.Chem.rdchem.Mol object at 0x0000021ACD979CB0>,[0 0 0 ... 0 0 0],c1ccc(Nc2c3ccccc3nc3ccccc23)cc1,300.36100000000005,4.6239000000000035,2,3,45.15,3,True
CHEMBL326664,CS(=O)(=O)Nc1cc(CO)cc(Nc2c3ccccc3nc3ccccc23)c1,LEISHMANIASIS,7.346787486224656,DNA topoisomerase,<rdkit.Chem.rdchem.Mol object at 0x0000021ACD979C40>,[0 0 0 ... 0 0 0],c1ccc(Nc2c3ccccc3nc3ccccc23)cc1,393.46800000000013,3.995400000000002,3,5,91.32000000000001,5,True
CHEMBL327663,O=C(O)c1cn(C2CC2)c2c(F)c(-c3cccnc3)c(F)cc2c1=O,LEISHMANIASIS,4.2839966563652006,DNA topoisomerase,<rdkit.Chem.rdchem.Mol object at 0x0000021ACD979BD0>,[0 0 0 ... 0 0 0],O=c1ccn(C2CC2)c2cc(-c3cccnc3)ccc12,342.3010000000001,3.3748000000000022,1,4,72.19,3,True
CHEMBL326458,Cc1cc(C(=O)C[N+](C)(C)CCCN2c3ccccc3Sc3ccc(Cl)cc32)ccc1Cl,LEISHMANIASIS,5.455082755645686,Trypanothione reductase,<rdkit.Chem.rdchem.Mol object at 0x0000021ACD979B60>,[0 0 0 ... 0 0 0],O=C(C[NH2+]CCCN1c2ccccc2Sc2ccccc21)c1ccccc1,486.48800000000006,7.253920000000006,0,3,20.310000000000002,7,False
CHEMBL330072,CCC(O)(C(=O)[O-])c1cc2n(c(=O)c1CO)Cc1cc3c(N)c4c(cc3nc1-2)OCO4.[Na+],LEISHMANIASIS,5.259637310505756,DNA topoisomerase,<rdkit.Chem.rdchem.Mol object at 0x0000021ACD979AF0>,[0 0 0 ... 0 0 0],O=c1cccc2n1Cc1cc3cc4c(cc3nc1-2)OCO4,447.3790000000002,-3.420099999999996,3,10,159.95999999999998,4,True
CHEMBL1117,CC(=O)[C@]1(O)Cc2c(O)c3c(c(O)c2[C@@H](O[C@H]2C[C@H](N)[C@H](O)[C@H](C)O2)C1)C(=O)c1ccccc1C3=O,LEISHMANIASIS,8.585026652029182,DNA topoisomerase,<rdkit.Chem.rdchem.Mol object at 0x0000021ACD979A80>,[0 1 0 ... 0 0 0],O=C1c2ccccc2C(=O)c2cc3c(cc21)CCCC3OC1CCCCO1,497.5000000000002,1.0202999999999998,5,10,176.60999999999999,3,True
CHEMBL328719,Cc1cc(-c2c(F)cc3c(=O)c(C(=O)O)cn(-c4ccc(F)cc4)c3c2F)cc(C)n1,LEISHMANIASIS,3.3665315444204134,DNA topoisomerase,<rdkit.Chem.rdchem.Mol object at 0x0000021ACD979A10>,[0 0 0 ... 0 0 0],O=c1ccn(-c2ccccc2)c2cc(-c3ccncc3)ccc12,424.3780000000001,4.785040000000002,1,4,72.19,3,True
CHEMBL4471194,NC[C@@H]1CCN(c2cc3c(cc2F)c(=O)n(N)c(=O)n3Cc2ccc(-c3ccccc3)cc2)C1,LEISHMANIASIS,4.586700235918748,DNA topoisomerase,<rdkit.Chem.rdchem.Mol object at 0x0000021ACD9799A0>,[0 0 0 ... 0 0 0],O=c1[nH]c(=O)n(Cc2ccc(-c3ccccc3)cc2)c2cc(N3CCCC3)ccc12,459.5250000000002,2.5164,2,7,99.28,5,True
CHEMBL328461,CCC1(O)C(=O)OCc2c1cc1n(c2=O)Cc2cc3c4c(ccc3nc2-1)OCO4,LEISHMANIASIS,5.42021640338319,DNA topoisomerase,<rdkit.Chem.rdchem.Mol object at 0x0000021ACD979930>,[0 0 0 ... 0 0 0],O=C1Cc2cc3n(c(=O)c2CO1)Cc1cc2c4c(ccc2nc1-3)OCO4,392.3670000000002,1.8082999999999998,1,8,99.88000000000001,1,True
CHEMBL329664,CCC1(O)C(=O)OCc2c1cc1n(c2=O)Cc2cc3c([N+](=O)[O-])c4c(cc3nc2-1)OCO4,LEISHMANIASIS,6.657577319177793,DNA topoisomerase,<rdkit.Chem.rdchem.Mol object at 0x0000021ACD9798C0>,[0 0 0 ... 0 0 0],O=C1Cc2cc3n(c(=O)c2CO1)Cc1cc2cc4c(cc2nc1-3)OCO4,437.36400000000026,1.7165,1,10,143.02,2,True
CHEMBL330288,CCc1c(O)nc(O)nc1NCc1ccccc1,LEISHMANIASIS,2.549750891680639,DNA topoisomerase,<rdkit.Chem.rdchem.Mol object at 0x0000021ACD979850>,[0 0 0 ... 0 0 0],c1ccc(CNc2ccncn2)cc1,245.282,2.0622999999999996,3,5,78.27000000000001,4,True
CHEMBL329385,Cc1cc(-c2c(F)c(N)c3c(=O)c(C(=O)O)cn(C4CC4)c3c2F)cc(C)n1,LEISHMANIASIS,5.207608310501746,DNA topoisomerase,<rdkit.Chem.rdchem.Mol object at 0x0000021ACD9797E0>,[0 0 0 ... 0 0 0],O=c1ccn(C2CC2)c2cc(-c3ccncc3)ccc12,385.3700000000002,3.5738400000000015,2,5,98.21,3,True
CHEMBL331962,Cc1cc(C)cc(Nc2cc(O)nc(O)n2)c1,LEISHMANIASIS,3.906578314837765,DNA topoisomerase,<rdkit.Chem.rdchem.Mol object at 0x0000021ACD979770>,[0 0 0 ... 0 0 0],c1ccc(Nc2ccncn2)cc1,231.25500000000002,2.24824,3,5,78.27,2,True
CHEMBL330996,CCN(CC)CCNc1ccc(CNC)c2sc3ccccc3c(=O)c12,LEISHMANIASIS,3.5686362358410126,DNA topoisomerase,<rdkit.Chem.rdchem.Mol object at 0x0000021ACD979700>,[0 0 0 ... 0 0 0],O=c1c2ccccc2sc2ccccc12,369.53400000000016,3.887800000000002,2,5,44.37,8,True
CHEMBL4471644,Cc1cc(NC(=O)Cn2nnc(-c3ccc(N)cc3)n2)no1,LEISHMANIASIS,5.175874166083451,Cysteine protease,<rdkit.Chem.rdchem.Mol object at 0x0000021ACD979690>,[0 0 0 ... 0 0 0],O=C(Cn1nnc(-c2ccccc2)n1)Nc1ccon1,299.29400000000004,0.8574199999999998,2,8,124.75,4,True
CHEMBL333641,CCN(CC)CCNc1ccc(CNC(=O)OC)c2sc3ccc(OC)cc3c(=O)c12,LEISHMANIASIS,3.657577319177794,DNA topoisomerase,<rdkit.Chem.rdchem.Mol object at 0x0000021ACD979620>,[0 0 0 ... 0 0 0],O=c1c2ccccc2sc2ccccc12,443.56900000000024,4.033000000000002,2,7,79.9,9,True
CHEMBL4471822,Fc1ccc(-c2ccc3ncc(-c4nnco4)c(NCCCn4ccnc4)c3c2)cc1,LEISHMANIASIS,5.0,DNA topoisomerase,<rdkit.Chem.rdchem.Mol object at 0x0000021ACD9795B0>,[0 0 0 ... 0 0 0],c1ccc(-c2ccc3ncc(-c4nnco4)c(NCCCn4ccnc4)c3c2)cc1,414.4440000000002,4.789600000000003,1,7,81.66000000000001,7,True
CHEMBL332805,CCN(CC)CCNc1ccc(CNC)c2sc3ccc(OC)cc3c(=O)c12,LEISHMANIASIS,3.3010299956639813,DNA topoisomerase,<rdkit.Chem.rdchem.Mol object at 0x0000021ACD979540>,[0 0 0 ... 0 0 0],O=c1c2ccccc2sc2ccccc12,399.56000000000023,3.8964000000000025,2,6,53.6,9,True
CHEMBL4471656,CSc1ccc(C(c2cc(O)c3c(c2O)C(=O)c2ccccc2C3=O)N(CCCl)CCCl)cc1,LEISHMANIASIS,4.394303554251837,DNA topoisomerase,<rdkit.Chem.rdchem.Mol object at 0x0000021ACD9794D0>,[0 1 0 ... 0 0 0],O=C1c2ccccc2C(=O)c2cc(Cc3ccccc3)ccc21,516.4460000000003,5.4641000000000055,2,6,77.83999999999999,8,False
CHEMBL332939,CN(C)CCNC1c2ccccc2CCc2ccccc21,LEISHMANIASIS,3.866461091629783,Trypanothione reductase,<rdkit.Chem.rdchem.Mol object at 0x0000021ACD979460>,[0 0 0 ... 0 0 0],c1ccc2c(c1)CCc1ccccc1C2,280.415,3.025800000000001,1,2,15.27,4,True
CHEMBL333026,CCN(CC)CCNc1ccc(CN)c2sc3ccccc3c(=O)c12,LEISHMANIASIS,4.045757490560675,DNA topoisomerase,<rdkit.Chem.rdchem.Mol object at 0x0000021ACD9793F0>,[0 0 0 ... 0 0 0],O=c1c2ccccc2sc2ccccc12,355.5070000000001,3.6271000000000013,2,5,58.36,7,True
CHEMBL335455,CC[C@@]1(O)C(=O)OCc2c1cc1n(c2=O)Cc2c-1nc1cc3c(cc1c2CCl)OCO3,LEISHMANIASIS,7.823908740944319,DNA topoisomerase,<rdkit.Chem.rdchem.Mol object at 0x0000021ACD979380>,[0 0 0 ... 0 0 0],O=C1Cc2cc3n(c(=O)c2CO1)Cc1cc2cc4c(cc2nc1-3)OCO4,440.83900000000017,2.5471000000000004,1,8,99.88000000000001,2,True
CHEMBL334337,O=C1c2c(c3c4ccc(O)cc4n([C@H]4C[C@H](O)[C@@H](CO)O4)c3c3[nH]c4cc(O)ccc4c23)C(=O)N1NC(CO)CO,LEISHMANIASIS,5.951544993495972,DNA topoisomerase,<rdkit.Chem.rdchem.Mol object at 0x0000021ACD979310>,[0 1 0 ... 0 0 0],O=C1NC(=O)c2c1c1c3ccccc3[nH]c1c1c2c2ccccc2n1C1CCCO1,562.5350000000002,0.9346999999999996,8,11,200.74,6,False
CHEMBL334064,O=C1c2c(c3c4cc(O)cc(O)c4n(C4OC(CO)C(O)C(O)C4O)c3c3[nH]c4c(O)cc(O)cc4c23)C(=O)N1NC(CO)CO,LEISHMANIASIS,5.378480975656853,DNA topoisomerase,<rdkit.Chem.rdchem.Mol object at 0x0000021ACD9792A0>,[0 1 0 ... 0 0 0],O=C1NC(=O)c2c1c1c3ccccc3[nH]c1c1c2c2ccccc2n1C1CCCCO1,640.5580000000001,-1.3224000000000005,12,15,281.65999999999997,6,False
CHEMBL335387,N[C@H]1CCN(c2c(F)cc3c(=O)c(C(=O)O)cn4c3c2Oc2ccc3ccccc3c2-4)C1,LEISHMANIASIS,6.142667503568732,DNA topoisomerase,<rdkit.Chem.rdchem.Mol object at 0x0000021ACD979230>,[0 0 0 ... 0 0 0],O=c1ccn2c3c(c(N4CCCC4)ccc13)Oc1ccc3ccccc3c1-2,431.42300000000023,3.6243000000000016,2,6,97.79,2,True
CHEMBL334255,CCCCCCCCCCCCCCCC[n+]1ccccc1.[Br-],LEISHMANIASIS,5.146301788223826,Cysteine protease,<rdkit.Chem.rdchem.Mol object at 0x0000021ACD9791C0>,[0 0 0 ... 0 0 0],c1cc[nH+]cc1,384.4459999999999,3.4594000000000014,0,0,3.88,15,True
CHEMBL334461,O=C1c2c(c3c4ccc(O)cc4n([C@@H]4C[C@@H](O)[C@H](O)[C@@H](CO)O4)c3c3[nH]c4cc(O)ccc4c23)C(=O)N1NC(CO)CO,LEISHMANIASIS,5.593543321678572,DNA topoisomerase,<rdkit.Chem.rdchem.Mol object at 0x0000021ACD979150>,[0 1 0 ... 0 0 0],O=C1NC(=O)c2c1c1c3ccccc3[nH]c1c1c2c2ccccc2n1C1CCCCO1,592.5610000000003,0.2955999999999997,9,12,220.96999999999997,6,False
CHEMBL334386,Cc1cc(-c2c(F)cc3c4nn(CC(=O)O)c(=O)c-4cn(C4CC4)c3c2F)cc(C)n1,LEISHMANIASIS,4.610924374808178,DNA topoisomerase,<rdkit.Chem.rdchem.Mol object at 0x0000021ACD9790E0>,[0 0 0 ... 0 0 0],O=c1[nH]nc2c3ccc(-c4ccncc4)cc3n(C3CC3)cc1-2,424.4070000000002,3.6793400000000016,1,6,90.01,4,True
CHEMBL334869,O=C1c2c(c3c4ccc(O)cc4n([C@H]4O[C@H](CO)[C@@H](O)[C@@H](O)[C@H]4O)c3c3[nH]c4cc(O)ccc4c23)C(=O)N1NC(CO)CO,LEISHMANIASIS,7.585026652029182,DNA topoisomerase,<rdkit.Chem.rdchem.Mol object at 0x0000021ACD979070>,[0 1 0 ... 0 0 0],O=C1NC(=O)c2c1c1c3ccccc3[nH]c1c1c2c2ccccc2n1C1CCCCO1,608.5600000000002,-0.7336000000000009,10,13,241.19999999999996,6,False
CHEMBL335700,N[C@H]1CCN(c2c(F)cc3c(=O)c(C(=O)O)cn4c3c2Oc2c-4ccc3ccccc23)C1,LEISHMANIASIS,6.309803919971486,DNA topoisomerase,<rdkit.Chem.rdchem.Mol object at 0x0000021ACD979000>,[0 0 0 ... 0 0 0],O=c1ccn2c3c(c(N4CCCC4)ccc13)Oc1c-2ccc2ccccc12,431.42300000000023,3.6243000000000016,2,6,97.79,2,True
CHEMBL334497,NC1CCN(c2c(F)cc3c(=O)c(C(=O)O)cn4c3c2Oc2c-4ccc3ccccc23)C1,LEISHMANIASIS,6.259637310505756,DNA topoisomerase,<rdkit.Chem.rdchem.Mol object at 0x0000021ACD978F90>,[0 0 0 ... 0 0 0],O=c1ccn2c3c(c(N4CCCC4)ccc13)Oc1c-2ccc2ccccc12,431.42300000000023,3.6243000000000016,2,6,97.79,2,True
CHEMBL334608,Cc1cc(-c2c(F)cc3/c(=N/N(C)C)ccn(C4CC4)c3c2F)cc(C)n1,LEISHMANIASIS,5.638272163982407,DNA topoisomerase,<rdkit.Chem.rdchem.Mol object at 0x0000021ACD978F20>,[0 0 0 ... 0 0 0],N=c1ccn(C2CC2)c2cc(-c3ccncc3)ccc12,368.43100000000015,4.310540000000003,0,4,33.42,3,True
CHEMBL336443,COc1cc([C@@H]2c3cc4c(cc3[C@@H](OC3CC(NCCN)C5OC(C)OCC5O3)[C@H]3COC(=O)[C@H]23)OCO4)cc(OC)c1O,LEISHMANIASIS,4.0,DNA topoisomerase,<rdkit.Chem.rdchem.Mol object at 0x0000021ACD978EB0>,[0 0 0 ... 0 0 0],O=C1OCC2C(OC3CCC4OCOCC4O3)c3cc4c(cc3C(c3ccccc3)C12)OCO4,614.6480000000004,1.9238000000000004,3,13,158.42000000000002,8,False
CHEMBL336549,Cc1cc(-c2c(F)cc3c4nn([C@H]5CC[C@@H](N(C)C)CC5)c(=O)c-4cn(C4CC4)c3c2F)cc(C)n1,LEISHMANIASIS,5.035290537142854,DNA topoisomerase,<rdkit.Chem.rdchem.Mol object at 0x0000021ACD978E40>,[0 0 0 ... 0 0 0],O=c1c2cn(C3CC3)c3cc(-c4ccncc4)ccc3c-2nn1C1CCCCC1,491.58600000000035,5.640040000000004,0,6,55.95,4,False
CHEMBL336767,Cc1cc(-c2c(F)cc3/c(=N/NCCO)ccn(C4CC4)c3c2F)cc(C)n1,LEISHMANIASIS,5.494850021680094,DNA topoisomerase,<rdkit.Chem.rdchem.Mol object at 0x0000021ACD978DD0>,[0 0 0 ... 0 0 0],N=c1ccn(C2CC2)c2cc(-c3ccncc3)ccc12,384.4300000000002,3.330840000000001,2,5,62.440000000000005,5,True
CHEMBL337526,N[C@H]1CCN(c2c(F)cc3c(=O)c(C(=O)O)cn4c3c2Oc2cc3ccccc3cc2-4)C1,LEISHMANIASIS,6.356547323513812,DNA topoisomerase,<rdkit.Chem.rdchem.Mol object at 0x0000021ACD978D60>,[0 0 0 ... 0 0 0],O=c1ccn2c3c(c(N4CCCC4)ccc13)Oc1cc3ccccc3cc1-2,431.42300000000023,3.6243000000000016,2,6,97.79,2,True
CHEMBL336603,O=C1c2c(c3c4ccc(O)cc4n([C@@H]4O[C@H](CO)[C@H](O)[C@H](O)[C@H]4O)c3c3[nH]c4cc(O)ccc4c23)C(=O)N1NC(CO)CO,LEISHMANIASIS,6.853871964321762,DNA topoisomerase,<rdkit.Chem.rdchem.Mol object at 0x0000021ACD978CF0>,[0 1 0 ... 0 0 0],O=C1NC(=O)c2c1c1c3ccccc3[nH]c1c1c2c2ccccc2n1C1CCCCO1,608.5600000000002,-0.7336000000000009,10,13,241.19999999999996,6,False
CHEMBL336626,O=C1c2c(c3c4ccc(O)cc4n([C@@H]4O[C@H](C(O)CO)[C@@H](O)[C@H]4O)c3c3[nH]c4cc(O)ccc4c23)C(=O)N1NC(CO)CO,LEISHMANIASIS,5.83889035263304,DNA topoisomerase,<rdkit.Chem.rdchem.Mol object at 0x0000021ACD978C80>,[0 1 0 ... 0 0 0],O=C1NC(=O)c2c1c1c3ccccc3[nH]c1c1c2c2ccccc2n1C1CCCO1,608.5600000000002,-0.7336000000000009,10,13,241.19999999999996,7,False
CHEMBL335643,NC1CCN(c2c(F)cc3c(=O)c(C(=O)O)cn4c3c2Oc2ccc3ccccc3c2-4)C1,LEISHMANIASIS,6.113509274827518,DNA topoisomerase,<rdkit.Chem.rdchem.Mol object at 0x0000021ACD978C10>,[0 0 0 ... 0 0 0],O=c1ccn2c3c(c(N4CCCC4)ccc13)Oc1ccc3ccccc3c1-2,431.42300000000023,3.6243000000000016,2,6,97.79,2,True
CHEMBL4471904,O=c1nc(SCc2cccc(O)c2)nc(SCc2ccc(Cl)cc2)[nH]1,LEISHMANIASIS,3.88907375773358,DNA topoisomerase,<rdkit.Chem.rdchem.Mol object at 0x0000021ACD978BA0>,[0 0 0 ... 0 0 0],O=c1nc(SCc2ccccc2)nc(SCc2ccccc2)[nH]1,391.9050000000001,4.108500000000002,2,6,78.87,6,True
CHEMBL335940,O=C1c2c(c3c4ccc(O)cc4n([C@H]4O[C@H](CO)[C@@H](O)[C@H](O)[C@@H]4O)c3c3[nH]c4cc(O)ccc4c23)C(=O)N1NC(CO)CO,LEISHMANIASIS,5.698970004336019,DNA topoisomerase,<rdkit.Chem.rdchem.Mol object at 0x0000021ACD978B30>,[0 1 0 ... 0 0 0],O=C1NC(=O)c2c1c1c3ccccc3[nH]c1c1c2c2ccccc2n1C1CCCCO1,608.5600000000002,-0.7336000000000009,10,13,241.19999999999996,6,False
CHEMBL335683,Cc1cc(-c2c(F)cc3c4nn(-c5ccccc5)c(=O)c-4cn(C4CC4)c3c2F)cc(C)n1,LEISHMANIASIS,5.568636235841013,DNA topoisomerase,<rdkit.Chem.rdchem.Mol object at 0x0000021ACD978AC0>,[0 0 0 ... 0 0 0],O=c1c2cn(C3CC3)c3cc(-c4ccncc4)ccc3c-2nn1-c1ccccc1,442.4690000000003,5.583940000000004,0,5,52.71,3,False
CHEMBL337180,CC(=O)N[C@H]1CC[C@H](n2nc3c4cc(F)c(-c5cc(C)nc(C)c5)c(F)c4n(C4CC4)cc-3c2=O)CC1,LEISHMANIASIS,4.650601874104784,DNA topoisomerase,<rdkit.Chem.rdchem.Mol object at 0x0000021ACD978A50>,[0 0 0 ... 0 0 0],O=c1c2cn(C3CC3)c3cc(-c4ccncc4)ccc3c-2nn1C1CCCCC1,505.56900000000036,5.214540000000005,1,6,81.81,4,False
CHEMBL337666,Cc1cc(-c2c(F)cc3/c(=N/N)ccn(C4CC4)c3c2F)cc(C)n1,LEISHMANIASIS,5.769551078621726,DNA topoisomerase,<rdkit.Chem.rdchem.Mol object at 0x0000021ACD9789E0>,[0 0 0 ... 0 0 0],N=c1ccn(C2CC2)c2cc(-c3ccncc3)ccc12,340.37700000000007,3.7076400000000014,1,4,56.199999999999996,2,True
CHEMBL4472165,CNCCNc1cc2c(cc1F)c(=O)c(C(=O)O)cn2Cc1ccc(-c2ccccc2)cc1,LEISHMANIASIS,3.6989700043360183,DNA topoisomerase,<rdkit.Chem.rdchem.Mol object at 0x0000021ACD978970>,[0 0 0 ... 0 0 0],O=c1ccn(Cc2ccc(-c3ccccc3)cc2)c2ccccc12,445.4940000000001,4.185400000000003,3,5,83.35999999999999,8,True
CHEMBL339781,CCOC(=O)/C(C#N)=C1\C=CN(C2CC2)c2c1cc(F)c(-c1cc(C)nc(C)c1)c2F,LEISHMANIASIS,5.318758762624412,DNA topoisomerase,<rdkit.Chem.rdchem.Mol object at 0x0000021ACD978900>,[0 0 0 ... 0 0 0],C=C1C=CN(C2CC2)c2cc(-c3ccncc3)ccc21,421.4470000000002,4.980020000000004,0,5,66.22,4,True
CHEMBL340160,O=C1c2cccnc2-c2nccc3c2c1nc1ccccc13,LEISHMANIASIS,5.861381566100508,DNA topoisomerase,<rdkit.Chem.rdchem.Mol object at 0x0000021ACD978890>,[0 0 0 ... 0 0 0],O=C1c2cccnc2-c2nccc3c2c1nc1ccccc13,283.29,3.389400000000001,0,4,55.74,0,True
CHEMBL338843,CC[C@@]1(O)C(=O)OCc2c1cc1n(c2=O)Cc2c-1nc1cc3c(cc1c2CCl)OCCO3,LEISHMANIASIS,7.958607314841775,DNA topoisomerase,<rdkit.Chem.rdchem.Mol object at 0x0000021ACD978820>,[0 0 0 ... 0 0 0],O=C1Cc2cc3n(c(=O)c2CO1)Cc1cc2cc4c(cc2nc1-3)OCCO4,454.8660000000002,2.589600000000001,1,8,99.88000000000001,2,True
CHEMBL338966,O=C1c2c(c3c4ccc(O)cc4n([C@@H]4O[C@H](CO)[C@@H](O)[C@@H](O)[C@H]4O)c3c3[nH]c4cc(O)ccc4c23)C(=O)N1NC(CO)CO,LEISHMANIASIS,5.9430283238465815,DNA topoisomerase,<rdkit.Chem.rdchem.Mol object at 0x0000021ACD9787B0>,[0 1 0 ... 0 0 0],O=C1NC(=O)c2c1c1c3ccccc3[nH]c1c1c2c2ccccc2n1C1CCCCO1,608.5600000000002,-0.7336000000000009,10,13,241.19999999999996,6,False
CHEMBL338967,O=C1c2c(c3c4ccc(O)cc4n([C@@H]4OC[C@@H](O)[C@H](O)[C@H]4O)c3c3[nH]c4cc(O)ccc4c23)C(=O)N1NC(CO)CO,LEISHMANIASIS,5.650514997831991,DNA topoisomerase,<rdkit.Chem.rdchem.Mol object at 0x0000021ACD978740>,[0 1 0 ... 0 0 0],O=C1NC(=O)c2c1c1c3ccccc3[nH]c1c1c2c2ccccc2n1C1CCCCO1,578.5340000000002,-0.0945000000000002,9,12,220.96999999999997,5,False
CHEMBL339379,O=C(O)c1cn2c3c(c(N4CCNCC4)c(F)cc3c1=O)Oc1ccc3ccccc3c1-2,LEISHMANIASIS,5.017728766960431,DNA topoisomerase,<rdkit.Chem.rdchem.Mol object at 0x0000021ACD9786D0>,[0 0 0 ... 0 0 0],O=c1ccn2c3c(c(N4CCNCC4)ccc13)Oc1ccc3ccccc3c1-2,431.4230000000002,3.496500000000003,2,6,83.8,2,True
CHEMBL4472792,O=c1nc(SCc2c(F)cccc2F)nc(SCc2ccccc2F)[nH]1,LEISHMANIASIS,3.767512133647014,DNA topoisomerase,<rdkit.Chem.rdchem.Mol object at 0x0000021ACD978660>,[0 0 0 ... 0 0 0],O=c1nc(SCc2ccccc2)nc(SCc2ccccc2)[nH]1,395.4310000000001,4.166800000000003,1,5,58.64,6,True
CHEMBL4472824,COC1=CC(=O)N(C(=O)/C=C/[C@H](C)NC(=O)[C@H](CC(C)C)NC(=O)[C@H](CC2CCCCC2)NC(=O)[C@H](C(C)C)N(C)C)[C@H]1Cc1c[nH]c2ccccc12.O=C(O)C(F)(F)F,LEISHMANIASIS,6.882728704344236,Cysteine protease,<rdkit.Chem.rdchem.Mol object at 0x0000021ACD9785F0>,[0 1 1 ... 0 0 0],O=C(CCC1CCCCC1)NCC(=O)NCC=CC(=O)N1C(=O)C=CC1Cc1c[nH]c2ccccc12,846.9890000000003,5.2446000000000055,5,8,190.23999999999998,17,False
CHEMBL341028,CC[C@@]1(O)C(=O)OCc2c1cc1n(c2=O)Cc2c-1nc1cc3c(cc1c2CN1CCN(C)CC1)OCCO3.O=C(O)C(F)(F)F,LEISHMANIASIS,6.380906669373258,DNA topoisomerase,<rdkit.Chem.rdchem.Mol object at 0x0000021ACD978580>,[0 0 0 ... 0 0 0],O=C1Cc2cc3n(c(=O)c2CO1)Cc1c-3nc2cc3c(cc2c1CN1CCNCC1)OCCO3,632.5920000000006,2.2314999999999996,2,11,143.66,3,False
CHEMBL4472953,COc1c(N2CC[C@@H](N)C2)c(F)cc2c(=O)c(C(=O)O)cn(Cc3ccc(-c4ccccc4)cc3)c12,LEISHMANIASIS,4.035269078946371,DNA topoisomerase,<rdkit.Chem.rdchem.Mol object at 0x0000021ACD978510>,[0 0 0 ... 0 0 0],O=c1ccn(Cc2ccc(-c3ccccc3)cc2)c2cc(N3CCCC3)ccc12,487.5310000000002,4.100100000000003,2,6,97.78999999999999,6,True
CHEMBL4472673,CCC(O)CNc1cc2c3c(cccc3c1)NC2=O,LEISHMANIASIS,4.229566341833447,Cysteine protease,<rdkit.Chem.rdchem.Mol object at 0x0000021ACD9784A0>,[0 1 0 ... 0 0 0],O=C1Nc2cccc3cccc1c23,256.305,2.5883000000000003,3,3,61.36,4,True
CHEMBL343002,CCOc1ccc(-c2nc3cc(-c4nc5cc(N6CCN(C)CC6)ccc5[nH]4)ccc3[nH]2)cc1,LEISHMANIASIS,4.301029995663981,DNA topoisomerase,<rdkit.Chem.rdchem.Mol object at 0x0000021ACD978430>,[0 0 0 ... 0 0 0],c1ccc(-c2nc3cc(-c4nc5cc(N6CCNCC6)ccc5[nH]4)ccc3[nH]2)cc1,452.5620000000002,4.923700000000004,2,5,73.07000000000001,5,True
CHEMBL342844,COc1cc([C@@H]2c3cc4c(cc3[C@@H](OC3CC(N5CCOCC5)C5OC(C)OCC5O3)[C@H]3COC(=O)[C@H]23)OCO4)cc(OC)c1O,LEISHMANIASIS,6.0,DNA topoisomerase,<rdkit.Chem.rdchem.Mol object at 0x0000021ACD9783C0>,[0 0 0 ... 0 0 0],O=C1OCC2C(OC3CC(N4CCOCC4)C4OCOCC4O3)c3cc4c(cc3C(c3ccccc3)C12)OCO4,641.6700000000003,2.7077000000000013,1,13,132.84000000000003,6,False
CHEMBL344226,COc1cc([C@@H]2c3cc4c(cc3[C@@H](O[C@@H]3CC(N)C5OC(C)OCC5O3)[C@H]3COC(=O)[C@H]23)OCO4)cc(OC)c1O,LEISHMANIASIS,4.0,DNA topoisomerase,<rdkit.Chem.rdchem.Mol object at 0x0000021ACD978350>,[0 0 0 ... 0 0 0],O=C1OCC2C(OC3CCC4OCOCC4O3)c3cc4c(cc3C(c3ccccc3)C12)OCO4,571.5790000000004,2.3342000000000005,2,12,146.39000000000004,5,False
CHEMBL344174,N#CCNC(=O)[C@H](Cc1ccccc1)NC(=O)OCc1ccccc1,LEISHMANIASIS,3.84948500216801,Cysteine protease,<rdkit.Chem.rdchem.Mol object at 0x0000021ACD9782E0>,[0 1 0 ... 0 0 0],O=C(NCCc1ccccc1)OCc1ccccc1,337.3790000000001,2.16388,2,4,91.22000000000001,7,True
CHEMBL344478,COc1cc([C@@H]2c3cc4c(cc3C(OC3OC5COC(C)OC5C(O)C3N)C3COC(=O)[C@@H]32)OCO4)cc(OC)c1O,LEISHMANIASIS,4.251811972993799,DNA topoisomerase,<rdkit.Chem.rdchem.Mol object at 0x0000021ACD978270>,[0 0 0 ... 0 0 0],O=C1OCC2C(OC3CCC4OCOCC4O3)c3cc4c(cc3C(c3ccccc3)C12)OCO4,587.5780000000003,1.304999999999999,3,13,166.62,5,False
CHEMBL349592,Nc1nc(O)cc(Nc2ccc3c(c2)CCC3)n1,LEISHMANIASIS,5.698970004336019,DNA topoisomerase,<rdkit.Chem.rdchem.Mol object at 0x0000021ACD978200>,[0 0 0 ... 0 0 0],c1cc(Nc2ccc3c(c2)CCC3)ncn1,242.28199999999995,1.9967,3,5,84.06,2,True
CHEMBL345281,CC1=C(CCC(=O)NCCCCNCCCNC(=O)CCC2=C(C)C(=O)c3cccc(O)c3C2=O)C(=O)c2c(O)cccc2C1=O,LEISHMANIASIS,5.537602002101044,Trypanothione reductase,<rdkit.Chem.rdchem.Mol object at 0x0000021ACD978190>,[0 0 0 ... 0 0 0],O=C(CCC1=CC(=O)c2ccccc2C1=O)NCCCCNCCCNC(=O)CCC1=CC(=O)c2ccccc2C1=O,629.7100000000004,3.7417000000000025,5,9,178.97,15,False
CHEMBL349354,Cc1ccc(Nc2nc(=O)[nH]c(=O)[nH]2)cc1,LEISHMANIASIS,4.154901959985743,DNA topoisomerase,<rdkit.Chem.rdchem.Mol object at 0x0000021ACD978120>,[0 0 0 ... 0 0 0],O=c1nc(Nc2ccccc2)[nH]c(=O)[nH]1,218.21600000000004,0.5102199999999997,3,4,90.63999999999999,2,True
CHEMBL4473513,COC1=CC(=O)N(C(=O)/C=C/[C@H](C)NC(=O)[C@H](CCc2ccccc2)NC(=O)[C@H](CC(C)C)NC(=O)[C@H](C(C)C)N(C)C)[C@H]1Cc1c[nH]c2ccccc12.O=C(O)C(F)(F)F,LEISHMANIASIS,4.989912153001476,Cysteine protease,<rdkit.Chem.rdchem.Mol object at 0x0000021ACD9780B0>,[0 1 0 ... 0 0 0],O=C(CCCc1ccccc1)NCC=CC(=O)N1C(=O)C=CC1Cc1c[nH]c2ccccc12,854.9680000000002,4.9070000000000045,5,8,190.23999999999998,18,False
CHEMBL348714,CC1=C(NCCCN2CCN(CCCN)CC2)C(=O)c2c(O)cccc2C1=O,LEISHMANIASIS,4.4089353929735005,Trypanothione reductase,<rdkit.Chem.rdchem.Mol object at 0x0000021ACD978040>,[0 0 0 ... 0 0 0],O=C1C=C(NCCCN2CCNCC2)C(=O)c2ccccc21,386.4960000000001,0.9913000000000007,3,7,98.9,8,True
CHEMBL4473096,O=C(O)c1cn(Cc2ccc(-n3cccn3)cc2)c2cc(N3CC4CNCC4C3)c(F)cc2c1=O,LEISHMANIASIS,3.763210900590707,DNA topoisomerase,<rdkit.Chem.rdchem.Mol object at 0x0000021ACD977F40>,[0 0 0 ... 0 0 0],O=c1ccn(Cc2ccc(-n3cccn3)cc2)c2cc(N3CC4CNCC4C3)ccc12,473.5080000000003,2.7284000000000006,2,7,92.38999999999999,5,True
CHEMBL345932,CC1=C(CCCC(=O)O)C(=O)c2ccccc2C1=O,LEISHMANIASIS,4.301029995663981,Trypanothione reductase,<rdkit.Chem.rdchem.Mol object at 0x0000021ACD977ED0>,[0 1 0 ... 0 0 0],O=C1C=CC(=O)c2ccccc21,258.273,2.6370000000000005,1,3,71.44,4,True
CHEMBL348457,CC1=C(CCCCCC(=O)NCCCCNCCCNC(=O)CCCCCC2=C(C)C(=O)c3ccccc3C2=O)C(=O)c2ccccc2C1=O,LEISHMANIASIS,5.769551078621726,Trypanothione reductase,<rdkit.Chem.rdchem.Mol object at 0x0000021ACD977E60>,[0 1 0 ... 0 0 0],O=C(CCCCCC1=CC(=O)c2ccccc2C1=O)NCCCCNCCCNC(=O)CCCCCC1=CC(=O)c2ccccc2C1=O,681.8740000000004,6.671100000000006,3,7,138.51,21,False
CHEMBL348029,CN1CCN(C(=O)CCC2=C(CCC(=O)N3CCN(C)CC3)C(=O)c3c(O)cccc3C2=O)CC1,LEISHMANIASIS,4.301029995663981,Trypanothione reductase,<rdkit.Chem.rdchem.Mol object at 0x0000021ACD977DF0>,[0 0 0 ... 0 0 0],O=C1C(CCC(=O)N2CCNCC2)=C(CCC(=O)N2CCNCC2)C(=O)c2ccccc21,482.5810000000003,1.176200000000001,1,7,101.47000000000003,6,True
CHEMBL349601,CC[C@@]1(O)C(=O)OCc2c1cc1n(c2=O)Cc2c-1nc1cc3c(cc1c2Cn1ccnc1)OCO3,LEISHMANIASIS,6.795880017344075,DNA topoisomerase,<rdkit.Chem.rdchem.Mol object at 0x0000021ACD977D80>,[0 0 0 ... 0 0 0],O=C1Cc2cc3n(c(=O)c2CO1)Cc1c-3nc2cc3c(cc2c1Cn1ccnc1)OCO3,472.4570000000002,2.0530999999999993,1,10,117.7,3,True
CHEMBL346422,CC1=C(CCCCCC(=O)NCCCN2CCN(CCCNC(=O)CCCCCC3=C(C)C(=O)c4ccccc4C3=O)CC2)C(=O)c2ccccc2C1=O,LEISHMANIASIS,5.508638306165727,Trypanothione reductase,<rdkit.Chem.rdchem.Mol object at 0x0000021ACD977D10>,[0 1 0 ... 0 0 0],O=C(CCCCCC1=CC(=O)c2ccccc2C1=O)NCCCN1CCN(CCCNC(=O)CCCCCC2=CC(=O)c3ccccc3C2=O)CC1,736.9540000000003,6.3090000000000055,2,8,132.95999999999998,20,False
CHEMBL350270,CC[C@@]1(O)C(=O)OCc2c1cc1n(c2=O)Cc2c-1nc1cc3c(cc1c2C[n+]1ccccn1)OCO3,LEISHMANIASIS,6.721246399047171,DNA topoisomerase,<rdkit.Chem.rdchem.Mol object at 0x0000021ACD977CA0>,[0 0 0 ... 0 0 0],O=C1Cc2cc3n(c(=O)c2CO1)Cc1c-3nc2cc3c(cc2c1C[n+]1ccccn1)OCO3,485.4760000000002,1.5390999999999997,1,9,116.65,3,True
CHEMBL346068,N[C@@H]1CCN(c2c(F)cc3c(=O)c(C(=O)O)cn4c3c2Oc2c-4ccc3c2ccc2ccccc23)C1,LEISHMANIASIS,7.221848749616356,DNA topoisomerase,<rdkit.Chem.rdchem.Mol object at 0x0000021ACD977C30>,[0 0 0 ... 0 0 0],O=c1ccn2c3c(c(N4CCCC4)ccc13)Oc1c-2ccc2c1ccc1ccccc12,481.4830000000003,4.7775000000000025,2,6,97.79,2,True
CHEMBL4473994,CCC(O)CNc1cc2c3c(cccc3c1)C(=O)N2,LEISHMANIASIS,4.711829324897103,Cysteine protease,<rdkit.Chem.rdchem.Mol object at 0x0000021ACD977BC0>,[0 1 0 ... 0 0 0],O=C1Nc2cccc3cccc1c23,256.305,2.5883000000000003,3,3,61.36,4,True
CHEMBL350118,CC[C@@]1(O)C(=O)OCc2c1cc1n(c2=O)Cc2c-1nc1cc3c(cc1c2C[n+]1ccncc1)OCCO3,LEISHMANIASIS,6.7447274948966935,DNA topoisomerase,<rdkit.Chem.rdchem.Mol object at 0x0000021ACD977B50>,[0 0 0 ... 0 0 0],O=C1Cc2cc3n(c(=O)c2CO1)Cc1c-3nc2cc3c(cc2c1C[n+]1ccncc1)OCCO3,499.50300000000027,1.5815999999999997,1,9,116.65,3,True
CHEMBL348958,O=c1nc(NCc2ccccc2)[nH]c(=O)[nH]1,LEISHMANIASIS,4.698970004336019,DNA topoisomerase,<rdkit.Chem.rdchem.Mol object at 0x0000021ACD977AE0>,[0 0 0 ... 0 0 0],O=c1nc(NCc2ccccc2)[nH]c(=O)[nH]1,218.216,0.07029999999999992,3,4,90.63999999999999,3,True
CHEMBL4473767,O=C(Nc1cccc(F)c1)c1c(O)n(-c2ccccc2)c(=S)n(-c2ccccc2)c1=O,LEISHMANIASIS,4.82102305270683,DNA topoisomerase,<rdkit.Chem.rdchem.Mol object at 0x0000021ACD977A70>,[0 0 0 ... 0 0 0],O=C(Nc1ccccc1)c1cn(-c2ccccc2)c(=S)n(-c2ccccc2)c1=O,433.4640000000001,4.454690000000002,2,6,76.25999999999999,4,True
CHEMBL354794,CC(C)CCC[C@@H](C)[C@H]1CC[C@H]2[C@@H]3CC[C@H]4C[C@@H](OCC(=O)O)CC[C@]4(C)[C@H]3CC[C@]12C,LEISHMANIASIS,3.3010299956639813,DNA topoisomerase,<rdkit.Chem.rdchem.Mol object at 0x0000021ACD977A00>,[0 1 0 ... 0 0 0],C1CCC2C(C1)CCC1C3CCCC3CCC21,446.71600000000035,7.577500000000009,1,2,46.53,8,False
CHEMBL352800,C=Cc1cccc2nc3c(cc12)Cn1c-3cc2c(c1=O)COC(=O)[C@]2(O)CC,LEISHMANIASIS,5.376750709602099,DNA topoisomerase,<rdkit.Chem.rdchem.Mol object at 0x0000021ACD977990>,[0 0 0 ... 0 0 0],O=C1Cc2cc3n(c(=O)c2CO1)Cc1cc2ccccc2nc1-3,374.3960000000002,2.722600000000001,1,6,81.42,2,True
CHEMBL4474022,COc1cccc(-c2ccc3ncc(-c4nnco4)c(NCCCn4ccnc4)c3c2)c1,LEISHMANIASIS,5.681658783623702,DNA topoisomerase,<rdkit.Chem.rdchem.Mol object at 0x0000021ACD977920>,[0 0 0 ... 0 0 0],c1ccc(-c2ccc3ncc(-c4nnco4)c(NCCCn4ccnc4)c3c2)cc1,426.4800000000002,4.659100000000002,1,8,90.89,8,True
CHEMBL355285,CC[C@@]1(O)C(=O)OCc2c1cc1n(c2=O)Cc2cc3c(/C=C/C(=O)OC)cccc3nc2-1,LEISHMANIASIS,5.173925197299174,DNA topoisomerase,<rdkit.Chem.rdchem.Mol object at 0x0000021ACD9778B0>,[0 0 0 ... 0 0 0],O=C1Cc2cc3n(c(=O)c2CO1)Cc1cc2ccccc2nc1-3,432.4320000000002,2.2658000000000005,1,8,107.72,3,True
CHEMBL352302,CC[C@@]1(O)C(=O)OCc2c1cc1n(c2=O)Cc2c-1nc1ccc(F)cc1c2C(=O)O,LEISHMANIASIS,4.0,DNA topoisomerase,<rdkit.Chem.rdchem.Mol object at 0x0000021ACD977840>,[0 0 0 ... 0 0 0],O=C1Cc2cc3n(c(=O)c2CO1)Cc1cc2ccccc2nc1-3,410.3570000000001,1.9169,2,7,118.72000000000001,2,True
CHEMBL351108,CC1=C(CCCC(=O)NCCCN2CCN(CCCNC(=O)CCCC3=C(C)C(=O)c4ccccc4C3=O)CC2)C(=O)c2ccccc2C1=O,LEISHMANIASIS,5.346787486224656,Trypanothione reductase,<rdkit.Chem.rdchem.Mol object at 0x0000021ACD9777D0>,[0 1 0 ... 0 0 0],O=C(CCCC1=CC(=O)c2ccccc2C1=O)NCCCN1CCN(CCCNC(=O)CCCC2=CC(=O)c3ccccc3C2=O)CC1,680.8460000000001,4.748600000000003,2,8,132.95999999999998,16,False
CHEMBL4474303,NCCNc1cc2c(cc1F)c(=O)c(C(=O)O)cn2Cc1ccc(-c2ccccc2)cc1,LEISHMANIASIS,4.137868620686962,DNA topoisomerase,<rdkit.Chem.rdchem.Mol object at 0x0000021ACD977760>,[0 0 0 ... 0 0 0],O=c1ccn(Cc2ccc(-c3ccccc3)cc2)c2ccccc12,431.4670000000001,3.9247000000000023,3,5,97.35,7,True
CHEMBL353033,CCC1(O)C(=O)OCc2c1cc1n(c2=O)C/C(=C2\C(=O)Nc3cc(F)c(F)cc32)C1=O,LEISHMANIASIS,5.823908740944319,DNA topoisomerase,<rdkit.Chem.rdchem.Mol object at 0x0000021ACD9776F0>,[0 0 0 ... 0 0 0],O=C1Cc2cc3n(c(=O)c2CO1)CC(=C1C(=O)Nc2ccccc21)C3=O,428.3470000000001,1.3831,2,7,114.69999999999999,1,True
CHEMBL354083,CCC1(O)C(=O)OCc2c1cc1n(c2=O)C/C(=C2\C(=O)Nc3ccc([N+](=O)[O-])cc32)C1=O,LEISHMANIASIS,4.0,DNA topoisomerase,<rdkit.Chem.rdchem.Mol object at 0x0000021ACD977680>,[0 0 0 ... 0 0 0],O=C1Cc2cc3n(c(=O)c2CO1)CC(=C1C(=O)Nc2ccccc21)C3=O,437.36400000000015,1.0131000000000001,2,9,157.84,2,True
CHEMBL358688,CC1=C(NCCCCN)C(=O)c2c(O)cccc2C1=O,LEISHMANIASIS,4.2441251443275085,Trypanothione reductase,<rdkit.Chem.rdchem.Mol object at 0x0000021ACD977610>,[0 0 0 ... 0 0 0],O=C1C=CC(=O)c2ccccc21,274.32000000000005,1.3737,3,5,92.41999999999999,5,True
CHEMBL353575,Cc1ccc(Nc2nc(O)nc(O)c2Br)cc1,LEISHMANIASIS,4.853871964321762,DNA topoisomerase,<rdkit.Chem.rdchem.Mol object at 0x0000021ACD9775A0>,[0 0 0 ... 0 0 0],c1ccc(Nc2ccncn2)cc1,296.124,2.702320000000001,3,5,78.27000000000001,2,True
CHEMBL4474402,O=c1nc(SCc2ccc(C(F)(F)F)cc2)nc(SCc2ccc(Cl)cc2)[nH]1,LEISHMANIASIS,4.468521082957745,DNA topoisomerase,<rdkit.Chem.rdchem.Mol object at 0x0000021ACD977530>,[0 0 0 ... 0 0 0],O=c1nc(SCc2ccccc2)nc(SCc2ccccc2)[nH]1,443.90300000000013,5.421700000000003,1,5,58.64,6,False
CHEMBL354432,CCOC(=O)c1c2c(nc3cc4c(cc13)OCCO4)-c1cc3c(c(=O)n1C2)COC(=O)C3(O)CC,LEISHMANIASIS,6.154901959985743,DNA topoisomerase,<rdkit.Chem.rdchem.Mol object at 0x0000021ACD9774C0>,[0 0 0 ... 0 0 0],O=C1Cc2cc3n(c(=O)c2CO1)Cc1cc2cc4c(cc2nc1-3)OCCO4,478.45700000000033,2.0275,1,10,126.18000000000002,3,True
CHEMBL353325,CC[C@@]1(O)C(=O)OCc2c1cc1n(c2=O)C/C(=C2\C(=O)Nc3ccccc32)C1=O,LEISHMANIASIS,4.0,DNA topoisomerase,<rdkit.Chem.rdchem.Mol object at 0x0000021ACD977450>,[0 0 0 ... 0 0 0],O=C1Cc2cc3n(c(=O)c2CO1)CC(=C1C(=O)Nc2ccccc21)C3=O,392.3670000000001,1.1049000000000002,2,7,114.69999999999999,1,True
CHEMBL358221,CCN(CC)CCSc1c2ccc(Cl)cc2nc2ccc(OC)cc12,LEISHMANIASIS,4.256360091778466,Trypanothione reductase,<rdkit.Chem.rdchem.Mol object at 0x0000021ACD9773E0>,[0 0 0 ... 0 0 0],c1ccc2nc3ccccc3cc2c1,374.9370000000001,5.483900000000005,0,4,25.360000000000003,7,False
CHEMBL353588,CC[C@@]1(O)C(=O)OCc2c1cc1n(c2=O)Cc2cc3c(CCC(=O)OC)cccc3nc2-1,LEISHMANIASIS,4.3788237182249645,DNA topoisomerase,<rdkit.Chem.rdchem.Mol object at 0x0000021ACD977370>,[0 0 0 ... 0 0 0],O=C1Cc2cc3n(c(=O)c2CO1)Cc1cc2ccccc2nc1-3,434.44800000000026,2.1852,1,8,107.72,4,True
CHEMBL357338,CC1=C(CCC(=O)N2CCN(C)CC2)C(=O)c2ccccc2C1=O,LEISHMANIASIS,4.301029995663981,Trypanothione reductase,<rdkit.Chem.rdchem.Mol object at 0x0000021ACD977300>,[0 1 0 ... 0 0 0],O=C1C=C(CCC(=O)N2CCNCC2)C(=O)c2ccccc21,326.396,1.9363,0,4,57.690000000000005,3,True
CHEMBL353531,CC[C@]1(O)C(=O)OCc2c1cc1n(c2=O)Cc2c-1nc1ccc(F)cc1c2C(=O)O,LEISHMANIASIS,5.508638306165727,DNA topoisomerase,<rdkit.Chem.rdchem.Mol object at 0x0000021ACD977290>,[0 0 0 ... 0 0 0],O=C1Cc2cc3n(c(=O)c2CO1)Cc1cc2ccccc2nc1-3,410.3570000000001,1.9169,2,7,118.72000000000001,2,True
CHEMBL4474662,NC(=O)c1cccc(CSc2nc(SCc3ccc(Cl)cc3)[nH]c(=O)n2)c1,LEISHMANIASIS,3.532539890492736,DNA topoisomerase,<rdkit.Chem.rdchem.Mol object at 0x0000021ACD977220>,[0 0 0 ... 0 0 0],O=c1nc(SCc2ccccc2)nc(SCc2ccccc2)[nH]1,418.93100000000004,3.501800000000002,2,6,101.73,7,True
CHEMBL354671,CC[C@@]1(O)C(=O)OCc2c1cc1n(c2=O)Cc2cc3c(/C=C/c4ccccc4)cccc3nc2-1,LEISHMANIASIS,4.0,DNA topoisomerase,<rdkit.Chem.rdchem.Mol object at 0x0000021ACD9771B0>,[0 0 0 ... 0 0 0],O=C1Cc2cc3n(c(=O)c2CO1)Cc1cc2c(C=Cc4ccccc4)cccc2nc1-3,450.49400000000014,4.2500000000000036,1,6,81.42,3,True
CHEMBL352709,CC[C@@]1(O)C(=O)OCc2c1cc1n(c2=O)Cc2cc3c(CCc4ccccc4)cccc3nc2-1,LEISHMANIASIS,4.0,DNA topoisomerase,<rdkit.Chem.rdchem.Mol object at 0x0000021ACD977140>,[0 0 0 ... 0 0 0],O=C1Cc2cc3n(c(=O)c2CO1)Cc1cc2c(CCc4ccccc4)cccc2nc1-3,452.5100000000002,3.8648000000000033,1,6,81.42,4,True
CHEMBL358636,CC1=C(CCCCC(=O)NCCCNCCCNC(=O)CCCCC2=C(C)C(=O)c3cccc(O)c3C2=O)C(=O)c2c(O)cccc2C1=O,LEISHMANIASIS,6.323908740944319,Trypanothione reductase,<rdkit.Chem.rdchem.Mol object at 0x0000021ACD9770D0>,[0 0 0 ... 0 0 0],O=C(CCCCC1=CC(=O)c2ccccc2C1=O)NCCCNCCCNC(=O)CCCCC1=CC(=O)c2ccccc2C1=O,671.7910000000004,4.912000000000005,5,9,178.97,18,False
CHEMBL4474588,Cc1ccc(C(O)c2cc(O)c3c(c2O)C(=O)c2ccccc2C3=O)s1,LEISHMANIASIS,4.361676054746511,DNA topoisomerase,<rdkit.Chem.rdchem.Mol object at 0x0000021ACD977060>,[0 1 0 ... 0 0 0],O=C1c2ccccc2C(=O)c2cc(Cc3cccs3)ccc21,366.39400000000006,3.3248200000000017,3,6,94.82999999999998,2,True
CHEMBL359567,CC[C@@]1(O)C(=O)OCc2c1cc1n(c2=O)Cc2c-1nc1cc3c(cc1c2C1CCCCC1)OCO3,LEISHMANIASIS,6.0,DNA topoisomerase,<rdkit.Chem.rdchem.Mol object at 0x0000021ACD976FF0>,[0 0 1 ... 0 0 0],O=C1Cc2cc3n(c(=O)c2CO1)Cc1c-3nc2cc3c(cc2c1C1CCCCC1)OCO3,474.5130000000004,3.8560000000000025,1,8,99.88000000000001,2,True
CHEMBL360812,CC[C@@]1(O)C(=O)OCc2c1cc1n(c2=O)Cc2c-1nc1cc3c(cc1c2-c1ccc(F)cc1)OCO3,LEISHMANIASIS,5.856985199745905,DNA topoisomerase,<rdkit.Chem.rdchem.Mol object at 0x0000021ACD976F80>,[0 0 0 ... 0 0 0],O=C1Cc2cc3n(c(=O)c2CO1)Cc1c-3nc2cc3c(cc2c1-c1ccccc1)OCO3,486.4550000000002,3.6144000000000025,1,8,99.88000000000001,2,True
CHEMBL361594,CC[C@@]1(O)C(=O)OCc2c1cc1n(c2=O)Cc2c-1nc1cc3c(cc1c2-c1ccc(C)cc1)OCO3,LEISHMANIASIS,5.982966660701219,DNA topoisomerase,<rdkit.Chem.rdchem.Mol object at 0x0000021ACD976F10>,[0 0 0 ... 0 0 0],O=C1Cc2cc3n(c(=O)c2CO1)Cc1c-3nc2cc3c(cc2c1-c1ccccc1)OCO3,482.49200000000025,3.7837200000000033,1,8,99.88000000000001,2,True
CHEMBL356839,CCN(CC)CCCCSc1c2ccc(Cl)cc2nc2ccc(OC)cc12,LEISHMANIASIS,4.425852951282627,Trypanothione reductase,<rdkit.Chem.rdchem.Mol object at 0x0000021ACD976EA0>,[0 0 0 ... 0 0 0],c1ccc2nc3ccccc3cc2c1,402.9910000000002,6.264100000000006,0,4,25.360000000000003,9,False
CHEMBL4474912,O=C(CCN1CCOCC1)Nc1ccc2c(-c3cc4ccccc4o3)ccnc2c1O,LEISHMANIASIS,5.56246936830415,DNA topoisomerase,<rdkit.Chem.rdchem.Mol object at 0x0000021ACD976E30>,[0 0 0 ... 0 0 0],O=C(CCN1CCOCC1)Nc1ccc2c(-c3cc4ccccc4o3)ccnc2c1,417.46500000000015,4.014400000000004,2,6,87.83,5,True
CHEMBL4475269,O=c1nc(SCc2cc(F)c(F)cc2F)nc(SCc2cccc(Cl)c2)[nH]1,LEISHMANIASIS,4.436518914605589,DNA topoisomerase,<rdkit.Chem.rdchem.Mol object at 0x0000021ACD976DC0>,[0 0 0 ... 0 0 0],O=c1nc(SCc2ccccc2)nc(SCc2ccccc2)[nH]1,429.8760000000001,4.8202000000000025,1,5,58.64,6,True
CHEMBL363752,CC[C@@]1(O)C(=O)OCc2c1cc1n(c2=O)Cc2c-1nc1cc3c(cc1c2Cc1ccccc1)OCO3,LEISHMANIASIS,5.709965388637482,DNA topoisomerase,<rdkit.Chem.rdchem.Mol object at 0x0000021ACD976D50>,[0 0 0 ... 0 0 0],O=C1Cc2cc3n(c(=O)c2CO1)Cc1c-3nc2cc3c(cc2c1Cc1ccccc1)OCO3,482.49200000000025,3.3991000000000016,1,8,99.88000000000001,3,True
CHEMBL364360,CC[C@@]1(O)C(=O)OCc2c1cc1n(c2=O)Cc2c-1nc1cc3c(cc1c2-c1ccc(C(F)(F)F)cc1)OCO3,LEISHMANIASIS,6.795880017344075,DNA topoisomerase,<rdkit.Chem.rdchem.Mol object at 0x0000021ACD976CE0>,[0 0 0 ... 0 0 0],O=C1Cc2cc3n(c(=O)c2CO1)Cc1c-3nc2cc3c(cc2c1-c1ccccc1)OCO3,536.4620000000001,4.494100000000003,1,8,99.88000000000001,2,False
CHEMBL359932,Cc1cc(-c2c(F)cc3/c(=N/Nc4c5ccccc5nc5ccccc45)ccn(C4CC4)c3c2F)cc(C)n1,LEISHMANIASIS,4.6777807052660805,DNA topoisomerase,<rdkit.Chem.rdchem.Mol object at 0x0000021ACD976C70>,[0 0 0 ... 0 0 0],c1ccc2c(NN=c3ccn(C4CC4)c4cc(-c5ccncc5)ccc34)c3ccccc3nc2c1,517.5830000000003,7.562440000000006,1,5,55.1,4,False
CHEMBL356232,CN1CCN(C(=O)CCCCC2=C(CCCCC(=O)N3CCN(C)CC3)C(=O)c3c(O)cccc3C2=O)CC1,LEISHMANIASIS,5.229147988357856,Trypanothione reductase,<rdkit.Chem.rdchem.Mol object at 0x0000021ACD976C00>,[0 0 0 ... 0 0 0],O=C1C(CCCCC(=O)N2CCNCC2)=C(CCCCC(=O)N2CCNCC2)C(=O)c2ccccc21,538.6890000000002,2.7366,1,7,101.47000000000003,10,False
CHEMBL356201,CC1=C(CCC(=O)NCCCN2CCN(CCCNC(=O)CCC3=C(C)C(=O)c4ccccc4C3=O)CC2)C(=O)c2ccccc2C1=O,LEISHMANIASIS,5.431798275933005,Trypanothione reductase,<rdkit.Chem.rdchem.Mol object at 0x0000021ACD976B90>,[0 1 0 ... 0 0 0],O=C(CCC1=CC(=O)c2ccccc2C1=O)NCCCN1CCN(CCCNC(=O)CCC2=CC(=O)c3ccccc3C2=O)CC1,652.7920000000003,3.9684000000000017,2,8,132.95999999999998,14,False
CHEMBL355938,CC1=C(CCCCC(=O)NCCCN2CCN(CCCNC(=O)CCCCC3=C(C)C(=O)c4ccccc4C3=O)CC2)C(=O)c2ccccc2C1=O,LEISHMANIASIS,5.950781977329818,Trypanothione reductase,<rdkit.Chem.rdchem.Mol object at 0x0000021ACD976B20>,[0 1 0 ... 0 0 0],O=C(CCCCC1=CC(=O)c2ccccc2C1=O)NCCCN1CCN(CCCNC(=O)CCCCC2=CC(=O)c3ccccc3C2=O)CC1,708.9000000000002,5.528800000000004,2,8,132.95999999999998,18,False
CHEMBL4475343,COc1c(N2CC[C@@H](C(N)=O)C2)c(F)cc2c(=O)c(C(=O)O)cn(Cc3ccc(-c4ccccc4)cc3)c12,LEISHMANIASIS,3.6989700043360183,DNA topoisomerase,<rdkit.Chem.rdchem.Mol object at 0x0000021ACD976AB0>,[0 0 0 ... 0 0 0],O=c1ccn(Cc2ccc(-c3ccccc3)cc2)c2cc(N3CCCC3)ccc12,515.5410000000002,3.8743000000000025,2,6,114.85999999999999,7,False
CHEMBL4475837,COC1=CC(=O)N(C(=O)/C=C/[C@H](C)NC(=O)[C@H](CC2CCCCC2)NC(=O)[C@H](CC2CCCCC2)NC(=O)[C@H](C(C)C)N(C)C)[C@H]1Cc1c[nH]c2ccccc12.O=C(O)C(F)(F)F,LEISHMANIASIS,6.338187314462739,Cysteine protease,<rdkit.Chem.rdchem.Mol object at 0x0000021ACD976A40>,[0 1 1 ... 0 0 0],O=C(CCC1CCCCC1)NC(CC1CCCCC1)C(=O)NCC=CC(=O)N1C(=O)C=CC1Cc1c[nH]c2ccccc12,887.0540000000004,6.168900000000005,5,8,190.23999999999998,17,False
CHEMBL366675,CC[C@]1(O)C(=O)OCc2c1cc1n(c2=O)C/C(=C2\C(=O)Nc3ccc(C)cc32)C1=O,LEISHMANIASIS,5.7447274948966935,DNA topoisomerase,<rdkit.Chem.rdchem.Mol object at 0x0000021ACD9769D0>,[0 0 0 ... 0 0 0],O=C1Cc2cc3n(c(=O)c2CO1)CC(=C1C(=O)Nc2ccccc21)C3=O,406.3940000000001,1.4133200000000001,2,7,114.69999999999999,1,True
CHEMBL4475610,O=C1c2ccccc2C(=O)c2c(O)c(C(O)c3ccc(C(F)(F)F)cc3)cc(O)c21,LEISHMANIASIS,4.658336866758532,DNA topoisomerase,<rdkit.Chem.rdchem.Mol object at 0x0000021ACD976960>,[0 1 0 ... 0 0 0],O=C1c2ccccc2C(=O)c2cc(Cc3ccccc3)ccc21,414.33500000000004,3.9737000000000013,3,5,94.83000000000001,2,True
CHEMBL4475664,N#Cc1ccc(-c2ccc3ncc(-c4nnco4)c(NCCCn4ccnc4)c3c2)cc1,LEISHMANIASIS,5.0,DNA topoisomerase,<rdkit.Chem.rdchem.Mol object at 0x0000021ACD9768F0>,[0 0 0 ... 0 0 0],c1ccc(-c2ccc3ncc(-c4nnco4)c(NCCCn4ccnc4)c3c2)cc1,421.4640000000001,4.522180000000002,1,8,105.45,7,True
CHEMBL362672,CC1=C2OCC(C)c3ccc(C)c(c32)C(=O)C1=O,LEISHMANIASIS,4.730487055782084,DNA topoisomerase,<rdkit.Chem.rdchem.Mol object at 0x0000021ACD976880>,[0 0 0 ... 0 0 0],O=C1C=C2OCCc3cccc(c32)C1=O,242.27399999999997,2.625120000000001,0,3,43.370000000000005,0,True
CHEMBL370195,O=C(Nc1cc(Cl)ccc1Sc1ccccc1)c1ccc([N+](=O)[O-])cc1,LEISHMANIASIS,4.360098110002948,Trypanothione reductase,<rdkit.Chem.rdchem.Mol object at 0x0000021ACD976810>,[0 0 0 ... 0 0 0],O=C(Nc1ccccc1Sc1ccccc1)c1ccccc1,384.8440000000001,5.651700000000004,1,4,72.24,5,False
CHEMBL4476525,O=c1cc(NCCCN2CCN(c3nccc4ccc(F)cc34)CC2)c2c(o1)CCS(=O)(=O)C2,LEISHMANIASIS,4.978810700930062,DNA topoisomerase,<rdkit.Chem.rdchem.Mol object at 0x0000021ACD9767A0>,[0 0 0 ... 0 0 0],O=c1cc(NCCCN2CCN(c3nccc4ccccc34)CC2)c2c(o1)CCS(=O)(=O)C2,486.5690000000004,2.4222,1,8,95.75,6,True
CHEMBL363192,O=C1NC(=O)c2c1c1c3cc(F)ccc3[nH]c1c1c2c2cc(F)ccc2n1C1OC(CF)C(O)C(O)C1O,LEISHMANIASIS,5.837653043069112,DNA topoisomerase,<rdkit.Chem.rdchem.Mol object at 0x0000021ACD976730>,[0 0 0 ... 0 0 0],O=C1NC(=O)c2c1c1c3ccccc3[nH]c1c1c2c2ccccc2n1C1CCCCO1,525.4390000000002,2.5404000000000013,5,7,136.81,2,False
CHEMBL366577,CCC1(O)C(=O)OCc2c1cc1n(c2=O)Cc2c-1nc1ccc(F)cc1c2C(=O)O,LEISHMANIASIS,5.494850021680094,DNA topoisomerase,<rdkit.Chem.rdchem.Mol object at 0x0000021ACD9766C0>,[0 0 0 ... 0 0 0],O=C1Cc2cc3n(c(=O)c2CO1)Cc1cc2ccccc2nc1-3,410.3570000000001,1.9169,2,7,118.72000000000001,2,True
CHEMBL364431,CC(C)CCC[C@@H](C)[C@H]1CCC2C3CC=C4C[C@@H](OC(O)CO)CC[C@]4(C)C3CC[C@@]21C,LEISHMANIASIS,3.3010299956639813,DNA topoisomerase,<rdkit.Chem.rdchem.Mol object at 0x0000021ACD976650>,[0 1 0 ... 0 0 0],C1=C2CCCCC2C2CCC3CCCC3C2C1,446.7160000000003,6.72370000000001,2,3,49.69,8,False
CHEMBL4476462,CC(=O)Nc1ccc2c(-c3cc(F)ccc3O)ccnc2c1O,LEISHMANIASIS,5.707834387816234,DNA topoisomerase,<rdkit.Chem.rdchem.Mol object at 0x0000021ACD9765E0>,[0 0 0 ... 0 0 0],c1ccc(-c2ccnc3ccccc23)cc1,312.3,3.410500000000001,3,4,82.45,2,True
CHEMBL364528,O=C1NC(=O)c2c1c1c3cc(F)ccc3[nH]c1c1c2c2cc(F)ccc2n1C1OC(CO)C(F)C(O)C1O,LEISHMANIASIS,6.958607314841775,DNA topoisomerase,<rdkit.Chem.rdchem.Mol object at 0x0000021ACD976570>,[0 0 0 ... 0 0 0],O=C1NC(=O)c2c1c1c3ccccc3[nH]c1c1c2c2ccccc2n1C1CCCCO1,525.4390000000002,2.5404000000000013,5,7,136.81,2,False
CHEMBL361708,NC1=NC(=O)/C(=C2\CCNC(=O)c3[nH]c(Br)cc32)N1,LEISHMANIASIS,5.0,DNA topoisomerase,<rdkit.Chem.rdchem.Mol object at 0x0000021ACD976500>,[0 0 0 ... 0 0 0],O=C1N=CNC1=C1CCNC(=O)c2[nH]ccc21,324.138,0.06629999999999997,4,4,112.36999999999998,0,True
CHEMBL364033,O=C1Oc2ccccc2/C1=C\c1ccc(F)cc1,LEISHMANIASIS,3.40232697082579,DNA topoisomerase,<rdkit.Chem.rdchem.Mol object at 0x0000021ACD976490>,[0 0 0 ... 0 0 0],O=C1Oc2ccccc2C1=Cc1ccccc1,240.23299999999998,3.285300000000002,0,2,26.3,1,True
CHEMBL364611,CC[C@H](/C=C/[C@@H](C)[C@H]1CCC2C3CC=C4C[C@@H](OCC(=O)O)CC[C@]4(C)C3CC[C@@]21C)C(C)C,LEISHMANIASIS,3.3010299956639813,DNA topoisomerase,<rdkit.Chem.rdchem.Mol object at 0x0000021ACD976420>,[0 1 0 ... 0 0 0],C1=C2CCCCC2C2CCC3CCCC3C2C1,470.7380000000004,7.909700000000009,1,2,46.53,8,False
CHEMBL368258,CCC1(O)C(=O)OCc2c1cc1n(c2=O)C/C(=C2\C(=O)Nc3cc4c(cc32)OCCO4)C1=O,LEISHMANIASIS,4.528708288941061,DNA topoisomerase,<rdkit.Chem.rdchem.Mol object at 0x0000021ACD9763B0>,[0 0 0 ... 0 0 0],O=C1Cc2cc3n(c(=O)c2CO1)CC(=C1C(=O)Nc2cc4c(cc21)OCCO4)C3=O,450.40300000000025,0.8760999999999999,2,9,133.16,1,True
CHEMBL372661,O=C1Oc2ccc(O)cc2/C1=C\c1cc(O)c(O)c(O)c1,LEISHMANIASIS,4.721848749616356,DNA topoisomerase,<rdkit.Chem.rdchem.Mol object at 0x0000021ACD976340>,[0 0 0 ... 0 0 0],O=C1Oc2ccccc2C1=Cc1ccccc1,286.239,1.9686000000000006,4,6,107.22000000000001,1,True
CHEMBL372372,COc1cc(/C=C2/C(=O)Oc3ccccc32)ccc1O,LEISHMANIASIS,3.327676167040297,DNA topoisomerase,<rdkit.Chem.rdchem.Mol object at 0x0000021ACD9762D0>,[0 0 0 ... 0 0 0],O=C1Oc2ccccc2C1=Cc1ccccc1,268.268,2.8604000000000016,1,4,55.760000000000005,2,True
CHEMBL368967,CC[C@]1(O)C(=O)OCc2c1cc1n(c2=O)C/C(=C2\C(=O)Nc3ccc(F)cc32)C1=O,LEISHMANIASIS,5.958607314841775,DNA topoisomerase,<rdkit.Chem.rdchem.Mol object at 0x0000021ACD976260>,[0 0 0 ... 0 0 0],O=C1Cc2cc3n(c(=O)c2CO1)CC(=C1C(=O)Nc2ccccc21)C3=O,410.3570000000001,1.244,2,7,114.69999999999999,1,True
CHEMBL372764,CCCCCCCCCCCCCCCCCCOP(=O)([O-])OC1CC[N+](C)(C)CC1,LEISHMANIASIS,4.522878745280337,DNA topoisomerase,<rdkit.Chem.rdchem.Mol object at 0x0000021ACD9761F0>,[0 0 0 ... 0 0 0],C1CC[NH2+]CC1,461.6680000000002,6.988300000000008,0,4,58.59,20,False
CHEMBL369616,CC[C@]1(O)C(=O)OCc2c1cc1n(c2=O)Cc2c-1nc1ccc(C)cc1c2C(=O)O,LEISHMANIASIS,5.721246399047171,DNA topoisomerase,<rdkit.Chem.rdchem.Mol object at 0x0000021ACD976180>,[0 0 0 ... 0 0 0],O=C1Cc2cc3n(c(=O)c2CO1)Cc1cc2ccccc2nc1-3,406.3940000000001,2.08622,2,7,118.72000000000001,2,True
CHEMBL372280,O=C1NC(=O)c2c1c1c3cc(F)c(F)cc3[nH]c1c1c2c2cc(F)c(F)cc2n1C1OC(CF)C(O)C(O)C1O,LEISHMANIASIS,5.522878745280337,DNA topoisomerase,<rdkit.Chem.rdchem.Mol object at 0x0000021ACD976110>,[0 0 0 ... 0 0 0],O=C1NC(=O)c2c1c1c3ccccc3[nH]c1c1c2c2ccccc2n1C1CCCCO1,561.4190000000003,2.818600000000002,5,7,136.81,2,False
CHEMBL371047,O=C1Oc2ccccc2/C1=C\c1ccc(O)cc1,LEISHMANIASIS,3.543756119333838,DNA topoisomerase,<rdkit.Chem.rdchem.Mol object at 0x0000021ACD9760A0>,[0 0 0 ... 0 0 0],O=C1Oc2ccccc2C1=Cc1ccccc1,238.242,2.851800000000001,1,3,46.53,1,True
CHEMBL369847,CC[C@]1(O)C(=O)OCc2c1cc1n(c2=O)C/C(=C2\C(=O)Nc3ccc(I)cc32)C1=O,LEISHMANIASIS,4.91721462968355,DNA topoisomerase,<rdkit.Chem.rdchem.Mol object at 0x0000021ACD976030>,[0 0 0 ... 0 0 0],O=C1Cc2cc3n(c(=O)c2CO1)CC(=C1C(=O)Nc2ccccc21)C3=O,518.263,1.7095,2,7,114.69999999999999,1,False
CHEMBL371088,CCCC(=O)Nc1cc(Cl)ccc1Sc1ccccc1,LEISHMANIASIS,4.731310858584897,Trypanothione reductase,<rdkit.Chem.rdchem.Mol object at 0x0000021ACD975FC0>,[0 0 0 ... 0 0 0],c1ccc(Sc2ccccc2)cc1,305.83,5.229800000000004,1,2,29.1,5,False
CHEMBL368601,CC[C@]1(O)C(=O)OCc2c1cc1n(c2=O)C/C(=C2\C(=O)Nc3c(Cl)cccc32)C1=O,LEISHMANIASIS,4.0,DNA topoisomerase,<rdkit.Chem.rdchem.Mol object at 0x0000021ACD975F50>,[0 0 0 ... 0 0 0],O=C1Cc2cc3n(c(=O)c2CO1)CC(=C1C(=O)Nc2ccccc21)C3=O,426.8120000000001,1.7583,2,7,114.69999999999999,1,True
CHEMBL368812,CCC1(O)C(=O)OCc2c1cc1n(c2=O)C/C(=C2\C(=O)Nc3cc(OC)ccc32)C1=O,LEISHMANIASIS,4.0,DNA topoisomerase,<rdkit.Chem.rdchem.Mol object at 0x0000021ACD975EE0>,[0 0 0 ... 0 0 0],O=C1Cc2cc3n(c(=O)c2CO1)CC(=C1C(=O)Nc2ccccc21)C3=O,422.39300000000014,1.1135000000000002,2,8,123.93,2,True
CHEMBL370969,O=C1Oc2ccccc2/C1=C\c1ccc([N+](=O)[O-])cc1,LEISHMANIASIS,3.659379381312206,DNA topoisomerase,<rdkit.Chem.rdchem.Mol object at 0x0000021ACD975E70>,[0 0 0 ... 0 0 0],O=C1Oc2ccccc2C1=Cc1ccccc1,267.23999999999995,3.054400000000001,0,4,69.44,2,True
CHEMBL371878,CC(C)(C)c1ccc([N+](C)(C)CCCNc2cc(Cl)ccc2Sc2ccccc2)cc1,LEISHMANIASIS,5.380287690996285,Trypanothione reductase,<rdkit.Chem.rdchem.Mol object at 0x0000021ACD975E00>,[0 0 0 ... 0 0 0],c1ccc([NH2+]CCCNc2ccccc2Sc2ccccc2)cc1,454.10300000000007,7.857800000000007,1,2,12.03,8,False
CHEMBL372413,CC(C)(C)c1ccc([N+](C)(C)CCCN2c3ccccc3Sc3ccc(Cl)cc32)cc1,LEISHMANIASIS,5.21229060439282,Trypanothione reductase,<rdkit.Chem.rdchem.Mol object at 0x0000021ACD975D90>,[0 0 0 ... 0 0 0],c1ccc([NH2+]CCCN2c3ccccc3Sc3ccccc32)cc1,452.08700000000005,7.897400000000007,0,2,3.24,5,False
CHEMBL371121,O=C1NC(=O)c2c1c1c3cc(F)c(F)cc3[nH]c1c1c2c2cc(F)c(F)cc2n1C1OC(CO)C(F)C(O)C1O,LEISHMANIASIS,6.1249387366083,DNA topoisomerase,<rdkit.Chem.rdchem.Mol object at 0x0000021ACD975D20>,[0 0 0 ... 0 0 0],O=C1NC(=O)c2c1c1c3ccccc3[nH]c1c1c2c2ccccc2n1C1CCCCO1,561.4190000000003,2.818600000000002,5,7,136.81,2,False
CHEMBL372379,CCC(=O)Nc1cc(Cl)ccc1Sc1ccccc1,LEISHMANIASIS,4.599641460858807,Trypanothione reductase,<rdkit.Chem.rdchem.Mol object at 0x0000021ACD975CB0>,[0 0 0 ... 0 0 0],c1ccc(Sc2ccccc2)cc1,291.803,4.839700000000003,1,2,29.1,4,True
CHEMBL372259,COc1cc(C(=N)Nc2ccc(Oc3ccc(NC(=N)c4ccc(OCc5ccccc5)c(OC)c4)cc3)cc2)ccc1OCc1ccccc1,LEISHMANIASIS,5.698970004336019,Trypanothione reductase,<rdkit.Chem.rdchem.Mol object at 0x0000021ACD975C40>,[0 0 0 ... 0 0 0],N=C(Nc1ccc(Oc2ccc(NC(=N)c3ccc(OCc4ccccc4)cc3)cc2)cc1)c1ccc(OCc2ccccc2)cc1,678.7890000000002,9.529039999999997,4,7,117.91000000000001,14,False
CHEMBL367883,N[C+](N)c1ccc(-c2ccc(-c3ccc([C+](N)N)cc3)o2)cc1.[Cl-].[Cl-],LEISHMANIASIS,6.301029995663981,DNA topoisomerase,<rdkit.Chem.rdchem.Mol object at 0x0000021ACD975BD0>,[0 0 0 ... 0 0 0],c1ccc(-c2ccc(-c3ccccc3)o2)cc1,377.275,-3.8684199999999977,4,5,117.22,4,True
CHEMBL367649,CC[C@]1(O)C(=O)OCc2c1cc1n(c2=O)C/C(=C2\C(=O)Nc3c2cc(C)cc3[N+](=O)[O-])C1=O,LEISHMANIASIS,4.0,DNA topoisomerase,<rdkit.Chem.rdchem.Mol object at 0x0000021ACD975B60>,[0 0 0 ... 0 0 0],O=C1Cc2cc3n(c(=O)c2CO1)CC(=C1C(=O)Nc2ccccc21)C3=O,451.3910000000002,1.3215200000000003,2,9,157.84,2,True
CHEMBL370476,NCC1OC(n2c3cc(F)c(F)cc3c3c4c(c5c6cc(F)c(F)cc6[nH]c5c32)C(=O)NC4=O)C(O)C(O)C1(F)F,LEISHMANIASIS,7.301029995663981,DNA topoisomerase,<rdkit.Chem.rdchem.Mol object at 0x0000021ACD975AF0>,[0 0 0 ... 0 0 0],O=C1NC(=O)c2c1c1c3ccccc3[nH]c1c1c2c2ccccc2n1C1CCCCO1,578.4250000000003,3.0822000000000007,5,7,142.6,2,False
CHEMBL373909,Oc1ccc(Nc2nc(-c3cccnc3)cs2)cc1,LEISHMANIASIS,4.301029995663981,Cysteine protease,<rdkit.Chem.rdchem.Mol object at 0x0000021ACD975A80>,[0 0 0 ... 0 0 0],c1ccc(Nc2nc(-c3cccnc3)cs2)cc1,269.32900000000006,3.654300000000001,2,5,58.04,3,True
CHEMBL367281,CC[C@]1(O)C(=O)OCc2c1cc1n(c2=O)C/C(=C2\C(=O)Nc3c(C)cccc32)C1=O,LEISHMANIASIS,4.0,DNA topoisomerase,<rdkit.Chem.rdchem.Mol object at 0x0000021ACD975A10>,[0 0 0 ... 0 0 0],O=C1Cc2cc3n(c(=O)c2CO1)CC(=C1C(=O)Nc2ccccc21)C3=O,406.3940000000001,1.4133200000000004,2,7,114.69999999999999,1,True
CHEMBL376232,CCOP(=O)(CC(=O)NNC(=O)Nc1cccc2ccccc12)OCC,LEISHMANIASIS,4.301029995663981,Cysteine protease,<rdkit.Chem.rdchem.Mol object at 0x0000021ACD9759A0>,[0 0 0 ... 0 0 0],c1ccc2ccccc2c1,379.3530000000002,3.2586000000000013,3,5,105.76,7,True
CHEMBL377300,Cc1cc2c(F)c(Oc3ncnn4cc(OC[C@@H](C)O)c(C)c34)ccc2[nH]1,LEISHMANIASIS,4.522878745280337,DNA topoisomerase,<rdkit.Chem.rdchem.Mol object at 0x0000021ACD975930>,[0 1 0 ... 0 0 1],c1cc2c(Oc3ccc4[nH]ccc4c3)ncnn2c1,370.3840000000001,3.518440000000002,2,6,84.67000000000002,5,True
CHEMBL374508,CC(C)C[C@H](NC(=O)[C@H]1O[C@@H]1C(=O)O)C(=O)NCCCCN=C(N)N,LEISHMANIASIS,7.1249387366083,Cysteine protease,<rdkit.Chem.rdchem.Mol object at 0x0000021ACD9758C0>,[0 1 0 ... 0 0 0],C1CO1,357.4110000000002,-1.460899999999997,5,5,172.43,11,True
CHEMBL374510,N#CCC(=O)N/N=C\c1ccc(OCC(=O)Nc2ccc(F)cc2)cc1,LEISHMANIASIS,4.301029995663981,Cysteine protease,<rdkit.Chem.rdchem.Mol object at 0x0000021ACD975850>,[0 0 0 ... 0 0 0],O=C(COc1ccccc1)Nc1ccccc1,354.341,2.2069799999999997,2,5,103.58000000000001,7,True
CHEMBL378608,Cc1ccc(-c2cc3c(cc2F)c(=O)c2c(=O)[nH]sc2n3C2CC2)nc1,LEISHMANIASIS,4.853871964321762,DNA topoisomerase,<rdkit.Chem.rdchem.Mol object at 0x0000021ACD9757E0>,[0 0 0 ... 0 1 0],O=c1[nH]sc2c1c(=O)c1ccc(-c3ccccn3)cc1n2C1CC1,367.4050000000001,3.748920000000002,1,5,67.75,2,True
CHEMBL378650,NCCCCN(CCCN)C1c2ccccc2CCc2ccccc21,LEISHMANIASIS,5.3979400086720375,Trypanothione reductase,<rdkit.Chem.rdchem.Mol object at 0x0000021ACD975770>,[0 0 0 ... 0 0 0],c1ccc2c(c1)CCc1ccccc1C2,337.5110000000001,3.264300000000002,2,3,55.28,8,True
CHEMBL379022,Cc1ncccc1-c1cc2c(cc1F)c(=O)c1c(=O)[nH]sc1n2C1CC1,LEISHMANIASIS,5.455931955649724,DNA topoisomerase,<rdkit.Chem.rdchem.Mol object at 0x0000021ACD975700>,[0 0 0 ... 0 1 0],O=c1[nH]sc2c1c(=O)c1ccc(-c3cccnc3)cc1n2C1CC1,367.40500000000003,3.7489200000000027,1,5,67.75,2,True
CHEMBL378604,O=c1[nH]sc2c1c(=O)c1cc(F)c(-c3ccc4cncnc4c3)cc1n2C1CC1,LEISHMANIASIS,4.537602002101044,DNA topoisomerase,<rdkit.Chem.rdchem.Mol object at 0x0000021ACD975690>,[0 0 0 ... 0 1 0],O=c1[nH]sc2c1c(=O)c1ccc(-c3ccc4cncnc4c3)cc1n2C1CC1,404.42600000000016,3.9887000000000015,1,6,80.64000000000001,2,True
CHEMBL381970,O=C(CSc1nc2ccccc2o1)NCCSCc1ccco1,LEISHMANIASIS,4.366531544420414,Cysteine protease,<rdkit.Chem.rdchem.Mol object at 0x0000021ACD975620>,[0 0 0 ... 0 0 0],O=C(CSc1nc2ccccc2o1)NCCSCc1ccco1,348.44900000000007,3.5625000000000018,1,6,68.27000000000001,8,True
CHEMBL378136,N=C(NCCCNCCCCNCCCNC(=N)NC(=N)NCCC(c1ccccc1)c1ccccc1)NC(=N)NCCC(c1ccccc1)c1ccccc1,LEISHMANIASIS,5.528708288941061,Trypanothione reductase,<rdkit.Chem.rdchem.Mol object at 0x0000021ACD9755B0>,[0 1 0 ... 0 0 0],N=C(NCCCNCCCCNCCCNC(=N)NC(=N)NCCC(c1ccccc1)c1ccccc1)NC(=N)NCCC(c1ccccc1)c1ccccc1,759.064,5.4470800000000095,12,6,191.64,23,False
CHEMBL382027,O=S(=O)(Cc1ccc(Cl)cc1)Cc1nc(-c2ccsc2)no1,LEISHMANIASIS,4.247183568811729,Cysteine protease,<rdkit.Chem.rdchem.Mol object at 0x0000021ACD975540>,[0 0 0 ... 0 0 0],O=S(=O)(Cc1ccccc1)Cc1nc(-c2ccsc2)no1,354.84000000000003,3.5665000000000022,0,6,73.06,5,True
CHEMBL382028,O=c1[nH]sc2c1c(=O)c1cc(F)c(-c3ccncc3)cc1n2C1CC1,LEISHMANIASIS,5.657577319177793,DNA topoisomerase,<rdkit.Chem.rdchem.Mol object at 0x0000021ACD9754D0>,[0 0 0 ... 0 1 0],O=c1[nH]sc2c1c(=O)c1ccc(-c3ccncc3)cc1n2C1CC1,353.3780000000001,3.440500000000001,1,5,67.75,2,True
CHEMBL381195,COc1ccc(/C=C2/C(=O)Oc3ccccc32)cc1O,LEISHMANIASIS,3.247425010840047,DNA topoisomerase,<rdkit.Chem.rdchem.Mol object at 0x0000021ACD975460>,[0 0 0 ... 0 0 0],O=C1Oc2ccccc2C1=Cc1ccccc1,268.268,2.8604000000000016,1,4,55.760000000000005,2,True
CHEMBL381257,O=c1[nH]sc2c1c(=O)c1cc(F)c(-c3ccccc3)cc1n2C1CC1,LEISHMANIASIS,5.200659450546418,DNA topoisomerase,<rdkit.Chem.rdchem.Mol object at 0x0000021ACD9753F0>,[0 0 0 ... 0 1 0],O=c1[nH]sc2c1c(=O)c1ccc(-c3ccccc3)cc1n2C1CC1,352.3900000000001,4.045500000000001,1,4,54.86,2,True
CHEMBL382172,O=c1[nH]sc2c1c(=O)c1cc(F)c(-c3cccc4cnccc34)cc1n2C1CC1,LEISHMANIASIS,4.638272163982407,DNA topoisomerase,<rdkit.Chem.rdchem.Mol object at 0x0000021ACD975380>,[0 0 0 ... 0 1 0],O=c1[nH]sc2c1c(=O)c1ccc(-c3cccc4cnccc34)cc1n2C1CC1,403.43800000000016,4.593700000000002,1,5,67.75,2,True
CHEMBL381395,O=c1[nH]sc2c1c(=O)c1cc(F)c(-c3ccc(O)cc3)cc1n2C1CC1,LEISHMANIASIS,4.6020599913279625,DNA topoisomerase,<rdkit.Chem.rdchem.Mol object at 0x0000021ACD975310>,[0 0 0 ... 0 1 0],O=c1[nH]sc2c1c(=O)c1ccc(-c3ccccc3)cc1n2C1CC1,368.3890000000001,3.751100000000001,2,5,75.09,2,True
CHEMBL382434,N=C(NCCCNCCCNCCCNC(=N)NCCC(c1ccccc1)c1ccccc1)NCCC(c1ccccc1)c1ccccc1,LEISHMANIASIS,5.294992040666664,Trypanothione reductase,<rdkit.Chem.rdchem.Mol object at 0x0000021ACD9752A0>,[0 1 0 ... 0 0 0],N=C(NCCCNCCCNCCCNC(=N)NCCC(c1ccccc1)c1ccccc1)NCCC(c1ccccc1)c1ccccc1,660.9550000000003,6.008240000000009,8,4,119.88,22,False
CHEMBL382522,C[N+](C)(CCCNc1cc(Cl)ccc1Sc1ccccc1)c1ccc(Cl)c(Cl)c1,LEISHMANIASIS,5.770832187004026,Trypanothione reductase,<rdkit.Chem.rdchem.Mol object at 0x0000021ACD975230>,[0 0 0 ... 0 0 0],c1ccc([NH2+]CCCNc2ccccc2Sc2ccccc2)cc1,466.8850000000001,7.867100000000005,1,2,12.03,8,False
CHEMBL178,COc1cccc2c1C(=O)c1c(O)c3c(c(O)c1C2=O)C[C@@](O)(C(C)=O)C[C@@H]3O[C@H]1C[C@H](N)[C@H](O)[C@H](C)O1,LEISHMANIASIS,8.0,DNA topoisomerase,<rdkit.Chem.rdchem.Mol object at 0x0000021ACD9751C0>,[0 0 0 ... 0 0 0],O=C1c2ccccc2C(=O)c2cc3c(cc21)CCCC3OC1CCCCO1,527.5260000000003,1.0288999999999997,5,11,185.84,4,False
CHEMBL380505,Nc1ccc(-c2cc3c(cc2F)c(=O)c2c(=O)[nH]sc2n3C2CC2)cc1,LEISHMANIASIS,4.920818753952375,DNA topoisomerase,<rdkit.Chem.rdchem.Mol object at 0x0000021ACD975150>,[0 0 0 ... 0 1 0],O=c1[nH]sc2c1c(=O)c1ccc(-c3ccccc3)cc1n2C1CC1,367.4050000000001,3.6277000000000017,2,5,80.88,2,True
CHEMBL374367,Oc1ccc(/C=N/CC/N=C/c2ccc(O)cc2O)c(O)c1,LEISHMANIASIS,4.301029995663981,Cysteine protease,<rdkit.Chem.rdchem.Mol object at 0x0000021ACD9750E0>,[0 0 0 ... 0 0 0],C(=NCCN=Cc1ccccc1)c1ccccc1,300.314,2.0470000000000006,4,6,105.64000000000001,5,True
CHEMBL380857,N=C(NCCCNCCCCNCCCNC(=N)NCCC(c1ccccc1)c1ccccc1)NCCC(c1ccccc1)c1ccccc1,LEISHMANIASIS,5.527243550682788,Trypanothione reductase,<rdkit.Chem.rdchem.Mol object at 0x0000021ACD975070>,[0 1 0 ... 0 0 0],N=C(NCCCNCCCCNCCCNC(=N)NCCC(c1ccccc1)c1ccccc1)NCCC(c1ccccc1)c1ccccc1,674.9820000000003,6.398340000000008,8,4,119.88,23,False
CHEMBL382817,O=c1[nH]sc2c1c(=O)c1cc(F)c(-c3ccc(C4CCCCN4)cc3)cc1n2C1CC1,LEISHMANIASIS,5.585026652029182,DNA topoisomerase,<rdkit.Chem.rdchem.Mol object at 0x0000021ACD975000>,[0 0 0 ... 0 1 0],O=c1[nH]sc2c1c(=O)c1ccc(-c3ccc(C4CCCCN4)cc3)cc1n2C1CC1,435.5240000000003,4.860100000000003,2,5,66.89,3,True
CHEMBL380696,O=c1[nH]sc2c1c(=O)c1cc(F)c(-c3cccc(F)c3)cc1n2C1CC1,LEISHMANIASIS,5.142667503568732,DNA topoisomerase,<rdkit.Chem.rdchem.Mol object at 0x0000021ACD974F90>,[0 0 0 ... 0 1 0],O=c1[nH]sc2c1c(=O)c1ccc(-c3ccccc3)cc1n2C1CC1,370.3800000000001,4.184600000000002,1,4,54.86,2,True
CHEMBL381093,O=S(=O)(NCc1ccco1)c1ccc2c(c1)Cc1cc(S(=O)(=O)NCc3ccco3)ccc1-2,LEISHMANIASIS,4.943095148663527,Cysteine protease,<rdkit.Chem.rdchem.Mol object at 0x0000021ACD974F20>,[0 0 0 ... 0 0 0],O=S(=O)(NCc1ccco1)c1ccc2c(c1)Cc1cc(S(=O)(=O)NCc3ccco3)ccc1-2,484.55500000000023,3.400800000000002,2,6,118.61999999999999,8,True
CHEMBL379228,Cc1ccc(S(=O)(=O)NC(=O)NCC2CCN(S(=O)(=O)c3ccccc3)CC2)cc1,LEISHMANIASIS,4.468521082957745,Cysteine protease,<rdkit.Chem.rdchem.Mol object at 0x0000021ACD974EB0>,[0 0 0 ... 0 0 0],O=C(NCC1CCN(S(=O)(=O)c2ccccc2)CC1)NS(=O)(=O)c1ccccc1,451.57000000000016,2.08382,2,5,112.64999999999998,6,True
CHEMBL383001,O=c1[nH]sc2c1c(=O)c1cc(F)c(-c3ccc4[nH]ccc4c3)cc1n2C1CC1,LEISHMANIASIS,4.3979400086720375,DNA topoisomerase,<rdkit.Chem.rdchem.Mol object at 0x0000021ACD974E40>,[0 0 0 ... 0 1 0],O=c1[nH]sc2c1c(=O)c1ccc(-c3ccc4[nH]ccc4c3)cc1n2C1CC1,391.42700000000013,4.526800000000002,2,4,70.65,2,True
CHEMBL382247,O=c1[nH]sc2c1c(=O)c1cc(F)c(-c3ccnc(F)c3)cc1n2C1CC1,LEISHMANIASIS,4.721246399047171,DNA topoisomerase,<rdkit.Chem.rdchem.Mol object at 0x0000021ACD974DD0>,[0 0 0 ... 0 1 0],O=c1[nH]sc2c1c(=O)c1ccc(-c3ccncc3)cc1n2C1CC1,371.3680000000001,3.579600000000001,1,5,67.75,2,True
CHEMBL381033,CC(/C=C1\SC(=S)N(NS(=O)(=O)c2ccccc2)C1=O)=C\c1ccccc1,LEISHMANIASIS,4.920818753952375,Cysteine protease,<rdkit.Chem.rdchem.Mol object at 0x0000021ACD974D60>,[0 0 0 ... 0 0 0],O=C1C(=CC=Cc2ccccc2)SC(=S)N1NS(=O)(=O)c1ccccc1,416.54900000000015,3.7276000000000025,1,5,66.48,5,True
CHEMBL380533,O=c1[nH]sc2c1c(=O)c1cc(F)c(-c3cncc(C4CCCCN4)c3)cc1n2C1CC1,LEISHMANIASIS,5.301029995663981,DNA topoisomerase,<rdkit.Chem.rdchem.Mol object at 0x0000021ACD974CF0>,[0 0 0 ... 0 1 0],O=c1[nH]sc2c1c(=O)c1ccc(-c3cncc(C4CCCCN4)c3)cc1n2C1CC1,436.5120000000003,4.255100000000002,2,6,79.78,3,True
CHEMBL383497,NCc1ccc(-c2cc3c(cc2F)c(=O)c2c(=O)[nH]sc2n3C2CC2)cc1,LEISHMANIASIS,5.823908740944319,DNA topoisomerase,<rdkit.Chem.rdchem.Mol object at 0x0000021ACD974C80>,[0 0 0 ... 0 1 0],O=c1[nH]sc2c1c(=O)c1ccc(-c3ccccc3)cc1n2C1CC1,381.4320000000001,3.5042000000000018,2,5,80.88,3,True
CHEMBL383231,COC(=O)c1sccc1NC(=O)CC(=O)Nc1ccsc1C(=O)OC,LEISHMANIASIS,4.301029995663981,Cysteine protease,<rdkit.Chem.rdchem.Mol object at 0x0000021ACD974C10>,[0 0 0 ... 0 0 0],O=C(CC(=O)Nc1ccsc1)Nc1ccsc1,382.41900000000015,2.3501000000000003,2,8,110.8,6,True
CHEMBL381410,O=C1Oc2ccc(O)cc2/C1=C\c1ccccc1,LEISHMANIASIS,3.2078343878162343,DNA topoisomerase,<rdkit.Chem.rdchem.Mol object at 0x0000021ACD974BA0>,[0 0 0 ... 0 0 0],O=C1Oc2ccccc2C1=Cc1ccccc1,238.242,2.851800000000001,1,3,46.53,1,True
CHEMBL382560,Nc1cccc(-c2cc3c(cc2F)c(=O)c2c(=O)[nH]sc2n3C2CC2)c1,LEISHMANIASIS,5.0,DNA topoisomerase,<rdkit.Chem.rdchem.Mol object at 0x0000021ACD974B30>,[0 0 0 ... 0 1 0],O=c1[nH]sc2c1c(=O)c1ccc(-c3ccccc3)cc1n2C1CC1,367.4050000000001,3.6277000000000017,2,5,80.88,2,True
CHEMBL379701,N=C(NCCCNCCCCCCCNCCCNC(=N)NCCC(c1ccccc1)c1ccccc1)NCCC(c1ccccc1)c1ccccc1,LEISHMANIASIS,5.649751981665837,Trypanothione reductase,<rdkit.Chem.rdchem.Mol object at 0x0000021ACD974AC0>,[0 1 0 ... 0 0 0],N=C(NCCCNCCCCCCCNCCCNC(=N)NCCC(c1ccccc1)c1ccccc1)NCCC(c1ccccc1)c1ccccc1,717.063,7.568640000000008,8,4,119.88,26,False
CHEMBL383328,Cc1cc(-c2cc3c(cc2F)c(=O)c2c(=O)[nH]sc2n3C2CC2)cc(C)n1,LEISHMANIASIS,4.318758762624412,DNA topoisomerase,<rdkit.Chem.rdchem.Mol object at 0x0000021ACD974A50>,[0 0 0 ... 0 1 0],O=c1[nH]sc2c1c(=O)c1ccc(-c3ccncc3)cc1n2C1CC1,381.43200000000013,4.057340000000003,1,5,67.75,2,True
CHEMBL380520,NCc1cccc(-c2cc3c(cc2F)c(=O)c2c(=O)[nH]sc2n3C2CC2)c1,LEISHMANIASIS,6.698970004336019,DNA topoisomerase,<rdkit.Chem.rdchem.Mol object at 0x0000021ACD9749E0>,[0 0 0 ... 0 1 0],O=c1[nH]sc2c1c(=O)c1ccc(-c3ccccc3)cc1n2C1CC1,381.432,3.5042000000000018,2,5,80.88,3,True
CHEMBL381833,Cc1ccnc(-c2cc3c(cc2F)c(=O)c2c(=O)[nH]sc2n3C2CC2)c1,LEISHMANIASIS,4.795880017344075,DNA topoisomerase,<rdkit.Chem.rdchem.Mol object at 0x0000021ACD974970>,[0 0 0 ... 0 1 0],O=c1[nH]sc2c1c(=O)c1ccc(-c3ccccn3)cc1n2C1CC1,367.4050000000001,3.748920000000002,1,5,67.75,2,True
CHEMBL4514473,O=C(O)c1cn(Cc2ccc(-n3cccn3)cc2)c2cc(NC[C@H]3CCNC3)c(F)cc2c1=O,LEISHMANIASIS,3.727230413448241,DNA topoisomerase,<rdkit.Chem.rdchem.Mol object at 0x0000021ACD974900>,[0 0 0 ... 0 0 0],O=c1ccn(Cc2ccc(-n3cccn3)cc2)c2cc(NCC3CCNC3)ccc12,461.4970000000003,3.0942000000000007,3,7,101.18,7,True
CHEMBL4514715,CC(C)(C)C(=O)Nc1ccc2c(-c3ccccc3)ccnc2c1O,LEISHMANIASIS,5.418270224115005,DNA topoisomerase,<rdkit.Chem.rdchem.Mol object at 0x0000021ACD974890>,[0 0 0 ... 0 0 0],c1ccc(-c2ccnc3ccccc23)cc1,320.39200000000005,4.592000000000003,2,3,62.22,2,True
CHEMBL390904,CCN(CC)CCOc1ccc2c3c(oc2c1)C(=O)c1ncccc1C3=O,LEISHMANIASIS,4.191789027075778,DNA topoisomerase,<rdkit.Chem.rdchem.Mol object at 0x0000021ACD974820>,[0 0 0 ... 0 0 0],O=C1c2ncccc2C(=O)c2c1oc1ccccc21,364.4010000000001,3.323800000000002,0,6,72.64,6,True
CHEMBL392238,CS(=O)(=O)c1ccc(C(=O)CCN2CCCCC2)cc1,LEISHMANIASIS,5.107905397309519,Trypanothione reductase,<rdkit.Chem.rdchem.Mol object at 0x0000021ACD9747B0>,[0 0 1 ... 0 0 0],O=C(CCN1CCCCC1)c1ccccc1,295.40399999999994,2.1488000000000005,0,4,54.45,5,True
CHEMBL4515683,O=c1cc(OCCCN2CCN(c3nccc4ccccc34)CC2)c2ccccc2o1,LEISHMANIASIS,4.322945780426299,DNA topoisomerase,<rdkit.Chem.rdchem.Mol object at 0x0000021ACD974740>,[0 0 0 ... 0 0 0],O=c1cc(OCCCN2CCN(c3nccc4ccccc34)CC2)c2ccccc2o1,415.4930000000002,3.9323000000000032,0,6,58.81,6,True
CHEMBL4483064,O=C(NCc1cccc(C(F)(F)F)c1)Nc1ncc([N+](=O)[O-])s1,LEISHMANIASIS,5.769551078621726,Cysteine protease,<rdkit.Chem.rdchem.Mol object at 0x0000021ACD9746D0>,[0 0 0 ... 0 0 0],O=C(NCc1ccccc1)Nc1nccs1,346.29,3.391800000000001,2,5,97.16,4,True
CHEMBL4515633,CNC[C@@H]1CCN(c2cc3c(cc2F)c(=O)c(C(=O)O)cn3Cc2ccc(-n3cccn3)cc2)C1,LEISHMANIASIS,3.6989700043360183,DNA topoisomerase,<rdkit.Chem.rdchem.Mol object at 0x0000021ACD974660>,[0 0 0 ... 0 0 0],O=c1ccn(Cc2ccc(-n3cccn3)cc2)c2cc(N3CCCC3)ccc12,475.52400000000017,3.118500000000002,2,7,92.39,7,True
CHEMBL386919,CCC1(O)C(=O)OCc2c1cc1n(c2=O)Cc2cc3cc(OCC(=O)ONc4cc(C(=O)Nc5cc(C(=O)Nc6cc(C(=O)NCCCN(C)C)n(COC)c6)n(COC)c5)n(COC)c4)ccc3nc2-1,LEISHMANIASIS,4.923796618911232,DNA topoisomerase,<rdkit.Chem.rdchem.Mol object at 0x0000021ACD9745F0>,[0 0 0 ... 0 0 0],O=C1Cc2cc3n(c(=O)c2CO1)Cc1cc2cc(OCC(=O)ONc4c[nH]c(C(=O)Nc5c[nH]c(C(=O)Nc6cc[nH]c6)c5)c4)ccc2nc1-3,979.0169999999994,3.4310000000000045,5,20,262.0,21,False
CHEMBL388525,O=c1c2ccccc2oc2cc(O)cc(O)c12,LEISHMANIASIS,4.0,DNA topoisomerase,<rdkit.Chem.rdchem.Mol object at 0x0000021ACD974580>,[0 0 0 ... 0 0 0],O=c1c2ccccc2oc2ccccc12,228.20299999999997,2.3574000000000006,2,4,70.67,0,True
CHEMBL398504,N#Cc1nc(NCc2ccc(Cl)cc2)c2ncn(Cc3cccnc3)c2n1,LEISHMANIASIS,4.6020599913279625,Cysteine protease,<rdkit.Chem.rdchem.Mol object at 0x0000021ACD974510>,[0 0 0 ... 0 0 0],c1ccc(CNc2ncnc3c2ncn3Cc2cccnc2)cc1,375.82300000000015,3.4067800000000013,1,7,92.31,5,True
CHEMBL399094,N#Cc1nc(NC2CCCCC2)c2ncn(Cc3ccccc3)c2n1,LEISHMANIASIS,5.638272163982407,Cysteine protease,<rdkit.Chem.rdchem.Mol object at 0x0000021ACD9744A0>,[0 0 1 ... 0 0 0],c1ccc(Cn2cnc3c(NC4CCCCC4)ncnc32)cc1,332.411,3.4908800000000024,1,6,79.42,4,True
CHEMBL399095,CCCCCCNc1nc(C#N)nc2c1ncn2CC1CCCCC1,LEISHMANIASIS,4.6020599913279625,Cysteine protease,<rdkit.Chem.rdchem.Mol object at 0x0000021ACD974430>,[0 0 1 ... 0 0 0],c1ncc2ncn(CC3CCCCC3)c2n1,340.47500000000025,4.270480000000003,1,6,79.42000000000002,8,True
CHEMBL398505,N#Cc1nc(NCc2ccc(Cl)cc2)c2ncn(CCCCO)c2n1,LEISHMANIASIS,5.318758762624412,Cysteine protease,<rdkit.Chem.rdchem.Mol object at 0x0000021ACD9743C0>,[0 0 0 ... 0 0 0],c1ccc(CNc2ncnc3[nH]cnc23)cc1,356.81700000000023,2.735980000000001,2,7,99.65,7,True
CHEMBL4515617,CN(C(=O)c1cccc2ccccc12)[C@@H](Cc1ccccc1)C(=O)NCC(=O)CF,LEISHMANIASIS,4.449623515274331,Cysteine protease,<rdkit.Chem.rdchem.Mol object at 0x0000021ACD974350>,[0 1 0 ... 0 0 0],O=C(NCCc1ccccc1)c1cccc2ccccc12,406.45700000000016,3.177900000000001,1,3,66.48,8,True
CHEMBL396473,CC(CN(C)C)Oc1ccc2c3c(oc2c1)C(=O)c1ccccc1C3=O,LEISHMANIASIS,4.22548303427145,DNA topoisomerase,<rdkit.Chem.rdchem.Mol object at 0x0000021ACD9742E0>,[0 1 0 ... 0 0 0],O=C1c2ccccc2C(=O)c2c1oc1ccccc21,349.3860000000001,3.5371000000000024,0,5,59.75,4,True
CHEMBL402052,CCCn1cnc2c(NC3CCCCC3)nc(C#N)nc21,LEISHMANIASIS,5.080921907623926,Cysteine protease,<rdkit.Chem.rdchem.Mol object at 0x0000021ACD974270>,[0 0 1 ... 0 0 0],c1nc(NC2CCCCC2)c2nc[nH]c2n1,284.36699999999996,2.8525800000000006,1,6,79.42,4,True
CHEMBL398708,CCCCn1cnc2c(NCCc3ccccc3)nc(C#N)nc21,LEISHMANIASIS,4.795880017344075,Cysteine protease,<rdkit.Chem.rdchem.Mol object at 0x0000021ACD974200>,[0 0 0 ... 0 0 0],c1ccc(CCNc2ncnc3[nH]cnc23)cc1,320.40000000000003,3.152680000000002,1,6,79.42,7,True
CHEMBL399026,COc1ccc(Cn2cnc3c(NCc4ccccc4)nc(C#N)nc32)cc1,LEISHMANIASIS,4.958607314841775,Cysteine protease,<rdkit.Chem.rdchem.Mol object at 0x0000021ACD974190>,[0 0 0 ... 0 0 0],c1ccc(CNc2ncnc3c2ncn3Cc2ccccc2)cc1,370.4160000000001,3.3669800000000016,1,7,88.64999999999999,6,True
CHEMBL399027,CCCCn1cnc2c(NCc3ccc(F)cc3)nc(C#N)nc21,LEISHMANIASIS,5.1487416512809245,Cysteine protease,<rdkit.Chem.rdchem.Mol object at 0x0000021ACD974120>,[0 0 0 ... 0 0 0],c1ccc(CNc2ncnc3[nH]cnc23)cc1,324.36300000000006,3.2492800000000006,1,6,79.42,6,True
CHEMBL398412,CC(C)=CCC[C@](C)(O)[C@H]1CC[C@]2(C)[C@@H]1[C@H](O)C[C@@H]1[C@@]3(C)CC[C@H](O[C@@H]4O[C@H](CO)[C@@H](O)[C@H](O)[C@H]4O[C@@H]4O[C@H](CO)[C@@H](O)[C@H](O)[C@H]4O)C(C)(C)[C@@H]3CC[C@]12C,LEISHMANIASIS,3.6020599913279625,DNA topoisomerase,<rdkit.Chem.rdchem.Mol object at 0x0000021ACD9740B0>,[0 0 0 ... 0 0 0],C1CCC(OC2CCCOC2OC2CCC3C(CCC4C5CCCC5CCC34)C2)OC1,785.0250000000002,2.149000000000002,9,13,218.98999999999995,10,False
CHEMBL398311,Cc1cccc(CNc2nc(C#N)nc3c2ncn3C2CCCC2)c1,LEISHMANIASIS,4.6020599913279625,Cysteine protease,<rdkit.Chem.rdchem.Mol object at 0x0000021ACD974040>,[0 0 0 ... 0 0 0],c1ccc(CNc2ncnc3c2ncn3C2CCCC2)cc1,332.4110000000002,3.733600000000002,1,6,79.42000000000002,4,True
CHEMBL398507,N#Cc1nc(NCc2ccc(Cl)cc2)c2ncn(CC3CCCCC3)c2n1,LEISHMANIASIS,4.6020599913279625,Cysteine protease,<rdkit.Chem.rdchem.Mol object at 0x0000021ACD973F40>,[0 0 1 ... 0 0 0],c1ccc(CNc2ncnc3c2ncn3CC2CCCCC2)cc1,380.8830000000003,4.5437800000000035,1,6,79.42,5,True
CHEMBL1789941,N#CC[C@H](C1CCCC1)n1cc(-c2ncnc3[nH]ccc23)cn1,LEISHMANIASIS,4.522878745280337,DNA topoisomerase,<rdkit.Chem.rdchem.Mol object at 0x0000021ACD973ED0>,[0 1 0 ... 0 0 0],c1nc(-c2cnn(CC3CCCC3)c2)c2cc[nH]c2n1,306.37300000000005,3.466380000000001,1,5,83.17999999999999,4,True
CHEMBL395223,CC(C)(C)c1cc(CN2CCCCCC2)cc(C(C)(C)C)c1O,LEISHMANIASIS,4.411168274405793,Trypanothione reductase,<rdkit.Chem.rdchem.Mol object at 0x0000021ACD973E60>,[0 0 1 ... 0 0 0],c1ccc(CN2CCCCCC2)cc1,317.517,5.363200000000007,1,2,23.47,2,False
CHEMBL404678,CN(C)c1ccc(/C=C2\CCC/C(=C\c3ccc(N(C)C)cc3)C2=O)cc1,LEISHMANIASIS,4.0,Trypanothione reductase,<rdkit.Chem.rdchem.Mol object at 0x0000021ACD973DF0>,[0 0 0 ... 0 0 0],O=C1C(=Cc2ccccc2)CCCC1=Cc1ccccc1,360.50100000000003,5.038600000000004,0,3,23.55,4,False
CHEMBL404523,C[n+]1c2ccccc2c(NCCCN2CCCCC2)c2[nH]c3ccccc3c21.[Cl-],LEISHMANIASIS,4.221848749616356,Cysteine protease,<rdkit.Chem.rdchem.Mol object at 0x0000021ACD973D80>,[0 0 1 ... 0 0 0],c1ccc2c(c1)[nH]c1c(NCCCN3CCCCC3)c3ccccc3[nH+]c12,408.977,1.5906999999999996,2,2,34.94,5,True
CHEMBL405130,COc1cc2ncnc(Nc3ccc(O)cc3)c2cc1OC,LEISHMANIASIS,4.522878745280337,DNA topoisomerase,<rdkit.Chem.rdchem.Mol object at 0x0000021ACD973D10>,[0 0 0 ... 0 0 0],c1ccc(Nc2ncnc3ccccc23)cc1,297.3140000000001,3.0962000000000014,2,6,76.50000000000001,4,True
CHEMBL400454,N#Cc1nc(NCc2ccccc2)c2ncn(Cc3ccccc3)c2n1,LEISHMANIASIS,5.221848749616356,Cysteine protease,<rdkit.Chem.rdchem.Mol object at 0x0000021ACD973CA0>,[0 0 0 ... 0 0 0],c1ccc(CNc2ncnc3c2ncn3Cc2ccccc2)cc1,340.39000000000004,3.358380000000002,1,6,79.42,5,True
CHEMBL400663,N#Cc1nc(NCc2ccc(Cl)c(Cl)c2)c2ncn(CCO)c2n1,LEISHMANIASIS,5.853871964321762,Cysteine protease,<rdkit.Chem.rdchem.Mol object at 0x0000021ACD973C30>,[0 0 0 ... 0 0 0],c1ccc(CNc2ncnc3[nH]cnc23)cc1,363.20800000000014,2.6091800000000016,2,7,99.65,5,True
CHEMBL400453,N#Cc1nc(NCc2ccccc2)c2ncn(C3CCCC3)c2n1,LEISHMANIASIS,4.6020599913279625,Cysteine protease,<rdkit.Chem.rdchem.Mol object at 0x0000021ACD973BC0>,[0 0 0 ... 0 0 0],c1ccc(CNc2ncnc3c2ncn3C2CCCC2)cc1,318.3840000000002,3.425180000000002,1,6,79.42,4,True
CHEMBL400664,N#Cc1nc(NCc2ccc(Cl)c(Cl)c2)c2ncn(Cc3ccccc3)c2n1,LEISHMANIASIS,4.823908740944319,Cysteine protease,<rdkit.Chem.rdchem.Mol object at 0x0000021ACD973B50>,[0 0 0 ... 0 0 0],c1ccc(CNc2ncnc3c2ncn3Cc2ccccc2)cc1,409.28000000000014,4.665180000000003,1,6,79.42,5,True
CHEMBL404321,C[n+]1c2ccccc2c(NC2CCNCC2)c2[nH]c3ccccc3c21.[Cl-],LEISHMANIASIS,4.366531544420414,Cysteine protease,<rdkit.Chem.rdchem.Mol object at 0x0000021ACD973AE0>,[0 0 0 ... 0 0 0],c1ccc2c(c1)[nH]c1c(NC3CCNCC3)c3ccccc3[nH+]c12,366.89599999999996,0.4667000000000006,3,2,43.73,2,True
CHEMBL400542,N#Cc1nc(NCc2ccc(Cl)c(Cl)c2)c2ncn(CCCCCO)c2n1,LEISHMANIASIS,6.031517051446065,Cysteine protease,<rdkit.Chem.rdchem.Mol object at 0x0000021ACD973A70>,[0 0 0 ... 0 0 0],c1ccc(CNc2ncnc3[nH]cnc23)cc1,405.28900000000027,3.7794800000000026,2,7,99.65,8,True
CHEMBL400543,COCOCCn1cnc2c(NCc3ccc(Cl)c(Cl)c3)nc(C#N)nc21,LEISHMANIASIS,6.096910013008056,Cysteine protease,<rdkit.Chem.rdchem.Mol object at 0x0000021ACD973A00>,[0 0 0 ... 0 0 0],c1ccc(CNc2ncnc3[nH]cnc23)cc1,407.2610000000001,3.237380000000001,1,8,97.88000000000001,8,True
CHEMBL399513,CC(Nc1nc(C#N)nc2c1ncn2Cc1ccccc1)c1ccccc1,LEISHMANIASIS,4.6020599913279625,Cysteine protease,<rdkit.Chem.rdchem.Mol object at 0x0000021ACD973990>,[0 1 0 ... 0 0 0],c1ccc(CNc2ncnc3c2ncn3Cc2ccccc2)cc1,354.4170000000001,3.919380000000002,1,6,79.42000000000002,5,True
CHEMBL401886,CSc1nc2c(Nc3cccc(N)c3)c3ccccc3nc2s1,LEISHMANIASIS,4.776244546342759,DNA topoisomerase,<rdkit.Chem.rdchem.Mol object at 0x0000021ACD973920>,[0 0 0 ... 0 0 0],c1ccc(Nc2c3ccccc3nc3scnc23)cc1,338.46100000000007,4.892200000000001,2,6,63.83,3,True
CHEMBL402548,CO[C@@H](C(=O)N1Cc2[nH]nc(NC(=O)c3ccc(N4CCN(C)CC4)cc3)c2C1)c1ccccc1,LEISHMANIASIS,4.522878745280337,DNA topoisomerase,<rdkit.Chem.rdchem.Mol object at 0x0000021ACD9738B0>,[0 1 0 ... 0 0 0],O=C(Nc1n[nH]c2c1CN(C(=O)Cc1ccccc1)C2)c1ccc(N2CCNCC2)cc1,474.56500000000034,2.643700000000001,2,6,93.79999999999998,6,True
CHEMBL2114241,CC[C@@](O)(C(=O)[O-])c1cc2n(c(=O)c1CO)Cc1cc3cc4c(cc3nc1-2)OCO4.[Na+],LEISHMANIASIS,6.075720713938118,DNA topoisomerase,<rdkit.Chem.rdchem.Mol object at 0x0000021ACD973840>,[0 0 0 ... 0 0 0],O=c1cccc2n1Cc1cc3cc4c(cc3nc1-2)OCO4,432.36400000000015,-3.0022999999999973,2,9,133.94,4,True
CHEMBL4483636,COc1ccc(-c2ccc3ncc(-c4nnc(C)o4)c(NCCCn4ccnc4)c3c2)cc1,LEISHMANIASIS,5.0,DNA topoisomerase,<rdkit.Chem.rdchem.Mol object at 0x0000021ACD9737D0>,[0 0 0 ... 0 0 0],c1ccc(-c2ccc3ncc(-c4nnco4)c(NCCCn4ccnc4)c3c2)cc1,440.5070000000002,4.967520000000003,1,8,90.89,8,True
CHEMBL400095,CCCCn1cnc2c(NCc3ccc(OC)cc3)nc(C#N)nc21,LEISHMANIASIS,5.221848749616356,Cysteine protease,<rdkit.Chem.rdchem.Mol object at 0x0000021ACD973760>,[0 0 0 ... 0 0 0],c1ccc(CNc2ncnc3[nH]cnc23)cc1,336.39900000000006,3.118780000000002,1,7,88.64999999999999,7,True
CHEMBL400096,CCCCn1cnc2c(NCc3ccc(C)cc3)nc(C#N)nc21,LEISHMANIASIS,4.6020599913279625,Cysteine protease,<rdkit.Chem.rdchem.Mol object at 0x0000021ACD9736F0>,[0 0 0 ... 0 0 0],c1ccc(CNc2ncnc3[nH]cnc23)cc1,320.40000000000003,3.4186000000000014,1,6,79.42,6,True
CHEMBL400097,N#Cc1nc(NCc2ccccc2)c2ncn(CCCO)c2n1,LEISHMANIASIS,4.920818753952375,Cysteine protease,<rdkit.Chem.rdchem.Mol object at 0x0000021ACD973680>,[0 0 0 ... 0 0 0],c1ccc(CNc2ncnc3[nH]cnc23)cc1,308.3450000000001,1.69248,2,7,99.65,6,True
CHEMBL403516,CC(=O)O[C@H](CC=C(C)C)C1=CC(=O)c2c(O)ccc(O)c2C1=O,LEISHMANIASIS,4.346787486224656,DNA topoisomerase,<rdkit.Chem.rdchem.Mol object at 0x0000021ACD973610>,[0 1 0 ... 0 0 0],O=C1C=CC(=O)c2ccccc21,330.33600000000007,2.6912000000000016,2,6,100.9,4,True
CHEMBL400402,Cc1cc(-c2cc(O)ccc2Cl)cc2nnc(Nc3ccc(OCCN4CCCC4)cc3)nc12,LEISHMANIASIS,4.522878745280337,DNA topoisomerase,<rdkit.Chem.rdchem.Mol object at 0x0000021ACD9735A0>,[0 0 0 ... 0 0 0],c1ccc(-c2ccc3nc(Nc4ccc(OCCN5CCCC5)cc4)nnc3c2)cc1,475.98000000000036,5.5774200000000045,2,7,83.4,7,False
CHEMBL2114242,CC[C@@](O)(C(=O)[O-])c1cc2n(c(=O)c1CO)Cc1cc3c(N)c4c(cc3nc1-2)OCO4.[Na+],LEISHMANIASIS,5.366531544420414,DNA topoisomerase,<rdkit.Chem.rdchem.Mol object at 0x0000021ACD973530>,[0 0 0 ... 0 0 0],O=c1cccc2n1Cc1cc3cc4c(cc3nc1-2)OCO4,447.3790000000002,-3.420099999999996,3,10,159.95999999999998,4,True
CHEMBL2114245,CC[C@@]1(O)C(=O)OCc2c1cc1n(c2=O)Cc2cc3c([N+](=O)[O-])c4c(cc3nc2-1)OCO4,LEISHMANIASIS,6.823908740944319,DNA topoisomerase,<rdkit.Chem.rdchem.Mol object at 0x0000021ACD9734C0>,[0 0 0 ... 0 0 0],O=C1Cc2cc3n(c(=O)c2CO1)Cc1cc2cc4c(cc2nc1-3)OCO4,437.36400000000026,1.7165,1,10,143.02,2,True
CHEMBL404522,CN(C)CC(C)(C)CNc1c2ccccc2[n+](C)c2c1[nH]c1ccccc12.[Cl-],LEISHMANIASIS,4.207608310501746,Cysteine protease,<rdkit.Chem.rdchem.Mol object at 0x0000021ACD973450>,[0 0 0 ... 0 0 0],c1ccc2[nH+]c3c(cc2c1)[nH]c1ccccc13,396.9660000000001,1.3025000000000002,2,2,34.94,5,True
CHEMBL2114244,CC[C@@]1(O)C(=O)OCc2c1cc1n(c2=O)Cc2cc3c(Cl)cccc3nc2-1,LEISHMANIASIS,7.0655015487564325,DNA topoisomerase,<rdkit.Chem.rdchem.Mol object at 0x0000021ACD9733E0>,[0 0 0 ... 0 0 0],O=C1Cc2cc3n(c(=O)c2CO1)Cc1cc2ccccc2nc1-3,382.80300000000005,2.7330000000000014,1,6,81.42,1,True
CHEMBL403989,Cc1cc(-c2cc(OC(=O)c3ccccc3)ccc2Cl)cc2nnc(Nc3ccc(OCCN4CCCC4)cc3)nc12,LEISHMANIASIS,4.522878745280337,DNA topoisomerase,<rdkit.Chem.rdchem.Mol object at 0x0000021ACD973370>,[0 0 0 ... 0 0 0],O=C(Oc1cccc(-c2ccc3nc(Nc4ccc(OCCN5CCCC5)cc4)nnc3c2)c1)c1ccccc1,580.0880000000002,7.091020000000006,1,8,89.47,9,False
CHEMBL400248,Cc1cccc(CNc2nc(C#N)nc3c2ncn3Cc2ccccc2)c1,LEISHMANIASIS,5.481486060122113,Cysteine protease,<rdkit.Chem.rdchem.Mol object at 0x0000021ACD973300>,[0 0 0 ... 0 0 0],c1ccc(CNc2ncnc3c2ncn3Cc2ccccc2)cc1,354.4170000000001,3.666800000000002,1,6,79.42000000000002,5,True
CHEMBL2114243,CC[C@@]1(O)C(=O)OCc2c1cc1n(c2=O)Cc2cc3c(N)c4c(cc3nc2-1)OCO4,LEISHMANIASIS,7.318758762624412,DNA topoisomerase,<rdkit.Chem.rdchem.Mol object at 0x0000021ACD973290>,[0 0 0 ... 0 0 0],O=C1Cc2cc3n(c(=O)c2CO1)Cc1cc2cc4c(cc2nc1-3)OCO4,407.38200000000023,1.3904999999999998,2,9,125.9,1,True
CHEMBL4516951,COC1=CC(=O)N(C(=O)/C=C/[C@@H](NC(=O)[C@H](CC(C)C)NC(=O)[C@H](CC2CCCCC2)NC(=O)[C@H](C(C)C)N(C)C)C2CCCCC2)[C@H]1Cc1c[nH]c2ccccc12.O=C(O)C(F)(F)F,LEISHMANIASIS,6.309803919971486,Cysteine protease,<rdkit.Chem.rdchem.Mol object at 0x0000021ACD973220>,[0 1 1 ... 0 0 0],O=C(CCC1CCCCC1)NCC(=O)NC(C=CC(=O)N1C(=O)C=CC1Cc1c[nH]c2ccccc12)C1CCCCC1,915.108,6.805000000000005,5,8,190.23999999999998,18,False
CHEMBL407157,COc1ccc2c(c1)/C(=N\OCCN1CCCCC1)c1c-2c(N2CCNCC2)nc2ccccc12,LEISHMANIASIS,4.939302159646388,DNA topoisomerase,<rdkit.Chem.rdchem.Mol object at 0x0000021ACD9731B0>,[0 0 1 ... 0 0 0],c1ccc2c(c1)C(=NOCCN1CCCCC1)c1c-2c(N2CCNCC2)nc2ccccc12,471.60500000000025,3.8883000000000028,1,7,62.220000000000006,6,True
CHEMBL4483776,O=C(NCc1cccc(Cl)c1)Nc1ncc([N+](=O)[O-])s1,LEISHMANIASIS,6.136677139879544,Cysteine protease,<rdkit.Chem.rdchem.Mol object at 0x0000021ACD973140>,[0 0 0 ... 0 0 0],O=C(NCc1ccccc1)Nc1nccs1,312.73800000000006,3.0264000000000015,2,5,97.16,4,True
CHEMBL405405,O=C1c2c(c3c4ccc(O)cc4n([C@H]4C[C@@H](O)[C@H](O)[C@@H](CO)O4)c3c3[nH]c4cc(O)ccc4c23)C(=O)N1NC(CO)CO,LEISHMANIASIS,5.4604093769761874,DNA topoisomerase,<rdkit.Chem.rdchem.Mol object at 0x0000021ACD9730D0>,[0 1 0 ... 0 0 0],O=C1NC(=O)c2c1c1c3ccccc3[nH]c1c1c2c2ccccc2n1C1CCCCO1,592.5610000000003,0.2955999999999997,9,12,220.96999999999997,6,False
CHEMBL411907,C=CCN(/C=C1/C(=O)O[C@H](COC)[C@@]2(C)C1=C(O)C(=O)C1=C2[C@H](OC(C)=O)C[C@]2(C)C(=O)CC[C@@H]12)CC=C,LEISHMANIASIS,4.522878745280337,DNA topoisomerase,<rdkit.Chem.rdchem.Mol object at 0x0000021ACD973060>,[0 0 0 ... 0 0 0],C=C1C(=O)OCC2C1=CC(=O)C1=C2CCC2C(=O)CCC12,525.5980000000004,3.1346000000000016,1,9,119.44,8,False
CHEMBL406538,NCCc1c(C(c2[nH]c3cc(Br)ccc3c2CCNC(=O)C(F)(F)F)c2c[nH]c3ccccc23)[nH]c2cc(Br)ccc12,LEISHMANIASIS,4.99148333035061,DNA topoisomerase,<rdkit.Chem.rdchem.Mol object at 0x0000021ACD972FF0>,[0 1 0 ... 0 0 0],c1ccc2[nH]c(C(c3cc4ccccc4[nH]3)c3c[nH]c4ccccc34)cc2c1,701.3850000000001,7.5579000000000045,5,2,102.48999999999998,8,False
CHEMBL406901,O=C1c2c(c3c4ccc(O)cc4n([C@@H]4O[C@H](CO)[C@@H](O)[C@H](O)[C@@H]4O)c3c3[nH]c4cc(O)ccc4c23)C(=O)N1NC(CO)CO,LEISHMANIASIS,5.469651079823194,DNA topoisomerase,<rdkit.Chem.rdchem.Mol object at 0x0000021ACD972F80>,[0 1 0 ... 0 0 0],O=C1NC(=O)c2c1c1c3ccccc3[nH]c1c1c2c2ccccc2n1C1CCCCO1,608.5600000000002,-0.7336000000000009,10,13,241.19999999999996,6,False
CHEMBL415049,CCN(CCCOc1ccc2c(Nc3cc(CC(=O)Nc4cccc(F)c4)[nH]n3)ncnc2c1)CCOP(=O)(O)O,LEISHMANIASIS,4.522878745280337,DNA topoisomerase,<rdkit.Chem.rdchem.Mol object at 0x0000021ACD972F10>,[0 0 0 ... 0 0 0],O=C(Cc1cc(Nc2ncnc3ccccc23)n[nH]1)Nc1ccccc1,587.5490000000003,3.616900000000002,5,9,174.82,15,False
CHEMBL406537,NCCc1c(C(c2[nH]c3cc(Br)ccc3c2CCNC(=O)C(F)(F)F)c2cn(S(=O)(=O)c3ccccc3)c3ccccc23)[nH]c2cc(Br)ccc12,LEISHMANIASIS,4.883501944803923,DNA topoisomerase,<rdkit.Chem.rdchem.Mol object at 0x0000021ACD972EA0>,[0 1 0 ... 0 0 0],O=S(=O)(c1ccccc1)n1cc(C(c2cc3ccccc3[nH]2)c2cc3ccccc3[nH]2)c2ccccc21,841.548,8.268300000000004,4,5,125.76999999999998,10,False
CHEMBL413917,CC[C@@]1(O)C(=O)OCc2c1cc1n(c2=O)Cc2cc3c(/C=C/C(N)=O)cccc3nc2-1,LEISHMANIASIS,5.494850021680094,DNA topoisomerase,<rdkit.Chem.rdchem.Mol object at 0x0000021ACD972E30>,[0 0 0 ... 0 0 0],O=C1Cc2cc3n(c(=O)c2CO1)Cc1cc2ccccc2nc1-3,417.42100000000016,1.5781,2,7,124.51,3,True
CHEMBL3348923,C[C@@H](NC(=O)c1ncnc(N)c1Cl)c1ncc(C(=O)Nc2cc(C(F)(F)F)c(Cl)cn2)s1,LEISHMANIASIS,4.522878745280337,DNA topoisomerase,<rdkit.Chem.rdchem.Mol object at 0x0000021ACD972DC0>,[0 1 0 ... 0 0 0],O=C(NCc1ncc(C(=O)Nc2ccccn2)s1)c1ccncn1,506.2970000000001,3.9792000000000014,3,8,135.78000000000003,5,False
CHEMBL414022,Cc1cc(-c2c(F)cc3c(=O)ccn(C4CC4)c3c2F)cc(C)n1,LEISHMANIASIS,4.769551078621726,DNA topoisomerase,<rdkit.Chem.rdchem.Mol object at 0x0000021ACD972D50>,[0 0 0 ... 0 0 0],O=c1ccn(C2CC2)c2cc(-c3ccncc3)ccc12,326.34600000000006,4.293440000000003,0,3,34.89,2,True
CHEMBL418951,CCC(O)(C(=O)[O-])c1cc2n(c(=O)c1CO)Cc1cc3cc([O-])ccc3nc1-2.[Na+].[Na+],LEISHMANIASIS,5.494850021680094,DNA topoisomerase,<rdkit.Chem.rdchem.Mol object at 0x0000021ACD972CE0>,[0 0 0 ... 0 0 0],O=c1cccc2n1Cc1cc3ccccc3nc1-2,426.33600000000007,-6.653399999999996,2,8,138.54,4,True
CHEMBL418429,COC(=O)c1ccc2c(c1)N(CCCN(C)C)c1ccccc1S2,LEISHMANIASIS,3.4584207560534197,Trypanothione reductase,<rdkit.Chem.rdchem.Mol object at 0x0000021ACD972C70>,[0 0 0 ... 0 0 0],c1ccc2c(c1)Nc1ccccc1S2,342.464,4.027600000000003,0,5,32.78,5,True
CHEMBL421899,Cc1cc(-c2c(F)cc3c4nn(C5CCOCC5)c(=O)c-4cn(C4CC4)c3c2F)cc(C)n1,LEISHMANIASIS,5.035290537142854,DNA topoisomerase,<rdkit.Chem.rdchem.Mol object at 0x0000021ACD972C00>,[0 0 0 ... 0 0 0],O=c1c2cn(C3CC3)c3cc(-c4ccncc4)ccc3c-2nn1C1CCOCC1,450.4890000000002,4.946240000000004,0,6,61.940000000000005,3,True
CHEMBL939,COc1cc2ncnc(Nc3ccc(F)c(Cl)c3)c2cc1OCCCN1CCOCC1,LEISHMANIASIS,4.522878745280337,DNA topoisomerase,<rdkit.Chem.rdchem.Mol object at 0x0000021ACD972B90>,[0 0 0 ... 0 0 0],c1ccc(Nc2ncnc3ccc(OCCCN4CCOCC4)cc23)cc1,446.9100000000004,4.275600000000003,1,7,68.74000000000001,8,True
CHEMBL418611,CC(=O)c1ccc2c(c1)N(C(C)=O)c1cc(C(C)=O)ccc1S2,LEISHMANIASIS,4.308918507877031,Trypanothione reductase,<rdkit.Chem.rdchem.Mol object at 0x0000021ACD972B20>,[0 0 0 ... 0 0 0],c1ccc2c(c1)Nc1ccccc1S2,325.38899999999995,4.241000000000003,0,4,54.45,2,True
CHEMBL418644,NCCCCN(CCCN)C(=O)OCc1ccccc1,LEISHMANIASIS,3.7764209843288894,Trypanothione reductase,<rdkit.Chem.rdchem.Mol object at 0x0000021ACD972AB0>,[0 0 0 ... 0 0 0],c1ccccc1,279.38399999999996,1.7129000000000005,2,4,81.58,9,True
CHEMBL417727,Nc1ccc2c(c1)C(=O)C(=O)c1ccccc1-2,LEISHMANIASIS,5.806875401645538,Cysteine protease,<rdkit.Chem.rdchem.Mol object at 0x0000021ACD972A40>,[0 1 0 ... 0 0 0],O=C1C(=O)c2ccccc2-c2ccccc21,223.231,2.3148,1,3,60.160000000000004,0,True
CHEMBL419703,Cc1cc(-c2c(F)cc3c(=O)c(C(=O)[O-])cn(C(C)(C)C)c3c2F)cc(C)n1.[Na+],LEISHMANIASIS,4.130768280269024,DNA topoisomerase,<rdkit.Chem.rdchem.Mol object at 0x0000021ACD9729D0>,[0 0 0 ... 1 0 0],O=c1cc[nH]c2cc(-c3ccncc3)ccc12,408.3800000000001,0.08103999999999956,0,5,75.02000000000001,2,True
CHEMBL423981,CC[C@@]1(O)C(=O)OCc2c1cc1n(c2=O)Cc2c-1nc1cc3c(cc1c2C[n+]1cccc(CO)c1)OCCO3,LEISHMANIASIS,6.221848749616356,DNA topoisomerase,<rdkit.Chem.rdchem.Mol object at 0x0000021ACD972960>,[0 0 0 ... 0 0 0],O=C1Cc2cc3n(c(=O)c2CO1)Cc1c-3nc2cc3c(cc2c1C[n+]1ccccc1)OCCO3,528.5410000000003,1.6788999999999996,2,9,123.99000000000001,4,False
CHEMBL425233,O=c1[nH]sc2c1c(=O)c1cc(F)c(-c3cccc4ncccc34)cc1n2C1CC1,LEISHMANIASIS,4.481486060122113,DNA topoisomerase,<rdkit.Chem.rdchem.Mol object at 0x0000021ACD9728F0>,[0 0 0 ... 0 1 0],O=c1[nH]sc2c1c(=O)c1ccc(-c3cccc4ncccc34)cc1n2C1CC1,403.43800000000016,4.593700000000002,1,5,67.75,2,True
CHEMBL425234,O=c1[nH]sc2c1c(=O)c1cc(F)c(-c3cncnc3)cc1n2C1CC1,LEISHMANIASIS,5.481486060122113,DNA topoisomerase,<rdkit.Chem.rdchem.Mol object at 0x0000021ACD972880>,[0 0 0 ... 0 1 0],O=c1[nH]sc2c1c(=O)c1ccc(-c3cncnc3)cc1n2C1CC1,354.3660000000001,2.8355000000000006,1,6,80.64000000000001,2,True
CHEMBL422922,CCC1(O)C(=O)OCc2c1cc1n(c2=O)Cc2c-1nc1cc3c(cc1c2C(=O)O)OCCO3,LEISHMANIASIS,4.617982957425132,DNA topoisomerase,<rdkit.Chem.rdchem.Mol object at 0x0000021ACD972810>,[0 0 0 ... 0 0 0],O=C1Cc2cc3n(c(=O)c2CO1)Cc1cc2cc4c(cc2nc1-3)OCCO4,450.40300000000025,1.549,2,9,137.18,2,True
CHEMBL422791,Cc1cc(-c2c(F)cc3/c(=N/c4ccccc4O)ccn(C4CC4)c3c2F)cc(C)n1,LEISHMANIASIS,5.795880017344075,DNA topoisomerase,<rdkit.Chem.rdchem.Mol object at 0x0000021ACD9727A0>,[0 0 0 ... 0 0 0],c1ccc(N=c2ccn(C3CC3)c3cc(-c4ccncc4)ccc23)cc1,417.45900000000023,5.871240000000005,1,4,50.410000000000004,3,False
CHEMBL424707,c1ccc2c(NCCCCCCCCCNc3c4c(nc5ccccc35)CCCC4)c3c(nc2c1)CCCC3,LEISHMANIASIS,6.3979400086720375,Trypanothione reductase,<rdkit.Chem.rdchem.Mol object at 0x0000021ACD972730>,[0 0 0 ... 0 0 0],c1ccc2c(NCCCCCCCCCNc3c4c(nc5ccccc35)CCCC4)c3c(nc2c1)CCCC3,520.7650000000003,8.795300000000003,2,4,49.84,12,False
CHEMBL422886,CC[C@@]1(O)C(=O)OCc2c1cc1n(c2=O)Cc2c-1nc1cc3c(cc1c2C[n+]1cccc(CO)c1)OCO3,LEISHMANIASIS,7.0,DNA topoisomerase,<rdkit.Chem.rdchem.Mol object at 0x0000021ACD9726C0>,[0 0 0 ... 0 0 0],O=C1Cc2cc3n(c(=O)c2CO1)Cc1c-3nc2cc3c(cc2c1C[n+]1ccccc1)OCO3,514.5140000000002,1.6363999999999996,2,9,123.99000000000001,4,False
CHEMBL422988,N[C@@H]1CCN(c2c(F)cc3c(=O)c(C(=O)O)cn4c3c2Oc2ccc3ccccc3c2-4)C1,LEISHMANIASIS,5.913640169325252,DNA topoisomerase,<rdkit.Chem.rdchem.Mol object at 0x0000021ACD972650>,[0 0 0 ... 0 0 0],O=c1ccn2c3c(c(N4CCCC4)ccc13)Oc1ccc3ccccc3c1-2,431.42300000000023,3.6243000000000016,2,6,97.79,2,True
CHEMBL423534,NC1CCN(c2c(F)cc3c(=O)c(C(=O)O)cn4c3c2Oc2cc3ccccc3cc2-4)C1,LEISHMANIASIS,6.113509274827518,DNA topoisomerase,<rdkit.Chem.rdchem.Mol object at 0x0000021ACD9725E0>,[0 0 0 ... 0 0 0],O=c1ccn2c3c(c(N4CCCC4)ccc13)Oc1cc3ccccc3cc1-2,431.42300000000023,3.6243000000000016,2,6,97.79,2,True
CHEMBL422265,CN/N=c1\ccn(C2CC2)c2c(F)c(-c3cc(C)nc(C)c3)c(F)cc12,LEISHMANIASIS,5.721246399047171,DNA topoisomerase,<rdkit.Chem.rdchem.Mol object at 0x0000021ACD972570>,[0 0 0 ... 0 0 0],N=c1ccn(C2CC2)c2cc(-c3ccncc3)ccc12,354.40400000000005,3.968340000000003,1,4,42.21,3,True
CHEMBL421321,CCCC(O)c1cc(OC)c2c(c1OC)C(=O)C=CC2=O,LEISHMANIASIS,3.88706002391592,DNA topoisomerase,<rdkit.Chem.rdchem.Mol object at 0x0000021ACD972500>,[0 1 0 ... 0 0 0],O=C1C=CC(=O)c2ccccc21,290.315,2.4725,1,5,72.83,5,True
CHEMBL426564,O=C(CN1C(=O)/C(=N\NC(=O)c2ccncc2)c2ccccc21)Nc1ccccc1,LEISHMANIASIS,4.204817641049376,Cysteine protease,<rdkit.Chem.rdchem.Mol object at 0x0000021ACD972490>,[0 0 0 ... 0 0 0],O=C(CN1C(=O)C(=NNC(=O)c2ccncc2)c2ccccc21)Nc1ccccc1,399.4100000000001,2.2009999999999996,2,5,103.76,5,True
CHEMBL4519022,COc1ccc(-c2ccc3ncc(-c4nnco4)c(NCCCn4ccnc4)c3c2)c(C)c1,LEISHMANIASIS,5.0,DNA topoisomerase,<rdkit.Chem.rdchem.Mol object at 0x0000021ACD972420>,[0 0 0 ... 0 0 0],c1ccc(-c2ccc3ncc(-c4nnco4)c(NCCCn4ccnc4)c3c2)cc1,440.5070000000002,4.967520000000003,1,8,90.89,8,True
CHEMBL429121,N#Cc1nc(NCc2ccccc2)c2ncn(CC3CCCCO3)c2n1,LEISHMANIASIS,4.958607314841775,Cysteine protease,<rdkit.Chem.rdchem.Mol object at 0x0000021ACD9723B0>,[0 0 0 ... 0 0 0],c1ccc(CNc2ncnc3c2ncn3CC2CCCCO2)cc1,348.41000000000025,2.8791800000000016,1,7,88.65,5,True
CHEMBL429095,O=C1C(SCCO)=C(SCCO)C(=O)c2ccccc21,LEISHMANIASIS,4.892790030352131,Cysteine protease,<rdkit.Chem.rdchem.Mol object at 0x0000021ACD972340>,[0 1 0 ... 0 0 0],O=C1C=CC(=O)c2ccccc21,310.396,1.7281999999999997,2,6,74.6,6,True
CHEMBL428339,Cc1cc(-c2c(F)cc3c(=O)c(Cc4c(O)cc(O)cc4O)cn(C4CC4)c3c2F)cc(C)n1,LEISHMANIASIS,7.008773924307505,DNA topoisomerase,<rdkit.Chem.rdchem.Mol object at 0x0000021ACD9722D0>,[0 0 0 ... 0 0 0],O=c1c(Cc2ccccc2)cn(C2CC2)c2cc(-c3ccncc3)ccc12,464.4680000000002,5.001040000000003,3,6,95.58,4,False
CHEMBL426667,O=C(CNC(=O)OCc1ccccc1)N[C@@H](Cc1ccccc1)C(=O)OCc1ccccc1,LEISHMANIASIS,4.503070351926785,Cysteine protease,<rdkit.Chem.rdchem.Mol object at 0x0000021ACD972260>,[0 1 0 ... 0 0 0],O=C(CNC(=O)OCc1ccccc1)NC(Cc1ccccc1)C(=O)OCc1ccccc1,446.5030000000002,3.383700000000002,2,5,93.73,10,True
CHEMBL428690,CN1CC[C@H](c2c(O)cc(O)c3c(=O)cc(-c4ccccc4Cl)oc23)[C@H](O)C1,LEISHMANIASIS,4.522878745280337,DNA topoisomerase,<rdkit.Chem.rdchem.Mol object at 0x0000021ACD9721F0>,[0 0 0 ... 0 0 0],O=c1cc(-c2ccccc2)oc2c(C3CCNCC3)cccc12,401.8460000000001,3.3046000000000015,3,6,94.14,2,True
CHEMBL428453,CC(=O)NN1C(=O)c2c(c3c4cccc(O)c4n(C4OC(CO)C(O)C(O)C4O)c3c3[nH]c4c(O)cccc4c23)C1=O,LEISHMANIASIS,5.150514997831991,DNA topoisomerase,<rdkit.Chem.rdchem.Mol object at 0x0000021ACD972180>,[0 0 0 ... 0 0 0],O=C1NC(=O)c2c1c1c3ccccc3[nH]c1c1c2c2ccccc2n1C1CCCCO1,576.5180000000001,0.4596999999999998,8,11,217.80999999999997,3,False
CHEMBL4520267,O=C(CF)CNC(=O)[C@H](Cc1ccccc1)NC(=O)c1cccc2ccccc12,LEISHMANIASIS,6.942627806227437,Cysteine protease,<rdkit.Chem.rdchem.Mol object at 0x0000021ACD972110>,[0 1 0 ... 0 0 0],O=C(NCCc1ccccc1)c1cccc2ccccc12,392.4300000000001,2.835700000000001,2,3,75.27000000000001,8,True
CHEMBL426092,O=C1Oc2ccc(O)cc2/C1=C\c1ccc(O)cc1,LEISHMANIASIS,3.3268235127746806,DNA topoisomerase,<rdkit.Chem.rdchem.Mol object at 0x0000021ACD9720A0>,[0 0 0 ... 0 0 0],O=C1Oc2ccccc2C1=Cc1ccccc1,254.24099999999999,2.5574000000000003,2,4,66.76,1,True
CHEMBL429930,CSc1nc2c(Nc3cccc(O)c3)c3ccccc3nc2s1,LEISHMANIASIS,4.191518943434049,DNA topoisomerase,<rdkit.Chem.rdchem.Mol object at 0x0000021ACD972030>,[0 0 0 ... 0 0 0],c1ccc(Nc2c3ccccc3nc3scnc23)cc1,339.4450000000001,5.015600000000003,2,6,58.040000000000006,3,False
CHEMBL4520281,O=C(/C=C/c1ccc(O)cc1)c1cc2c(cc1O)O[C@H](c1ccc(O)cc1)[C@H]2C(=O)c1ccc(O)cc1O,LEISHMANIASIS,4.838631997765025,DNA topoisomerase,<rdkit.Chem.rdchem.Mol object at 0x0000021ACD971FC0>,[0 0 0 ... 0 0 0],O=C(C=Cc1ccccc1)c1ccc2c(c1)C(C(=O)c1ccccc1)C(c1ccccc1)O2,510.4980000000002,5.210900000000007,5,8,144.52,6,False
CHEMBL426087,COC(=O)C1=C[C@]2(C)C3=CC[C@]4(C)[C@@H]([C@H](C)CC[C@@H](O)C(C)(C)O)CC[C@]4(C)C3CCC2C(C)(C)C1=O,LEISHMANIASIS,4.17711305216585,DNA topoisomerase,<rdkit.Chem.rdchem.Mol object at 0x0000021ACD971F50>,[0 1 0 ... 0 0 0],O=C1C=CC2C3=CCC4CCCC4C3CCC2C1,514.7470000000004,6.028000000000007,2,5,83.83000000000001,6,False
CHEMBL427365,C[N+](C)(CCCNc1cc(Cl)ccc1Sc1ccccc1)c1ccc(OCc2ccccc2)cc1,LEISHMANIASIS,5.180456064458132,Trypanothione reductase,<rdkit.Chem.rdchem.Mol object at 0x0000021ACD971EE0>,[0 0 0 ... 0 0 0],c1ccc(COc2ccc([NH2+]CCCNc3ccccc3Sc3ccccc3)cc2)cc1,504.1190000000002,8.139300000000006,1,3,21.259999999999998,11,False
CHEMBL434237,O=C1c2c(c3c4ccc(O)cc4n([C@H]4O[C@H](CO)[C@@H](O)[C@H](O)[C@H]4O)c3c3[nH]c4cc(O)ccc4c23)C(=O)N1NC(CO)CO,LEISHMANIASIS,5.411954370472159,DNA topoisomerase,<rdkit.Chem.rdchem.Mol object at 0x0000021ACD971E70>,[0 1 0 ... 0 0 0],O=C1NC(=O)c2c1c1c3ccccc3[nH]c1c1c2c2ccccc2n1C1CCCCO1,608.5600000000002,-0.7336000000000009,10,13,241.19999999999996,6,False
CHEMBL4520585,CN(CC(=O)CF)C(=O)[C@H](Cc1ccccc1)NC(=O)c1cccc2ccccc12,LEISHMANIASIS,6.781918676479622,Cysteine protease,<rdkit.Chem.rdchem.Mol object at 0x0000021ACD971E00>,[0 1 0 ... 0 0 0],O=C(NCCc1ccccc1)c1cccc2ccccc12,406.45700000000016,3.177900000000001,1,3,66.48,8,True
CHEMBL436637,N#Cc1nc(NCc2ccc(Br)cc2)c2ncn(Cc3ccccc3)c2n1,LEISHMANIASIS,4.6020599913279625,Cysteine protease,<rdkit.Chem.rdchem.Mol object at 0x0000021ACD971D90>,[0 0 0 ... 0 0 0],c1ccc(CNc2ncnc3c2ncn3Cc2ccccc2)cc1,419.2860000000002,4.120880000000002,1,6,79.42,5,True
CHEMBL433855,O=C1c2c(c3c4ccc(O)cc4n([C@H]4O[C@H](CO)[C@@H](O)[C@@H]4O)c3c3[nH]c4cc(O)ccc4c23)C(=O)N1NC(CO)CO,LEISHMANIASIS,5.650514997831991,DNA topoisomerase,<rdkit.Chem.rdchem.Mol object at 0x0000021ACD971D20>,[0 1 0 ... 0 0 0],O=C1NC(=O)c2c1c1c3ccccc3[nH]c1c1c2c2ccccc2n1C1CCCO1,578.5340000000002,-0.0945000000000002,9,12,220.96999999999997,6,False
CHEMBL435289,O=C(Cc1cccc2ccccc12)NCCNC(=O)C1(NC(=O)C(=O)c2ccc([N+](=O)[O-])cc2)CCNCC1,LEISHMANIASIS,5.207608310501746,Trypanothione reductase,<rdkit.Chem.rdchem.Mol object at 0x0000021ACD971CB0>,[0 0 0 ... 0 0 0],O=C(Cc1cccc2ccccc12)NCCNC(=O)C1(NC(=O)C(=O)c2ccccc2)CCNCC1,531.5690000000002,1.6441999999999992,4,7,159.54000000000002,10,False
CHEMBL433389,O=C(O)c1cn(C2CC2)c2c(F)c(-c3ccncc3)c(F)cc2c1=O,LEISHMANIASIS,4.769551078621726,DNA topoisomerase,<rdkit.Chem.rdchem.Mol object at 0x0000021ACD971C40>,[0 0 0 ... 0 0 0],O=c1ccn(C2CC2)c2cc(-c3ccncc3)ccc12,342.3010000000001,3.3748000000000022,1,4,72.19,3,True
CHEMBL434650,COc1cc([C@@H]2c3cc4c(cc3[C@@H](OC3CC(NCC#N)C5OC(C)OCC5O3)[C@H]3COC(=O)[C@H]23)OCO4)cc(OC)c1O,LEISHMANIASIS,6.0,DNA topoisomerase,<rdkit.Chem.rdchem.Mol object at 0x0000021ACD971BD0>,[0 0 0 ... 0 0 0],O=C1OCC2C(OC3CCC4OCOCC4O3)c3cc4c(cc3C(c3ccccc3)C12)OCO4,610.6160000000003,2.488680000000001,2,13,156.19,7,False
CHEMBL433486,CCCc1ccc(Nc2cc(O)nc(O)n2)cc1,LEISHMANIASIS,3.3450000042048904,DNA topoisomerase,<rdkit.Chem.rdchem.Mol object at 0x0000021ACD971B60>,[0 0 0 ... 0 0 0],c1ccc(Nc2ccncn2)cc1,245.282,2.5839000000000008,3,5,78.27,4,True
CHEMBL436487,NCC1OC(n2c3ccc(F)cc3c3c4c(c5c6cc(F)ccc6[nH]c5c32)C(=O)NC4=O)C(O)C(O)C1F,LEISHMANIASIS,7.154901959985743,DNA topoisomerase,<rdkit.Chem.rdchem.Mol object at 0x0000021ACD971AF0>,[0 0 0 ... 0 0 0],O=C1NC(=O)c2c1c1c3ccccc3[nH]c1c1c2c2ccccc2n1C1CCCCO1,524.4550000000002,2.5067999999999984,5,7,142.6,2,False
CHEMBL432949,O=C1OCc2c(cc3n(c2=O)Cc2cc4ccccc4nc2-3)C1(O)CCO,LEISHMANIASIS,5.017728766960431,DNA topoisomerase,<rdkit.Chem.rdchem.Mol object at 0x0000021ACD971A80>,[0 0 0 ... 0 0 0],O=C1Cc2cc3n(c(=O)c2CO1)Cc1cc2ccccc2nc1-3,364.35700000000014,1.0519999999999996,2,7,101.65,2,True
CHEMBL437129,COc1ccc(-c2cc3c(cc2F)c(=O)c2c(=O)[nH]sc2n3C2CC2)cn1,LEISHMANIASIS,4.585026652029182,DNA topoisomerase,<rdkit.Chem.rdchem.Mol object at 0x0000021ACD971A10>,[0 0 0 ... 0 1 0],O=c1[nH]sc2c1c(=O)c1ccc(-c3cccnc3)cc1n2C1CC1,383.40400000000005,3.4491000000000014,1,6,76.98,3,True
CHEMBL432622,O=C1c2c(c3c4cccc(O)c4n(C4OC(CO)C(O)C(O)C4O)c3c3[nH]c4ccccc4c23)C(=O)N1NC(CO)CO,LEISHMANIASIS,5.244058319510563,DNA topoisomerase,<rdkit.Chem.rdchem.Mol object at 0x0000021ACD9719A0>,[0 1 0 ... 0 0 0],O=C1NC(=O)c2c1c1c3ccccc3[nH]c1c1c2c2ccccc2n1C1CCCCO1,592.5610000000001,-0.4392000000000006,9,12,220.96999999999997,6,False
CHEMBL435888,O=C1NC(=O)c2c1c1c3cc(F)c(F)cc3sc1c1c2c2cc(F)c(F)cc2n1C1OC(CO)C(F)C(O)C1O,LEISHMANIASIS,7.397940008672037,DNA topoisomerase,<rdkit.Chem.rdchem.Mol object at 0x0000021ACD971930>,[0 0 0 ... 0 0 0],O=C1NC(=O)c2c1c1c3ccccc3sc1c1c2c2ccccc2n1C1CCCCO1,578.4710000000003,3.5520000000000027,4,8,121.02000000000001,2,False
CHEMBL436292,C[N+](C)(CCCNc1cc(Cl)ccc1Sc1ccccc1)C(c1ccccc1)c1ccccc1,LEISHMANIASIS,5.275724130399211,Trypanothione reductase,<rdkit.Chem.rdchem.Mol object at 0x0000021ACD9718C0>,[0 1 0 ... 0 0 0],c1ccc(Sc2ccccc2NCCC[NH2+]C(c2ccccc2)c2ccccc2)cc1,488.1200000000001,8.159200000000006,1,2,12.03,10,False
CHEMBL433875,COc1cc([C@@H]2c3cc4c(cc3[C@@H](OC3CC(N(C)C)C5OC(C)OCC5O3)[C@H]3COC(=O)[C@H]23)OCO4)cc(OC)c1O,LEISHMANIASIS,4.0,DNA topoisomerase,<rdkit.Chem.rdchem.Mol object at 0x0000021ACD971850>,[0 0 0 ... 0 0 0],O=C1OCC2C(OC3CCC4OCOCC4O3)c3cc4c(cc3C(c3ccccc3)C12)OCO4,599.6330000000004,2.9371000000000014,1,12,123.61000000000001,6,False
CHEMBL4520698,O=C(CF)CNC(=O)[C@@H](Cc1ccccc1)NC(=O)OCc1ccccc1,LEISHMANIASIS,3.84948500216801,Cysteine protease,<rdkit.Chem.rdchem.Mol object at 0x0000021ACD9717E0>,[0 1 0 ... 0 0 0],O=C(NCCc1ccccc1)OCc1ccccc1,372.39600000000013,2.1788999999999996,2,4,84.50000000000001,9,True
CHEMBL440642,Cc1cc(-c2c(F)cc3c(=O)c(Cc4c(O)cccc4O)cn(C4CC4)c3c2F)cc(C)n1,LEISHMANIASIS,7.017728766960431,DNA topoisomerase,<rdkit.Chem.rdchem.Mol object at 0x0000021ACD971770>,[0 0 0 ... 0 0 0],O=c1c(Cc2ccccc2)cn(C2CC2)c2cc(-c3ccncc3)ccc12,448.4690000000002,5.295440000000004,2,5,75.35,4,False
CHEMBL440125,COc1ccc(-c2c3c(cc4cc5c(cc24)OCO5)C(=O)OC3)cc1OC,LEISHMANIASIS,9.67778070526608,DNA topoisomerase,<rdkit.Chem.rdchem.Mol object at 0x0000021ACD971700>,[0 0 0 ... 0 0 0],O=C1OCc2c1cc1cc3c(cc1c2-c1ccccc1)OCO3,364.3530000000001,3.9231000000000034,0,6,63.22000000000001,3,True
CHEMBL443557,CC1=C(CCCC(=O)NCCCN2CCN(C)CC2)C(=O)c2ccccc2C1=O,LEISHMANIASIS,4.356547323513812,Trypanothione reductase,<rdkit.Chem.rdchem.Mol object at 0x0000021ACD971690>,[0 1 0 ... 0 0 0],O=C(CCCC1=CC(=O)c2ccccc2C1=O)NCCCN1CCNCC1,397.5190000000001,2.3061,1,5,69.72,8,True
CHEMBL440313,CCCCCCC(O)c1cc(OC)c2c(c1OC)C(=O)C=CC2=O,LEISHMANIASIS,4.521433504406157,DNA topoisomerase,<rdkit.Chem.rdchem.Mol object at 0x0000021ACD971620>,[0 1 0 ... 0 0 0],O=C1C=CC(=O)c2ccccc21,332.3960000000001,3.642800000000003,1,5,72.83,8,True
CHEMBL441631,Cc1cc(-c2c(F)c(F)c3c(=O)c(C(=O)O)cn(C4CC4)c3c2F)cc(C)n1,LEISHMANIASIS,4.886056647693163,DNA topoisomerase,<rdkit.Chem.rdchem.Mol object at 0x0000021ACD9715B0>,[0 0 0 ... 0 0 0],O=c1ccn(C2CC2)c2cc(-c3ccncc3)ccc12,388.3450000000002,4.130740000000003,1,4,72.19,3,True
CHEMBL440764,CCOC(=O)c1c2cc(OCC(=O)NCc3ccco3)ccc2n2ccccc12,LEISHMANIASIS,4.505845405981558,Cysteine protease,<rdkit.Chem.rdchem.Mol object at 0x0000021ACD971540>,[0 0 0 ... 0 0 0],O=C(COc1ccc2c(c1)cc1ccccn12)NCc1ccco1,392.41100000000006,3.557400000000002,1,6,82.17999999999999,7,True
CHEMBL440281,c1coc(-c2cc(-c3ccco3)nc(-c3ccco3)c2)c1,LEISHMANIASIS,3.15051499783199,DNA topoisomerase,<rdkit.Chem.rdchem.Mol object at 0x0000021ACD9714D0>,[0 0 0 ... 0 0 0],c1coc(-c2cc(-c3ccco3)nc(-c3ccco3)c2)c1,277.279,4.861600000000003,0,4,52.31,3,True
CHEMBL441976,Oc1cc(Nc2cccc(CCl)c2)nc(O)n1,LEISHMANIASIS,5.119186407719209,DNA topoisomerase,<rdkit.Chem.rdchem.Mol object at 0x0000021ACD971460>,[0 0 0 ... 0 0 0],c1ccc(Nc2ccncn2)cc1,251.67299999999997,2.3702,3,5,78.27,3,True
CHEMBL438444,O=c1[nH]sc2c1c(=O)c1cc(F)c(-c3cccc(C4CCCCN4)c3)cc1n2C1CC1,LEISHMANIASIS,5.568636235841013,DNA topoisomerase,<rdkit.Chem.rdchem.Mol object at 0x0000021ACD9713F0>,[0 0 0 ... 0 1 0],O=c1[nH]sc2c1c(=O)c1ccc(-c3cccc(C4CCCCN4)c3)cc1n2C1CC1,435.5240000000003,4.860100000000003,2,5,66.89,3,True
CHEMBL438659,O=C(N/N=C/c1ccccc1O)c1cccc(C(=O)N/N=C/c2ccccc2O)n1,LEISHMANIASIS,4.978810700930062,Cysteine protease,<rdkit.Chem.rdchem.Mol object at 0x0000021ACD971380>,[0 0 0 ... 0 0 0],O=C(NN=Cc1ccccc1)c1cccc(C(=O)NN=Cc2ccccc2)n1,403.398,2.0206000000000004,4,7,136.26999999999998,6,True
CHEMBL439424,CN(C)CCNc1c2ccccc2[n+](C)c2c1[nH]c1ccccc12.[Cl-],LEISHMANIASIS,4.040958607678906,Cysteine protease,<rdkit.Chem.rdchem.Mol object at 0x0000021ACD971310>,[0 0 0 ... 0 0 0],c1ccc2[nH+]c3c(cc2c1)[nH]c1ccccc13,354.885,0.27630000000000093,2,2,34.94,4,True
CHEMBL442792,COc1ncc(-c2cc3c(cc2F)c(=O)c2c(=O)[nH]sc2n3C2CC2)c(OC)n1,LEISHMANIASIS,4.376750709602099,DNA topoisomerase,<rdkit.Chem.rdchem.Mol object at 0x0000021ACD9712A0>,[0 0 0 ... 0 1 0],O=c1[nH]sc2c1c(=O)c1ccc(-c3cncnc3)cc1n2C1CC1,414.4180000000001,2.8527000000000005,1,8,99.1,4,True
CHEMBL444329,CC(=O)CCC(=O)Nc1cc(CO)cc(Nc2c3ccccc3nc3ccccc23)c1,LEISHMANIASIS,6.0,DNA topoisomerase,<rdkit.Chem.rdchem.Mol object at 0x0000021ACD971230>,[0 0 0 ... 0 0 0],c1ccc(Nc2c3ccccc3nc3ccccc23)cc1,413.4770000000001,4.931600000000003,3,5,91.32000000000001,7,True
CHEMBL444352,CC[C@]1(O)C(=O)OCc2c1cc1n(c2=O)C/C(=C2\C(=O)Nc3ccc(Br)cc32)C1=O,LEISHMANIASIS,4.0,DNA topoisomerase,<rdkit.Chem.rdchem.Mol object at 0x0000021ACD9711C0>,[0 0 0 ... 0 0 0],O=C1Cc2cc3n(c(=O)c2CO1)CC(=C1C(=O)Nc2ccccc21)C3=O,471.2630000000001,1.8674000000000002,2,7,114.69999999999999,1,True
CHEMBL3361012,Nc1nc(CSc2nnc(C3CC3)o2)nc(Nc2ccc(F)cc2)n1,LEISHMANIASIS,3.0,DNA topoisomerase,<rdkit.Chem.rdchem.Mol object at 0x0000021ACD971150>,[0 0 0 ... 0 0 0],c1ccc(Nc2ncnc(CSc3nnc(C4CC4)o3)n2)cc1,359.39000000000004,2.8892000000000007,2,9,115.64,6,True
CHEMBL3361019,Cc1cc(O)nc(N/N=C\c2ccncc2)n1,LEISHMANIASIS,3.0,DNA topoisomerase,<rdkit.Chem.rdchem.Mol object at 0x0000021ACD9710E0>,[0 0 0 ... 0 0 0],C(=NNc1ncccn1)c1ccncc1,229.24300000000005,1.3316199999999996,2,6,83.29,3,True
CHEMBL3361022,Cc1cc(O)nc(NCCCn2ccnc2)n1,LEISHMANIASIS,3.0,DNA topoisomerase,<rdkit.Chem.rdchem.Mol object at 0x0000021ACD971070>,[0 0 0 ... 0 0 0],c1cnc(NCCCn2ccnc2)nc1,233.275,1.1893199999999997,2,6,75.86000000000001,5,True
CHEMBL1607,CC[C@@]1(O)C(=O)OCc2c1cc1n(c2=O)Cc2cc3c(CN(C)C)c(O)ccc3nc2-1.Cl,LEISHMANIASIS,5.966576244513051,DNA topoisomerase,<rdkit.Chem.rdchem.Mol object at 0x0000021ACD971000>,[0 0 0 ... 0 0 0],O=C1Cc2cc3n(c(=O)c2CO1)Cc1cc2ccccc2nc1-3,457.91400000000016,2.2686000000000006,2,8,104.89,3,True
CHEMBL454734,O=C1c2c(c3c4ccc(O)cc4n(O[C@@H]4O[C@H](CO)[C@@H](O)[C@H](O)[C@H]4O)c3c3[nH]c4cc(O)ccc4c23)C(=O)N1NCc1ccccc1,LEISHMANIASIS,7.349485002168009,DNA topoisomerase,<rdkit.Chem.rdchem.Mol object at 0x0000021ACD970F90>,[0 0 0 ... 0 0 0],O=C1c2c(c3c4ccccc4n(OC4CCCCO4)c3c3[nH]c4ccccc4c23)C(=O)N1NCc1ccccc1,640.605,1.3695000000000002,8,12,209.97,6,False
CHEMBL448760,O=C1c2c(c3c4ccc(O)cc4n(O[C@@H]4O[C@H](CO)[C@@H](O)[C@H](O)[C@H]4O)c3c3[nH]c4cc(O)ccc4c23)C(=O)N1NCc1ccc(CO)nc1,LEISHMANIASIS,7.20446769648675,DNA topoisomerase,<rdkit.Chem.rdchem.Mol object at 0x0000021ACD970F20>,[0 0 0 ... 0 0 0],O=C1c2c(c3c4ccccc4n(OC4CCCCO4)c3c3[nH]c4ccccc4c23)C(=O)N1NCc1cccnc1,671.6189999999999,0.25680000000000025,9,14,243.08999999999997,7,False
CHEMBL452231,COc1cc([C@@H]2c3cc4c(cc3[C@@H](O[C@@H]3O[C@@H]5CO[C@@H](c6cccs6)O[C@H]5[C@H](O)[C@H]3O)[C@H]3COC(=O)[C@H]23)OCO4)cc(OC)c1O,LEISHMANIASIS,4.202732459169283,DNA topoisomerase,<rdkit.Chem.rdchem.Mol object at 0x0000021ACD970EB0>,[0 0 0 ... 0 0 0],O=C1OCC2C(OC3CCC4OC(c5cccs5)OCC4O3)c3cc4c(cc3C(c3ccccc3)C12)OCO4,656.6620000000001,2.752900000000001,3,14,160.83,6,False
CHEMBL450991,O=C1c2c(c3c4ccc(O)cc4n(O[C@@H]4O[C@H](CO)[C@@H](O)[C@H](O)[C@H]4O)c3c3[nH]c4cc(O)ccc4c23)C(=O)N1NCc1cnc2ccccc2c1,LEISHMANIASIS,6.261439372640169,DNA topoisomerase,<rdkit.Chem.rdchem.Mol object at 0x0000021ACD970E40>,[0 0 0 ... 0 0 0],O=C1c2c(c3c4ccccc4n(OC4CCCCO4)c3c3[nH]c4ccccc4c23)C(=O)N1NCc1cnc2ccccc2c1,691.6529999999999,1.9177,8,13,222.86,6,False
CHEMBL449700,CO/N=c1/ccn(C2CC2)c2c(F)c(-c3cc(C)nc(C)c3)c(F)cc12,LEISHMANIASIS,5.585026652029182,DNA topoisomerase,<rdkit.Chem.rdchem.Mol object at 0x0000021ACD970DD0>,[0 0 0 ... 0 0 0],N=c1ccn(C2CC2)c2cc(-c3ccncc3)ccc12,355.38800000000003,4.395340000000004,0,4,39.41,3,True
CHEMBL445813,O=C(NC1CCNCC1)c1n[nH]cc1NC(=O)c1c(Cl)cccc1Cl,LEISHMANIASIS,4.522878745280337,DNA topoisomerase,<rdkit.Chem.rdchem.Mol object at 0x0000021ACD970D60>,[0 0 0 ... 0 0 0],O=C(Nc1c[nH]nc1C(=O)NC1CCNCC1)c1ccccc1,382.2510000000001,2.4505999999999997,4,4,98.91,4,True
CHEMBL4525971,COc1c(N2CC[C@@H](CN)C2)c(F)cc2c(=O)c(C(=O)O)cn(Cc3ccc(-n4cccn4)cc3)c12,LEISHMANIASIS,3.6989700043360183,DNA topoisomerase,<rdkit.Chem.rdchem.Mol object at 0x0000021ACD970CF0>,[0 0 0 ... 0 0 0],O=c1ccn(Cc2ccc(-n3cccn3)cc2)c2cc(N3CCCC3)ccc12,491.52300000000014,2.8664000000000005,2,8,115.61,7,True
CHEMBL1240583,COc1ccc2c(c1)C(=O)c1c-2cnc2ccccc12,LEISHMANIASIS,4.0,DNA topoisomerase,<rdkit.Chem.rdchem.Mol object at 0x0000021ACD970C80>,[0 0 0 ... 0 0 0],O=C1c2ccccc2-c2cnc3ccccc3c21,261.28000000000003,3.4548000000000014,0,3,39.19,1,True
CHEMBL446452,c1ccc2c(Cc3c[nH]c4ccccc34)c[nH]c2c1,LEISHMANIASIS,3.275724130399211,DNA topoisomerase,<rdkit.Chem.rdchem.Mol object at 0x0000021ACD970C10>,[0 0 0 ... 0 0 0],c1ccc2c(Cc3c[nH]c4ccccc34)c[nH]c2c1,246.31300000000002,4.240000000000002,2,0,31.58,2,True
CHEMBL453303,Cc1ccc2c(c1CCCC(C)(C)O)C(=O)C(=O)C(C(C)C)=C2,LEISHMANIASIS,6.096910013008056,DNA topoisomerase,<rdkit.Chem.rdchem.Mol object at 0x0000021ACD970BA0>,[0 1 0 ... 0 0 0],O=C1C=Cc2ccccc2C1=O,314.42500000000007,3.8934200000000025,1,3,54.37,5,True
CHEMBL445599,C=C(C)[C@H](CC=C(C)C)C[C@]12C[C@H](CC=C(C)C)C(C)(C)[C@](CC=C(C)C)(C(=O)C(C(=O)c3ccc(O)c(O)c3)=C1O)C2=O,LEISHMANIASIS,3.99481948749622,DNA topoisomerase,<rdkit.Chem.rdchem.Mol object at 0x0000021ACD970B30>,[0 1 0 ... 0 0 0],O=C(C1=CC2CCCC(C1=O)C2=O)c1ccccc1,602.8120000000005,8.914600000000002,3,6,111.9,11,False
CHEMBL449350,C=C(CCC(C(=O)O)[C@H]1CC[C@@]2(C)C3=CC[C@H]4C(C)(C)C(=O)CC[C@]4(C)C3=CC[C@]12C)C(C)C,LEISHMANIASIS,5.337242168318426,DNA topoisomerase,<rdkit.Chem.rdchem.Mol object at 0x0000021ACD970AC0>,[0 1 0 ... 0 0 0],O=C1CCC2C3=CCC4CCCC4C3=CCC2C1,466.7060000000003,7.774000000000009,1,2,54.37,6,False
CHEMBL445908,Cc1cc(-c2c(F)cc3c4nn([C@H]5CC[C@H](N)CC5)c(=O)c-4cn(C4CC4)c3c2F)cc(C)n1,LEISHMANIASIS,4.83889035263304,DNA topoisomerase,<rdkit.Chem.rdchem.Mol object at 0x0000021ACD970A50>,[0 0 0 ... 0 0 0],O=c1c2cn(C3CC3)c3cc(-c4ccncc4)ccc3c-2nn1C1CCCCC1,463.53200000000027,5.0371400000000035,1,6,78.73,3,False
CHEMBL446276,O=C1c2c(c3c4ccc(O)cc4n(O[C@@H]4O[C@H](CO)[C@@H](O)[C@H](O)[C@H]4O)c3c3[nH]c4cc(O)ccc4c23)C(=O)N1NCc1cc(CO)ccn1,LEISHMANIASIS,7.226728668260934,DNA topoisomerase,<rdkit.Chem.rdchem.Mol object at 0x0000021ACD9709E0>,[0 0 0 ... 0 0 0],O=C1c2c(c3c4ccccc4n(OC4CCCCO4)c3c3[nH]c4ccccc4c23)C(=O)N1NCc1ccccn1,671.6189999999999,0.25680000000000003,9,14,243.08999999999997,7,False
CHEMBL455284,C=CCNC(=S)N/N=C(\C)c1ccccn1,LEISHMANIASIS,4.0,DNA topoisomerase,<rdkit.Chem.rdchem.Mol object at 0x0000021ACD970970>,[0 0 0 ... 0 0 0],c1ccncc1,234.328,1.4557,2,3,49.31,4,True
CHEMBL455328,O=C1c2c(c3c4ccc(O)cc4n(O[C@@H]4O[C@H](CO)[C@@H](O)[C@H](O)[C@H]4O)c3c3[nH]c4cc(O)ccc4c23)C(=O)N1NCc1ccncc1,LEISHMANIASIS,7.017164014389946,DNA topoisomerase,<rdkit.Chem.rdchem.Mol object at 0x0000021ACD970900>,[0 0 0 ... 0 0 0],O=C1c2c(c3c4ccccc4n(OC4CCCCO4)c3c3[nH]c4ccccc4c23)C(=O)N1NCc1ccncc1,641.593,0.7645000000000002,8,13,222.86,6,False
CHEMBL4549686,N#CCCNC(=O)[C@H](Cc1ccccc1)NC(=O)OCc1ccccc1,LEISHMANIASIS,3.84948500216801,Cysteine protease,<rdkit.Chem.rdchem.Mol object at 0x0000021ACD970890>,[0 1 0 ... 0 0 0],O=C(NCCc1ccccc1)OCc1ccccc1,351.4060000000001,2.55398,2,4,91.22000000000001,8,True
CHEMBL3301612,COC(=O)N[C@@H](C)CNc1nccc(-c2cn(C(C)C)nc2-c2cc(Cl)cc(NS(C)(=O)=O)c2F)n1,LEISHMANIASIS,4.522878745280337,DNA topoisomerase,<rdkit.Chem.rdchem.Mol object at 0x0000021ACD970820>,[0 1 0 ... 0 0 0],c1ccc(-c2n[nH]cc2-c2ccncn2)cc1,540.0210000000002,3.908400000000002,3,9,140.13,9,False
CHEMBL455357,C[C@H]1[C@H](C)CC[C@]2(C)CC[C@]3(C)C(=CC[C@@H]4[C@@]5(C)CC[C@H](O)C(C)(C)[C@@H]5CC[C@]43C)[C@H]12,LEISHMANIASIS,3.6020599913279625,DNA topoisomerase,<rdkit.Chem.rdchem.Mol object at 0x0000021ACD9707B0>,[0 0 0 ... 0 0 0],C1=C2C3CCCCC3CCC2C2CCC3CCCCC3C2C1,426.72900000000027,8.02480000000001,1,1,20.23,0,False
CHEMBL465251,C[C@@]1(C(=O)O)CC[C@]2(C)CC[C@]3(C)C4=CC(=O)c5c(cc(O)c(O)c5C(=O)O)[C@]4(C)CC[C@@]3(C)[C@@H]2C1,LEISHMANIASIS,4.7544873321858505,DNA topoisomerase,<rdkit.Chem.rdchem.Mol object at 0x0000021ACD970740>,[0 0 0 ... 0 0 0],O=C1C=C2C(CCC3C2CCC2CCCCC23)c2ccccc21,496.60000000000036,5.673900000000006,4,5,132.13,2,False
CHEMBL460702,CCOc1ccn(-c2ccc(F)cc2)c(=O)c1C(=O)Nc1ccc(Oc2ccnc(N)c2Cl)c(F)c1,LEISHMANIASIS,4.522878745280337,DNA topoisomerase,<rdkit.Chem.rdchem.Mol object at 0x0000021ACD9706D0>,[0 0 0 ... 0 0 0],O=C(Nc1ccc(Oc2ccncc2)cc1)c1cccn(-c2ccccc2)c1=O,512.9000000000002,5.189600000000002,2,7,108.47,7,False
CHEMBL463437,CCCCCCCCCCCCCCCCC/C=C\CC/C=C\CCCC(=O)O,LEISHMANIASIS,6.045757490560675,DNA topoisomerase,<rdkit.Chem.rdchem.Mol object at 0x0000021ACD970660>,[0 0 0 ... 0 0 0],,406.69500000000016,9.395400000000002,1,1,37.3,23,False
CHEMBL462848,C=C(C)[C@@H]1CC=C2[C@@H](CC[C@]3(C)[C@@H]([C@H](C)C[C@H](O)C[C@@H](C)CO)CC[C@@]23C)[C@@]1(C)CCCO,LEISHMANIASIS,4.297569463554475,DNA topoisomerase,<rdkit.Chem.rdchem.Mol object at 0x0000021ACD9705F0>,[0 1 0 ... 0 0 0],C1=C2C(CCC1)CCC1CCCC21,460.7430000000004,6.525800000000009,3,3,60.69,10,False
CHEMBL460657,CCCCCCCC/C=C/CCCCCCCC(=O)O,LEISHMANIASIS,3.0,DNA topoisomerase,<rdkit.Chem.rdchem.Mol object at 0x0000021ACD970580>,[0 0 0 ... 0 0 0],,282.4679999999999,6.1085000000000065,1,1,37.3,15,False
CHEMBL462018,CN1N=C(N)c2cn([C@@H]3O[C@H](COP(=O)(O)O)[C@@H](O)[C@H]3O)c3ncnc1c23,LEISHMANIASIS,4.522878745280337,DNA topoisomerase,<rdkit.Chem.rdchem.Mol object at 0x0000021ACD970510>,[1 0 0 ... 0 0 0],C1=NNc2ncnc3c2c1cn3C1CCCO1,400.28800000000007,-1.7700999999999993,5,11,188.77999999999997,4,False
CHEMBL1794917,N.N=C(CCCCCCCC(=N)NCC#Cc1ccccc1)NCC#Cc1ccccc1,LEISHMANIASIS,5.221848749616356,Trypanothione reductase,<rdkit.Chem.rdchem.Mol object at 0x0000021ACD9704A0>,[0 0 0 ... 0 0 0],N=C(CCCCCCCC(=N)NCC#Cc1ccccc1)NCC#Cc1ccccc1,429.61200000000014,5.116240000000004,5,3,106.76,10,False
CHEMBL464897,C=C(C)[C@@H]1CC=C2[C@@H](CC[C@]3(C)[C@@H]([C@H](C)CC(=O)C[C@@H](C)C(=O)OC)CC[C@@]23C)[C@@]1(C)CCC(=O)OC,LEISHMANIASIS,4.171984935776023,DNA topoisomerase,<rdkit.Chem.rdchem.Mol object at 0x0000021ACD970430>,[0 1 0 ... 0 0 0],C1=C2C(CCC1)CCC1CCCC21,514.7470000000004,7.095400000000008,0,5,69.67,10,False
CHEMBL4567051,O=C1c2ccccc2C(=O)c2c(O)c(C(O)c3ccsc3)cc(O)c21,LEISHMANIASIS,4.301029995663981,DNA topoisomerase,<rdkit.Chem.rdchem.Mol object at 0x0000021ACD9703C0>,[0 1 0 ... 0 0 0],O=C1c2ccccc2C(=O)c2cc(Cc3ccsc3)ccc21,352.367,3.0164000000000004,3,6,94.83000000000001,2,True
CHEMBL465592,O=C(O)[C@H]1[C@H]2C[C@@H]3c4[nH]c5ccccc5c4CCN3C[C@H]2CC[C@@H]1O,LEISHMANIASIS,4.3979400086720375,DNA topoisomerase,<rdkit.Chem.rdchem.Mol object at 0x0000021ACD970350>,[0 0 0 ... 0 0 1],c1ccc2c3c([nH]c2c1)C1CC2CCCCC2CN1CC3,340.4230000000001,2.5587000000000013,3,3,76.56,1,True
CHEMBL466893,CCN(CC)CCCNc1nc2c(Nc3cccc(Cl)c3)c3ccccc3nc2s1,LEISHMANIASIS,4.387746093903563,DNA topoisomerase,<rdkit.Chem.rdchem.Mol object at 0x0000021ACD9702E0>,[0 0 0 ... 0 0 0],c1ccc(Nc2c3ccccc3nc3scnc23)cc1,440.0160000000002,6.385300000000004,2,6,53.08,9,False
CHEMBL3350296,CC[C@](O)(C(=O)[O-])c1cc2n(c(=O)c1CO)Cc1cc3c(N)c4c(cc3nc1-2)OCO4.[Na+],LEISHMANIASIS,4.522878745280337,DNA topoisomerase,<rdkit.Chem.rdchem.Mol object at 0x0000021ACD970270>,[0 0 0 ... 0 0 0],O=c1cccc2n1Cc1cc3cc4c(cc3nc1-2)OCO4,447.3790000000002,-3.420099999999996,3,10,159.95999999999998,4,True
CHEMBL3350297,CC[C@]1(O)C(=O)OCc2c1cc1n(c2=O)Cc2cc3c(N)c4c(cc3nc2-1)OCO4,LEISHMANIASIS,4.522878745280337,DNA topoisomerase,<rdkit.Chem.rdchem.Mol object at 0x0000021ACD970200>,[0 0 0 ... 0 0 0],O=C1Cc2cc3n(c(=O)c2CO1)Cc1cc2cc4c(cc2nc1-3)OCO4,407.38200000000023,1.3904999999999998,2,9,125.9,1,True
CHEMBL466853,CCN1/C(=C/C(C)=C/c2sc3ccccc3[n+]2CC)Sc2ccccc21.[I-],LEISHMANIASIS,5.064492734175287,Cysteine protease,<rdkit.Chem.rdchem.Mol object at 0x0000021ACD970190>,[0 0 0 ... 0 0 0],C(=Cc1[nH+]c2ccccc2s1)C=C1Nc2ccccc2S1,506.47800000000007,3.0896000000000017,0,3,7.12,4,False
CHEMBL470902,NC(=S)N/N=C/c1ccc(OCc2ccc3no[n+]([O-])c3c2)cc1,LEISHMANIASIS,4.366531544420414,Trypanothione reductase,<rdkit.Chem.rdchem.Mol object at 0x0000021ACD970120>,[0 0 0 ... 0 0 0],c1ccc(OCc2ccc3no[nH+]c3c2)cc1,343.36800000000005,1.2073000000000003,2,6,112.61,5,True
CHEMBL473314,COc1cc(OC)cc(-c2nnc(Nc3nc4c(F)cccc4s3)o2)c1,LEISHMANIASIS,5.245651664288981,Cysteine protease,<rdkit.Chem.rdchem.Mol object at 0x0000021ACD9700B0>,[0 0 0 ... 0 0 0],c1ccc(-c2nnc(Nc3nc4ccccc4s3)o2)cc1,372.3810000000001,4.246200000000002,1,8,82.3,5,True
CHEMBL474561,O=C1c2c(c3c4ccc(O)cc4n(O[C@@H]4O[C@H](CO)[C@@H](O)[C@H](O)[C@H]4O)c3c3[nH]c4cc(O)ccc4c23)C(=O)N1NCc1cccc(CO)n1,LEISHMANIASIS,7.8090816000008285,DNA topoisomerase,<rdkit.Chem.rdchem.Mol object at 0x0000021ACD970040>,[0 0 0 ... 0 0 0],O=C1c2c(c3c4ccccc4n(OC4CCCCO4)c3c3[nH]c4ccccc4c23)C(=O)N1NCc1ccccn1,671.6189999999999,0.2568,9,14,243.08999999999997,7,False
CHEMBL4527093,CC(=O)CNC(=O)[C@H](Cc1ccccc1)NC(=O)OCc1ccccc1,LEISHMANIASIS,3.84948500216801,Cysteine protease,<rdkit.Chem.rdchem.Mol object at 0x0000021ACD96FF40>,[0 1 0 ... 0 0 0],O=C(NCCc1ccccc1)OCc1ccccc1,354.4060000000001,2.2292999999999994,2,4,84.50000000000001,8,True
CHEMBL473535,Oc1ccc(Cl)cc1Sc1cc(Cl)ccc1O,LEISHMANIASIS,4.958607314841775,Cysteine protease,<rdkit.Chem.rdchem.Mol object at 0x0000021ACD96FED0>,[0 0 0 ... 0 0 0],c1ccc(Sc2ccccc2)cc1,287.16700000000003,4.555800000000003,2,3,40.46,2,True
CHEMBL474006,O=C(CN1C(=O)C2CC=CCC2C1=O)Nc1ccccc1Sc1ccc(Cl)cc1,LEISHMANIASIS,4.0,Trypanothione reductase,<rdkit.Chem.rdchem.Mol object at 0x0000021ACD96FE60>,[0 0 0 ... 0 0 0],O=C(CN1C(=O)C2CC=CCC2C1=O)Nc1ccccc1Sc1ccccc1,426.92500000000007,4.380900000000003,1,4,66.48,5,True
CHEMBL475251,COc1cc(Nc2ncc(F)c(Nc3ccc4c(n3)NC(=O)C(C)(C)O4)n2)cc(OC)c1OC,LEISHMANIASIS,4.522878745280337,DNA topoisomerase,<rdkit.Chem.rdchem.Mol object at 0x0000021ACD96FDF0>,[0 0 0 ... 0 0 0],O=C1COc2ccc(Nc3ccnc(Nc4ccccc4)n3)nc2N1,470.4610000000003,3.6332000000000013,3,10,128.75,7,True
CHEMBL473659,CC(C)=CCC[C@](C)(O[C@@H]1O[C@H](CO)[C@@H](O)[C@H](O)[C@H]1O)[C@H]1CC[C@]2(C)[C@@H]1[C@H](O)C[C@@H]1[C@@]3(C)CC[C@H](O[C@@H]4O[C@H](CO)[C@@H](O)[C@H](O)[C@H]4O[C@@H]4O[C@H](CO)[C@@H](O)[C@H](O)[C@H]4O)C(C)(C)[C@@H]3CC[C@]12C,LEISHMANIASIS,3.6020599913279625,DNA topoisomerase,<rdkit.Chem.rdchem.Mol object at 0x0000021ACD96FD80>,[0 0 0 ... 0 0 0],C1CCC(OCC2CCC3C2CCC2C4CCC(OC5OCCCC5OC5CCCCO5)CC4CCC32)OC1,947.1660000000005,-0.02679999999999394,12,18,298.14,13,False
CHEMBL474017,Cc1ccc(N2CC(C(=O)Nc3ccccc3Sc3ccccc3)CC2=O)cc1,LEISHMANIASIS,4.0,Trypanothione reductase,<rdkit.Chem.rdchem.Mol object at 0x0000021ACD96FD10>,[0 0 0 ... 0 0 0],O=C(Nc1ccccc1Sc1ccccc1)C1CC(=O)N(c2ccccc2)C1,402.5190000000002,5.137820000000004,1,3,49.410000000000004,5,False
CHEMBL477772,Cc1ccc(Nc2nccc(N(C)c3ccc4c(C)n(C)nc4c3)n2)cc1S(N)(=O)=O,LEISHMANIASIS,4.522878745280337,DNA topoisomerase,<rdkit.Chem.rdchem.Mol object at 0x0000021ACD96FCA0>,[0 0 0 ... 0 0 0],c1ccc(Nc2nccc(Nc3ccc4c[nH]nc4c3)n2)cc1,437.52900000000017,3.1390400000000005,2,8,119.03,5,True
CHEMBL478720,O=C1c2c(c3c4ccc(O)cc4n(O[C@@H]4O[C@H](CO)[C@@H](O)[C@H](O)[C@H]4O)c3c3[nH]c4cc(O)ccc4c23)C(=O)N1NCc1ncccc1CO,LEISHMANIASIS,7.059593203859604,DNA topoisomerase,<rdkit.Chem.rdchem.Mol object at 0x0000021ACD96FC30>,[0 0 0 ... 0 0 0],O=C1c2c(c3c4ccccc4n(OC4CCCCO4)c3c3[nH]c4ccccc4c23)C(=O)N1NCc1ccccn1,671.6189999999999,0.2568,9,14,243.09,7,False
CHEMBL4527338,Cc1ccc2ccnc(N3CCN(CCCNc4cc(=O)oc5ccccc45)CC3)c2c1,LEISHMANIASIS,4.852106529874195,DNA topoisomerase,<rdkit.Chem.rdchem.Mol object at 0x0000021ACD96FBC0>,[0 0 0 ... 0 0 0],O=c1cc(NCCCN2CCN(c3nccc4ccccc34)CC2)c2ccccc2o1,428.5360000000002,4.273820000000003,1,6,61.61000000000001,6,True
CHEMBL479291,[O-]c1cc2c3c(c1)c1cc4c(cc1c[n+]3CC2)OCO4,LEISHMANIASIS,4.901525229513002,DNA topoisomerase,<rdkit.Chem.rdchem.Mol object at 0x0000021ACD96FB50>,[0 0 0 ... 0 0 0],c1cc2c3c(c1)c1cc4c(cc1c[n+]3CC2)OCO4,265.268,1.6389,0,3,45.400000000000006,0,True
CHEMBL4527514,O=C(CF)CNC(=O)[C@H](Cc1ccccc1)NC(=O)COc1ccccc1,LEISHMANIASIS,4.752117551211465,Cysteine protease,<rdkit.Chem.rdchem.Mol object at 0x0000021ACD96FAE0>,[0 1 0 ... 0 0 0],O=C(COc1ccccc1)NCCc1ccccc1,372.39600000000013,1.4476999999999989,2,4,84.50000000000001,10,True
CHEMBL475683,O=C1c2c(c3c4ccc(O)cc4n(O[C@@H]4O[C@H](CO)[C@@H](O)[C@H](O)[C@H]4O)c3c3[nH]c4cc(O)ccc4c23)C(=O)N1NCc1ccccn1,LEISHMANIASIS,6.809894379144197,DNA topoisomerase,<rdkit.Chem.rdchem.Mol object at 0x0000021ACD96FA70>,[0 0 0 ... 0 0 0],O=C1c2c(c3c4ccccc4n(OC4CCCCO4)c3c3[nH]c4ccccc4c23)C(=O)N1NCc1ccccn1,641.593,0.7645000000000002,8,13,222.86,6,False
CHEMBL4526574,CNCCCNc1cc2c(cc1F)c(=O)c(C(=O)O)cn2Cc1ccc(-c2ccccc2)cc1,LEISHMANIASIS,4.196542884351586,DNA topoisomerase,<rdkit.Chem.rdchem.Mol object at 0x0000021ACD96FA00>,[0 0 0 ... 0 0 0],O=c1ccn(Cc2ccc(-c3ccccc3)cc2)c2ccccc12,459.52100000000013,4.5755000000000035,3,5,83.35999999999999,9,True
CHEMBL1241855,COc1cc(OC)c(/C=C/S(=O)(=O)Cc2ccc(OC)c(NCC(=O)O)c2)c(OC)c1,LEISHMANIASIS,4.522878745280337,DNA topoisomerase,<rdkit.Chem.rdchem.Mol object at 0x0000021ACD96F990>,[0 0 0 ... 0 0 0],O=S(=O)(C=Cc1ccccc1)Cc1ccccc1,451.49700000000024,2.8032000000000004,2,8,120.39000000000001,11,True
CHEMBL483321,COCC(=O)NC/C=C/c1ccc2ncnc(Nc3ccc(Oc4ccc(C)nc4)c(C)c3)c2c1,LEISHMANIASIS,4.522878745280337,DNA topoisomerase,<rdkit.Chem.rdchem.Mol object at 0x0000021ACD96F920>,[0 0 0 ... 0 0 0],c1cncc(Oc2ccc(Nc3ncnc4ccccc34)cc2)c1,469.54500000000024,4.953340000000003,2,7,98.26,9,True
CHEMBL4527023,O=C(CCN1CCOCC1)Nc1ccc2c(-c3cc(F)ccc3O)ccnc2c1O,LEISHMANIASIS,6.037860356969059,DNA topoisomerase,<rdkit.Chem.rdchem.Mol object at 0x0000021ACD96F8B0>,[0 0 0 ... 0 0 0],O=C(CCN1CCOCC1)Nc1ccc2c(-c3ccccc3)ccnc2c1,411.4330000000001,3.112900000000001,3,6,94.92,5,True
CHEMBL4527228,COC1=CC(=O)N(C(=O)/C=C/[C@H](C)NC(=O)[C@H](CC2CCCCC2)NC(=O)[C@H](CC(C)C)NC(=O)C2CCN(C)CC2)[C@H]1Cc1c[nH]c2ccccc12.O=C(O)C(F)(F)F,LEISHMANIASIS,6.318758762624412,Cysteine protease,<rdkit.Chem.rdchem.Mol object at 0x0000021ACD96F840>,[0 1 1 ... 0 0 0],O=C(CNC(=O)C1CCNCC1)NC(CC1CCCCC1)C(=O)NCC=CC(=O)N1C(=O)C=CC1Cc1c[nH]c2ccccc12,844.9730000000001,5.000200000000005,5,8,190.23999999999998,15,False
CHEMBL482967,Cc1nc(N)sc1-c1ccnc(Nc2ccc(N3CCOCC3)cc2)n1,LEISHMANIASIS,4.522878745280337,DNA topoisomerase,<rdkit.Chem.rdchem.Mol object at 0x0000021ACD96F7D0>,[0 0 0 ... 0 0 0],c1cc(-c2cncs2)nc(Nc2ccc(N3CCOCC3)cc2)n1,368.46600000000024,3.070920000000001,2,8,89.19,4,True
CHEMBL481759,CN(C)CCCn1c2c(c(=O)n(CCCN(C)C)c1=O)Nc1ccccc1S2,LEISHMANIASIS,4.570247719997592,Trypanothione reductase,<rdkit.Chem.rdchem.Mol object at 0x0000021ACD96F760>,[0 0 0 ... 0 0 0],O=c1[nH]c2c(c(=O)[nH]1)Nc1ccccc1S2,403.5520000000001,2.1216,1,8,62.510000000000005,8,True
CHEMBL482968,Cc1cc(Nc2cc(N3CCN(C)CC3)nc(/C=C/c3ccccc3)n2)n[nH]1,LEISHMANIASIS,4.522878745280337,DNA topoisomerase,<rdkit.Chem.rdchem.Mol object at 0x0000021ACD96F6F0>,[0 0 0 ... 0 0 0],C(=Cc1nc(Nc2cc[nH]n2)cc(N2CCNCC2)n1)c1ccccc1,375.48,3.1739200000000016,2,6,72.97,5,True
CHEMBL481876,COc1ccc2c3c(n(CCCN(C)C)c2c1)C(C)=NCC3,LEISHMANIASIS,4.454692883534176,Trypanothione reductase,<rdkit.Chem.rdchem.Mol object at 0x0000021ACD96F680>,[0 0 0 ... 0 0 0],C1=NCCc2c1[nH]c1ccccc21,299.418,2.9667000000000012,0,4,29.759999999999998,5,True
CHEMBL482767,O=C(Nc1cccc(Cl)c1)Nc1ncc(CCNc2ncnc3ccsc23)s1,LEISHMANIASIS,4.522878745280337,DNA topoisomerase,<rdkit.Chem.rdchem.Mol object at 0x0000021ACD96F610>,[0 0 0 ... 0 0 0],O=C(Nc1ccccc1)Nc1ncc(CCNc2ncnc3ccsc23)s1,430.946,5.099800000000001,3,7,91.83,6,False
CHEMBL483158,COc1cc(Nc2ncc3c(n2)-c2ccc(Cl)cc2C(c2c(F)cccc2OC)=NC3)ccc1C(=O)O,LEISHMANIASIS,4.522878745280337,DNA topoisomerase,<rdkit.Chem.rdchem.Mol object at 0x0000021ACD96F5A0>,[0 0 0 ... 0 0 0],c1ccc(Nc2ncc3c(n2)-c2ccccc2C(c2ccccc2)=NC3)cc1,518.9320000000004,5.746100000000004,2,7,105.92999999999999,6,False
CHEMBL487275,COC(=O)/C=C/[C@H](CCc1ccccc1)n1cccc(NC(=O)OCc2ccccc2)c1=O,LEISHMANIASIS,4.6020599913279625,Cysteine protease,<rdkit.Chem.rdchem.Mol object at 0x0000021ACD96F530>,[0 1 0 ... 0 0 0],O=C(Nc1cccn(CCCc2ccccc2)c1=O)OCc1ccccc1,446.50300000000027,4.500100000000003,1,6,86.63,9,True
CHEMBL489551,CC1(C)CC[C@]2(C)CC[C@]3(C)C(=CC[C@@H]4[C@@]5(C)CC[C@H](O)[C@](C)(CO)[C@@H]5CC[C@]43C)[C@@H]2C1,LEISHMANIASIS,3.6989700043360183,DNA topoisomerase,<rdkit.Chem.rdchem.Mol object at 0x0000021ACD96F4C0>,[0 0 0 ... 0 0 0],C1=C2C3CCCCC3CCC2C2CCC3CCCCC3C2C1,442.7280000000003,7.14130000000001,2,2,40.46,1,False
CHEMBL489552,CC1(C)CC[C@]2(C)C[C@H](O)[C@]3(C)C(=CC[C@@H]4[C@@]5(C)CC[C@H](O)[C@](C)(CO)[C@@H]5CC[C@]43C)[C@@H]2C1,LEISHMANIASIS,4.412289034981089,DNA topoisomerase,<rdkit.Chem.rdchem.Mol object at 0x0000021ACD96F450>,[0 0 0 ... 0 0 0],C1=C2C3CCCCC3CCC2C2CCC3CCCCC3C2C1,458.7270000000004,6.112100000000009,3,3,60.69,1,False
CHEMBL486232,CC(C)C[C@H](NC(=O)N1CCOCC1)C(=O)N[C@H](/C=C/S(=O)(=O)c1ccccc1)CCc1ccccc1,LEISHMANIASIS,7.67778070526608,Cysteine protease,<rdkit.Chem.rdchem.Mol object at 0x0000021ACD96F3E0>,[0 1 0 ... 0 0 0],O=C(CNC(=O)N1CCOCC1)NC(C=CS(=O)(=O)c1ccccc1)CCc1ccccc1,527.6870000000002,3.5481000000000025,2,5,104.81,11,False
CHEMBL491473,COc1cc2c(Oc3ccc4[nH]c(C)cc4c3F)ncnc2cc1OCCCN1CCCC1,LEISHMANIASIS,4.522878745280337,DNA topoisomerase,<rdkit.Chem.rdchem.Mol object at 0x0000021ACD96F370>,[0 0 0 ... 0 0 1],c1nc(Oc2ccc3[nH]ccc3c2)c2ccc(OCCCN3CCCC3)cc2n1,450.51400000000035,5.224220000000004,1,6,72.5,8,False
CHEMBL493342,CCCCCN1C=Nc2cccc3nc4c(c1c23)Cn1c-4cc2c(c1=O)COC(=O)[C@]2(O)CC,LEISHMANIASIS,5.638272163982407,DNA topoisomerase,<rdkit.Chem.rdchem.Mol object at 0x0000021ACD96F300>,[0 0 0 ... 0 0 0],O=C1Cc2cc3n(c(=O)c2CO1)Cc1c-3nc2cccc3c2c1NC=N3,458.5180000000003,3.7496000000000027,1,8,97.02,5,True
CHEMBL492346,C[N+]1(C)CCCC2c3ccccc3Sc3ccc(Cl)cc3C21,LEISHMANIASIS,4.177283461275842,Trypanothione reductase,<rdkit.Chem.rdchem.Mol object at 0x0000021ACD96F290>,[0 0 0 ... 0 0 0],c1ccc2c(c1)Sc1ccccc1C1[NH2+]CCCC21,330.90400000000005,5.499700000000004,0,1,0.0,0,False
CHEMBL491188,CC1(C)CC[C@]2(C)C[C@H](O)[C@]3(C)C(=CC[C@@H]4[C@@]5(C)CC[C@H](O)C(C)(C)[C@@H]5CC[C@]43C)[C@@H]2C1,LEISHMANIASIS,4.756961951313706,DNA topoisomerase,<rdkit.Chem.rdchem.Mol object at 0x0000021ACD96F220>,[0 0 0 ... 0 0 0],C1=C2C3CCCCC3CCC2C2CCC3CCCCC3C2C1,442.72800000000035,7.139700000000009,2,2,40.46,0,False
CHEMBL492957,C[N+]1(Cc2ccccc2)CCC(/N=C/C2C(=O)NC(=O)N(C3CCCCC3)C2=O)CC1,LEISHMANIASIS,4.172430782594309,Trypanothione reductase,<rdkit.Chem.rdchem.Mol object at 0x0000021ACD96F1B0>,[0 0 1 ... 0 0 0],O=C1NC(=O)N(C2CCCCC2)C(=O)C1C=NC1CC[NH+](Cc2ccccc2)CC1,425.55300000000034,2.893700000000001,1,4,78.84,5,True
CHEMBL488436,Cc1ncc(-c2ccnc(Nc3ccc(S(C)(=O)=O)cc3)n2)n1C(C)C,LEISHMANIASIS,4.522878745280337,DNA topoisomerase,<rdkit.Chem.rdchem.Mol object at 0x0000021ACD96F140>,[0 1 0 ... 0 0 0],c1ccc(Nc2nccc(-c3cnc[nH]3)n2)cc1,371.4660000000001,3.376520000000002,1,7,89.77000000000001,5,True
CHEMBL4528607,CC(C(=O)O)c1ccc(CSc2nc(SCc3cccc(Cl)c3)[nH]c(=O)n2)cc1,LEISHMANIASIS,3.838332587562264,DNA topoisomerase,<rdkit.Chem.rdchem.Mol object at 0x0000021ACD96F0D0>,[0 1 0 ... 0 0 0],O=c1nc(SCc2ccccc2)nc(SCc2ccccc2)[nH]1,447.96900000000005,4.591000000000002,2,6,95.93999999999998,8,True
CHEMBL488755,CN(C)CCNc1nc2cc(O)ccc2c2c1C(=O)c1ccccc1-2,LEISHMANIASIS,5.698970004336019,DNA topoisomerase,<rdkit.Chem.rdchem.Mol object at 0x0000021ACD96F060>,[0 1 0 ... 0 0 0],O=C1c2ccccc2-c2c1cnc1ccccc21,333.3910000000001,3.125300000000001,2,5,65.46000000000001,4,True
CHEMBL488829,O=C[C@H](CCc1ccccc1)n1cccc(NC(=O)OCc2ccccc2)c1=O,LEISHMANIASIS,4.6020599913279625,Cysteine protease,<rdkit.Chem.rdchem.Mol object at 0x0000021ACD96EFF0>,[0 1 0 ... 0 0 0],O=C(Nc1cccn(CCCc2ccccc2)c1=O)OCc1ccccc1,390.4390000000002,3.969800000000003,1,5,77.4,8,True
CHEMBL495727,O=C(Nc1c[nH]nc1-c1nc2ccc(CN3CCOCC3)cc2[nH]1)NC1CC1,LEISHMANIASIS,4.522878745280337,DNA topoisomerase,<rdkit.Chem.rdchem.Mol object at 0x0000021ACD96EF80>,[0 0 0 ... 0 0 0],O=C(Nc1c[nH]nc1-c1nc2ccc(CN3CCOCC3)cc2[nH]1)NC1CC1,381.44000000000017,2.0690999999999997,4,5,110.96000000000001,5,True
CHEMBL494089,CCn1c(-c2nonc2N)nc2c(C#CC(C)(C)O)ncc(OC[C@H]3CCCNC3)c21,LEISHMANIASIS,4.522878745280337,DNA topoisomerase,<rdkit.Chem.rdchem.Mol object at 0x0000021ACD96EF10>,[0 0 0 ... 0 0 0],c1nonc1-c1nc2cncc(OCC3CCCNC3)c2[nH]1,425.4930000000002,1.5841999999999998,3,10,137.14000000000001,5,True
CHEMBL4529403,O=C(Nc1cccc([N+](=O)[O-])c1)c1c(O)n(-c2ccccc2)c(=S)n(-c2ccccc2)c1=O,LEISHMANIASIS,4.991399828238082,DNA topoisomerase,<rdkit.Chem.rdchem.Mol object at 0x0000021ACD96EEA0>,[0 0 0 ... 0 0 0],O=C(Nc1ccccc1)c1cn(-c2ccccc2)c(=S)n(-c2ccccc2)c1=O,460.4710000000001,4.223790000000002,2,8,119.4,5,True
CHEMBL508108,O=C1c2c(c3c4ccc(O)cc4n(O[C@@H]4O[C@H](CO)[C@@H](O)[C@H](O)[C@H]4O)c3c3[nH]c4cc(O)ccc4c23)C(=O)N1NCc1cncc(CO)c1,LEISHMANIASIS,7.2508447231052,DNA topoisomerase,<rdkit.Chem.rdchem.Mol object at 0x0000021ACD96EE30>,[0 0 0 ... 0 0 0],O=C1c2c(c3c4ccccc4n(OC4CCCCO4)c3c3[nH]c4ccccc4c23)C(=O)N1NCc1cccnc1,671.6189999999999,0.25680000000000025,9,14,243.09,7,False
CHEMBL4527960,O=C(NCCCc1ccccc1)Nc1ncc([N+](=O)[O-])s1,LEISHMANIASIS,5.2441251443275085,Cysteine protease,<rdkit.Chem.rdchem.Mol object at 0x0000021ACD96EDC0>,[0 0 0 ... 0 0 0],O=C(NCCCc1ccccc1)Nc1nccs1,306.3470000000001,2.805600000000001,2,5,97.16,6,True
CHEMBL507986,CCNC(=S)N/N=C(\C)c1ccccn1,LEISHMANIASIS,4.102372908709558,DNA topoisomerase,<rdkit.Chem.rdchem.Mol object at 0x0000021ACD96ED50>,[0 0 0 ... 0 0 0],c1ccncc1,222.31700000000004,1.2896,2,3,49.31,3,True
CHEMBL507361,O=C(NOC[C@H](O)CO)c1ccc(F)c(F)c1Nc1ccc(I)cc1F,LEISHMANIASIS,4.522878745280337,DNA topoisomerase,<rdkit.Chem.rdchem.Mol object at 0x0000021ACD96ECE0>,[0 1 0 ... 0 0 0],c1ccc(Nc2ccccc2)cc1,482.196,2.4667000000000003,4,5,90.82000000000001,7,True
CHEMBL500059,O=C1c2c(c3c4ccc(O)cc4n(O[C@@H]4O[C@H](CO)[C@@H](O)[C@H](O)[C@H]4O)c3c3[nH]c4cc(O)ccc4c23)C(=O)N1NCc1ccoc1,LEISHMANIASIS,6.92539044367231,DNA topoisomerase,<rdkit.Chem.rdchem.Mol object at 0x0000021ACD96EC70>,[0 0 0 ... 0 0 0],O=C1c2c(c3c4ccccc4n(OC4CCCCO4)c3c3[nH]c4ccccc4c23)C(=O)N1NCc1ccoc1,630.566,0.9625000000000001,8,13,223.11,6,False
CHEMBL507006,O=C1c2c(c3c4ccc(O)cc4n(O[C@@H]4O[C@H](CO)[C@@H](O)[C@H](O)[C@H]4O)c3c3[nH]c4cc(O)ccc4c23)C(=O)N1NCc1ccnc(CO)c1,LEISHMANIASIS,7.254319153082863,DNA topoisomerase,<rdkit.Chem.rdchem.Mol object at 0x0000021ACD96EC00>,[0 0 0 ... 0 0 0],O=C1c2c(c3c4ccccc4n(OC4CCCCO4)c3c3[nH]c4ccccc4c23)C(=O)N1NCc1ccncc1,671.6189999999999,0.25680000000000003,9,14,243.09,7,False
CHEMBL506902,O=C1c2c(c3c4ccc(O)cc4n(O[C@@H]4O[C@H](CO)[C@@H](O)[C@H](O)[C@H]4O)c3c3[nH]c4cc(O)ccc4c23)C(=O)N1NCc1cnccn1,LEISHMANIASIS,7.066856330457902,DNA topoisomerase,<rdkit.Chem.rdchem.Mol object at 0x0000021ACD96EB90>,[0 0 0 ... 0 0 0],O=C1c2c(c3c4ccccc4n(OC4CCCCO4)c3c3[nH]c4ccccc4c23)C(=O)N1NCc1cnccn1,642.5809999999999,0.1594999999999998,8,14,235.75,6,False
CHEMBL502835,COC(=O)c1ccc2c(c1)NC(=O)/C2=C(\Nc1ccc(N(C)C(=O)CN2CCN(C)CC2)cc1)c1ccccc1,LEISHMANIASIS,4.522878745280337,DNA topoisomerase,<rdkit.Chem.rdchem.Mol object at 0x0000021ACD96EB20>,[0 0 0 ... 0 0 0],O=C(CN1CCNCC1)Nc1ccc(NC(=C2C(=O)Nc3ccccc32)c2ccccc2)cc1,539.6360000000004,3.6159000000000026,2,7,94.21999999999997,7,False
CHEMBL496102,COc1ccc2c(OCc3nnc4ccc(-c5ccccc5)nn34)ccnc2c1,LEISHMANIASIS,4.522878745280337,DNA topoisomerase,<rdkit.Chem.rdchem.Mol object at 0x0000021ACD96EAB0>,[0 0 0 ... 0 0 0],c1ccc(-c2ccc3nnc(COc4ccnc5ccccc45)n3n2)cc1,383.41100000000006,3.927100000000002,0,7,74.43,5,True
CHEMBL505580,CN(CCOC(=O)CCCCCC(=O)OCCN(C)CCn1nc2c3c(cccc31)C(=O)C1C(Cl)=CC=CC21)CCn1nc2c3c(cccc31)C(=O)c1c(Cl)cccc1-2,LEISHMANIASIS,4.481486060122113,DNA topoisomerase,<rdkit.Chem.rdchem.Mol object at 0x0000021ACD96EA40>,[0 0 0 ... 0 1 0],O=C(CCCCCC(=O)OCCNCCn1nc2c3c(cccc31)C(=O)C1C=CC=CC21)OCCNCCn1nc2c3c(cccc31)C(=O)c1ccccc1-2,837.8049999999997,7.440100000000009,0,12,128.86,18,False
CHEMBL4529816,CC(C)[C@H](NC(=O)OCc1ccccc1)C(=O)NCC(=O)CF,LEISHMANIASIS,3.84948500216801,Cysteine protease,<rdkit.Chem.rdchem.Mol object at 0x0000021ACD96E9D0>,[0 1 0 ... 0 0 0],c1ccccc1,324.3520000000001,1.5921999999999998,2,4,84.5,8,True
CHEMBL507295,O=C1c2c(c3c4ccc(O)cc4n(O[C@@H]4O[C@H](CO)[C@@H](O)[C@H](O)[C@H]4O)c3c3[nH]c4cc(O)ccc4c23)C(=O)N1NCc1ccc(CO)cn1,LEISHMANIASIS,7.244727494896693,DNA topoisomerase,<rdkit.Chem.rdchem.Mol object at 0x0000021ACD96E960>,[0 0 0 ... 0 0 0],O=C1c2c(c3c4ccccc4n(OC4CCCCO4)c3c3[nH]c4ccccc4c23)C(=O)N1NCc1ccccn1,671.6189999999999,0.25680000000000003,9,14,243.08999999999997,7,False
CHEMBL4530328,O=c1nc(NC[C@@H](O)CN2CCN(c3nccc4ccc(F)cc34)CC2)c2ccccc2o1,LEISHMANIASIS,6.4604093769761874,DNA topoisomerase,<rdkit.Chem.rdchem.Mol object at 0x0000021ACD96E8F0>,[0 1 0 ... 0 0 0],O=c1nc(NCCCN2CCN(c3nccc4ccccc34)CC2)c2ccccc2o1,449.48600000000016,2.4703,2,8,94.72999999999999,6,True
CHEMBL510095,CC(C)=CCC[C@](C)(O[C@@H]1O[C@H](CO)[C@@H](O)[C@H](O)[C@H]1O)[C@H]1CC[C@]2(C)[C@@H]1[C@H](O)C[C@@H]1[C@@]3(C)CC[C@H](O)C(C)(C)[C@@H]3[C@@H](O[C@@H]3O[C@H](CO)[C@@H](O)[C@H](O)[C@H]3O[C@@H]3O[C@@H](C)[C@H](O)[C@@H](O)[C@H]3O)C[C@]12C,LEISHMANIASIS,3.6020599913279625,DNA topoisomerase,<rdkit.Chem.rdchem.Mol object at 0x0000021ACD96E880>,[0 0 0 ... 0 0 0],C1CCC(OCC2CCC3C2CCC2C4CCCCC4C(OC4OCCCC4OC4CCCCO4)CC32)OC1,947.1660000000006,-0.02839999999999354,12,18,298.14,12,False
CHEMBL511120,COc1ccc2nc3cc(Cl)ccc3c(Cc3cc(CN4CCCC4)c(O)c(CN4CCCC4)c3)c2n1,LEISHMANIASIS,4.920818753952375,Trypanothione reductase,<rdkit.Chem.rdchem.Mol object at 0x0000021ACD96E810>,[0 0 0 ... 0 0 0],c1ccc2c(Cc3cc(CN4CCCC4)cc(CN4CCCC4)c3)c3ncccc3nc2c1,517.0730000000005,5.933000000000007,1,6,61.720000000000006,7,False
CHEMBL4530941,Cc1cc2ccccc2c(N2CCN(CCCNc3cc(=O)oc4ccccc34)CC2)n1,LEISHMANIASIS,5.003833720476267,DNA topoisomerase,<rdkit.Chem.rdchem.Mol object at 0x0000021ACD96E7A0>,[0 0 0 ... 0 0 0],O=c1cc(NCCCN2CCN(c3nccc4ccccc34)CC2)c2ccccc2o1,428.5360000000002,4.273820000000003,1,6,61.61,6,True
CHEMBL513909,CC[C@@H]1C(=O)N(C)c2cnc(Nc3ccc(C(=O)NC4CCN(C)CC4)cc3OC)nc2N1C1CCCC1,LEISHMANIASIS,4.522878745280337,DNA topoisomerase,<rdkit.Chem.rdchem.Mol object at 0x0000021ACD96E730>,[0 0 0 ... 1 0 0],O=C1CN(C2CCCC2)c2nc(Nc3ccc(C(=O)NC4CCNCC4)cc3)ncc2N1,521.6660000000004,3.5568000000000017,2,8,102.92999999999999,7,False
CHEMBL514201,C[C@@H]1CN(Cc2ccc(F)cc2)[C@@H](C)CN1C(=O)c1cc2c(C(=O)C(=O)N(C)C)cn(C)c2cc1Cl,LEISHMANIASIS,4.522878745280337,DNA topoisomerase,<rdkit.Chem.rdchem.Mol object at 0x0000021ACD96E6C0>,[0 0 0 ... 0 0 0],O=C(c1ccc2[nH]ccc2c1)N1CCN(Cc2ccccc2)CC1,513.0130000000003,3.9767000000000037,0,5,65.86000000000001,5,False
CHEMBL509544,O=C1c2c(c3c4ccc(O)cc4n(O[C@@H]4O[C@H](CO)[C@@H](O)[C@H](O)[C@H]4O)c3c3[nH]c4cc(O)ccc4c23)C(=O)N1NCc1ccncc1CO,LEISHMANIASIS,7.211829324897103,DNA topoisomerase,<rdkit.Chem.rdchem.Mol object at 0x0000021ACD96E650>,[0 0 0 ... 0 0 0],O=C1c2c(c3c4ccccc4n(OC4CCCCO4)c3c3[nH]c4ccccc4c23)C(=O)N1NCc1ccncc1,671.6189999999999,0.2568,9,14,243.09,7,False
CHEMBL4530821,N[C@@H]1CCN(c2cc3c(cc2F)c(=O)c(C(=O)O)cn3Cc2ccc(-c3ccccc3)cc2)C1,LEISHMANIASIS,4.196542884351586,DNA topoisomerase,<rdkit.Chem.rdchem.Mol object at 0x0000021ACD96E5E0>,[0 0 0 ... 0 0 0],O=c1ccn(Cc2ccc(-c3ccccc3)cc2)c2cc(N3CCCC3)ccc12,457.50500000000017,4.091500000000003,2,5,88.56,5,True
CHEMBL4530742,COc1c(N2CC[C@@H](CO)C2)c(F)cc2c(=O)c(C(=O)O)cn(Cc3ccc(-c4ccccc4)cc3)c12,LEISHMANIASIS,3.6989700043360183,DNA topoisomerase,<rdkit.Chem.rdchem.Mol object at 0x0000021ACD96E570>,[0 0 0 ... 0 0 0],O=c1ccn(Cc2ccc(-c3ccccc3)cc2)c2cc(N3CCCC3)ccc12,502.5420000000002,4.381300000000003,2,6,92.0,7,False
CHEMBL511712,CN(CCO)CCn1nc2c3c(cccc31)C(=O)c1c(Cl)cccc1-2,LEISHMANIASIS,5.0713337517843655,DNA topoisomerase,<rdkit.Chem.rdchem.Mol object at 0x0000021ACD96E500>,[0 0 0 ... 0 0 0],O=C1c2ccccc2-c2n[nH]c3cccc1c23,355.8250000000001,2.8252000000000006,1,5,58.36,5,True
CHEMBL4531237,CNc1c(-c2nnco2)cnc2ccc(-c3ccc(OC)cc3)cc12,LEISHMANIASIS,5.0,DNA topoisomerase,<rdkit.Chem.rdchem.Mol object at 0x0000021ACD96E490>,[0 0 0 ... 0 0 0],c1ccc(-c2ccc3ncc(-c4nnco4)cc3c2)cc1,332.3630000000001,4.002100000000002,1,6,73.07000000000001,4,True
CHEMBL499795,O=C1c2c(c3c4ccc(O)cc4n(O[C@@H]4O[C@H](CO)[C@@H](O)[C@H](O)[C@H]4O)c3c3[nH]c4cc(O)ccc4c23)C(=O)N1NCc1ccco1,LEISHMANIASIS,7.082471949139942,DNA topoisomerase,<rdkit.Chem.rdchem.Mol object at 0x0000021ACD96E420>,[0 0 0 ... 0 0 0],O=C1c2c(c3c4ccccc4n(OC4CCCCO4)c3c3[nH]c4ccccc4c23)C(=O)N1NCc1ccco1,630.566,0.9625000000000001,8,13,223.11,6,False
CHEMBL4531413,COc1ccc(-c2ccc3ncc(-c4nnco4)c(NCCCn4ccnc4)c3c2)cc1C,LEISHMANIASIS,5.574983371155115,DNA topoisomerase,<rdkit.Chem.rdchem.Mol object at 0x0000021ACD96E3B0>,[0 0 0 ... 0 0 0],c1ccc(-c2ccc3ncc(-c4nnco4)c(NCCCn4ccnc4)c3c2)cc1,440.5070000000002,4.967520000000003,1,8,90.89,8,True
CHEMBL4531900,O=c1cc(NCCCN2CCN(c3nccc4ccccc34)CC2)c2ccccc2o1,LEISHMANIASIS,4.522878745280337,DNA topoisomerase,<rdkit.Chem.rdchem.Mol object at 0x0000021ACD96E340>,[0 0 0 ... 0 0 0],O=c1cc(NCCCN2CCN(c3nccc4ccccc34)CC2)c2ccccc2o1,414.50900000000024,3.9654000000000025,1,6,61.61000000000001,6,True
CHEMBL518106,C=C(C)[C@@H]1CC=C2[C@@H](CC[C@]3(C)[C@@H]([C@H](C)C[C@@H]4C[C@@H](C)C(=O)O4)CC[C@@]23C)[C@@]1(C)CCC(=O)OC,LEISHMANIASIS,4.120904120499927,DNA topoisomerase,<rdkit.Chem.rdchem.Mol object at 0x0000021ACD96E2D0>,[0 1 0 ... 0 0 0],O=C1CCC(CCC2CCC3C4=CCCCC4CCC23)O1,484.7210000000004,7.278700000000009,0,4,52.60000000000001,7,False
CHEMBL516210,O=C(CN1C(=O)NC2(CCCCCC2)C1=O)Nc1ccccc1Sc1ccccc1,LEISHMANIASIS,4.0,Trypanothione reductase,<rdkit.Chem.rdchem.Mol object at 0x0000021ACD96E260>,[0 0 1 ... 1 0 0],O=C(CN1C(=O)NC2(CCCCCC2)C1=O)Nc1ccccc1Sc1ccccc1,423.538,4.421100000000003,2,4,78.51,5,True
CHEMBL1243107,COc1ccc2c(c1)/C(=N\OCCN(C)C)c1c-2cnc2ccccc12,LEISHMANIASIS,5.142667503568732,DNA topoisomerase,<rdkit.Chem.rdchem.Mol object at 0x0000021ACD96E1F0>,[0 0 0 ... 0 0 0],N=C1c2ccccc2-c2cnc3ccccc3c21,347.418,3.554400000000002,0,5,46.95,5,True
CHEMBL4532318,O=C(Nc1cccc(OC(F)(F)F)c1)c1c(O)n(-c2ccccc2)c(=S)n(-c2ccccc2)c1=O,LEISHMANIASIS,5.136677139879544,DNA topoisomerase,<rdkit.Chem.rdchem.Mol object at 0x0000021ACD96E180>,[0 0 0 ... 0 0 0],O=C(Nc1ccccc1)c1cn(-c2ccccc2)c(=S)n(-c2ccccc2)c1=O,499.47000000000014,5.214190000000003,2,7,85.49000000000001,5,False
CHEMBL4534576,COc1ccc(-c2ccc3ncc(-c4nnco4)c(NCCn4ccnc4)c3c2)cc1,LEISHMANIASIS,5.0,DNA topoisomerase,<rdkit.Chem.rdchem.Mol object at 0x0000021ACD96E110>,[0 0 0 ... 0 0 0],c1ccc(-c2ccc3ncc(-c4nnco4)c(NCCn4ccnc4)c3c2)cc1,412.4530000000001,4.269000000000002,1,8,90.89,7,True
CHEMBL522652,CC1CCCCC12NC(=O)N(CC(=O)Nc1ccccc1Sc1ccccc1)C2=O,LEISHMANIASIS,4.036828776687173,Trypanothione reductase,<rdkit.Chem.rdchem.Mol object at 0x0000021ACD96E0A0>,[0 0 0 ... 0 0 0],O=C(CN1C(=O)NC2(CCCCC2)C1=O)Nc1ccccc1Sc1ccccc1,423.5380000000001,4.277000000000003,2,4,78.51,5,True
CHEMBL1243264,COc1ccc2c(c1)/C(=N\OCCN1CCOCC1)c1c-2c(O)nc2ccccc12,LEISHMANIASIS,4.0,DNA topoisomerase,<rdkit.Chem.rdchem.Mol object at 0x0000021ACD96E030>,[0 0 0 ... 0 0 0],c1ccc2c(c1)C(=NOCCN1CCOCC1)c1c-2cnc2ccccc12,405.45400000000006,3.0306000000000015,1,7,76.41000000000001,5,True
CHEMBL1243166,COc1ccc2c(c1)/C(=N\OCCN1CCOCC1)c1c-2cnc2ccccc12,LEISHMANIASIS,4.0,DNA topoisomerase,<rdkit.Chem.rdchem.Mol object at 0x0000021ACD96DFC0>,[0 0 0 ... 0 0 0],c1ccc2c(c1)C(=NOCCN1CCOCC1)c1c-2cnc2ccccc12,389.45500000000004,3.325000000000002,0,6,56.18000000000001,5,True
CHEMBL519457,CC[C@@]12CCCN3CC[C@]4(c5cccc(OC)c5N(C(C)=O)[C@@H]4CC1)[C@H]32,LEISHMANIASIS,4.116799525764776,Trypanothione reductase,<rdkit.Chem.rdchem.Mol object at 0x0000021ACD96DF50>,[0 0 0 ... 0 0 0],c1ccc2c(c1)NC1CCC3CCCN4CCC21C34,354.49400000000014,3.7264000000000026,0,3,32.78,2,True
CHEMBL4533152,O=c1cc(NCC(O)CN2CCN(c3nccc4ncccc34)CC2)c2cc(F)ccc2o1,LEISHMANIASIS,6.610924374808178,DNA topoisomerase,<rdkit.Chem.rdchem.Mol object at 0x0000021ACD96DEE0>,[0 1 0 ... 0 0 0],O=c1cc(NCCCN2CCN(c3nccc4ncccc34)CC2)c2ccccc2o1,449.4860000000002,2.470300000000001,2,8,94.73,6,True
CHEMBL1243165,COc1ccc2c(c1)/C(=N\OCCN1CCCCC1)c1c-2cnc2ccccc12,LEISHMANIASIS,4.782516055786093,DNA topoisomerase,<rdkit.Chem.rdchem.Mol object at 0x0000021ACD96DE70>,[0 0 1 ... 0 0 0],c1ccc2c(c1)C(=NOCCN1CCCCC1)c1c-2cnc2ccccc12,387.48300000000006,4.478700000000004,0,5,46.95,5,True
CHEMBL4532799,CCN(CC)CCCNC(=O)c1cnc2c3c(cccc13)-c1ccccc1C2,LEISHMANIASIS,5.489454989793388,Cysteine protease,<rdkit.Chem.rdchem.Mol object at 0x0000021ACD96DE00>,[0 0 0 ... 0 0 0],c1ccc2c(c1)Cc1nccc3cccc-2c13,373.5000000000001,4.267700000000003,1,3,45.230000000000004,7,True
CHEMBL1643,NC(=O)c1ncn([C@@H]2O[C@H](CO)[C@@H](O)[C@H]2O)n1,LEISHMANIASIS,4.181246409502283,DNA topoisomerase,<rdkit.Chem.rdchem.Mol object at 0x0000021ACD96DD90>,[0 0 0 ... 0 0 0],c1ncn(C2CCCO2)n1,244.20700000000002,-3.0114999999999994,4,8,143.72000000000003,3,True
CHEMBL521851,CS(=O)(=O)N1CCN(Cc2cc3nc(-c4cccc5[nH]ncc45)nc(N4CCOCC4)c3s2)CC1,LEISHMANIASIS,4.522878745280337,DNA topoisomerase,<rdkit.Chem.rdchem.Mol object at 0x0000021ACD96DD20>,[0 0 0 ... 0 0 0],c1cc(-c2nc(N3CCOCC3)c3sc(CN4CCNCC4)cc3n2)c2cn[nH]c2c1,513.6490000000003,2.1483999999999996,1,9,107.55000000000001,5,False
CHEMBL4533341,C[C@@H]1CN2c3c(cc4c(N5CC6(CC6)OC5=O)noc4c3F)CC3(C(=O)NC(=O)NC3=O)[C@H]2[C@H](C)O1,LEISHMANIASIS,3.6989700043360183,DNA topoisomerase,<rdkit.Chem.rdchem.Mol object at 0x0000021ACD96DCB0>,[0 0 0 ... 0 0 0],O=C1NC(=O)C2(Cc3cc4c(N5CC6(CC6)OC5=O)noc4cc3N3CCOCC32)C(=O)N1,499.4550000000002,1.3468,2,9,143.30999999999997,1,True
CHEMBL1243325,COc1ccc2c(c1)/C(=N\OCCN1CCCC1)c1c-2c(N2CCNCC2)nc2ccccc12,LEISHMANIASIS,4.892790030352131,DNA topoisomerase,<rdkit.Chem.rdchem.Mol object at 0x0000021ACD96DC40>,[0 0 0 ... 0 0 0],c1ccc2c(c1)C(=NOCCN1CCCC1)c1c-2c(N2CCNCC2)nc2ccccc12,457.5780000000002,3.4982000000000015,1,7,62.220000000000006,6,True
CHEMBL4533275,N#Cc1cccc(NC(=O)c2c(O)n(-c3ccccc3)c(=S)n(-c3ccccc3)c2=O)c1,LEISHMANIASIS,4.841637507904751,DNA topoisomerase,<rdkit.Chem.rdchem.Mol object at 0x0000021ACD96DBD0>,[0 0 0 ... 0 0 0],O=C(Nc1ccccc1)c1cn(-c2ccccc2)c(=S)n(-c2ccccc2)c1=O,440.48400000000015,4.1872700000000025,2,7,100.05000000000001,4,True
CHEMBL1243355,COc1ccc2c(c1)/C(=N\OCCN1CCOCC1)c1c-2c(N2CCNCC2)nc2ccccc12,LEISHMANIASIS,4.886056647693163,DNA topoisomerase,<rdkit.Chem.rdchem.Mol object at 0x0000021ACD96DB60>,[0 0 0 ... 0 0 0],c1ccc2c(c1)C(=NOCCN1CCOCC1)c1c-2c(N2CCNCC2)nc2ccccc12,473.5770000000002,2.7346000000000004,1,8,71.45000000000002,6,True
CHEMBL522892,CN1CCN(c2ccc3nc(-c4c(N)c5c(F)cccc5[nH]c4=O)[nH]c3c2)CC1,LEISHMANIASIS,4.522878745280337,DNA topoisomerase,<rdkit.Chem.rdchem.Mol object at 0x0000021ACD96DAF0>,[0 0 0 ... 0 0 0],O=c1[nH]c2ccccc2cc1-c1nc2ccc(N3CCNCC3)cc2[nH]1,392.4380000000001,2.5445,3,5,94.03999999999999,2,True
CHEMBL1243136,COc1ccc2c(c1)/C(=N\OCCN1CCCC1)c1c-2cnc2ccccc12,LEISHMANIASIS,5.086186147616283,DNA topoisomerase,<rdkit.Chem.rdchem.Mol object at 0x0000021ACD96DA80>,[0 0 0 ... 0 0 0],c1ccc2c(c1)C(=NOCCN1CCCC1)c1c-2cnc2ccccc12,373.456,4.088600000000003,0,5,46.95,5,True
CHEMBL525784,C=C(C)[C@@H]1CC[C@]2(C(=O)OC)CC[C@]3(CO)[C@H](CC[C@@H]4[C@@]5(C)CC[C@@H](O)C(C)(C)[C@@H]5CC[C@]43C)[C@@H]12,LEISHMANIASIS,5.050609993355087,DNA topoisomerase,<rdkit.Chem.rdchem.Mol object at 0x0000021ACD96DA10>,[0 0 0 ... 0 0 0],C1CCC2C(C1)CCC1C2CCC2C3CCCC3CCC21,486.73700000000036,6.1503000000000085,2,4,66.76,3,False
CHEMBL1243135,COc1ccc2c(c1)/C(=N\OCCCN(C)C)c1c-2cnc2ccccc12,LEISHMANIASIS,4.3979400086720375,DNA topoisomerase,<rdkit.Chem.rdchem.Mol object at 0x0000021ACD96D9A0>,[0 0 0 ... 0 0 0],N=C1c2ccccc2-c2cnc3ccccc3c21,361.445,3.9445000000000032,0,5,46.95,6,True
CHEMBL524325,CC(NS(=O)(=O)c1ccccc1)C(=O)Nc1ccccc1Sc1ccccc1,LEISHMANIASIS,4.0,Trypanothione reductase,<rdkit.Chem.rdchem.Mol object at 0x0000021ACD96D930>,[0 1 0 ... 0 0 0],O=C(CNS(=O)(=O)c1ccccc1)Nc1ccccc1Sc1ccccc1,412.5360000000001,4.143300000000003,2,4,75.27,7,True
CHEMBL1243230,COc1ccc2c(c1)/C(=N\OCCN1CCCCC1)c1c-2c(O)nc2ccccc12,LEISHMANIASIS,4.0,DNA topoisomerase,<rdkit.Chem.rdchem.Mol object at 0x0000021ACD96D8C0>,[0 0 1 ... 0 0 0],c1ccc2c(c1)C(=NOCCN1CCCCC1)c1c-2cnc2ccccc12,403.4820000000001,4.184300000000004,1,6,67.18,5,True
CHEMBL1243198,COc1ccc2c(c1)/C(=N\OCCN(C)C)c1c-2c(O)nc2ccccc12,LEISHMANIASIS,5.130768280269024,DNA topoisomerase,<rdkit.Chem.rdchem.Mol object at 0x0000021ACD96D850>,[0 0 0 ... 0 0 0],N=C1c2ccccc2-c2cnc3ccccc3c21,363.41700000000003,3.2600000000000016,1,6,67.18,5,True
CHEMBL523844,Cc1ccc(NC2=NC(=O)/C(=C/C=C/c3ccco3)S2)cc1C,LEISHMANIASIS,5.177178354696896,Cysteine protease,<rdkit.Chem.rdchem.Mol object at 0x0000021ACD96D7E0>,[0 0 0 ... 0 0 0],O=C1N=C(Nc2ccccc2)SC1=CC=Cc1ccco1,324.4050000000001,4.535040000000003,1,4,54.6,3,True
CHEMBL1243229,COc1ccc2c(c1)/C(=N\OCCN1CCCC1)c1c-2c(O)nc2ccccc12,LEISHMANIASIS,5.424812155072339,DNA topoisomerase,<rdkit.Chem.rdchem.Mol object at 0x0000021ACD96D770>,[0 0 0 ... 0 0 0],c1ccc2c(c1)C(=NOCCN1CCCC1)c1c-2cnc2ccccc12,389.45500000000004,3.7942000000000027,1,6,67.18,5,True
CHEMBL4535723,O=C(CF)CNC(=O)[C@H](Cc1ccccc1)NC(=O)c1cccc(C(F)(F)F)c1,LEISHMANIASIS,5.868726996443535,Cysteine protease,<rdkit.Chem.rdchem.Mol object at 0x0000021ACD96D700>,[0 1 0 ... 0 0 0],O=C(NCCc1ccccc1)c1ccccc1,410.3670000000001,2.7013,2,3,75.27000000000001,8,True
CHEMBL525240,O=C(O)C[C@@H]1C(=O)O[C@H]2[C@@H]3OC(=O)c4cc(O)c(O)c(O)c4-c4c(cc(O)c(O)c4O)C(=O)OC[C@H]2O[C@@H](OC(=O)c2cc(O)c(O)c(O)c2)[C@@H]3OC(=O)c2cc(O)c(O)c3c2[C@H]1[C@H](O)C(=O)O3,LEISHMANIASIS,7.150514997831991,DNA topoisomerase,<rdkit.Chem.rdchem.Mol object at 0x0000021ACD96D690>,[0 0 0 ... 0 0 0],O=C1CC2CC(=O)OC3C4COC(=O)c5ccccc5-c5ccccc5C(=O)OC3C(OC(=O)c3cccc(c32)O1)C(OC(=O)c1ccccc1)O4,954.6640000000004,-0.0017000000000008675,13,26,447.0900000000001,4,False
CHEMBL4535770,O=C1c2ccccc2C(=O)c2c(O)c(C(O)c3ccc(Cl)s3)cc(O)c21,LEISHMANIASIS,4.572871276653581,DNA topoisomerase,<rdkit.Chem.rdchem.Mol object at 0x0000021ACD96D620>,[0 1 0 ... 0 0 0],O=C1c2ccccc2C(=O)c2cc(Cc3cccs3)ccc21,386.81200000000007,3.669800000000001,3,6,94.83000000000001,2,True
CHEMBL4534968,O=C(NCc1cnc2ccccc2c1)Nc1ncc([N+](=O)[O-])s1,LEISHMANIASIS,6.1938200260161125,Cysteine protease,<rdkit.Chem.rdchem.Mol object at 0x0000021ACD96D5B0>,[0 0 0 ... 0 0 0],O=C(NCc1cnc2ccccc2c1)Nc1nccs1,329.34100000000007,2.9212000000000007,2,6,110.05000000000001,4,True
CHEMBL4536608,O=c1cc(NC[C@H](O)CN2CCN(c3nccc4ccc(F)cc34)CC2)c2ccccc2o1,LEISHMANIASIS,5.86407919673175,DNA topoisomerase,<rdkit.Chem.rdchem.Mol object at 0x0000021ACD96D540>,[0 1 0 ... 0 0 0],O=c1cc(NCCCN2CCN(c3nccc4ccccc34)CC2)c2ccccc2o1,448.4980000000002,3.075300000000002,2,7,81.84,6,True
CHEMBL4537564,O=c1cc(NCCCN2CCN(c3nc(F)cc4ccccc34)CC2)c2ccccc2o1,LEISHMANIASIS,5.434994025164048,DNA topoisomerase,<rdkit.Chem.rdchem.Mol object at 0x0000021ACD96D4D0>,[0 0 0 ... 0 0 0],O=c1cc(NCCCN2CCN(c3nccc4ccccc34)CC2)c2ccccc2o1,432.4990000000002,4.104500000000003,1,6,61.61000000000001,6,True
CHEMBL4538702,O=c1nc(SCc2cc(F)c(F)cc2F)nc(SCc2ccc(Cl)cc2)[nH]1,LEISHMANIASIS,4.413412695328245,DNA topoisomerase,<rdkit.Chem.rdchem.Mol object at 0x0000021ACD96D460>,[0 0 0 ... 0 0 0],O=c1nc(SCc2ccccc2)nc(SCc2ccccc2)[nH]1,429.8760000000001,4.8202000000000025,1,5,58.64,6,True
CHEMBL4538428,O=c1cc(NCCCN2CCN(c3nc(Cl)cc4ccccc34)CC2)c2ccccc2o1,LEISHMANIASIS,5.243124924959088,DNA topoisomerase,<rdkit.Chem.rdchem.Mol object at 0x0000021ACD96D3F0>,[0 0 0 ... 0 0 0],O=c1cc(NCCCN2CCN(c3nccc4ccccc34)CC2)c2ccccc2o1,448.95400000000024,4.618800000000004,1,6,61.61000000000001,6,True
CHEMBL4548671,O=c1cc(NCCCN2CCN(c3nccc4ccccc34)CC2)c2c(o1)CCCC2,LEISHMANIASIS,4.692635737387853,DNA topoisomerase,<rdkit.Chem.rdchem.Mol object at 0x0000021ACD96D380>,[0 0 0 ... 0 0 0],O=c1cc(NCCCN2CCN(c3nccc4ccccc34)CC2)c2c(o1)CCCC2,418.5410000000004,3.6910000000000025,1,6,61.61000000000001,6,True
CHEMBL528181,Cc1cc(Nc2ccc(Cl)cc2)nc(NCc2ccccc2)n1,LEISHMANIASIS,4.962573502059376,Cysteine protease,<rdkit.Chem.rdchem.Mol object at 0x0000021ACD96D310>,[0 0 0 ... 0 0 0],c1ccc(CNc2nccc(Nc3ccccc3)n2)cc1,324.815,4.794120000000004,2,4,49.84,5,True
CHEMBL4538641,O=c1cc(NCCN2CCN(c3nccc4ccccc34)CC2)c2ccccc2o1,LEISHMANIASIS,4.5869625986495866,DNA topoisomerase,<rdkit.Chem.rdchem.Mol object at 0x0000021ACD96D2A0>,[0 0 0 ... 0 0 0],O=c1cc(NCCN2CCN(c3nccc4ccccc34)CC2)c2ccccc2o1,400.48200000000026,3.575300000000002,1,6,61.61000000000001,5,True
CHEMBL4538236,COc1cc(CSc2nc(SCc3ccccc3F)[nH]c(=O)n2)cc(OC)c1,LEISHMANIASIS,3.374584647845592,DNA topoisomerase,<rdkit.Chem.rdchem.Mol object at 0x0000021ACD96D230>,[0 0 0 ... 0 0 0],O=c1nc(SCc2ccccc2)nc(SCc2ccccc2)[nH]1,419.50300000000016,3.905800000000002,1,7,77.10000000000001,8,True
CHEMBL4540096,COc1cccc(CCNC(=O)c2c(O)n(-c3ccccc3)c(=S)n(-c3ccccc3)c2=O)c1,LEISHMANIASIS,4.801342913045577,DNA topoisomerase,<rdkit.Chem.rdchem.Mol object at 0x0000021ACD96D1C0>,[0 0 0 ... 0 0 0],O=C(NCCc1ccccc1)c1cn(-c2ccccc2)c(=S)n(-c2ccccc2)c1=O,473.55400000000014,4.044390000000003,2,7,85.49000000000001,7,True
CHEMBL4540188,O=C(CF)CNC(=O)[C@H](Cc1ccccc1)NC(=O)CCc1ccccc1,LEISHMANIASIS,4.902354669944516,Cysteine protease,<rdkit.Chem.rdchem.Mol object at 0x0000021ACD96D150>,[0 1 0 ... 0 0 0],O=C(CCc1ccccc1)NCCc1ccccc1,370.42400000000015,2.001499999999999,2,3,75.27000000000001,10,True
CHEMBL4539211,O=C(CF)CNC(=O)[C@H](Cc1cccc(Cl)c1)NC(=O)OCc1ccccc1,LEISHMANIASIS,5.854093656266441,Cysteine protease,<rdkit.Chem.rdchem.Mol object at 0x0000021ACD96D0E0>,[0 1 0 ... 0 0 0],O=C(NCCc1ccccc1)OCc1ccccc1,406.8410000000001,2.832300000000001,2,4,84.50000000000001,9,True
CHEMBL4549247,O=C(NCc1ccc(F)cc1)Nc1ncc([N+](=O)[O-])s1,LEISHMANIASIS,5.698970004336019,Cysteine protease,<rdkit.Chem.rdchem.Mol object at 0x0000021ACD96D070>,[0 0 0 ... 0 0 0],O=C(NCc1ccccc1)Nc1nccs1,296.283,2.5121,2,5,97.16,4,True
CHEMBL4549719,O=c1cc(N[C@H]2C[C@H](N3CCN(c4nccc5ccccc45)CC3)C2)c2ccccc2o1,LEISHMANIASIS,5.260284331401132,DNA topoisomerase,<rdkit.Chem.rdchem.Mol object at 0x0000021ACD96D000>,[0 0 0 ... 0 0 0],O=c1cc(NC2CC(N3CCN(c4nccc5ccccc45)CC3)C2)c2ccccc2o1,426.52000000000027,4.106300000000004,1,6,61.61000000000001,4,True
CHEMBL4550067,O=C(O)c1cn(Cc2ccc(-n3cccn3)cc2)c2cc(N3C[C@H]4CCNC[C@H]4C3)c(F)cc2c1=O,LEISHMANIASIS,4.504455662453552,DNA topoisomerase,<rdkit.Chem.rdchem.Mol object at 0x0000021ACD96CF90>,[0 0 0 ... 0 0 0],O=c1ccn(Cc2ccc(-n3cccn3)cc2)c2cc(N3CC4CCNCC4C3)ccc12,487.53500000000037,3.118500000000001,2,7,92.38999999999999,5,True
CHEMBL4569140,COc1cc(CSc2nc(SCc3ccc(Cl)cc3)[nH]c(=O)n2)cc(OC)c1,LEISHMANIASIS,4.075720713938118,DNA topoisomerase,<rdkit.Chem.rdchem.Mol object at 0x0000021ACD96CF20>,[0 0 0 ... 0 0 0],O=c1nc(SCc2ccccc2)nc(SCc2ccccc2)[nH]1,435.95800000000014,4.420100000000004,1,7,77.10000000000001,8,True
CHEMBL4569028,Cc1cc(O)c2c(c1)[C@H](O)[C@H]1C=C[C@H](O)[C@@H](O)[C@@H]1C2=O,LEISHMANIASIS,4.638272163982407,DNA topoisomerase,<rdkit.Chem.rdchem.Mol object at 0x0000021ACD96CEB0>,[0 0 0 ... 0 0 0],O=C1c2ccccc2CC2C=CCCC12,276.28800000000007,0.45431999999999967,4,5,97.99000000000001,0,True
CHEMBL4540862,O=C(/C=C1/Nc2ccccc2NC1=O)N/N=C/c1ccc2c(c1)CCC2,LEISHMANIASIS,4.042669784705389,Cysteine protease,<rdkit.Chem.rdchem.Mol object at 0x0000021ACD96CE40>,[0 0 0 ... 0 0 0],O=C(C=C1Nc2ccccc2NC1=O)NN=Cc1ccc2c(c1)CCC2,346.3900000000002,2.573500000000001,3,4,82.59,3,True
CHEMBL4541912,O=C(NCc1ccncc1)Nc1ncc([N+](=O)[O-])s1,LEISHMANIASIS,5.443697499232712,Cysteine protease,<rdkit.Chem.rdchem.Mol object at 0x0000021ACD96CDD0>,[0 0 0 ... 0 0 0],O=C(NCc1ccncc1)Nc1nccs1,279.281,1.7679999999999998,2,6,110.05000000000001,4,True
CHEMBL539032,CCC1(OC(=O)CN)C(=O)OCc2c1cc1n(c2=O)Cc2cc3c(N)cccc3nc2-1.Cl,LEISHMANIASIS,5.21356419889976,DNA topoisomerase,<rdkit.Chem.rdchem.Mol object at 0x0000021ACD96CD60>,[0 0 0 ... 0 0 0],O=C1Cc2cc3n(c(=O)c2CO1)Cc1cc2ccccc2nc1-3,456.88600000000014,1.5932000000000002,2,9,139.53,3,True
CHEMBL4541988,O=c1nc(NCC(O)CN2CCN(c3nccc4ccc(F)cc34)CC2)c2cc(F)ccc2o1,LEISHMANIASIS,7.150514997831991,DNA topoisomerase,<rdkit.Chem.rdchem.Mol object at 0x0000021ACD96CCF0>,[0 1 0 ... 0 0 0],O=c1nc(NCCCN2CCN(c3nccc4ccccc34)CC2)c2ccccc2o1,467.47600000000017,2.6094,2,8,94.72999999999999,6,True
CHEMBL4541775,O=C(O)c1cn(Cc2ccc(-c3ccccc3)cc2)c2cc(N3CC4CNCC4C3)c(F)cc2c1=O,LEISHMANIASIS,4.47755576649368,DNA topoisomerase,<rdkit.Chem.rdchem.Mol object at 0x0000021ACD96CC80>,[0 0 0 ... 0 0 0],O=c1ccn(Cc2ccc(-c3ccccc3)cc2)c2cc(N3CC4CNCC4C3)ccc12,483.54300000000035,4.209700000000003,2,5,74.57,5,True
CHEMBL4542508,O=C(NCc1ccc(-c2ccccc2)cc1)Nc1ncc([N+](=O)[O-])s1,LEISHMANIASIS,6.0,Cysteine protease,<rdkit.Chem.rdchem.Mol object at 0x0000021ACD96CC10>,[0 0 0 ... 0 0 0],O=C(NCc1ccc(-c2ccccc2)cc1)Nc1nccs1,354.39100000000013,4.040000000000002,2,5,97.16,5,True
CHEMBL4576223,COc1c(N2CC[C@@H](CN)C2)c(F)cc2c(=O)c(C(=O)O)cn(Cc3ccc(-c4ccc(F)cc4)cc3)c12,LEISHMANIASIS,4.215382707367125,DNA topoisomerase,<rdkit.Chem.rdchem.Mol object at 0x0000021ACD96CBA0>,[0 0 0 ... 0 0 0],O=c1ccn(Cc2ccc(-c3ccccc3)cc2)c2cc(N3CCCC3)ccc12,519.5480000000001,4.486800000000002,2,6,97.78999999999999,7,False
CHEMBL4543031,COc1cc(CNC(=O)c2c(O)n(-c3ccccc3)c(=S)n(-c3ccccc3)c2=O)cc(OC)c1O,LEISHMANIASIS,3.96738123914928,DNA topoisomerase,<rdkit.Chem.rdchem.Mol object at 0x0000021ACD96CB30>,[0 0 0 ... 0 0 0],O=C(NCc1ccccc1)c1cn(-c2ccccc2)c(=S)n(-c2ccccc2)c1=O,505.55200000000025,3.7160900000000026,3,9,114.95000000000002,7,False
CHEMBL1738,C[C@@H](CN1CC(=O)NC(=O)C1)N1CC(=O)NC(=O)C1,LEISHMANIASIS,4.349485002168009,DNA topoisomerase,<rdkit.Chem.rdchem.Mol object at 0x0000021ACD96CAC0>,[0 1 0 ... 0 0 0],O=C1CN(CCN2CC(=O)NC(=O)C2)CC(=O)N1,268.27299999999997,-2.708299999999996,2,6,98.82,3,True
CHEMBL538585,CC(C)(C)c1cc(CNCCO)cc(C(C)(C)C)c1O.Cl,LEISHMANIASIS,5.698970004336019,Trypanothione reductase,<rdkit.Chem.rdchem.Mol object at 0x0000021ACD96CA50>,[0 0 0 ... 0 0 0],c1ccccc1,315.88499999999993,3.4909000000000026,3,3,52.489999999999995,4,True
CHEMBL536752,CN(C)CCC(=O)c1ccc(Cl)c(Cl)c1.Cl,LEISHMANIASIS,5.481486060122113,Trypanothione reductase,<rdkit.Chem.rdchem.Mol object at 0x0000021ACD96C9E0>,[0 0 0 ... 0 0 0],c1ccccc1,282.598,3.549600000000002,0,2,20.310000000000002,4,True
CHEMBL4569853,O=C1c2ccccc2C(=O)c2c(O)c(C(O)c3ccc(Cl)cc3Cl)cc(O)c21,LEISHMANIASIS,4.736559096758931,DNA topoisomerase,<rdkit.Chem.rdchem.Mol object at 0x0000021ACD96C970>,[0 1 0 ... 0 0 0],O=C1c2ccccc2C(=O)c2cc(Cc3ccccc3)ccc21,415.2280000000001,4.261700000000004,3,5,94.83000000000001,2,True
CHEMBL4546760,O=C(CF)CNC(=O)[C@H](Cc1ccccc1)NC(=O)c1ccc(F)c2ccccc12,LEISHMANIASIS,7.0,Cysteine protease,<rdkit.Chem.rdchem.Mol object at 0x0000021ACD96C900>,[0 1 0 ... 0 0 0],O=C(NCCc1ccccc1)c1cccc2ccccc12,410.42000000000013,2.974800000000001,2,3,75.27000000000001,8,True
CHEMBL4543919,N#Cc1ccc(C(O)c2cc(O)c3c(c2O)C(=O)c2ccccc2C3=O)cc1,LEISHMANIASIS,4.790650531886788,DNA topoisomerase,<rdkit.Chem.rdchem.Mol object at 0x0000021ACD96C890>,[0 1 0 ... 0 0 0],O=C1c2ccccc2C(=O)c2cc(Cc3ccccc3)ccc21,371.34800000000007,2.8265800000000016,3,6,118.62,2,True
CHEMBL4547004,CC(=O)Nc1ccc2c(-c3ccsc3)ccnc2c1O,LEISHMANIASIS,5.301029995663981,DNA topoisomerase,<rdkit.Chem.rdchem.Mol object at 0x0000021ACD96C820>,[0 0 0 ... 0 0 0],c1ccc2c(-c3ccsc3)ccnc2c1,284.34000000000003,3.6273000000000013,2,4,62.22,2,True
CHEMBL4544202,O=C(CCN1CCN(c2nccc3ccc(F)cc23)CC1)Nc1cc(=O)oc2ccccc12,LEISHMANIASIS,5.2780557266113135,DNA topoisomerase,<rdkit.Chem.rdchem.Mol object at 0x0000021ACD96C7B0>,[0 0 0 ... 0 0 0],O=C(CCN1CCN(c2nccc3ccccc23)CC1)Nc1cc(=O)oc2ccccc12,446.48200000000026,3.6311000000000018,1,6,78.68,5,True
CHEMBL4547144,Fc1ccc([C@H]2C[C@@H](c3ccccc3)Nc3c2cccc3P(c2ccccc2)c2ccccc2)cc1,LEISHMANIASIS,4.374893424596532,DNA topoisomerase,<rdkit.Chem.rdchem.Mol object at 0x0000021ACD96C740>,[0 0 0 ... 0 0 0],c1ccc(C2CC(c3ccccc3)c3cccc(P(c4ccccc4)c4ccccc4)c3N2)cc1,487.55800000000016,7.272700000000008,1,1,12.03,5,False
CHEMBL4544610,CC(C(=O)O)c1ccc(CSc2nc(SCc3ccc(Cl)cc3)[nH]c(=O)n2)cc1,LEISHMANIASIS,3.792096469613949,DNA topoisomerase,<rdkit.Chem.rdchem.Mol object at 0x0000021ACD96C6D0>,[0 1 0 ... 0 0 0],O=c1nc(SCc2ccccc2)nc(SCc2ccccc2)[nH]1,447.96900000000005,4.591000000000003,2,6,95.93999999999998,8,True
CHEMBL4544889,COc1cccc(CNC(=O)Nc2ncc([N+](=O)[O-])s2)c1,LEISHMANIASIS,5.853871964321762,Cysteine protease,<rdkit.Chem.rdchem.Mol object at 0x0000021ACD96C660>,[0 0 0 ... 0 0 0],O=C(NCc1ccccc1)Nc1nccs1,308.319,2.3816000000000006,2,6,106.39000000000001,5,True
CHEMBL4544573,O=C(NCCCN1CCN(c2nccc3ccccc23)CC1)c1ccccc1,LEISHMANIASIS,3.598373894284771,DNA topoisomerase,<rdkit.Chem.rdchem.Mol object at 0x0000021ACD96C5F0>,[0 0 0 ... 0 0 0],O=C(NCCCN1CCN(c2nccc3ccccc23)CC1)c1ccccc1,374.48800000000017,3.1769000000000016,1,4,48.470000000000006,6,True
CHEMBL4545043,COc1ccc(-c2ccc3ncc(-c4nnc(N)o4)c(NCCCn4ccnc4)c3c2)cc1,LEISHMANIASIS,5.0,DNA topoisomerase,<rdkit.Chem.rdchem.Mol object at 0x0000021ACD96C580>,[0 0 0 ... 0 0 0],c1ccc(-c2ccc3ncc(-c4nnco4)c(NCCCn4ccnc4)c3c2)cc1,441.4950000000002,4.241300000000002,2,9,116.91000000000001,8,True
CHEMBL535173,CN(C)CCC(=O)c1ccc(S(C)(=O)=O)cc1.Cl,LEISHMANIASIS,5.537602002101044,Trypanothione reductase,<rdkit.Chem.rdchem.Mol object at 0x0000021ACD96C510>,[0 0 0 ... 0 0 0],c1ccccc1,291.8,1.6462999999999999,0,4,54.45,5,True
CHEMBL537483,CN(C)CCC(=O)c1cccc([N+](=O)[O-])c1.Cl,LEISHMANIASIS,6.468521082957745,Trypanothione reductase,<rdkit.Chem.rdchem.Mol object at 0x0000021ACD96C4A0>,[0 0 0 ... 0 0 0],c1ccccc1,258.705,2.1510000000000002,0,4,63.45,5,True
CHEMBL1806598,CCCCCCCCCCCCc1ccc(C(=O)/C=C/C(=O)O)cc1,LEISHMANIASIS,4.886056647693163,Cysteine protease,<rdkit.Chem.rdchem.Mol object at 0x0000021ACD96C430>,[0 0 0 ... 0 0 0],c1ccccc1,344.495,5.973500000000006,1,2,54.370000000000005,14,False
CHEMBL540569,CCC1(O)C(=O)OCc2c1cc1n(c2=O)Cc2cc3c(NC(=O)CN)c4c(cc3nc2-1)OCO4.Cl,LEISHMANIASIS,5.55395269865476,DNA topoisomerase,<rdkit.Chem.rdchem.Mol object at 0x0000021ACD96C3C0>,[0 0 0 ... 0 0 0],O=C1Cc2cc3n(c(=O)c2CO1)Cc1cc2cc4c(cc2nc1-3)OCO4,500.89500000000027,1.1272999999999995,3,10,154.99999999999997,3,False
CHEMBL4576705,O=C(NCCCCCCO)Nc1ncc([N+](=O)[O-])s1,LEISHMANIASIS,5.091514981121351,Cysteine protease,<rdkit.Chem.rdchem.Mol object at 0x0000021ACD96C350>,[0 0 0 ... 0 0 0],c1cscn1,288.32900000000006,1.7254999999999998,3,6,117.39000000000001,8,True
CHEMBL4577193,O=C(Nc1cccc(C(F)F)c1)c1c(O)n(-c2ccccc2)c(=S)n(-c2ccccc2)c1=O,LEISHMANIASIS,4.943095148663527,DNA topoisomerase,<rdkit.Chem.rdchem.Mol object at 0x0000021ACD96C2E0>,[0 1 0 ... 0 0 0],O=C(Nc1ccccc1)c1cn(-c2ccccc2)c(=S)n(-c2ccccc2)c1=O,465.4810000000001,5.2531900000000045,2,6,76.25999999999999,5,False
CHEMBL4576896,O=C(NCc1cccc2ccccc12)Nc1ncc([N+](=O)[O-])s1,LEISHMANIASIS,5.886056647693163,Cysteine protease,<rdkit.Chem.rdchem.Mol object at 0x0000021ACD96C270>,[0 0 0 ... 0 0 0],O=C(NCc1cccc2ccccc12)Nc1nccs1,328.35300000000007,3.526200000000002,2,5,97.16,4,True
CHEMBL4547868,C=CCNC(=O)Nc1ncc([N+](=O)[O-])s1,LEISHMANIASIS,5.309803919971486,Cysteine protease,<rdkit.Chem.rdchem.Mol object at 0x0000021ACD96C200>,[0 0 0 ... 0 0 0],c1cscn1,228.233,1.3587999999999998,2,5,97.16,4,True
CHEMBL545250,CCC1(OC(=O)CN)C(=O)OCc2c1cc1n(c2=O)Cc2cc3cc4c(cc3nc2-1)OCO4.Cl,LEISHMANIASIS,5.984295767874189,DNA topoisomerase,<rdkit.Chem.rdchem.Mol object at 0x0000021ACD96C190>,[0 0 0 ... 0 0 0],O=C1Cc2cc3n(c(=O)c2CO1)Cc1cc2cc4c(cc2nc1-3)OCO4,485.8800000000003,1.7396999999999996,1,10,131.97,3,True
CHEMBL4650286,Nc1nn2cc(F)cnc2c1C(=O)Nc1cncc(F)c1N1CCC(C(=O)N2CCN(C3COC3)CC2)CC1,LEISHMANIASIS,7.198970004336019,DNA topoisomerase,<rdkit.Chem.rdchem.Mol object at 0x0000021ACD96C120>,[0 0 0 ... 0 0 0],O=C(Nc1cnccc1N1CCC(C(=O)N2CCN(C3COC3)CC2)CC1)c1cnn2cccnc12,541.5630000000003,0.9963999999999995,2,10,134.21999999999997,5,False
CHEMBL543237,CC[C@@]1(O)C(=O)OCc2c1cc1n(c2=O)Cc2cc3c(/N=C/N(C)C)cccc3nc2-1.Cl,LEISHMANIASIS,4.716698771296451,DNA topoisomerase,<rdkit.Chem.rdchem.Mol object at 0x0000021ACD96C0B0>,[0 0 0 ... 0 0 0],O=C1Cc2cc3n(c(=O)c2CO1)Cc1cc2ccccc2nc1-3,454.91400000000016,2.7228000000000017,1,7,97.02,3,True
CHEMBL543849,CCC1(O)C(=O)OCc2c1cc1n(c2=O)Cc2cc3c(CN4CC4)c(O)ccc3nc2-1.Cl,LEISHMANIASIS,5.958607314841775,DNA topoisomerase,<rdkit.Chem.rdchem.Mol object at 0x0000021ACD96C040>,[0 0 0 ... 0 0 0],O=C1Cc2cc3n(c(=O)c2CO1)Cc1cc2c(CN4CC4)cccc2nc1-3,455.8980000000002,2.0226,2,8,104.66000000000001,3,True
CHEMBL4557243,O=c1cc(NCCCN2CCN(c3nccc4ccc(F)cc34)CC2)c2c(o1)CCNC2,LEISHMANIASIS,4.5683385699397725,DNA topoisomerase,<rdkit.Chem.rdchem.Mol object at 0x0000021ACD96BF40>,[0 0 0 ... 0 0 0],O=c1cc(NCCCN2CCN(c3nccc4ccccc34)CC2)c2c(o1)CCNC2,437.51900000000035,2.5969999999999995,2,7,73.64,6,True
CHEMBL4558044,O=c1nc(SCc2cccc(O)c2)nc(SCc2ccccc2F)[nH]1,LEISHMANIASIS,3.8914349762671656,DNA topoisomerase,<rdkit.Chem.rdchem.Mol object at 0x0000021ACD96BED0>,[0 0 0 ... 0 0 0],O=c1nc(SCc2ccccc2)nc(SCc2ccccc2)[nH]1,375.4500000000001,3.5942000000000016,2,6,78.87,6,True
CHEMBL545578,CC[C@@]1(O)C(=O)OCc2c1cc1n(c2=O)Cc2cc3c(/N=C/N(C)c4ccccc4)cccc3nc2-1.Cl,LEISHMANIASIS,5.657577319177793,DNA topoisomerase,<rdkit.Chem.rdchem.Mol object at 0x0000021ACD96BE60>,[0 0 0 ... 0 0 0],O=C1Cc2cc3n(c(=O)c2CO1)Cc1cc2c(N=CNc4ccccc4)cccc2nc1-3,516.9850000000002,4.297600000000005,1,7,97.02,4,False
CHEMBL4558064,COc1c(N2CC[C@@H](CN)C2)c(F)cc2c(=O)c(C(=O)O)cn(Cc3ccc(-c4ccccc4)cc3)c12,LEISHMANIASIS,4.239587988822019,DNA topoisomerase,<rdkit.Chem.rdchem.Mol object at 0x0000021ACD96BDF0>,[0 0 0 ... 0 0 0],O=c1ccn(Cc2ccc(-c3ccccc3)cc2)c2cc(N3CCCC3)ccc12,501.55800000000016,4.347700000000003,2,6,97.78999999999999,7,False
CHEMBL4551375,O=c1nc(SCc2ccc(C(F)(F)F)cc2)nc(SCc2ccccc2F)[nH]1,LEISHMANIASIS,4.954677021213342,DNA topoisomerase,<rdkit.Chem.rdchem.Mol object at 0x0000021ACD96BD80>,[0 0 0 ... 0 0 0],O=c1nc(SCc2ccccc2)nc(SCc2ccccc2)[nH]1,427.4480000000001,4.907400000000003,1,5,58.64,6,True
CHEMBL4551068,O=C(O)c1cccc(CSc2nc(SCc3ccccc3F)[nH]c(=O)n2)c1,LEISHMANIASIS,3.0,DNA topoisomerase,<rdkit.Chem.rdchem.Mol object at 0x0000021ACD96BD10>,[0 0 0 ... 0 0 0],O=c1nc(SCc2ccccc2)nc(SCc2ccccc2)[nH]1,403.46000000000004,3.586800000000002,2,6,95.93999999999998,7,True
CHEMBL4551489,O=C(NCCOCCO)Nc1ncc([N+](=O)[O-])s1,LEISHMANIASIS,4.853871964321762,Cysteine protease,<rdkit.Chem.rdchem.Mol object at 0x0000021ACD96BCA0>,[0 0 0 ... 0 0 0],c1cscn1,276.274,0.18169999999999964,3,7,126.62,7,True
CHEMBL540090,CC[C@@]1(O)C(=O)OCc2c1cc1n(c2=O)Cc2cc3c(/N=C/N4CCOCC4)cccc3nc2-1.Cl,LEISHMANIASIS,4.161150909262744,DNA topoisomerase,<rdkit.Chem.rdchem.Mol object at 0x0000021ACD96BC30>,[0 0 0 ... 0 0 0],O=C1Cc2cc3n(c(=O)c2CO1)Cc1cc2c(N=CN4CCOCC4)cccc2nc1-3,496.9510000000003,2.4934000000000016,1,8,106.25,3,True
CHEMBL544553,Cc1cc(-c2c(F)cc3c(=O)c(C(=O)O)csc3c2F)cc(C)n1.Cl,LEISHMANIASIS,3.853871964321762,DNA topoisomerase,<rdkit.Chem.rdchem.Mol object at 0x0000021ACD96BBC0>,[0 0 0 ... 0 0 0],O=c1ccsc2cc(-c3ccncc3)ccc12,383.80300000000005,4.338540000000003,1,4,67.26,2,True
CHEMBL4550972,O=C(O)c1cccc(CSc2nc(SCc3cccc(Cl)c3)[nH]c(=O)n2)c1,LEISHMANIASIS,3.411056357259985,DNA topoisomerase,<rdkit.Chem.rdchem.Mol object at 0x0000021ACD96BB50>,[0 0 0 ... 0 0 0],O=c1nc(SCc2ccccc2)nc(SCc2ccccc2)[nH]1,419.9150000000001,4.101100000000002,2,6,95.93999999999998,7,True
CHEMBL543000,CC[C@@]1(O)C(=O)OCc2c1cc1n(c2=O)Cc2cc3c(NC=N)cccc3nc2-1.Cl,LEISHMANIASIS,4.690369832574101,DNA topoisomerase,<rdkit.Chem.rdchem.Mol object at 0x0000021ACD96BAE0>,[0 0 0 ... 0 0 0],O=C1Cc2cc3n(c(=O)c2CO1)Cc1cc2ccccc2nc1-3,426.86000000000007,2.52037,3,7,117.3,3,True
CHEMBL4550440,O=C(NCC1CCCCC1)Nc1ncc([N+](=O)[O-])s1,LEISHMANIASIS,5.3872161432802645,Cysteine protease,<rdkit.Chem.rdchem.Mol object at 0x0000021ACD96BA70>,[0 0 1 ... 0 0 0],O=C(NCC1CCCCC1)Nc1nccs1,284.341,2.7531000000000008,2,5,97.16,4,True
CHEMBL1822792,CN(C[C@@H]1COCCO1)S(=O)(=O)Nc1ccc2ccc3ncc(-c4cnn(C)c4)cc3c(=O)c2c1,LEISHMANIASIS,4.522878745280337,DNA topoisomerase,<rdkit.Chem.rdchem.Mol object at 0x0000021ACD96BA00>,[0 0 0 ... 0 0 0],O=c1c2cc(NS(=O)(=O)NCC3COCCO3)ccc2ccc2ncc(-c3cn[nH]c3)cc12,495.56100000000026,2.1525999999999987,1,8,115.65,6,True
CHEMBL542775,CC[C@@]1(O)C(=O)OCc2c1cc1n(c2=O)Cc2cc3c(N/C=N/C)cccc3nc2-1.Cl,LEISHMANIASIS,5.180456064458132,DNA topoisomerase,<rdkit.Chem.rdchem.Mol object at 0x0000021ACD96B990>,[0 0 0 ... 0 0 0],O=C1Cc2cc3n(c(=O)c2CO1)Cc1cc2ccccc2nc1-3,440.8870000000001,2.571400000000001,2,7,105.81,3,True
CHEMBL4552030,CC(=O)Nc1ccc2c(-c3ccc(C(F)(F)F)cc3)ccnc2c1O,LEISHMANIASIS,6.154901959985743,DNA topoisomerase,<rdkit.Chem.rdchem.Mol object at 0x0000021ACD96B920>,[0 0 0 ... 0 0 0],c1ccc(-c2ccnc3ccccc23)cc1,346.308,4.584600000000003,2,3,62.22,2,True
CHEMBL540086,CCc1c2c(nc3cccc(/N=C/N(C)C)c13)-c1cc3c(c(=O)n1C2)COC(=O)[C@]3(O)CC.Cl,LEISHMANIASIS,5.443697499232712,DNA topoisomerase,<rdkit.Chem.rdchem.Mol object at 0x0000021ACD96B8B0>,[0 0 0 ... 0 0 0],O=C1Cc2cc3n(c(=O)c2CO1)Cc1cc2ccccc2nc1-3,482.96800000000036,3.285200000000003,1,7,97.02,4,True
CHEMBL4551614,COc1ccc(-c2ccc(-c3nnn(CC(=O)c4ccccc4)n3)cc2)cc1,LEISHMANIASIS,5.175874166083451,Cysteine protease,<rdkit.Chem.rdchem.Mol object at 0x0000021ACD96B840>,[0 0 0 ... 0 0 0],O=C(Cn1nnc(-c2ccc(-c3ccccc3)cc2)n1)c1ccccc1,370.412,3.8986000000000027,0,6,69.9,6,True
CHEMBL4553471,COc1cc(S(C)(=O)=O)ccc1NC(=O)c1ccc2c(c1)C(=O)c1c(NCCCN(C)C)ccc(NCCCN(C)C)c1C2=O,LEISHMANIASIS,5.97469413473523,DNA topoisomerase,<rdkit.Chem.rdchem.Mol object at 0x0000021ACD96B7D0>,[0 1 0 ... 0 0 0],O=C(Nc1ccccc1)c1ccc2c(c1)C(=O)c1ccccc1C2=O,635.787,3.853600000000003,3,10,137.14999999999998,14,False
CHEMBL4551923,NC[C@@H]1CCN(c2cc3c(cc2F)c(=O)c(C(=O)O)cn3Cc2nc(-c3ccncc3)no2)C1,LEISHMANIASIS,3.6989700043360183,DNA topoisomerase,<rdkit.Chem.rdchem.Mol object at 0x0000021ACD96B760>,[0 0 0 ... 0 0 0],O=c1ccn(Cc2nc(-c3ccncc3)no2)c2cc(N3CCCC3)ccc12,464.45700000000016,2.1170999999999998,2,9,140.37,6,True
CHEMBL4554009,O=C(CF)CNC(=O)[C@H](Cc1ccccc1)NC(=O)c1cccnn1,LEISHMANIASIS,5.442492798094342,Cysteine protease,<rdkit.Chem.rdchem.Mol object at 0x0000021ACD96B6F0>,[0 1 0 ... 0 0 0],O=C(NCCc1ccccc1)c1cccnn1,344.34600000000006,0.4724999999999993,2,5,101.05000000000001,8,True
CHEMBL4555270,Cc1cc(C)n(C(=O)CNC(=O)[C@H](Cc2ccccc2)NC(=O)OCc2ccccc2)n1,LEISHMANIASIS,4.0,Cysteine protease,<rdkit.Chem.rdchem.Mol object at 0x0000021ACD96B680>,[0 1 0 ... 0 0 0],O=C(NC(Cc1ccccc1)C(=O)NCC(=O)n1cccn1)OCc1ccccc1,434.49600000000015,2.7940400000000007,2,6,102.32000000000001,8,True
CHEMBL4554663,N#Cc1ccc2ccnc(N3CCN(CCCNc4cc(=O)oc5ccccc45)CC3)c2c1,LEISHMANIASIS,5.530990451261895,DNA topoisomerase,<rdkit.Chem.rdchem.Mol object at 0x0000021ACD96B610>,[0 0 0 ... 0 0 0],O=c1cc(NCCCN2CCN(c3nccc4ccccc34)CC2)c2ccccc2o1,439.5190000000002,3.837080000000002,1,7,85.4,6,True
CHEMBL4554555,O=C(NCc1cccc(-c2ccccc2)c1)Nc1ncc([N+](=O)[O-])s1,LEISHMANIASIS,5.958607314841775,Cysteine protease,<rdkit.Chem.rdchem.Mol object at 0x0000021ACD96B5A0>,[0 0 0 ... 0 0 0],O=C(NCc1cccc(-c2ccccc2)c1)Nc1nccs1,354.3910000000001,4.040000000000002,2,5,97.16,5,True
CHEMBL4554457,O=C1c2ccccc2C(=O)c2c(O)c(C(O)c3cccs3)cc(O)c21,LEISHMANIASIS,4.4313261097493815,DNA topoisomerase,<rdkit.Chem.rdchem.Mol object at 0x0000021ACD96B530>,[0 1 0 ... 0 0 0],O=C1c2ccccc2C(=O)c2cc(Cc3cccs3)ccc21,352.367,3.0164000000000004,3,6,94.83000000000001,2,True
CHEMBL4552904,S=C(Nc1ccc2nc(-c3ccco3)c(-c3ccco3)nc2c1)N1CCCCCC1,LEISHMANIASIS,5.177601546551106,Cysteine protease,<rdkit.Chem.rdchem.Mol object at 0x0000021ACD96B4C0>,[0 0 1 ... 0 0 0],S=C(Nc1ccc2nc(-c3ccco3)c(-c3ccco3)nc2c1)N1CCCCCC1,418.52200000000033,5.722600000000004,1,5,67.33,3,False
CHEMBL1824851,Cc1ccc2[nH]c(Cc3ccc(NC(=O)C(C)Oc4ccccc4)cc3)nc2c1,LEISHMANIASIS,4.570247719997592,Trypanothione reductase,<rdkit.Chem.rdchem.Mol object at 0x0000021ACD96B450>,[0 1 0 ... 0 0 0],O=C(COc1ccccc1)Nc1ccc(Cc2nc3ccccc3[nH]2)cc1,385.4670000000001,4.868120000000003,2,3,67.01,6,True
CHEMBL1824852,Cc1sc2ncn3c(SCC(=O)Nc4sc5c(c4C#N)CCCC5)nnc3c2c1C,LEISHMANIASIS,4.928117992693875,Trypanothione reductase,<rdkit.Chem.rdchem.Mol object at 0x0000021ACD96B3E0>,[0 0 0 ... 0 0 0],O=C(CSc1nnc2c3ccsc3ncn12)Nc1cc2c(s1)CCCC2,454.60600000000034,4.498620000000003,1,9,95.97,4,True
CHEMBL1824847,Cc1ccc2[nH]c(Cc3ccc(NC(=O)CCc4nc5ccccc5[nH]4)cc3)nc2c1,LEISHMANIASIS,4.882728704344236,Trypanothione reductase,<rdkit.Chem.rdchem.Mol object at 0x0000021ACD96B370>,[0 0 0 ... 0 0 0],O=C(CCc1nc2ccccc2[nH]1)Nc1ccc(Cc2nc3ccccc3[nH]2)cc1,409.4930000000001,4.909720000000003,3,3,86.46,6,True
CHEMBL1824848,CCn1c(-c2ccccc2)cnc1SCC(=O)Nc1ccc(C2CCCCC2)cc1,LEISHMANIASIS,5.2441251443275085,Trypanothione reductase,<rdkit.Chem.rdchem.Mol object at 0x0000021ACD96B300>,[0 0 1 ... 0 0 0],O=C(CSc1ncc(-c2ccccc2)[nH]1)Nc1ccc(C2CCCCC2)cc1,419.5940000000002,6.348500000000005,1,4,46.92,7,False
CHEMBL4555963,O=C(NCc1cccc(Br)c1)Nc1ncc([N+](=O)[O-])s1,LEISHMANIASIS,6.022276394711152,Cysteine protease,<rdkit.Chem.rdchem.Mol object at 0x0000021ACD96B290>,[0 0 0 ... 0 0 0],O=C(NCc1ccccc1)Nc1nccs1,357.1890000000001,3.1355000000000013,2,5,97.16,4,True
CHEMBL4555968,COC1=CC(=O)N(C(=O)/C=C/[C@H](C)NC(=O)[C@H](CC2CCCCC2)NC(=O)[C@H](CC2CCCCC2)NC(=O)C2CCN(C)CC2)[C@H]1Cc1c[nH]c2ccccc12.O=C(O)C(F)(F)F,LEISHMANIASIS,6.262012673666569,Cysteine protease,<rdkit.Chem.rdchem.Mol object at 0x0000021ACD96B220>,[0 1 1 ... 0 0 0],O=C(NC(CC1CCCCC1)C(=O)NC(CC1CCCCC1)C(=O)NCC=CC(=O)N1C(=O)C=CC1Cc1c[nH]c2ccccc12)C1CCNCC1,885.0380000000002,5.9245000000000045,5,8,190.23999999999998,15,False
CHEMBL1824853,COCCn1c(-c2ccccc2)cnc1SCC(=O)CNc1ccc(S(=O)(=O)N2CCCCC2)cc1,LEISHMANIASIS,4.954677021213342,Trypanothione reductase,<rdkit.Chem.rdchem.Mol object at 0x0000021ACD96B1B0>,[0 0 1 ... 0 0 0],O=C(CNc1ccc(S(=O)(=O)N2CCCCC2)cc1)CSc1ncc(-c2ccccc2)[nH]1,528.7000000000004,4.144400000000003,1,8,93.52999999999999,12,False
CHEMBL1824854,O=C(CNc1ccc(S(=O)(=O)N2CCCCC2)cc1)CSc1ncc(-c2ccc(Cl)cc2)n1-c1ccccc1,LEISHMANIASIS,4.651695136951839,Trypanothione reductase,<rdkit.Chem.rdchem.Mol object at 0x0000021ACD96B140>,[0 0 1 ... 0 0 0],O=C(CNc1ccc(S(=O)(=O)N2CCCCC2)cc1)CSc1ncc(-c2ccccc2)n1-c1ccccc1,581.1630000000001,6.140600000000005,1,7,84.30000000000001,10,False
CHEMBL4555310,COC1=CC(=O)N(C(=O)/C=C/C(C)(C)NC(=O)[C@H](CC(C)C)NC(=O)[C@H](CC(C)C)NC(=O)[C@H](C(C)C)N(C)C)[C@H]1Cc1c[nH]c2ccccc12.O=C(O)C(F)(F)F,LEISHMANIASIS,4.301029995663981,Cysteine protease,<rdkit.Chem.rdchem.Mol object at 0x0000021ACD96B0D0>,[0 1 0 ... 0 0 0],O=C1C=CC(Cc2c[nH]c3ccccc23)N1,820.9510000000002,4.710400000000005,5,8,190.23999999999998,17,False
CHEMBL4556657,CC(=O)N[C@@H](CCC(=O)O)C(=O)N[C@H](C(=O)N[C@@H](Cc1ccccc1)C(=O)NCC(=O)CF)[C@@H](C)O,LEISHMANIASIS,4.374789998845554,Cysteine protease,<rdkit.Chem.rdchem.Mol object at 0x0000021ACD96B060>,[0 1 0 ... 0 0 0],c1ccccc1,510.5190000000003,-1.3961999999999946,6,7,190.99999999999997,15,False
CHEMBL4556713,CCCNC(=O)Nc1ncc([N+](=O)[O-])s1,LEISHMANIASIS,4.721246399047171,Cysteine protease,<rdkit.Chem.rdchem.Mol object at 0x0000021ACD96AFF0>,[0 0 0 ... 0 0 0],c1cscn1,230.249,1.5827999999999995,2,5,97.16,4,True
CHEMBL1824849,CCn1c(-c2ccccc2)cnc1SCC(=O)Nc1sc2c(c1C#N)CCCC2,LEISHMANIASIS,4.882728704344236,Trypanothione reductase,<rdkit.Chem.rdchem.Mol object at 0x0000021ACD96AF80>,[0 0 0 ... 0 0 0],O=C(CSc1ncc(-c2ccccc2)[nH]1)Nc1cc2c(s1)CCCC2,422.57900000000024,5.112780000000004,1,6,70.71000000000001,6,False
CHEMBL4559061,O=C1CN(c2nccc3ccccc23)CCN1CCCNc1cc(=O)oc2ccccc12,LEISHMANIASIS,4.272577569995745,DNA topoisomerase,<rdkit.Chem.rdchem.Mol object at 0x0000021ACD96AF10>,[0 0 0 ... 0 0 0],O=C1CN(c2nccc3ccccc23)CCN1CCCNc1cc(=O)oc2ccccc12,428.49200000000013,3.4920000000000018,1,6,78.68,6,True
CHEMBL4558621,COc1ccc(-c2ccc3ncc(-c4nnco4)c(NCCN4CCOCC4)c3c2)cc1OC,LEISHMANIASIS,5.0,DNA topoisomerase,<rdkit.Chem.rdchem.Mol object at 0x0000021ACD96AEA0>,[0 0 0 ... 0 0 0],c1ccc(-c2ccc3ncc(-c4nnco4)c(NCCN4CCOCC4)c3c2)cc1,461.52200000000033,3.7131000000000016,1,9,94.77000000000001,8,True
CHEMBL4558879,O=C1c2c(c3c4cccc(O)c4n([C@@H]4O[C@H](CO)[C@@H](O)[C@H](O)[C@H]4O)c3c3[nH]c4c(O)cccc4c23)C(=O)N1NC(CO)CO,LEISHMANIASIS,6.236572006437063,DNA topoisomerase,<rdkit.Chem.rdchem.Mol object at 0x0000021ACD96AE30>,[0 1 0 ... 0 0 0],O=C1NC(=O)c2c1c1c3ccccc3[nH]c1c1c2c2ccccc2n1C1CCCCO1,608.5600000000002,-0.7336000000000009,10,13,241.19999999999996,6,False
CHEMBL4558991,O=C(NCCc1ccccc1)Nc1ncc([N+](=O)[O-])s1,LEISHMANIASIS,5.229147988357856,Cysteine protease,<rdkit.Chem.rdchem.Mol object at 0x0000021ACD96ADC0>,[0 0 0 ... 0 0 0],O=C(NCCc1ccccc1)Nc1nccs1,292.32000000000005,2.4154999999999998,2,5,97.16,5,True
CHEMBL4559082,O=C(O)CCSC(SCCc1ccccc1)c1ccc(/C=C/c2ccnc3cc(Cl)ccc23)cc1,LEISHMANIASIS,4.610833915635467,Cysteine protease,<rdkit.Chem.rdchem.Mol object at 0x0000021ACD96AD50>,[0 1 0 ... 0 0 0],C(=Cc1ccnc2ccccc12)c1ccc(CSCCc2ccccc2)cc1,520.1190000000003,8.241000000000005,1,4,50.19,11,False
CHEMBL4585551,O=C1Nc2ccc(NCC(O)CCl)c3cccc1c23,LEISHMANIASIS,3.537860356969059,Cysteine protease,<rdkit.Chem.rdchem.Mol object at 0x0000021ACD96ACE0>,[0 1 0 ... 0 0 0],O=C1Nc2cccc3cccc1c23,276.723,2.4171000000000005,3,3,61.36,4,True
CHEMBL4585556,COC(=O)c1cn(Cc2ccc(-c3ccccc3)cc2)c2c(OC)c(N3CC[C@@H](CN)C3)c(F)cc2c1=O,LEISHMANIASIS,4.146301788223826,DNA topoisomerase,<rdkit.Chem.rdchem.Mol object at 0x0000021ACD96AC70>,[0 0 0 ... 0 0 0],O=c1ccn(Cc2ccc(-c3ccccc3)cc2)c2cc(N3CCCC3)ccc12,515.5850000000004,4.436100000000002,1,7,86.78999999999999,7,False
CHEMBL4559406,COC[C@H]1CN(c2noc3c(F)c4c(cc23)CC2(C(=O)NC(=O)NC2=O)[C@H]2[C@H](C)O[C@H](C)CN42)C(=O)S1,LEISHMANIASIS,3.6989700043360183,DNA topoisomerase,<rdkit.Chem.rdchem.Mol object at 0x0000021ACD96AC00>,[0 0 0 ... 0 0 1],O=C1NC(=O)C2(Cc3cc4c(N5CCSC5=O)noc4cc3N3CCOCC32)C(=O)N1,533.5380000000002,1.5458000000000003,2,10,143.30999999999997,3,False
CHEMBL1824850,N#Cc1c(NC(=O)CSc2ncc(-c3ccc(Cl)cc3)[nH]2)sc2c1CCCC2,LEISHMANIASIS,5.031517051446065,Trypanothione reductase,<rdkit.Chem.rdchem.Mol object at 0x0000021ACD96AB90>,[0 1 0 ... 0 0 0],O=C(CSc1ncc(-c2ccccc2)[nH]1)Nc1cc2c(s1)CCCC2,428.97000000000025,5.2728800000000025,2,5,81.57,5,False
CHEMBL549357,c1nc2c(NC3CCCCCC3)nc(Nc3ccc4ncsc4c3)nc2[nH]1,LEISHMANIASIS,5.075720713938118,DNA topoisomerase,<rdkit.Chem.rdchem.Mol object at 0x0000021ACD96AB20>,[0 0 1 ... 0 0 0],c1nc2c(NC3CCCCCC3)nc(Nc3ccc4ncsc4c3)nc2[nH]1,379.493,4.840900000000003,3,7,91.41,4,True
CHEMBL4559360,O=c1nc(SCc2ccc3nonc3c2)nc(SCc2ccccc2F)[nH]1,LEISHMANIASIS,3.5704091977766983,DNA topoisomerase,<rdkit.Chem.rdchem.Mol object at 0x0000021ACD96AAB0>,[0 0 0 ... 0 0 0],O=c1nc(SCc2ccc3nonc3c2)nc(SCc2ccccc2)[nH]1,401.4480000000001,3.424800000000001,1,8,97.56,6,True
CHEMBL549931,COC1=CC(=O)C=C(N2CCN(c3nc(N)c4cc(OC)c(OC)cc4n3)CC2)C1=O,LEISHMANIASIS,4.494850021680094,Trypanothione reductase,<rdkit.Chem.rdchem.Mol object at 0x0000021ACD96AA40>,[0 0 0 ... 0 0 0],O=C1C=CC(=O)C(N2CCN(c3ncc4ccccc4n3)CC2)=C1,425.4450000000003,0.9171999999999996,1,10,120.11000000000001,5,True
CHEMBL4633308,O=c1cc(-c2ccccc2)oc2cc(NS(=O)(=O)c3cc(C(F)(F)F)ccc3C(F)(F)F)ccc12,LEISHMANIASIS,5.088842391260023,DNA topoisomerase,<rdkit.Chem.rdchem.Mol object at 0x0000021ACD96A9D0>,[0 0 0 ... 0 0 0],O=c1cc(-c2ccccc2)oc2cc(NS(=O)(=O)c3ccccc3)ccc12,513.4150000000001,6.298400000000003,1,4,76.38,4,False
CHEMBL4567626,O=c1cc(NCCCN2CCN(c3nccc4ccccc34)CC2)c2cc(Cl)ccc2o1,LEISHMANIASIS,5.590228032229065,DNA topoisomerase,<rdkit.Chem.rdchem.Mol object at 0x0000021ACD96A960>,[0 0 0 ... 0 0 0],O=c1cc(NCCCN2CCN(c3nccc4ccccc34)CC2)c2ccccc2o1,448.95400000000024,4.618800000000004,1,6,61.61000000000001,6,True
CHEMBL4560825,O=C(NCc1ccc(Br)cc1)Nc1ncc([N+](=O)[O-])s1,LEISHMANIASIS,6.214670164989233,Cysteine protease,<rdkit.Chem.rdchem.Mol object at 0x0000021ACD96A8F0>,[0 0 0 ... 0 0 0],O=C(NCc1ccccc1)Nc1nccs1,357.1890000000001,3.1355000000000013,2,5,97.16,4,True
CHEMBL555409,CC[C@@]1(O)C(=O)OCc2c1cc1n(c2=O)Cc2cc3c(/N=C(\C)N(C)C)cccc3nc2-1.Cl,LEISHMANIASIS,5.455931955649724,DNA topoisomerase,<rdkit.Chem.rdchem.Mol object at 0x0000021ACD96A880>,[0 0 0 ... 0 0 0],O=C1Cc2cc3n(c(=O)c2CO1)Cc1cc2ccccc2nc1-3,468.9410000000002,3.112900000000002,1,7,97.02,2,True
CHEMBL4562540,CC(C)(C)OC(=O)N[C@@H](Cc1ccccc1)C(=O)NCC(=O)CF,LEISHMANIASIS,5.5243312406020415,Cysteine protease,<rdkit.Chem.rdchem.Mol object at 0x0000021ACD96A810>,[0 1 0 ... 0 0 0],c1ccccc1,338.3790000000001,1.7772,2,4,84.5,7,True
CHEMBL4564002,COC1=CC(=O)N(C(=O)/C=C/[C@H](C)NC(=O)[C@H](CC(C)C)NC(=O)[C@H](Cc2ccccc2)NC(=O)[C@H](C(C)C)N(C)C)[C@H]1Cc1c[nH]c2ccccc12.O=C(O)C(F)(F)F,LEISHMANIASIS,6.070070439915412,Cysteine protease,<rdkit.Chem.rdchem.Mol object at 0x0000021ACD96A7A0>,[0 1 0 ... 0 0 0],O=C(CCc1ccccc1)NCC(=O)NCC=CC(=O)N1C(=O)C=CC1Cc1c[nH]c2ccccc12,840.9410000000001,4.516900000000006,5,8,190.23999999999998,17,False
CHEMBL4563886,O=C(CF)CNC(=O)[C@@H](NC(=O)OCc1ccccc1)c1ccccc1,LEISHMANIASIS,3.84948500216801,Cysteine protease,<rdkit.Chem.rdchem.Mol object at 0x0000021ACD96A730>,[0 1 0 ... 0 0 0],O=C(NCc1ccccc1)OCc1ccccc1,358.369,2.3089000000000004,2,4,84.50000000000001,8,True
CHEMBL554038,CC[C@@]1(O)C(=O)OCc2c1cc1n(c2=O)Cc2cc3cc(/N=C/N(C)C)ccc3nc2-1.Cl,LEISHMANIASIS,4.376750709602099,DNA topoisomerase,<rdkit.Chem.rdchem.Mol object at 0x0000021ACD96A6C0>,[0 0 0 ... 0 0 0],O=C1Cc2cc3n(c(=O)c2CO1)Cc1cc2ccccc2nc1-3,454.91400000000016,2.7228000000000017,1,7,97.02,3,True
CHEMBL4563493,O=C(O)c1cn(Cc2ccc(-c3ccccc3)cc2)c2cc(N3C[C@H]4CCNC[C@H]4C3)c(F)cc2c1=O,LEISHMANIASIS,4.214670164989233,DNA topoisomerase,<rdkit.Chem.rdchem.Mol object at 0x0000021ACD96A650>,[0 0 0 ... 0 0 0],O=c1ccn(Cc2ccc(-c3ccccc3)cc2)c2cc(N3CC4CCNCC4C3)ccc12,497.5700000000004,4.599800000000004,2,5,74.57,5,True
CHEMBL4563149,COc1c(NCCN)c(F)cc2c(=O)c(C(=O)O)cn(Cc3ccc(-c4ccccc4)cc3)c12,LEISHMANIASIS,3.6989700043360183,DNA topoisomerase,<rdkit.Chem.rdchem.Mol object at 0x0000021ACD96A5E0>,[0 0 0 ... 0 0 0],O=c1ccn(Cc2ccc(-c3ccccc3)cc2)c2ccccc12,461.49300000000017,3.9333000000000027,3,6,106.57999999999998,8,True
CHEMBL4562998,COC1=CC(=O)N(C(=O)/C=C/[C@H](C)NC(=O)C(C)(C)NC(=O)[C@H](CC(C)C)NC(=O)[C@H](C(C)C)N(C)C)[C@H]1Cc1c[nH]c2ccccc12.O=C(O)C(F)(F)F,LEISHMANIASIS,4.301029995663981,Cysteine protease,<rdkit.Chem.rdchem.Mol object at 0x0000021ACD96A570>,[0 1 0 ... 0 0 0],O=C1C=CC(Cc2c[nH]c3ccccc23)N1,778.8700000000003,3.684200000000006,5,8,190.23999999999998,15,False
CHEMBL4563179,COc1c(N2CC[C@@H](CN)C2)c(F)cc2c(=O)c(C(=O)O)cn(Cc3cc(-c4ccccc4)no3)c12,LEISHMANIASIS,3.748605149959896,DNA topoisomerase,<rdkit.Chem.rdchem.Mol object at 0x0000021ACD96A500>,[0 0 0 ... 0 0 0],O=c1ccn(Cc2cc(-c3ccccc3)no2)c2cc(N3CCCC3)ccc12,492.5070000000002,3.335700000000001,2,8,123.82,7,True
CHEMBL4563940,CC(C(=O)O)c1ccc(CSc2nc(SCc3ccccc3F)[nH]c(=O)n2)cc1,LEISHMANIASIS,4.412289034981089,DNA topoisomerase,<rdkit.Chem.rdchem.Mol object at 0x0000021ACD96A490>,[0 1 0 ... 0 0 0],O=c1nc(SCc2ccccc2)nc(SCc2ccccc2)[nH]1,431.51400000000007,4.0767000000000015,2,6,95.93999999999998,8,True
CHEMBL4564901,CNCCCCNc1c(F)cc2c(=O)c(C(=O)O)cn(Cc3ccc(-c4ccccc4)cc3)c2c1OC,LEISHMANIASIS,3.6989700043360183,DNA topoisomerase,<rdkit.Chem.rdchem.Mol object at 0x0000021ACD96A420>,[0 0 0 ... 0 0 0],O=c1ccn(Cc2ccc(-c3ccccc3)cc2)c2ccccc12,503.57400000000024,4.974200000000004,3,6,92.58999999999999,11,False
CHEMBL4564704,C[C@@](Cc1ccccc1)(NC(=O)OCc1ccccc1)C(=O)NCC(=O)CF,LEISHMANIASIS,4.129424200574107,Cysteine protease,<rdkit.Chem.rdchem.Mol object at 0x0000021ACD96A3B0>,[0 0 0 ... 0 0 0],O=C(NCCc1ccccc1)OCc1ccccc1,386.4230000000001,2.569000000000001,2,4,84.5,9,True
CHEMBL4564777,CC(=O)Nc1ccc2c(-c3cccs3)ccnc2c1O,LEISHMANIASIS,5.779545458967391,DNA topoisomerase,<rdkit.Chem.rdchem.Mol object at 0x0000021ACD96A340>,[0 0 0 ... 0 0 0],c1csc(-c2ccnc3ccccc23)c1,284.34000000000003,3.627300000000002,2,4,62.22,2,True
CHEMBL4637201,O=C(NCCCNC(=O)c1cc2ccccc2[nH]1)c1ccc(-c2ccccc2)cc1,LEISHMANIASIS,5.067526235322847,Cysteine protease,<rdkit.Chem.rdchem.Mol object at 0x0000021ACD96A2D0>,[0 0 0 ... 0 0 0],O=C(NCCCNC(=O)c1cc2ccccc2[nH]1)c1ccc(-c2ccccc2)cc1,397.4780000000001,4.384800000000003,3,2,73.99000000000001,7,True
CHEMBL557158,Cl.c1cc(-c2ccc(-c3ccc(C4=NCCN4)cc3)o2)ccc1C1=NCCN1,LEISHMANIASIS,5.522878745280337,DNA topoisomerase,<rdkit.Chem.rdchem.Mol object at 0x0000021ACD96A260>,[0 0 0 ... 0 0 0],c1cc(-c2ccc(-c3ccc(C4=NCCN4)cc3)o2)ccc1C1=NCCN1,392.89000000000016,3.735000000000003,2,5,61.92,4,True
CHEMBL4636680,Cc1cc(C)c(S(=O)(=O)Nc2ccc3c(=O)cc(-c4ccccc4)oc3c2)c(C)c1,LEISHMANIASIS,6.008773924307505,DNA topoisomerase,<rdkit.Chem.rdchem.Mol object at 0x0000021ACD96A1F0>,[0 0 0 ... 0 0 0],O=c1cc(-c2ccccc2)oc2cc(NS(=O)(=O)c3ccccc3)ccc12,419.5020000000002,5.186060000000004,1,4,76.38,4,False
CHEMBL4636706,O=c1cc(-c2ccccc2)oc2cc(NS(=O)(=O)c3ccc([N+](=O)[O-])cc3)ccc12,LEISHMANIASIS,4.681519274825483,DNA topoisomerase,<rdkit.Chem.rdchem.Mol object at 0x0000021ACD96A180>,[0 0 0 ... 0 0 0],O=c1cc(-c2ccccc2)oc2cc(NS(=O)(=O)c3ccccc3)ccc12,422.4180000000002,4.169000000000002,1,6,119.52000000000001,5,True
CHEMBL558752,Cn1c(Nc2ccc(C(F)(F)F)cc2)nc2cc(Oc3ccnc(-c4ncc(C(F)(F)F)[nH]4)c3)ccc21,LEISHMANIASIS,4.522878745280337,DNA topoisomerase,<rdkit.Chem.rdchem.Mol object at 0x0000021ACD96A110>,[0 0 0 ... 0 0 0],c1ccc(Nc2nc3cc(Oc4ccnc(-c5ncc[nH]5)c4)ccc3[nH]2)cc1,518.421,6.931900000000003,2,6,80.65,5,False
CHEMBL4569246,CCC(O)CNc1cc2c3c(cc(NCC(O)CC)cc3c1)C(=O)N2,LEISHMANIASIS,4.191080626141498,Cysteine protease,<rdkit.Chem.rdchem.Mol object at 0x0000021ACD96A0A0>,[0 1 0 ... 0 0 0],O=C1Nc2cccc3cccc1c23,343.4270000000001,2.7711000000000006,5,5,93.62,8,True
CHEMBL4567655,O=C(CF)CNC(=O)[C@H](Cc1ccccc1)NC(=O)c1ccc2ccccc2c1,LEISHMANIASIS,5.94551464156026,Cysteine protease,<rdkit.Chem.rdchem.Mol object at 0x0000021ACD96A030>,[0 1 0 ... 0 0 0],O=C(NCCc1ccccc1)c1ccc2ccccc2c1,392.4300000000001,2.835700000000001,2,3,75.27000000000001,8,True
CHEMBL559337,O=C(O)c1cc(O)c(=O)c2c(O)c(O)ccc2c1,LEISHMANIASIS,5.638272163982407,Cysteine protease,<rdkit.Chem.rdchem.Mol object at 0x0000021ACD969FC0>,[0 0 0 ... 0 0 0],O=c1ccccc2ccccc12,248.19,1.0149999999999997,4,5,115.06,1,True
CHEMBL4567870,O=C(CF)CNC(=O)[C@H](Cc1ccccc1)NC(=O)c1ccnc2ccccc12,LEISHMANIASIS,6.422180183120112,Cysteine protease,<rdkit.Chem.rdchem.Mol object at 0x0000021ACD969F50>,[0 1 0 ... 0 0 0],O=C(NCCc1ccccc1)c1ccnc2ccccc12,393.4180000000001,2.2306999999999997,2,4,88.16000000000001,8,True
CHEMBL4568708,CC(=O)N[C@@H](CCC(=O)O)C(=O)N[C@H](C(=O)N[C@@H](Cc1ccccc1)C(=O)NCC(=O)O)[C@@H](C)O,LEISHMANIASIS,3.84948500216801,Cysteine protease,<rdkit.Chem.rdchem.Mol object at 0x0000021ACD969EE0>,[0 1 0 ... 0 0 0],c1ccccc1,494.50100000000026,-1.8501999999999943,7,7,211.22999999999996,14,False
CHEMBL4569375,O=C(CF)CNC(=O)[C@H](Cc1ccccc1)NC(=O)C1CCCC1,LEISHMANIASIS,5.560980511102445,Cysteine protease,<rdkit.Chem.rdchem.Mol object at 0x0000021ACD969E70>,[0 1 0 ... 0 0 0],O=C(NCCc1ccccc1)C1CCCC1,334.3910000000002,1.5588999999999993,2,3,75.27000000000001,8,True
CHEMBL558618,CCC1(O)C(=O)OCc2c1cc1n(c2=O)Cc2cc3c(NC(=O)CN)cccc3nc2-1.Cl,LEISHMANIASIS,5.383501944803923,DNA topoisomerase,<rdkit.Chem.rdchem.Mol object at 0x0000021ACD969E00>,[0 0 0 ... 0 0 0],O=C1Cc2cc3n(c(=O)c2CO1)Cc1cc2ccccc2nc1-3,456.88600000000014,1.3985999999999996,3,8,136.54,3,True
CHEMBL4567917,COc1ccc(C(O)c2cc(O)c3c(c2O)C(=O)c2ccccc2C3=O)cc1OC,LEISHMANIASIS,4.301029995663981,DNA topoisomerase,<rdkit.Chem.rdchem.Mol object at 0x0000021ACD969D90>,[0 1 0 ... 0 0 0],O=C1c2ccccc2C(=O)c2cc(Cc3ccccc3)ccc21,406.39000000000016,2.972100000000003,3,7,113.29,4,True
CHEMBL4569403,COc1ccc2ccnc(N3CCN(CCCNc4cc(=O)oc5ccccc45)CC3)c2c1,LEISHMANIASIS,5.609841343929924,DNA topoisomerase,<rdkit.Chem.rdchem.Mol object at 0x0000021ACD969D20>,[0 0 0 ... 0 0 0],O=c1cc(NCCCN2CCN(c3nccc4ccccc34)CC2)c2ccccc2o1,444.5350000000002,3.974000000000003,1,7,70.84,7,True
CHEMBL4566626,O=C(NCc1ccnc2ccccc12)Nc1ncc([N+](=O)[O-])s1,LEISHMANIASIS,5.958607314841775,Cysteine protease,<rdkit.Chem.rdchem.Mol object at 0x0000021ACD969CB0>,[0 0 0 ... 0 0 0],O=C(NCc1ccnc2ccccc12)Nc1nccs1,329.34100000000007,2.9212000000000007,2,6,110.05000000000001,4,True
CHEMBL4566110,O=C(CF)CNC(=O)[C@H](Cc1ccccc1Cl)NC(=O)OCc1ccccc1,LEISHMANIASIS,4.459153561333734,Cysteine protease,<rdkit.Chem.rdchem.Mol object at 0x0000021ACD969C40>,[0 1 0 ... 0 0 0],O=C(NCCc1ccccc1)OCc1ccccc1,406.8410000000001,2.832300000000001,2,4,84.50000000000001,9,True
CHEMBL4574863,COc1ccc2cc(F)nc(N3CCN(CC(O)CNc4cc(=O)oc5ccc(F)cc45)CC3)c2c1,LEISHMANIASIS,7.0,DNA topoisomerase,<rdkit.Chem.rdchem.Mol object at 0x0000021ACD969BD0>,[0 1 0 ... 0 0 0],O=c1cc(NCCCN2CCN(c3nccc4ccccc34)CC2)c2ccccc2o1,496.5140000000003,3.2230000000000016,2,8,91.07000000000001,7,True
CHEMBL4575072,O=C(NCc1cccnc1)Nc1ncc([N+](=O)[O-])s1,LEISHMANIASIS,6.070581074285707,Cysteine protease,<rdkit.Chem.rdchem.Mol object at 0x0000021ACD969B60>,[0 0 0 ... 0 0 0],O=C(NCc1cccnc1)Nc1nccs1,279.281,1.7679999999999998,2,6,110.05000000000001,4,True
CHEMBL4566679,COc1ccc2ccccc2c1C(=O)N[C@@H](Cc1ccccc1)C(=O)NCC(=O)CF,LEISHMANIASIS,5.319664486585437,Cysteine protease,<rdkit.Chem.rdchem.Mol object at 0x0000021ACD969AF0>,[0 1 0 ... 0 0 0],O=C(NCCc1ccccc1)c1cccc2ccccc12,422.45600000000013,2.8443000000000005,2,4,84.5,9,True
CHEMBL4575083,COc1ccc(-c2ccc3ncc(-c4nnc(C)o4)c(NCCN4CCOCC4)c3c2)cc1,LEISHMANIASIS,5.0,DNA topoisomerase,<rdkit.Chem.rdchem.Mol object at 0x0000021ACD969A80>,[0 0 0 ... 0 0 0],c1ccc(-c2ccc3ncc(-c4nnco4)c(NCCN4CCOCC4)c3c2)cc1,445.5230000000003,4.012920000000003,1,8,85.54,7,True
CHEMBL4581663,O=C(CF)CNC(=O)[C@H](Cc1ccccc1)NC(=O)c1cccc2c(F)cccc12,LEISHMANIASIS,7.244125144327507,Cysteine protease,<rdkit.Chem.rdchem.Mol object at 0x0000021ACD969A10>,[0 1 0 ... 0 0 0],O=C(NCCc1ccccc1)c1cccc2ccccc12,410.42000000000013,2.974800000000001,2,3,75.27000000000001,8,True
CHEMBL4582464,CC(C(=O)N1c2ccccc2CCc2ccccc21)n1nnc(-c2ccc(N3CCOCC3)cc2)n1,LEISHMANIASIS,5.175874166083451,Cysteine protease,<rdkit.Chem.rdchem.Mol object at 0x0000021ACD9699A0>,[0 1 0 ... 0 0 0],O=C(Cn1nnc(-c2ccc(N3CCOCC3)cc2)n1)N1c2ccccc2CCc2ccccc21,480.5720000000003,4.201200000000004,0,7,76.38000000000001,4,True
CHEMBL4583627,O=C(/C=C/c1ccc(O)cc1)c1ccc2c(c1O)[C@H](C(=O)c1ccc(O)cc1O)[C@@H](c1ccc(O)cc1)O2,LEISHMANIASIS,5.246544637224241,DNA topoisomerase,<rdkit.Chem.rdchem.Mol object at 0x0000021ACD969930>,[0 0 0 ... 0 0 0],O=C(C=Cc1ccccc1)c1ccc2c(c1)C(C(=O)c1ccccc1)C(c1ccccc1)O2,510.4980000000002,5.210900000000007,5,8,144.51999999999998,6,False
CHEMBL4583424,COc1c(N2CC[C@@H](N)C2)c(F)cc2c(=O)c(C(=O)O)cn(Cc3ccc(-c4ccc(F)cc4)cc3)c12,LEISHMANIASIS,4.23210238398191,DNA topoisomerase,<rdkit.Chem.rdchem.Mol object at 0x0000021ACD9698C0>,[0 0 0 ... 0 0 0],O=c1ccn(Cc2ccc(-c3ccccc3)cc2)c2cc(N3CCCC3)ccc12,505.5210000000002,4.239200000000003,2,6,97.78999999999999,6,False
CHEMBL4582494,CC(C)Oc1cccc(NC(=O)c2c(O)n(-c3ccccc3)c(=S)n(-c3ccccc3)c2=O)c1,LEISHMANIASIS,5.013228265733755,DNA topoisomerase,<rdkit.Chem.rdchem.Mol object at 0x0000021ACD969850>,[0 1 0 ... 0 0 0],O=C(Nc1ccccc1)c1cn(-c2ccccc2)c(=S)n(-c2ccccc2)c1=O,473.55400000000014,5.102790000000004,2,7,85.49000000000001,6,False
CHEMBL4582597,CCCCOc1ccc(-c2nnn(CC(=O)Nc3c(C)ccc4ccccc34)n2)cc1,LEISHMANIASIS,5.175874166083451,Cysteine protease,<rdkit.Chem.rdchem.Mol object at 0x0000021ACD9697E0>,[0 0 0 ... 0 0 0],O=C(Cn1nnc(-c2ccccc2)n1)Nc1cccc2ccccc12,415.4970000000001,4.619320000000004,1,6,81.93,8,True
CHEMBL4585210,CN(CCCN1CCN(c2nccc3ccccc23)CC1)c1cc(=O)oc2ccccc12,LEISHMANIASIS,4.320082258830055,DNA topoisomerase,<rdkit.Chem.rdchem.Mol object at 0x0000021ACD969770>,[0 0 0 ... 0 0 0],O=c1cc(NCCCN2CCN(c3nccc4ccccc34)CC2)c2ccccc2o1,428.5360000000003,3.9897000000000027,0,6,52.82,6,True
CHEMBL564829,CNC(=O)c1nn(C)c2c1C(C)(C)Cc1cnc(Nc3ccc(N4CCN(C)CC4)cc3)nc1-2,LEISHMANIASIS,4.522878745280337,DNA topoisomerase,<rdkit.Chem.rdchem.Mol object at 0x0000021ACD969700>,[0 0 0 ... 0 0 0],c1cc(N2CCNCC2)ccc1Nc1ncc2c(n1)-c1[nH]ncc1CC2,460.58600000000024,2.5658000000000003,2,8,91.21,4,True
CHEMBL4571449,CC(C)c1ccc(CSc2nc(SCc3ccccc3F)[nH]c(=O)n2)cc1,LEISHMANIASIS,5.075720713938118,DNA topoisomerase,<rdkit.Chem.rdchem.Mol object at 0x0000021ACD969690>,[0 1 0 ... 0 0 0],O=c1nc(SCc2ccccc2)nc(SCc2ccccc2)[nH]1,401.53200000000004,5.012000000000005,1,5,58.64,7,False
CHEMBL4571677,O=C(NCc1cccc(F)c1)Nc1ncc([N+](=O)[O-])s1,LEISHMANIASIS,5.6020599913279625,Cysteine protease,<rdkit.Chem.rdchem.Mol object at 0x0000021ACD969620>,[0 0 0 ... 0 0 0],O=C(NCc1ccccc1)Nc1nccs1,296.283,2.5121,2,5,97.16,4,True
CHEMBL4570423,O=c1cc(NCCCN2CCN(c3nccc4ccc(Cl)cc34)CC2)c2ccccc2o1,LEISHMANIASIS,5.4358003656410965,DNA topoisomerase,<rdkit.Chem.rdchem.Mol object at 0x0000021ACD9695B0>,[0 0 0 ... 0 0 0],O=c1cc(NCCCN2CCN(c3nccc4ccccc34)CC2)c2ccccc2o1,448.95400000000024,4.618800000000004,1,6,61.61000000000001,6,True
CHEMBL565612,CN1CCN(c2nc(C3=C(c4c[nH]c5ccccc45)C(=O)NC3=O)c3ccccc3n2)CC1,LEISHMANIASIS,4.522878745280337,DNA topoisomerase,<rdkit.Chem.rdchem.Mol object at 0x0000021ACD969540>,[0 0 0 ... 0 0 0],O=C1NC(=O)C(c2c[nH]c3ccccc23)=C1c1nc(N2CCNCC2)nc2ccccc12,438.49100000000027,2.4301000000000004,2,6,94.21999999999998,3,True
CHEMBL4572200,O=C(CF)CNC(=O)[C@H](Cc1ccccc1)NC(=O)OCc1ccccc1,LEISHMANIASIS,5.920818753952375,Cysteine protease,<rdkit.Chem.rdchem.Mol object at 0x0000021ACD9694D0>,[0 1 0 ... 0 0 0],O=C(NCCc1ccccc1)OCc1ccccc1,372.39600000000013,2.1788999999999996,2,4,84.50000000000001,9,True
CHEMBL4573305,CC[C@H](O)CNc1cc2c3c(cccc3c1)NC2=O,LEISHMANIASIS,4.151734440015196,Cysteine protease,<rdkit.Chem.rdchem.Mol object at 0x0000021ACD969460>,[0 1 0 ... 0 0 0],O=C1Nc2cccc3cccc1c23,256.305,2.5883000000000003,3,3,61.36,4,True
CHEMBL4572018,CCCCC(O)CNc1cc2c3c(cccc3c1)NC2=O,LEISHMANIASIS,3.648246838906329,Cysteine protease,<rdkit.Chem.rdchem.Mol object at 0x0000021ACD9693F0>,[0 1 0 ... 0 0 0],O=C1Nc2cccc3cccc1c23,284.35900000000004,3.368500000000001,3,3,61.36,6,True
CHEMBL4573260,O=C(NCC1CC1)Nc1ncc([N+](=O)[O-])s1,LEISHMANIASIS,5.026872146400302,Cysteine protease,<rdkit.Chem.rdchem.Mol object at 0x0000021ACD969380>,[0 0 0 ... 0 0 0],O=C(NCC1CC1)Nc1nccs1,242.26,1.5828,2,5,97.16,4,True
CHEMBL4573966,NC[C@@H]1CCN(c2ccc3c(=O)c(C(=O)O)cn(Cc4ccc(-c5ccccc5)cc4)c3c2)C1,LEISHMANIASIS,4.213248577854439,DNA topoisomerase,<rdkit.Chem.rdchem.Mol object at 0x0000021ACD969310>,[0 0 0 ... 0 0 0],O=c1ccn(Cc2ccc(-c3ccccc3)cc2)c2cc(N3CCCC3)ccc12,453.5420000000002,4.200000000000003,2,5,88.56,6,True
CHEMBL4575796,COc1cc(S(C)(=O)=O)ccc1Nc1c2ccccc2nc2ccccc12,LEISHMANIASIS,5.939302159646388,DNA topoisomerase,<rdkit.Chem.rdchem.Mol object at 0x0000021ACD9692A0>,[0 0 0 ... 0 0 0],c1ccc(Nc2c3ccccc3nc3ccccc23)cc1,378.4530000000001,4.543700000000003,1,5,68.29,4,True
CHEMBL4575351,O=c1cc(NCCCN2CCN(c3nccc4ccc(F)cc34)CC2)c2c(o1)CCSC2,LEISHMANIASIS,4.9604093769761874,DNA topoisomerase,<rdkit.Chem.rdchem.Mol object at 0x0000021ACD969230>,[0 0 0 ... 0 0 0],O=c1cc(NCCCN2CCN(c3nccc4ccccc34)CC2)c2c(o1)CCSC2,454.57100000000037,3.7406000000000024,1,7,61.61000000000001,6,True
CHEMBL4574520,O=c1nc(SCc2cc(F)cc(C(F)(F)F)c2)nc(SCc2ccc(Cl)cc2)[nH]1,LEISHMANIASIS,5.075720713938118,DNA topoisomerase,<rdkit.Chem.rdchem.Mol object at 0x0000021ACD9691C0>,[0 0 0 ... 0 0 0],O=c1nc(SCc2ccccc2)nc(SCc2ccccc2)[nH]1,461.89300000000003,5.560800000000003,1,5,58.64,6,False
CHEMBL4575568,CC(=O)Nc1ccc2c(-c3cc(C(F)(F)F)ccc3O)ccnc2c1O,LEISHMANIASIS,5.045757490560675,DNA topoisomerase,<rdkit.Chem.rdchem.Mol object at 0x0000021ACD969150>,[0 0 0 ... 0 0 0],c1ccc(-c2ccnc3ccccc23)cc1,362.307,4.290200000000003,3,4,82.45,2,True
CHEMBL4575770,N#Cc1ccc(CNC(=O)Nc2ncc([N+](=O)[O-])s2)cc1,LEISHMANIASIS,5.769551078621726,Cysteine protease,<rdkit.Chem.rdchem.Mol object at 0x0000021ACD9690E0>,[0 0 0 ... 0 0 0],O=C(NCc1ccccc1)Nc1nccs1,303.303,2.24468,2,6,120.95000000000002,4,True
CHEMBL4574173,O=C(CF)CNC(=O)[C@H](Cc1ccccc1)NC(=O)Cc1ccccc1,LEISHMANIASIS,5.730512163863391,Cysteine protease,<rdkit.Chem.rdchem.Mol object at 0x0000021ACD969070>,[0 1 0 ... 0 0 0],O=C(Cc1ccccc1)NCCc1ccccc1,356.3970000000001,1.6113999999999993,2,3,75.27000000000001,9,True
CHEMBL571546,O=C(Cc1ccc(-c2ccc(OCCN3CCOCC3)cc2)cn1)NCc1ccccc1,LEISHMANIASIS,4.522878745280337,DNA topoisomerase,<rdkit.Chem.rdchem.Mol object at 0x0000021ACD969000>,[0 0 0 ... 0 0 0],O=C(Cc1ccc(-c2ccc(OCCN3CCOCC3)cc2)cn1)NCc1ccccc1,431.5360000000001,3.318500000000001,1,5,63.69,9,True
CHEMBL4570064,O=C(CF)CNC(=O)[C@H](Cc1cccc(F)c1)NC(=O)OCc1ccccc1,LEISHMANIASIS,5.315377224127923,Cysteine protease,<rdkit.Chem.rdchem.Mol object at 0x0000021ACD968F90>,[0 1 0 ... 0 0 0],O=C(NCCc1ccccc1)OCc1ccccc1,390.38600000000014,2.3179999999999996,2,4,84.50000000000001,9,True
CHEMBL4570067,COc1ccc(-c2ccc3ncc(-c4nnco4)c(NCCCN4CCOCC4)c3c2)cc1OC,LEISHMANIASIS,5.0,DNA topoisomerase,<rdkit.Chem.rdchem.Mol object at 0x0000021ACD968F20>,[0 0 0 ... 0 0 0],c1ccc(-c2ccc3ncc(-c4nnco4)c(NCCCN4CCOCC4)c3c2)cc1,475.5490000000004,4.103200000000003,1,9,94.77000000000001,9,True
CHEMBL4642846,COc1ccc(S(=O)(=O)Nc2ccc3c(=O)cc(-c4ccccc4)oc3c2)cc1OC,LEISHMANIASIS,5.752026733638194,DNA topoisomerase,<rdkit.Chem.rdchem.Mol object at 0x0000021ACD968EB0>,[0 0 0 ... 0 0 0],O=c1cc(-c2ccccc2)oc2cc(NS(=O)(=O)c3ccccc3)ccc12,437.4730000000002,4.278000000000002,1,6,94.84,6,True
CHEMBL4578571,COc1cccc(C(=O)N[C@@H](Cc2ccccc2)C(=O)NCC(=O)CF)c1,LEISHMANIASIS,5.833498157622151,Cysteine protease,<rdkit.Chem.rdchem.Mol object at 0x0000021ACD968E40>,[0 1 0 ... 0 0 0],O=C(NCCc1ccccc1)c1ccccc1,372.39600000000013,1.6910999999999996,2,4,84.5,9,True
CHEMBL4578038,COc1ccc(C(=O)Cn2nnc(-c3ccccc3NC(=O)c3ccncc3)n2)cc1,LEISHMANIASIS,5.175874166083451,Cysteine protease,<rdkit.Chem.rdchem.Mol object at 0x0000021ACD968DD0>,[0 0 0 ... 0 0 0],O=C(Cn1nnc(-c2ccccc2NC(=O)c2ccncc2)n1)c1ccccc1,414.42500000000007,2.8789000000000007,1,8,111.89000000000001,7,True
CHEMBL4579885,O=C(NCc1ccc(Cl)cc1)Nc1ncc([N+](=O)[O-])s1,LEISHMANIASIS,5.585026652029182,Cysteine protease,<rdkit.Chem.rdchem.Mol object at 0x0000021ACD968D60>,[0 0 0 ... 0 0 0],O=C(NCc1ccccc1)Nc1nccs1,312.73800000000006,3.0264000000000015,2,5,97.16,4,True
CHEMBL4579064,O=C(CF)CNC(=O)[C@H](Cc1ccccc1)NC(=O)c1cnccn1,LEISHMANIASIS,6.011138197355576,Cysteine protease,<rdkit.Chem.rdchem.Mol object at 0x0000021ACD968CF0>,[0 1 0 ... 0 0 0],O=C(NCCc1ccccc1)c1cnccn1,344.34600000000006,0.4724999999999993,2,5,101.05000000000001,8,True
CHEMBL4579265,O=C(NCc1ccccc1Br)Nc1ncc([N+](=O)[O-])s1,LEISHMANIASIS,5.886056647693163,Cysteine protease,<rdkit.Chem.rdchem.Mol object at 0x0000021ACD968C80>,[0 0 0 ... 0 0 0],O=C(NCc1ccccc1)Nc1nccs1,357.1890000000001,3.1355000000000013,2,5,97.16,4,True
CHEMBL571444,CC(C)(C)Nc1nc(Nc2ccc3ncsc3c2)nc2[nH]cnc12,LEISHMANIASIS,5.769551078621726,DNA topoisomerase,<rdkit.Chem.rdchem.Mol object at 0x0000021ACD968C10>,[0 0 0 ... 0 0 0],c1nc2cnc(Nc3ccc4ncsc4c3)nc2[nH]1,339.42800000000005,3.9166000000000007,3,7,91.41000000000001,3,True
CHEMBL4643603,O=c1cc(-c2ccccc2)oc2cc(NS(=O)(=O)c3cccc(C(F)(F)F)c3)ccc12,LEISHMANIASIS,4.811071516239147,DNA topoisomerase,<rdkit.Chem.rdchem.Mol object at 0x0000021ACD968BA0>,[0 0 0 ... 0 0 0],O=c1cc(-c2ccccc2)oc2cc(NS(=O)(=O)c3ccccc3)ccc12,445.4180000000001,5.279600000000003,1,4,76.38,4,False
CHEMBL4580460,O=C(NCCCCl)Nc1ncc([N+](=O)[O-])s1,LEISHMANIASIS,5.1487416512809245,Cysteine protease,<rdkit.Chem.rdchem.Mol object at 0x0000021ACD968B30>,[0 0 0 ... 0 0 0],c1cscn1,264.694,1.8016999999999999,2,5,97.16,5,True
CHEMBL4583368,O=c1nc(NCC(O)CN2CCN(c3nc(F)cc4ccc(F)cc34)CC2)c2cc(F)ccc2o1,LEISHMANIASIS,7.198970004336019,DNA topoisomerase,<rdkit.Chem.rdchem.Mol object at 0x0000021ACD968AC0>,[0 1 0 ... 0 0 0],O=c1nc(NCCCN2CCN(c3nccc4ccccc34)CC2)c2ccccc2o1,485.4660000000002,2.7485,2,8,94.72999999999999,6,True
CHEMBL575801,CN(CCNC(=O)CCCCC(=O)NCCN(C)CCn1nc2c3c(cccc31)C(=O)c1c(Cl)cccc1-2)CCn1nc2c3c(cccc31)C(=O)c1c(Cl)cccc1-2,LEISHMANIASIS,4.318758762624412,DNA topoisomerase,<rdkit.Chem.rdchem.Mol object at 0x0000021ACD968A50>,[0 0 0 ... 0 0 0],O=C(CCCCC(=O)NCCNCCn1nc2c3c(cccc31)C(=O)c1ccccc1-2)NCCNCCn1nc2c3c(cccc31)C(=O)c1ccccc1-2,819.7939999999998,6.472200000000007,2,10,134.46000000000004,17,False
CHEMBL4583024,CN(C)c1ccc2ccnc(N3CCN(CCCNc4cc(=O)oc5ccccc45)CC3)c2c1,LEISHMANIASIS,5.0031496525898245,DNA topoisomerase,<rdkit.Chem.rdchem.Mol object at 0x0000021ACD9689E0>,[0 0 0 ... 0 0 0],O=c1cc(NCCCN2CCN(c3nccc4ccccc34)CC2)c2ccccc2o1,457.57800000000015,4.031400000000003,1,7,64.85000000000001,7,True
CHEMBL576982,CC(C)(C)c1cc(NC(=O)Nc2ccc(-c3cn4c(n3)sc3cc(OCCN5CCOCC5)ccc34)cc2)no1,LEISHMANIASIS,4.522878745280337,DNA topoisomerase,<rdkit.Chem.rdchem.Mol object at 0x0000021ACD968970>,[0 0 0 ... 0 0 0],O=C(Nc1ccc(-c2cn3c(n2)sc2cc(OCCN4CCOCC4)ccc23)cc1)Nc1ccon1,560.6800000000004,5.856500000000005,2,9,106.16000000000001,7,False
CHEMBL4584155,CC(=O)Nc1ccc2c(-c3ccoc3)ccnc2c1O,LEISHMANIASIS,5.619036080789735,DNA topoisomerase,<rdkit.Chem.rdchem.Mol object at 0x0000021ACD968900>,[0 0 0 ... 0 0 0],c1ccc2c(-c3ccoc3)ccnc2c1,268.272,3.1588000000000016,2,4,75.36,2,True
CHEMBL575610,CN(CCNC(=O)CCC(=O)NCCN(C)CCn1nc2c3c(cccc31)C(=O)c1c(Cl)cccc1-2)CCn1nc2c3c(cccc31)C(=O)c1c(Cl)cccc1-2,LEISHMANIASIS,5.154901959985743,DNA topoisomerase,<rdkit.Chem.rdchem.Mol object at 0x0000021ACD968890>,[0 0 0 ... 0 0 0],O=C(CCC(=O)NCCNCCn1nc2c3c(cccc31)C(=O)c1ccccc1-2)NCCNCCn1nc2c3c(cccc31)C(=O)c1ccccc1-2,791.7399999999998,5.6920000000000055,2,10,134.46000000000004,15,False
CHEMBL575795,CN(CCNC(=O)CC(=O)NCCN(C)CCn1nc2c3c(cccc31)C(=O)c1c(Cl)cccc1-2)CCn1nc2c3c(cccc31)C(=O)c1c(Cl)cccc1-2,LEISHMANIASIS,4.376750709602099,DNA topoisomerase,<rdkit.Chem.rdchem.Mol object at 0x0000021ACD968820>,[0 0 0 ... 0 0 0],O=C(CC(=O)NCCNCCn1nc2c3c(cccc31)C(=O)c1ccccc1-2)NCCNCCn1nc2c3c(cccc31)C(=O)c1ccccc1-2,777.7129999999999,5.301900000000005,2,10,134.46000000000004,14,False
CHEMBL572878,Cc1cc(Nc2cc(N3CCN(C)CC3)nc(Sc3ccc(NC(=O)C4CC4)cc3)n2)n[nH]1,LEISHMANIASIS,4.522878745280337,DNA topoisomerase,<rdkit.Chem.rdchem.Mol object at 0x0000021ACD9687B0>,[0 0 0 ... 0 0 0],O=C(Nc1ccc(Sc2nc(Nc3cc[nH]n3)cc(N3CCNCC3)n2)cc1)C1CC1,464.59900000000016,3.5032200000000016,3,8,102.07,7,True
CHEMBL572881,CC1(C)CNc2cc(NC(=O)c3cccnc3NCc3ccncc3)ccc21,LEISHMANIASIS,4.522878745280337,DNA topoisomerase,<rdkit.Chem.rdchem.Mol object at 0x0000021ACD968740>,[0 0 0 ... 0 0 0],O=C(Nc1ccc2c(c1)NCC2)c1cccnc1NCc1ccncc1,373.4600000000001,4.044100000000002,3,5,78.94,5,True
CHEMBL575448,C[C@@]1(C(=O)Nc2ccc(F)nc2)CCCN1c1nc(Nc2cc(C3CC3)n[nH]2)c2cccn2n1,LEISHMANIASIS,4.522878745280337,DNA topoisomerase,<rdkit.Chem.rdchem.Mol object at 0x0000021ACD9686D0>,[0 0 0 ... 0 0 0],O=C(Nc1cccnc1)C1CCCN1c1nc(Nc2cc(C3CC3)n[nH]2)c2cccn2n1,461.5050000000001,3.605100000000001,3,8,116.13000000000001,6,True
CHEMBL4586039,CSc1ccc(C(O)c2cc(O)c3c(c2O)C(=O)c2ccccc2C3=O)cc1,LEISHMANIASIS,4.301029995663981,DNA topoisomerase,<rdkit.Chem.rdchem.Mol object at 0x0000021ACD968660>,[0 1 0 ... 0 0 0],O=C1c2ccccc2C(=O)c2cc(Cc3ccccc3)ccc21,392.4320000000001,3.6768000000000036,3,6,94.82999999999998,3,True
CHEMBL573581,CN(CCN=[N+]=[N-])CCn1nc2c3c(cccc31)C(=O)c1c(Cl)cccc1-2,LEISHMANIASIS,4.6020599913279625,DNA topoisomerase,<rdkit.Chem.rdchem.Mol object at 0x0000021ACD9685F0>,[0 0 0 ... 0 0 0],O=C1c2ccccc2-c2n[nH]c3cccc1c23,380.8390000000001,4.143200000000003,0,5,86.88999999999999,6,True
CHEMBL4586459,O=C(/C=C1/Nc2cc(Cl)c(Cl)cc2NC1=O)N/N=C/c1ccccc1O,LEISHMANIASIS,3.5016894462104,Cysteine protease,<rdkit.Chem.rdchem.Mol object at 0x0000021ACD968580>,[0 0 0 ... 0 0 0],O=C(C=C1Nc2ccccc2NC1=O)NN=Cc1ccccc1,391.21400000000006,3.0972000000000013,4,5,102.82000000000001,3,True
CHEMBL571948,C[C@@H](N)c1ccc(C(=O)Nc2ccnc3[nH]ccc23)cc1,LEISHMANIASIS,4.522878745280337,DNA topoisomerase,<rdkit.Chem.rdchem.Mol object at 0x0000021ACD968510>,[0 1 0 ... 0 0 0],O=C(Nc1ccnc2[nH]ccc12)c1ccccc1,280.331,2.834900000000001,3,3,83.80000000000001,3,True
CHEMBL575641,CN(CCNC(=O)CCCC(=O)NCCN(C)CCn1nc2c3c(cccc31)C(=O)c1c(Cl)cccc1-2)CCn1nc2c3c(cccc31)C(=O)c1c(Cl)cccc1-2,LEISHMANIASIS,4.6020599913279625,DNA topoisomerase,<rdkit.Chem.rdchem.Mol object at 0x0000021ACD9684A0>,[0 0 0 ... 0 0 0],O=C(CCCC(=O)NCCNCCn1nc2c3c(cccc31)C(=O)c1ccccc1-2)NCCNCCn1nc2c3c(cccc31)C(=O)c1ccccc1-2,805.7669999999997,6.082100000000006,2,10,134.46000000000004,16,False
CHEMBL573552,CN(CCN)CCn1nc2c3c(cccc31)C(=O)c1c(Cl)cccc1-2,LEISHMANIASIS,4.7447274948966935,DNA topoisomerase,<rdkit.Chem.rdchem.Mol object at 0x0000021ACD968430>,[0 0 0 ... 0 0 0],O=C1c2ccccc2-c2n[nH]c3cccc1c23,354.84100000000007,2.7916000000000007,1,5,64.15,5,True
CHEMBL575645,CN(CCNC(=O)CCCCCC(=O)NCCN(C)CCn1nc2c3c(cccc31)C(=O)c1c(Cl)cccc1-2)CCn1nc2c3c(cccc31)C(=O)c1c(Cl)cccc1-2,LEISHMANIASIS,4.657577319177793,DNA topoisomerase,<rdkit.Chem.rdchem.Mol object at 0x0000021ACD9683C0>,[0 0 0 ... 0 0 0],O=C(CCCCCC(=O)NCCNCCn1nc2c3c(cccc31)C(=O)c1ccccc1-2)NCCNCCn1nc2c3c(cccc31)C(=O)c1ccccc1-2,833.8209999999998,6.862300000000008,2,10,134.46000000000004,18,False
CHEMBL4586825,COc1ccc(-c2ccc3ncc(-c4nnco4)c(NCCCn4ccnc4)c3c2)c(OC)c1,LEISHMANIASIS,5.0,DNA topoisomerase,<rdkit.Chem.rdchem.Mol object at 0x0000021ACD968350>,[0 0 0 ... 0 0 0],c1ccc(-c2ccc3ncc(-c4nnco4)c(NCCCn4ccnc4)c3c2)cc1,456.5060000000002,4.667700000000003,1,9,100.12,9,True
CHEMBL4588268,NC[C@@H]1CCN(c2cc3c(cc2F)c(=O)c(C(=O)O)cn3Cc2ccc(-c3ccc(F)cc3)cc2)C1,LEISHMANIASIS,4.157390760389438,DNA topoisomerase,<rdkit.Chem.rdchem.Mol object at 0x0000021ACD9682E0>,[0 0 0 ... 0 0 0],O=c1ccn(Cc2ccc(-c3ccccc3)cc2)c2cc(N3CCCC3)ccc12,489.52200000000016,4.478200000000004,2,5,88.56,6,True
CHEMBL4590201,O=C(CF)CNC(=O)[C@H](Cc1ccccc1)NC(=O)c1ccccc1,LEISHMANIASIS,5.753640753176128,Cysteine protease,<rdkit.Chem.rdchem.Mol object at 0x0000021ACD968270>,[0 1 0 ... 0 0 0],O=C(NCCc1ccccc1)c1ccccc1,342.37000000000006,1.6824999999999994,2,3,75.27000000000001,8,True
CHEMBL4585353,c1ccc(-c2ccc3ncc(-c4nnco4)c(NCCCn4ccnc4)c3c2)cc1,LEISHMANIASIS,5.0,DNA topoisomerase,<rdkit.Chem.rdchem.Mol object at 0x0000021ACD968200>,[0 0 0 ... 0 0 0],c1ccc(-c2ccc3ncc(-c4nnco4)c(NCCCn4ccnc4)c3c2)cc1,396.4540000000001,4.650500000000002,1,7,81.66000000000001,7,True
CHEMBL4590533,O=c1nc(SCc2cccc(O)c2)nc(SCc2cccc(Cl)c2)[nH]1,LEISHMANIASIS,4.343901797987168,DNA topoisomerase,<rdkit.Chem.rdchem.Mol object at 0x0000021ACD968190>,[0 0 0 ... 0 0 0],O=c1nc(SCc2ccccc2)nc(SCc2ccccc2)[nH]1,391.9050000000001,4.108500000000002,2,6,78.87,6,True
CHEMBL4588146,O=C(CF)CNC(=O)[C@H](Cc1ccccc1)NC(=O)c1cccc(Cl)c1,LEISHMANIASIS,5.9459374526307,Cysteine protease,<rdkit.Chem.rdchem.Mol object at 0x0000021ACD968120>,[0 1 0 ... 0 0 0],O=C(NCCc1ccccc1)c1ccccc1,376.81500000000005,2.3358999999999996,2,3,75.27000000000001,8,True
CHEMBL583073,COc1ccccc1CNCCCN1C(=O)c2ccc3c4c(ccc(c24)C1=O)C(=O)N(CCCNCc1ccccc1OC)C3=O,LEISHMANIASIS,5.221848749616356,DNA topoisomerase,<rdkit.Chem.rdchem.Mol object at 0x0000021ACD9680B0>,[0 0 0 ... 0 0 0],O=C1c2ccc3c4c(ccc(c24)C(=O)N1CCCNCc1ccccc1)C(=O)N(CCCNCc1ccccc1)C3=O,620.7060000000004,4.408800000000004,2,8,117.28,14,False
CHEMBL4591085,N#Cc1cc2ccccc2c(N2CCN(CCCNc3cc(=O)oc4ccccc34)CC2)n1,LEISHMANIASIS,4.70446769648675,DNA topoisomerase,<rdkit.Chem.rdchem.Mol object at 0x0000021ACD968040>,[0 0 0 ... 0 0 0],O=c1cc(NCCCN2CCN(c3nccc4ccccc34)CC2)c2ccccc2o1,439.5190000000002,3.837080000000002,1,7,85.4,6,True
CHEMBL4591629,O=c1nc(SCc2ccc(CO)cc2)nc(SCc2ccccc2F)[nH]1,LEISHMANIASIS,3.8052082422780753,DNA topoisomerase,<rdkit.Chem.rdchem.Mol object at 0x0000021ACD967F40>,[0 0 0 ... 0 0 0],O=c1nc(SCc2ccccc2)nc(SCc2ccccc2)[nH]1,389.4770000000001,3.3809000000000013,2,6,78.87,7,True
CHEMBL4589870,O=c1nc(SCc2c(F)cccc2F)nc(SCc2cccc(Cl)c2)[nH]1,LEISHMANIASIS,3.7809396675511375,DNA topoisomerase,<rdkit.Chem.rdchem.Mol object at 0x0000021ACD967ED0>,[0 0 0 ... 0 0 0],O=c1nc(SCc2ccccc2)nc(SCc2ccccc2)[nH]1,411.8860000000001,4.681100000000003,1,5,58.64,6,True
CHEMBL4591521,COc1cc(CCNC(=O)c2c(O)n(-c3ccccc3)c(=S)n(-c3ccccc3)c2=O)cc(OC)c1O,LEISHMANIASIS,4.128427064454121,DNA topoisomerase,<rdkit.Chem.rdchem.Mol object at 0x0000021ACD967E60>,[0 0 0 ... 0 0 0],O=C(NCCc1ccccc1)c1cn(-c2ccccc2)c(=S)n(-c2ccccc2)c1=O,519.5790000000003,3.758590000000002,3,9,114.95000000000002,8,False
CHEMBL1812137,O=C1C=C2OCC(O)(Cc3ccccc3)c3cccc(c32)C1=O,LEISHMANIASIS,5.311580177997289,DNA topoisomerase,<rdkit.Chem.rdchem.Mol object at 0x0000021ACD967DF0>,[0 0 0 ... 0 0 0],O=C1C=C2OCC(Cc3ccccc3)c3cccc(c32)C1=O,306.3170000000001,2.2534,1,4,63.6,2,True
CHEMBL579300,O=c1cc(NC2CCN(CCCc3ccccc3)CC2)c2cc(Cl)ccc2o1,LEISHMANIASIS,4.693608071640132,DNA topoisomerase,<rdkit.Chem.rdchem.Mol object at 0x0000021ACD967D80>,[0 0 0 ... 0 0 0],O=c1cc(NC2CCN(CCCc3ccccc3)CC2)c2ccccc2o1,396.9180000000002,4.955500000000005,1,4,45.480000000000004,6,True
CHEMBL4592322,O=C(NCc1ccc(C(F)(F)F)cc1)Nc1ncc([N+](=O)[O-])s1,LEISHMANIASIS,6.055517327849832,Cysteine protease,<rdkit.Chem.rdchem.Mol object at 0x0000021ACD967D10>,[0 0 0 ... 0 0 0],O=C(NCc1ccccc1)Nc1nccs1,346.2900000000001,3.391800000000001,2,5,97.16,4,True
CHEMBL583152,CC(C)=CCC[C@](C)(O[C@@H]1O[C@H](CO[C@H]2O[C@H](CO)[C@@H](O)[C@@H]2O)[C@@H](O)[C@H](O)[C@H]1O)[C@H]1CC[C@]2(C)[C@@H]1[C@H](O)C[C@@H]1[C@@]3(C)CC[C@H](O)C(C)(C)[C@@H]3[C@@H](O)C[C@]12C,LEISHMANIASIS,3.6020599913279625,DNA topoisomerase,<rdkit.Chem.rdchem.Mol object at 0x0000021ACD967CA0>,[0 0 0 ... 0 0 0],C1COC(OCC2CCCC(OCC3CCC4C3CCC3C5CCCCC5CCC34)O2)C1,770.9979999999999,1.7589000000000021,9,13,218.98999999999998,10,False
CHEMBL1812139,CC1COC2=CC(=O)C(=O)c3cccc1c32,LEISHMANIASIS,5.72584215073632,DNA topoisomerase,<rdkit.Chem.rdchem.Mol object at 0x0000021ACD967C30>,[0 0 0 ... 0 0 0],O=C1C=C2OCCc3cccc(c32)C1=O,214.21999999999997,1.9266,0,3,43.370000000000005,0,True
CHEMBL579923,COc1cccc(C(=O)NCc2nnc(S)n2-c2ccc(Cl)c(Cl)c2)c1,LEISHMANIASIS,3.0,DNA topoisomerase,<rdkit.Chem.rdchem.Mol object at 0x0000021ACD967BC0>,[0 1 0 ... 0 0 0],O=C(NCc1nncn1-c1ccccc1)c1ccccc1,409.2980000000001,3.801400000000002,2,6,69.03999999999999,5,True
CHEMBL4593714,O=C1c2ccccc2C(=O)c2c(O)c(C(c3ccc(OC(F)(F)F)cc3)N(CCCl)CCCl)cc(O)c21,LEISHMANIASIS,4.3347931133254045,DNA topoisomerase,<rdkit.Chem.rdchem.Mol object at 0x0000021ACD967B50>,[0 1 0 ... 0 0 0],O=C1c2ccccc2C(=O)c2cc(Cc3ccccc3)ccc21,554.3480000000002,5.640800000000004,2,6,87.07000000000001,8,False
CHEMBL4594166,COC1=CC(=O)N(C(=O)/C=C/[C@H](C)NC(=O)[C@H](CCc2ccccc2)NC(=O)[C@H](CC2CCCCC2)NC(=O)[C@H](C(C)C)N(C)C)[C@H]1Cc1c[nH]c2ccccc12.O=C(O)C(F)(F)F,LEISHMANIASIS,5.056109951751528,Cysteine protease,<rdkit.Chem.rdchem.Mol object at 0x0000021ACD967AE0>,[0 1 1 ... 0 0 0],O=C(CCC1CCCCC1)NC(CCc1ccccc1)C(=O)NCC=CC(=O)N1C(=O)C=CC1Cc1c[nH]c2ccccc12,895.0330000000002,5.831300000000004,5,8,190.23999999999998,18,False
CHEMBL1812144,C=CCC1=COC2=C(Cl)C(=O)C(=O)c3cccc1c32,LEISHMANIASIS,5.812479279163537,DNA topoisomerase,<rdkit.Chem.rdchem.Mol object at 0x0000021ACD967A70>,[0 0 0 ... 0 0 0],O=C1C=C2OC=Cc3cccc(c32)C1=O,272.687,3.3066000000000013,0,3,43.370000000000005,2,True
CHEMBL4646055,CN1CCCc2cc(CCNC(=O)C(=O)Nc3ccc4c(c3)OCO4)ccc21,LEISHMANIASIS,5.000869458712629,Cysteine protease,<rdkit.Chem.rdchem.Mol object at 0x0000021ACD967A00>,[0 0 0 ... 0 0 0],O=C(NCCc1ccc2c(c1)CCCN2)C(=O)Nc1ccc2c(c1)OCO2,381.4320000000002,2.0950999999999995,2,5,79.9,4,True
CHEMBL4594129,O=C(N[C@@H](Cc1ccccc1)C(=O)NCC(O)CF)OCc1ccccc1,LEISHMANIASIS,3.84948500216801,Cysteine protease,<rdkit.Chem.rdchem.Mol object at 0x0000021ACD967990>,[0 1 0 ... 0 0 0],O=C(NCCc1ccccc1)OCc1ccccc1,374.4120000000001,1.9706999999999997,3,4,87.66000000000001,9,True
CHEMBL1801896,Clc1ccc2c(c1)Nc1ccccc1O2,LEISHMANIASIS,4.1598939055432425,Trypanothione reductase,<rdkit.Chem.rdchem.Mol object at 0x0000021ACD967920>,[0 0 0 ... 0 0 0],c1ccc2c(c1)Nc1ccccc1O2,217.655,4.189300000000002,1,2,21.259999999999998,0,True
CHEMBL4647427,O=c1cc(-c2ccccc2)oc2cc(NS(=O)(=O)c3ccc([N+](=O)[O-])c(C(F)(F)F)c3)ccc12,LEISHMANIASIS,4.917573699139228,DNA topoisomerase,<rdkit.Chem.rdchem.Mol object at 0x0000021ACD9678B0>,[0 0 0 ... 0 0 0],O=c1cc(-c2ccccc2)oc2cc(NS(=O)(=O)c3ccccc3)ccc12,490.4150000000002,5.187800000000003,1,6,119.52000000000001,5,False
CHEMBL1801204,COc1ccc(-c2ccc3c(N4CCOC[C@@H]4C)nc(N4CCOC[C@@H]4C)nc3n2)cc1CO,LEISHMANIASIS,4.522878745280337,DNA topoisomerase,<rdkit.Chem.rdchem.Mol object at 0x0000021ACD967840>,[0 0 0 ... 0 0 0],c1ccc(-c2ccc3c(N4CCOCC4)nc(N4CCOCC4)nc3n2)cc1,465.55400000000026,2.6429000000000014,1,9,93.07000000000001,5,True
CHEMBL587723,CCN1CCN(Cc2ccc(-c3cc4c(N[C@H](C)c5ccccc5)ncnc4[nH]3)cc2)CC1,LEISHMANIASIS,4.522878745280337,DNA topoisomerase,<rdkit.Chem.rdchem.Mol object at 0x0000021ACD9677D0>,[0 1 0 ... 0 0 0],c1ccc(CNc2ncnc3[nH]c(-c4ccc(CN5CCNCC5)cc4)cc23)cc1,440.59500000000014,4.935500000000003,2,5,60.08,7,True
CHEMBL4740882,CNc1cc(F)cc2c(O)c(C(=O)Nc3ccc(C(=O)NS(=O)(=O)N(C)C)cc3)c(=O)[nH]c12,LEISHMANIASIS,4.679853713888946,DNA topoisomerase,<rdkit.Chem.rdchem.Mol object at 0x0000021ACD967760>,[0 0 0 ... 0 0 0],O=C(Nc1ccccc1)c1cc2ccccc2[nH]c1=O,477.4740000000002,1.2029999999999998,5,7,160.7,6,True
CHEMBL4744156,CNc1cc(F)cc2c(O)c(C(=O)Nc3ccc(C(=O)O)cc3)c(=O)[nH]c12,LEISHMANIASIS,4.0,DNA topoisomerase,<rdkit.Chem.rdchem.Mol object at 0x0000021ACD9676F0>,[0 0 0 ... 0 0 0],O=C(Nc1ccccc1)c1cc2ccccc2[nH]c1=O,371.3240000000001,2.3649999999999993,5,5,131.52,4,True
CHEMBL4745205,CN(C)CCNc1cccc2c1C(=O)c1nc3ccccc3c(=O)n1-2,LEISHMANIASIS,4.575118363368933,DNA topoisomerase,<rdkit.Chem.rdchem.Mol object at 0x0000021ACD967680>,[0 0 0 ... 0 0 0],O=C1c2ccccc2-n2c1nc1ccccc1c2=O,334.3790000000001,1.9036,1,6,67.23,4,True
CHEMBL4746140,CCOC(=O)CCCNc1c2ccccc2nc2ccccc12,LEISHMANIASIS,4.853871964321762,DNA topoisomerase,<rdkit.Chem.rdchem.Mol object at 0x0000021ACD967610>,[0 0 0 ... 0 0 0],c1ccc2nc3ccccc3cc2c1,308.38100000000003,4.143200000000003,1,4,51.22,6,True
CHEMBL592445,CN(C)C1CCN(C(=O)c2ccc(NC(=O)Nc3ccc(-c4nc(N5CCOCC5)nc(N5CCOCC5)n4)cc3)cc2)CC1,LEISHMANIASIS,4.522878745280337,DNA topoisomerase,<rdkit.Chem.rdchem.Mol object at 0x0000021ACD9675A0>,[0 0 0 ... 0 0 0],O=C(Nc1ccc(C(=O)N2CCCCC2)cc1)Nc1ccc(-c2nc(N3CCOCC3)nc(N3CCOCC3)n2)cc1,615.7390000000003,3.022000000000001,2,10,128.29,7,False
CHEMBL4747945,CN1CCN(c2ccc3c(c2)-n2c(nc4ccccc4c2=O)C3=O)CC1,LEISHMANIASIS,3.8616973018337184,DNA topoisomerase,<rdkit.Chem.rdchem.Mol object at 0x0000021ACD967530>,[0 0 0 ... 0 0 0],O=C1c2ccc(N3CCNCC3)cc2-n2c1nc1ccccc1c2=O,346.3900000000002,1.6819,0,6,58.440000000000005,1,True
CHEMBL4748752,CCOC(=O)CCNc1c2ccccc2nc2ccccc12,LEISHMANIASIS,4.886056647693163,DNA topoisomerase,<rdkit.Chem.rdchem.Mol object at 0x0000021ACD9674C0>,[0 0 0 ... 0 0 0],c1ccc2nc3ccccc3cc2c1,294.35400000000004,3.7531000000000025,1,4,51.22,5,True
CHEMBL4749636,NC1CCc2nc(-c3cccnc3)nc(Nc3cccc(F)c3)c2C1,LEISHMANIASIS,3.6989700043360183,DNA topoisomerase,<rdkit.Chem.rdchem.Mol object at 0x0000021ACD967450>,[0 0 0 ... 0 0 0],c1ccc(Nc2nc(-c3cccnc3)nc3c2CCCC3)cc1,335.38600000000014,3.237300000000001,2,5,76.72,3,True
CHEMBL4750336,NC1CCc2nc(-c3ccncc3)nc(Nc3ccc(F)cc3)c2C1,LEISHMANIASIS,3.657577319177794,DNA topoisomerase,<rdkit.Chem.rdchem.Mol object at 0x0000021ACD9673E0>,[0 0 0 ... 0 0 0],c1ccc(Nc2nc(-c3ccncc3)nc3c2CCCC3)cc1,335.38600000000014,3.237300000000001,2,5,76.72,3,True
CHEMBL4751362,Cc1cc(NC2=NC(=O)/C(=C\c3c4ccccc4cc4ccccc34)S2)no1,LEISHMANIASIS,6.886056647693163,DNA topoisomerase,<rdkit.Chem.rdchem.Mol object at 0x0000021ACD967370>,[0 0 0 ... 0 0 0],O=C1N=C(Nc2ccon2)SC1=Cc1c2ccccc2cc2ccccc12,385.4480000000001,5.371820000000003,1,5,67.49000000000001,2,False
CHEMBL592862,COc1cc([C@@H]2c3cc4c(cc3[C@@H](NC(=O)c3ccc(C5(C(F)(F)F)N=N5)cc3)[C@H]3COC(=O)[C@H]23)OCO4)cc(OC)c1O,LEISHMANIASIS,3.9430951486635273,DNA topoisomerase,<rdkit.Chem.rdchem.Mol object at 0x0000021ACD967300>,[0 0 0 ... 0 0 0],O=C(NC1c2cc3c(cc2C(c2ccccc2)C2C(=O)OCC12)OCO3)c1ccc(C2N=N2)cc1,611.5290000000002,4.7248000000000046,2,10,137.27,6,False
CHEMBL598797,C#Cc1cccc(Nc2ncnc3cc(OC)c(OCCCCCCC(=O)NO)cc23)c1,LEISHMANIASIS,4.522878745280337,DNA topoisomerase,<rdkit.Chem.rdchem.Mol object at 0x0000021ACD967290>,[0 0 0 ... 0 0 0],c1ccc(Nc2ncnc3ccccc23)cc1,434.4960000000003,4.198000000000002,3,7,105.60000000000001,11,True
CHEMBL4752699,CCCOC(=O)CCCNc1c2ccccc2nc2ccccc12,LEISHMANIASIS,4.795880017344075,DNA topoisomerase,<rdkit.Chem.rdchem.Mol object at 0x0000021ACD967220>,[0 0 0 ... 0 0 0],c1ccc2nc3ccccc3cc2c1,322.4080000000001,4.533300000000003,1,4,51.22,7,True
CHEMBL4753823,c1ccc2c(c1)ncc1cc3c(cc12)[nH]c1ccccc13,LEISHMANIASIS,4.631508570584189,DNA topoisomerase,<rdkit.Chem.rdchem.Mol object at 0x0000021ACD9671B0>,[0 0 0 ... 0 0 0],c1ccc2c(c1)ncc1cc3c(cc12)[nH]c1ccccc13,268.319,5.022500000000003,1,1,28.68,0,False
CHEMBL4753427,N[C@H]1CCc2nc(-c3ccncc3)nc(Nc3cccc(F)c3)c2C1,LEISHMANIASIS,3.795880017344075,DNA topoisomerase,<rdkit.Chem.rdchem.Mol object at 0x0000021ACD967140>,[0 0 0 ... 0 0 0],c1ccc(Nc2nc(-c3ccncc3)nc3c2CCCC3)cc1,335.38600000000014,3.237300000000001,2,5,76.72,3,True
CHEMBL4755340,CNc1cc(F)cc2cc(C(=O)Nc3ccc(CO)cc3CN(CCO)C3CCCCC3)c(=O)[nH]c12,LEISHMANIASIS,4.0,DNA topoisomerase,<rdkit.Chem.rdchem.Mol object at 0x0000021ACD9670D0>,[0 0 1 ... 0 0 0],O=C(Nc1ccccc1CNC1CCCCC1)c1cc2ccccc2[nH]c1=O,496.5830000000004,3.5805000000000016,5,6,117.69,9,True
CHEMBL602365,Cc1nc(NC(=N)N)nc2ccccc12,LEISHMANIASIS,4.0,Trypanothione reductase,<rdkit.Chem.rdchem.Mol object at 0x0000021ACD967060>,[0 0 0 ... 0 0 0],c1ccc2ncncc2c1,201.23300000000003,1.2435899999999998,3,3,87.68,1,True
CHEMBL4755007,COc1cc(-c2csc3nc4ccc(N)cc4n23)cc(OC)c1OC,LEISHMANIASIS,3.832682665251824,DNA topoisomerase,<rdkit.Chem.rdchem.Mol object at 0x0000021ACD966FF0>,[0 0 0 ... 0 0 0],c1ccc(-c2csc3nc4ccccc4n23)cc1,355.41900000000015,3.8240000000000025,1,7,71.01,4,True
CHEMBL601719,C[C@@H](Oc1cc(-c2cnn(C3CCNCC3)c2)cnc1N)c1c(Cl)ccc(F)c1Cl,LEISHMANIASIS,4.522878745280337,DNA topoisomerase,<rdkit.Chem.rdchem.Mol object at 0x0000021ACD966F80>,[0 1 0 ... 0 0 0],c1ccc(COc2cncc(-c3cnn(C4CCNCC4)c3)c2)cc1,450.34500000000014,5.037700000000004,2,6,77.99,5,False
CHEMBL1813808,CC[C@@]1(O)C(=O)OCc2c1cc1n(c2=O)Cc2c-1nc1ccccc1c2/C=N/c1ccccc1C,LEISHMANIASIS,9.52870828894106,DNA topoisomerase,<rdkit.Chem.rdchem.Mol object at 0x0000021ACD966F10>,[0 0 0 ... 0 0 0],O=C1Cc2cc3n(c(=O)c2CO1)Cc1c-3nc2ccccc2c1C=Nc1ccccc1,465.5090000000001,4.138620000000003,1,7,93.78,3,True
CHEMBL1813809,CC[C@@]1(O)C(=O)OCc2c1cc1n(c2=O)Cc2c-1nc1ccccc1c2/C=N\OCCCO,LEISHMANIASIS,8.576754126063193,DNA topoisomerase,<rdkit.Chem.rdchem.Mol object at 0x0000021ACD966EA0>,[0 0 0 ... 0 0 0],O=C1Cc2cc3n(c(=O)c2CO1)Cc1cc2ccccc2nc1-3,449.4630000000002,1.8125,2,9,123.24000000000001,6,True
CHEMBL603469,C[C@]12O[C@H](C[C@]1(O)CO)n1c3ccccc3c3c4c(c5c6ccccc6n2c5c31)CNC4=O,LEISHMANIASIS,4.522878745280337,DNA topoisomerase,<rdkit.Chem.rdchem.Mol object at 0x0000021ACD966E30>,[0 0 0 ... 0 0 0],O=C1NCc2c1c1c3ccccc3n3c1c1c2c2ccccc2n1C1CCC3O1,439.47100000000023,3.474400000000002,3,6,88.65,1,True
CHEMBL599883,COc1nncc(-c2cnnc(SC)n2)n1,LEISHMANIASIS,4.568636235841013,Trypanothione reductase,<rdkit.Chem.rdchem.Mol object at 0x0000021ACD966DC0>,[0 0 0 ... 0 0 0],c1nncc(-c2cnncn2)n1,236.26,0.45409999999999984,0,8,86.57000000000001,3,True
CHEMBL4756707,CN1CCN(c2cccc3c2C(=O)c2nc4ccccc4c(=O)n2-3)CC1,LEISHMANIASIS,3.9430951486635273,DNA topoisomerase,<rdkit.Chem.rdchem.Mol object at 0x0000021ACD966D50>,[0 0 0 ... 0 0 0],O=C1c2c(N3CCNCC3)cccc2-n2c1nc1ccccc1c2=O,346.3900000000001,1.6819,0,6,58.44,1,True
CHEMBL4756086,COc1cc(/C=c2\sc3nc4ccc(NC(C)=O)cc4n3c2=O)cc(OC)c1OC,LEISHMANIASIS,4.6777807052660805,DNA topoisomerase,<rdkit.Chem.rdchem.Mol object at 0x0000021ACD966CE0>,[0 0 0 ... 0 0 0],O=c1c(=Cc2ccccc2)sc2nc3ccccc3n12,425.46600000000024,2.4411000000000005,1,8,91.16,5,True
CHEMBL4758336,CNc1cc(F)cc2cc(C(=O)Nc3ccc(C(=O)O)cc3CN(CCO)C3CCCCC3)c(=O)[nH]c12.Cl,LEISHMANIASIS,4.0,DNA topoisomerase,<rdkit.Chem.rdchem.Mol object at 0x0000021ACD966C70>,[0 0 1 ... 0 0 0],O=C(Nc1ccccc1CNC1CCCCC1)c1cc2ccccc2[nH]c1=O,547.0270000000005,4.208200000000003,5,6,134.76,9,False
CHEMBL602126,CCC1=Nc2cc(C(=O)NCc3ccco3)ccc2Sc2ccc(Cl)cc21,LEISHMANIASIS,4.096910013008056,Cysteine protease,<rdkit.Chem.rdchem.Mol object at 0x0000021ACD966C00>,[0 0 0 ... 0 0 0],O=C(NCc1ccco1)c1ccc2c(c1)N=Cc1ccccc1S2,396.89900000000006,5.858400000000004,1,4,54.6,4,False
CHEMBL4757169,COc1cc(/C=c2\sc3nc4ccc([N+](=O)[O-])cc4n3c2=O)cc(OC)c1OC,LEISHMANIASIS,4.229147988357856,DNA topoisomerase,<rdkit.Chem.rdchem.Mol object at 0x0000021ACD966B90>,[0 0 0 ... 0 0 0],O=c1c(=Cc2ccccc2)sc2nc3ccccc3n12,413.41100000000023,2.3909000000000002,0,9,105.20000000000002,5,True
CHEMBL4757772,COc1cc(/C=C(\C#N)c2nc3cc([N+](=O)[O-])ccc3[nH]2)ccc1O,LEISHMANIASIS,3.774690718274137,DNA topoisomerase,<rdkit.Chem.rdchem.Mol object at 0x0000021ACD966B20>,[0 0 0 ... 0 0 0],C(=Cc1nc2ccccc2[nH]1)c1ccccc1,336.307,3.2494800000000015,2,6,125.07000000000001,4,True
CHEMBL4758564,COc1cc(/C=C(\C#N)c2nc3cc([N+](=O)[O-])ccc3[nH]2)cc(OC)c1OC,LEISHMANIASIS,3.9430951486635273,DNA topoisomerase,<rdkit.Chem.rdchem.Mol object at 0x0000021ACD966AB0>,[0 0 0 ... 0 0 0],C(=Cc1nc2ccccc2[nH]1)c1ccccc1,380.3600000000001,3.5610800000000022,1,7,123.30000000000001,6,True
CHEMBL601757,Cc1nc2c(=O)n(C)c(=O)nc-2n(C)n1,LEISHMANIASIS,5.428291168191312,Cysteine protease,<rdkit.Chem.rdchem.Mol object at 0x0000021ACD966A40>,[0 0 0 ... 0 0 0],O=c1nc2[nH]ncnc-2c(=O)[nH]1,207.19299999999998,-1.3177800000000004,0,7,82.67,0,True
CHEMBL4758733,CN(C)c1ccc(Nc2nc(-c3ccncc3)nc3c2CC(N)CC3)cc1,LEISHMANIASIS,5.698970004336019,DNA topoisomerase,<rdkit.Chem.rdchem.Mol object at 0x0000021ACD9669D0>,[0 0 0 ... 0 0 0],c1ccc(Nc2nc(-c3ccncc3)nc3c2CCCC3)cc1,360.46500000000015,3.164200000000001,2,6,79.96,4,True
CHEMBL259084,O=C(O)c1ccc(Nc2ncc3c(n2)-c2ccc(Cl)cc2C(c2c(F)cccc2F)=NC3)cc1,LEISHMANIASIS,4.522878745280337,DNA topoisomerase,<rdkit.Chem.rdchem.Mol object at 0x0000021ACD966960>,[0 0 0 ... 0 0 0],c1ccc(Nc2ncc3c(n2)-c2ccccc2C(c2ccccc2)=NC3)cc1,476.8700000000002,5.868000000000003,2,5,87.47,4,False
CHEMBL1078779,Cc1nc(-c2cnccn2)sc1C(=O)N[C@H](/C=C/S(=O)(=O)c1ccccc1)CCc1ccccc1,LEISHMANIASIS,4.0,Cysteine protease,<rdkit.Chem.rdchem.Mol object at 0x0000021ACD9668F0>,[0 1 0 ... 0 0 0],O=C(NC(C=CS(=O)(=O)c1ccccc1)CCc1ccccc1)c1cnc(-c2cnccn2)s1,504.6370000000002,4.627320000000004,1,7,101.91,9,False
CHEMBL384304,COc1ccc(F)c(F)c1C(=O)c1cnc(NC2CCN(S(C)(=O)=O)CC2)nc1N,LEISHMANIASIS,4.522878745280337,DNA topoisomerase,<rdkit.Chem.rdchem.Mol object at 0x0000021ACD966880>,[0 0 0 ... 0 0 0],O=C(c1ccccc1)c1cnc(NC2CCNCC2)nc1,441.4600000000003,1.4125,2,8,127.50999999999999,6,True
CHEMBL1079175,NC1(c2ccc(-c3nc4ccn5c(=O)[nH]nc5c4cc3-c3ccccc3)cc2)CCC1,LEISHMANIASIS,4.522878745280337,DNA topoisomerase,<rdkit.Chem.rdchem.Mol object at 0x0000021ACD966810>,[0 0 0 ... 0 0 0],O=c1[nH]nc2c3cc(-c4ccccc4)c(-c4ccc(C5CCC5)cc4)nc3ccn12,407.4770000000002,4.242700000000003,2,5,89.07,3,True
CHEMBL1079105,O=C(N[C@H](/C=C/S(=O)(=O)c1ccccc1)CCc1ccccc1)[C@H]1CCCC[C@@H]1C(=O)c1ccc(Cl)cc1,LEISHMANIASIS,4.0,Cysteine protease,<rdkit.Chem.rdchem.Mol object at 0x0000021ACD9667A0>,[0 1 0 ... 0 0 0],O=C(NC(C=CS(=O)(=O)c1ccccc1)CCc1ccccc1)C1CCCCC1C(=O)c1ccccc1,550.1200000000003,6.434300000000007,1,4,80.31,10,False
CHEMBL1079068,O=C(N[C@H](/C=C/S(=O)(=O)c1ccccc1)CCc1ccccc1)c1cc(-c2ccccn2)no1,LEISHMANIASIS,4.0,Cysteine protease,<rdkit.Chem.rdchem.Mol object at 0x0000021ACD966730>,[0 1 0 ... 0 0 0],O=C(NC(C=CS(=O)(=O)c1ccccc1)CCc1ccccc1)c1cc(-c2ccccn2)no1,473.55400000000014,4.455400000000004,1,6,102.16,9,True
CHEMBL606989,Cc1cc(O)c2c(c1)O[C@@]13C(=O)N(C)[C@@H](CC=C1C2=O)[C@H]3O,LEISHMANIASIS,3.5228787452803374,DNA topoisomerase,<rdkit.Chem.rdchem.Mol object at 0x0000021ACD9666C0>,[0 0 0 ... 0 0 0],O=C1C2=CCC3CC2(Oc2ccccc21)C(=O)N3,301.298,0.5461199999999997,2,5,87.07000000000001,0,True
CHEMBL605084,CCOC(=O)C(C)Sc1nc2ccccc2c(=O)n1CC1CCCCC1,LEISHMANIASIS,5.627087997029894,Cysteine protease,<rdkit.Chem.rdchem.Mol object at 0x0000021ACD966650>,[0 1 1 ... 0 0 0],O=c1c2ccccc2ncn1CC1CCCCC1,374.50600000000026,4.020500000000003,0,6,61.19,6,True
CHEMBL1078855,O=C(N[C@H](/C=C/S(=O)(=O)c1ccccc1)CCc1ccccc1)c1cc(-c2ccccc2)no1,LEISHMANIASIS,4.3979400086720375,Cysteine protease,<rdkit.Chem.rdchem.Mol object at 0x0000021ACD9665E0>,[0 1 0 ... 0 0 0],O=C(NC(C=CS(=O)(=O)c1ccccc1)CCc1ccccc1)c1cc(-c2ccccc2)no1,472.56600000000014,5.060400000000005,1,5,89.27,9,False
CHEMBL4764715,CCn1c(=O)c(C(=O)Nc2nnc(-c3nccs3)s2)c(O)c2ccccc21,LEISHMANIASIS,4.0,DNA topoisomerase,<rdkit.Chem.rdchem.Mol object at 0x0000021ACD966570>,[0 0 0 ... 0 0 0],O=C(Nc1nnc(-c2nccs2)s1)c1cc2ccccc2[nH]c1=O,399.4570000000001,2.954300000000001,2,9,110.0,4,True
CHEMBL607707,CCOc1cc2ncc(C#N)c(Nc3ccc(F)c(Cl)c3)c2cc1NC(=O)/C=C/CN(C)C,LEISHMANIASIS,4.522878745280337,DNA topoisomerase,<rdkit.Chem.rdchem.Mol object at 0x0000021ACD966500>,[0 0 0 ... 0 0 0],c1ccc(Nc2ccnc3ccccc23)cc1,467.9320000000002,5.097580000000004,2,6,90.27999999999999,8,False
CHEMBL4782390,COc1cccc(Nc2nc(-c3ccncc3)nc3c2CC(N)CC3)c1,LEISHMANIASIS,3.769551078621726,DNA topoisomerase,<rdkit.Chem.rdchem.Mol object at 0x0000021ACD966490>,[0 0 0 ... 0 0 0],c1ccc(Nc2nc(-c3ccncc3)nc3c2CCCC3)cc1,347.4220000000002,3.1068000000000007,2,6,85.95,4,True
CHEMBL4783134,COc1cc(/C=c2\sc3nc4ccc([N+](=O)[O-])cc4n3c2=O)ccc1O,LEISHMANIASIS,4.1938200260161125,DNA topoisomerase,<rdkit.Chem.rdchem.Mol object at 0x0000021ACD966420>,[0 0 0 ... 0 0 0],O=c1c(=Cc2ccccc2)sc2nc3ccccc3n12,369.3580000000001,2.0793000000000004,1,8,106.97000000000001,3,True
CHEMBL4784638,COc1ccc(-c2ccc3ncc(-c4nnco4)c(NCCCN4CCCC4)c3c2)cc1,LEISHMANIASIS,5.0,DNA topoisomerase,<rdkit.Chem.rdchem.Mol object at 0x0000021ACD9663B0>,[0 0 0 ... 0 0 0],c1ccc(-c2ccc3ncc(-c4nnco4)c(NCCCN4CCCC4)c3c2)cc1,429.5240000000003,4.858200000000004,1,7,76.31,8,True
CHEMBL4784903,N[C@@H]1CCc2nc(-c3ccncc3)nc(Nc3cccc(F)c3)c2C1,LEISHMANIASIS,3.795880017344075,DNA topoisomerase,<rdkit.Chem.rdchem.Mol object at 0x0000021ACD966340>,[0 0 0 ... 0 0 0],c1ccc(Nc2nc(-c3ccncc3)nc3c2CCCC3)cc1,335.38600000000014,3.237300000000001,2,5,76.72,3,True
CHEMBL191658,COc1ccc(/C=C2/C(=O)Oc3ccccc32)cc1,LEISHMANIASIS,3.1989700043360187,DNA topoisomerase,<rdkit.Chem.rdchem.Mol object at 0x0000021ACD9662D0>,[0 0 0 ... 0 0 0],O=C1Oc2ccccc2C1=Cc1ccccc1,252.269,3.1548000000000016,0,3,35.53,2,True
CHEMBL4785034,COc1cc(-c2csc3nc4ccc([N+](=O)[O-])cc4n23)cc(OC)c1OC,LEISHMANIASIS,3.910094888560602,DNA topoisomerase,<rdkit.Chem.rdchem.Mol object at 0x0000021ACD966260>,[0 0 0 ... 0 0 0],c1ccc(-c2csc3nc4ccccc4n23)cc1,385.4010000000002,4.150000000000004,0,8,88.13000000000001,5,True
CHEMBL4786898,Nc1ncc(NCc2ccc(CCNC(=O)c3ccc(F)cc3)cc2)c(N)n1,LEISHMANIASIS,5.167491087293763,Cysteine protease,<rdkit.Chem.rdchem.Mol object at 0x0000021ACD9661F0>,[0 0 0 ... 0 0 0],O=C(NCCc1ccc(CNc2cncnc2)cc1)c1ccccc1,380.4270000000001,2.3647,4,6,118.94999999999999,7,True
CHEMBL4786201,COc1cc(/C=c2\sc3nc4ccc(NC(C)=O)cc4n3c2=O)ccc1O,LEISHMANIASIS,4.508638306165727,DNA topoisomerase,<rdkit.Chem.rdchem.Mol object at 0x0000021ACD966180>,[0 0 0 ... 0 0 0],O=c1c(=Cc2ccccc2)sc2nc3ccccc3n12,381.4130000000001,2.1294999999999997,2,7,92.92999999999999,3,True
CHEMBL612061,O=C(CN1CCCCCC1)N1c2ccccc2Sc2ccc(Cl)cc21,LEISHMANIASIS,4.052012633820468,Trypanothione reductase,<rdkit.Chem.rdchem.Mol object at 0x0000021ACD966110>,[0 0 1 ... 0 0 0],O=C(CN1CCCCCC1)N1c2ccccc2Sc2ccccc21,372.9210000000001,5.345300000000004,0,3,23.550000000000004,2,False
CHEMBL4789593,CCCOC(=O)CCNc1c2ccccc2nc2ccccc12,LEISHMANIASIS,4.853871964321762,DNA topoisomerase,<rdkit.Chem.rdchem.Mol object at 0x0000021ACD9660A0>,[0 0 0 ... 0 0 0],c1ccc2nc3ccccc3cc2c1,308.38100000000003,4.143200000000003,1,4,51.22,6,True
CHEMBL4789468,CN(C)CCn1c(=O)c2c3cc4c(cc3n(CCN(C)C)c2c2ccc(Cl)cc21)OCO4,LEISHMANIASIS,5.142667503568732,DNA topoisomerase,<rdkit.Chem.rdchem.Mol object at 0x0000021ACD966030>,[0 0 0 ... 0 0 0],O=c1[nH]c2ccccc2c2[nH]c3cc4c(cc3c12)OCO4,454.95800000000025,3.6147000000000027,0,7,51.870000000000005,6,True
CHEMBL608533,CO[C@@H]1[C@H](N(C)C(=O)c2ccccc2)C[C@H]2O[C@]1(C)n1c3ccccc3c3c4c(c5c6ccccc6n2c5c31)C(=O)NC4,LEISHMANIASIS,4.522878745280337,DNA topoisomerase,<rdkit.Chem.rdchem.Mol object at 0x0000021ACD965FC0>,[0 0 0 ... 0 0 0],O=C(NC1CC2OC(C1)n1c3ccccc3c3c4c(c5c6ccccc6n2c5c31)CNC4=O)c1ccccc1,570.6490000000002,5.906800000000007,1,6,77.72999999999999,3,False
CHEMBL4791048,Nc1ccc(-c2ccc3ncc(-c4nnco4)c(NCCCn4ccnc4)c3c2)cc1,LEISHMANIASIS,6.610924374808178,DNA topoisomerase,<rdkit.Chem.rdchem.Mol object at 0x0000021ACD965F50>,[0 0 0 ... 0 0 0],c1ccc(-c2ccc3ncc(-c4nnco4)c(NCCCn4ccnc4)c3c2)cc1,411.46900000000016,4.232700000000003,2,8,107.67999999999999,7,True
CHEMBL4798088,CCCCCN(CCCCC)Cc1cc(C(=O)O)ccc1NC(=O)c1cc2cc(F)cc(NC)c2[nH]c1=O,LEISHMANIASIS,4.0,DNA topoisomerase,<rdkit.Chem.rdchem.Mol object at 0x0000021ACD965EE0>,[0 0 0 ... 0 0 0],O=C(Nc1ccccc1)c1cc2ccccc2[nH]c1=O,524.6370000000002,5.841800000000004,4,5,114.53,14,False
CHEMBL4797492,COc1ccc(-c2ccc3ncc(-c4nnco4)c(NCCCn4cccc4)c3c2)cc1,LEISHMANIASIS,5.0,DNA topoisomerase,<rdkit.Chem.rdchem.Mol object at 0x0000021ACD965E70>,[0 0 0 ... 0 0 0],c1ccc(-c2ccc3ncc(-c4nnco4)c(NCCCn4cccc4)c3c2)cc1,425.49200000000013,5.2641000000000036,1,7,78.0,8,False
CHEMBL1094687,C/C=C(/C)C(=O)O[C@H]1[C@H](OC(C)=O)[C@]2(CO)[C@H](O)C[C@]3(C)C(=CC[C@@H]4[C@@]5(C)CC[C@H](O[C@@H]6O[C@H](C(=O)O)[C@@H](O)[C@H](O[C@@H]7OC[C@H](O)[C@H](O)[C@H]7O)[C@H]6O[C@@H]6O[C@H](CO)[C@@H](O)[C@H](O)[C@H]6O)C(C)(C)[C@@H]5CC[C@]43C)[C@@H]2CC1(C)C,LEISHMANIASIS,3.6020599913279625,DNA topoisomerase,<rdkit.Chem.rdchem.Mol object at 0x0000021ACD965E00>,[0 0 0 ... 0 0 0],C1=C2C3CCCCC3CCC2C2CCC3CC(OC4OCCC(OC5CCCCO5)C4OC4CCCCO4)CCC3C2C1,1085.2440000000004,0.3456000000000108,11,21,347.58000000000004,12,False
CHEMBL1094683,C/C=C(/C)C(=O)O[C@H]1[C@H](OC(=O)C(C)C)[C@]2(CO)[C@H](O)[C@H](O)[C@]3(C)C(=CC[C@@H]4[C@@]5(C)CC[C@H](O[C@@H]6O[C@H](C(=O)O)[C@@H](O)[C@H](O[C@@H]7O[C@@H](CO)[C@H](O)[C@H]7O)[C@H]6O[C@@H]6O[C@H](CO)[C@@H](O)[C@H](O)[C@H]6O)[C@](C)(CO)[C@@H]5CC[C@]43C)[C@@H]2CC1(C)C,LEISHMANIASIS,3.795880017344075,DNA topoisomerase,<rdkit.Chem.rdchem.Mol object at 0x0000021ACD965D90>,[0 1 0 ... 0 0 0],C1=C2C3CCCCC3CCC2C2CCC3CC(OC4OCCC(OC5CCCO5)C4OC4CCCCO4)CCC3C2C1,1145.2960000000005,-1.0750999999999866,13,23,388.0400000000001,15,False
CHEMBL4800560,Cc1c2cnc3ccccc3c2cc2[nH]c3ccccc3c12,LEISHMANIASIS,4.719285080508993,DNA topoisomerase,<rdkit.Chem.rdchem.Mol object at 0x0000021ACD965D20>,[0 0 0 ... 0 0 0],c1ccc2c(c1)ncc1cc3c(cc12)[nH]c1ccccc13,282.34600000000006,5.330920000000003,1,1,28.68,0,False
CHEMBL609110,O=C(CN1CCN(c2ccccc2)CC1)Nc1ccccc1Sc1ccccc1,LEISHMANIASIS,4.0,Trypanothione reductase,<rdkit.Chem.rdchem.Mol object at 0x0000021ACD965CB0>,[0 0 0 ... 0 0 0],O=C(CN1CCN(c2ccccc2)CC1)Nc1ccccc1Sc1ccccc1,403.5510000000001,4.598500000000004,1,4,35.580000000000005,6,True
CHEMBL4845812,CCOP(=O)(/C=C/[C@H](NC(=O)[C@H](CC(C)C)NC(=O)[C@@H]1C[C@@H](O[C@H]2O[C@@H]3O[C@@]4(C)CC[C@H]5[C@H](C)CC[C@@H]([C@H]2C)[C@@]35OO4)CN1C(=O)OCc1ccccc1)c1ccccc1)OCC,LEISHMANIASIS,5.0,Cysteine protease,<rdkit.Chem.rdchem.Mol object at 0x0000021ACD965C40>,[0 1 0 ... 0 0 0],O=C(CNC(=O)C1CC(OC2CC3CCCC4CCC5OOC43C(O5)O2)CN1C(=O)OCc1ccccc1)NCc1ccccc1,896.028,8.158900000000008,2,12,169.42,17,False
CHEMBL4855840,NCCCCc1cn(-c2ccc(-c3nc(-c4ccccc4)c(-c4ccccc4)s3)c(OCCN3CCNC3=O)c2)nn1.O=C(O)C(F)(F)F,LEISHMANIASIS,5.301029995663981,Trypanothione reductase,<rdkit.Chem.rdchem.Mol object at 0x0000021ACD965BD0>,[0 0 0 ... 0 0 0],O=C1NCCN1CCOc1cc(-n2ccnn2)ccc1-c1nc(-c2ccccc2)c(-c2ccccc2)s1,693.7520000000004,6.043500000000006,3,9,148.48999999999998,12,False
CHEMBL4856045,CCOP(=O)(/C=C/C(NC(=O)[C@H](Cc1ccccc1)NC(=O)[C@H](CO[C@H]1O[C@@H]2O[C@@]3(C)CC[C@H]4[C@H](C)CC[C@@H]([C@H]1C)[C@@]24OO3)NC(=O)OCc1ccccc1)c1ccccc1)OCC,LEISHMANIASIS,5.343161280699338,Cysteine protease,<rdkit.Chem.rdchem.Mol object at 0x0000021ACD965B60>,[0 1 0 ... 0 0 0],O=C(NC(COC1CC2CCCC3CCC4OOC32C(O1)O4)C(=O)NC(Cc1ccccc1)C(=O)NCc1ccccc1)OCc1ccccc1,904.007,7.870800000000008,3,12,178.20999999999998,19,False
CHEMBL4848544,NCCCCc1cn(-c2ccc(-c3nc(CCc4ccc(-c5ccccc5)cc4)cs3)c(OCCN3CCNC3=O)c2)nn1.O=C(O)C(F)(F)F,LEISHMANIASIS,5.0,Trypanothione reductase,<rdkit.Chem.rdchem.Mol object at 0x0000021ACD965AF0>,[0 0 0 ... 0 0 0],O=C1NCCN1CCOc1cc(-n2ccnn2)ccc1-c1nc(CCc2ccc(-c3ccccc3)cc2)cs1,721.8060000000003,6.161700000000005,3,9,148.48999999999998,14,False
CHEMBL4855587,N#CC1=C(N)Oc2c(c(=O)oc3ccccc23)C1c1cc(=O)c2ccccc2o1,LEISHMANIASIS,4.578067186721492,DNA topoisomerase,<rdkit.Chem.rdchem.Mol object at 0x0000021ACD965A80>,[0 0 0 ... 0 0 0],O=c1oc2ccccc2c2c1C(c1cc(=O)c3ccccc3o1)C=CO2,384.34700000000015,3.117580000000002,1,7,119.46000000000002,1,True
CHEMBL1095349,C[C@H]1[C@H](C)CC[C@]2(C(=O)O[C@@H]3O[C@H](CO)[C@@H](O)[C@H](O)[C@H]3O)CC[C@]3(C(=O)O)C(=CC[C@@H]4[C@@]5(C)CC[C@H](O)C(C)(C)[C@@H]5CC[C@]43C)[C@H]12,LEISHMANIASIS,3.6020599913279625,DNA topoisomerase,<rdkit.Chem.rdchem.Mol object at 0x0000021ACD965A10>,[0 0 0 ... 0 0 0],O=C(OC1CCCCO1)C12CCCCC1C1=CCC3C4CCCCC4CCC3C1CC2,648.8340000000002,3.412700000000001,6,9,173.98,4,False
CHEMBL334360,O=C1c2c(c3c4ccc(O)cc4n([C@@H]4OC[C@@H](O)[C@H]4O)c3c3[nH]c4cc(O)ccc4c23)C(=O)N1NC(CO)CO,LEISHMANIASIS,7.397940008672037,DNA topoisomerase,<rdkit.Chem.rdchem.Mol object at 0x0000021ACD9659A0>,[0 1 0 ... 0 0 0],O=C1NC(=O)c2c1c1c3ccccc3[nH]c1c1c2c2ccccc2n1C1CCCO1,548.5080000000003,0.5445999999999998,8,11,200.74,5,False
CHEMBL612055,CN1CCCC(CC2Oc3ccccc3Sc3ccccc32)C1,LEISHMANIASIS,4.887474651930976,Trypanothione reductase,<rdkit.Chem.rdchem.Mol object at 0x0000021ACD965930>,[0 0 0 ... 0 0 0],c1ccc2c(c1)OC(CC1CCCNC1)c1ccccc1S2,325.4770000000001,5.003200000000005,0,3,12.47,2,False
CHEMBL4858403,COC(=O)[C@H](CO[C@H]1O[C@@H]2O[C@@]3(C)CC[C@H]4[C@H](C)CC[C@@H]([C@H]1C)[C@@]24OO3)NC(=O)OCc1ccccc1,LEISHMANIASIS,4.0,Cysteine protease,<rdkit.Chem.rdchem.Mol object at 0x0000021ACD9658C0>,[0 1 0 ... 0 0 0],O=C(NCCOC1CC2CCCC3CCC4OOC32C(O1)O4)OCc1ccccc1,519.5910000000003,3.679000000000001,1,9,110.78000000000002,7,False
CHEMBL4859916,NCCCc1cn(-c2ccc(-c3nc(CCc4ccc(-c5ccccc5)cc4)cs3)c(OCCN3CCNC3=O)c2)nn1.O=C(O)C(F)(F)F,LEISHMANIASIS,4.836055009175729,Trypanothione reductase,<rdkit.Chem.rdchem.Mol object at 0x0000021ACD965850>,[0 0 0 ... 0 0 0],O=C1NCCN1CCOc1cc(-n2ccnn2)ccc1-c1nc(CCc2ccc(-c3ccccc3)cc2)cs1,707.7790000000003,5.771600000000005,3,9,148.48999999999998,13,False
CHEMBL4854942,NCCCCc1cn(-c2ccc(-c3nc(CCc4ccc5ccccc5c4)cs3)c(OCCN3CCNC3=O)c2)nn1.O=C(O)C(F)(F)F,LEISHMANIASIS,5.1487416512809245,Trypanothione reductase,<rdkit.Chem.rdchem.Mol object at 0x0000021ACD9657E0>,[0 0 0 ... 0 0 0],O=C1NCCN1CCOc1cc(-n2ccnn2)ccc1-c1nc(CCc2ccc3ccccc3c2)cs1,695.7680000000004,5.647900000000005,3,9,148.48999999999998,13,False
CHEMBL4858591,CS(=O)(=O)Oc1cccc2c1C(=O)C=CC2=O,LEISHMANIASIS,4.0,DNA topoisomerase,<rdkit.Chem.rdchem.Mol object at 0x0000021ACD965770>,[0 0 0 ... 0 0 0],O=C1C=CC(=O)c2ccccc21,252.24699999999999,0.9602000000000002,0,5,77.51,2,True
CHEMBL4853584,O=C1C=CC(=O)c2cc(Oc3cccs3)ccc21,LEISHMANIASIS,4.0,DNA topoisomerase,<rdkit.Chem.rdchem.Mol object at 0x0000021ACD965700>,[0 0 0 ... 0 0 0],O=C1C=CC(=O)c2cc(Oc3cccs3)ccc21,256.28200000000004,3.475600000000002,0,4,43.370000000000005,2,True
CHEMBL1088752,Cc1c(F)cc(C(=O)NC2CC2)cc1-c1ccc(C(=O)NCC(C)(C)C)cn1,LEISHMANIASIS,4.522878745280337,DNA topoisomerase,<rdkit.Chem.rdchem.Mol object at 0x0000021ACD965690>,[0 0 0 ... 0 0 0],O=C(NC1CC1)c1cccc(-c2ccccn2)c1,383.4670000000001,3.864220000000002,2,3,71.09,5,True
CHEMBL4853867,NCCCCc1cn(-c2ccc(-c3nc(CCCc4ccccc4)cs3)c(OCCN3CCNC3=O)c2)nn1.O=C(O)C(F)(F)F,LEISHMANIASIS,4.777306888483918,Trypanothione reductase,<rdkit.Chem.rdchem.Mol object at 0x0000021ACD965620>,[0 0 0 ... 0 0 0],O=C1NCCN1CCOc1cc(-n2ccnn2)ccc1-c1nc(CCCc2ccccc2)cs1,659.7350000000004,4.884800000000004,3,9,148.48999999999998,14,False
CHEMBL1088751,CNC(=O)c1ccc(C)c(-n2c(C)cc(OCc3ccc(F)cc3F)c(Br)c2=O)c1,LEISHMANIASIS,4.522878745280337,DNA topoisomerase,<rdkit.Chem.rdchem.Mol object at 0x0000021ACD9655B0>,[0 0 0 ... 0 0 0],O=c1cc(OCc2ccccc2)ccn1-c1ccccc1,477.30500000000006,4.433640000000004,1,4,60.330000000000005,5,True
CHEMBL4849493,O=C1C=CC(=O)c2cc(OCc3ccccc3)ccc21,LEISHMANIASIS,4.27034933166408,DNA topoisomerase,<rdkit.Chem.rdchem.Mol object at 0x0000021ACD965540>,[0 0 0 ... 0 0 0],O=C1C=CC(=O)c2cc(OCc3ccccc3)ccc21,264.28000000000003,3.200800000000002,0,3,43.370000000000005,3,True
CHEMBL4852013,O=C1NCCN1CCOc1cc(-n2cc(CCCCO)nn2)ccc1-c1nc(CCc2ccccc2)cs1,LEISHMANIASIS,4.1249387366083,Trypanothione reductase,<rdkit.Chem.rdchem.Mol object at 0x0000021ACD9654D0>,[0 0 0 ... 0 0 0],O=C1NCCN1CCOc1cc(-n2ccnn2)ccc1-c1nc(CCc2ccccc2)cs1,532.6700000000002,3.8950000000000022,2,8,105.4,13,False
CHEMBL4848972,CC(C)(C)Cc1csc(-c2ccc(-n3cc(CCCCN)nn3)cc2OCCN2CCNC2=O)n1.O=C(O)C(F)(F)F,LEISHMANIASIS,4.371460847016715,Trypanothione reductase,<rdkit.Chem.rdchem.Mol object at 0x0000021ACD965460>,[0 0 0 ... 0 0 0],O=C1NCCN1CCOc1cc(-n2ccnn2)ccc1-c1nccs1,611.6910000000005,4.2981000000000025,3,9,148.49,11,False
CHEMBL4849502,Cc1cc2occ(-c3nc(-c4ccccc4)c(-c4ccccc4)n3-c3ccc(Br)cc3)c(=O)c2cc1Cl,LEISHMANIASIS,4.766496239658865,DNA topoisomerase,<rdkit.Chem.rdchem.Mol object at 0x0000021ACD9653F0>,[0 0 0 ... 0 0 0],O=c1c(-c2nc(-c3ccccc3)c(-c3ccccc3)n2-c2ccccc2)coc2ccccc12,567.8700000000001,8.704020000000002,0,4,48.03,4,False
CHEMBL4854350,COC(=O)[C@@H]1C[C@@H](O[C@H]2O[C@@H]3O[C@@]4(C)CC[C@H]5[C@H](C)CC[C@@H]([C@H]2C)[C@@]35OO4)CN1C(=O)OCc1ccccc1,LEISHMANIASIS,4.0,Cysteine protease,<rdkit.Chem.rdchem.Mol object at 0x0000021ACD965380>,[0 0 0 ... 0 0 0],O=C(OCc1ccccc1)N1CCC(OC2CC3CCCC4CCC5OOC43C(O5)O2)C1,545.6290000000004,4.163700000000002,0,9,101.99000000000002,5,False
CHEMBL4853187,CCOP(=O)(/C=C/[C@H](NC(=O)[C@H](CC(C)C)NC(=O)[C@H](CO[C@H]1O[C@@H]2O[C@@]3(C)CC[C@H]4[C@H](C)CC[C@@H]([C@H]1C)[C@@]24OO3)NC(=O)OCc1ccccc1)c1ccccc1)OCC,LEISHMANIASIS,5.094159557123369,Cysteine protease,<rdkit.Chem.rdchem.Mol object at 0x0000021ACD965310>,[0 1 0 ... 0 0 0],O=C(CNC(=O)C(COC1CC2CCCC3CCC4OOC32C(O1)O4)NC(=O)OCc1ccccc1)NCc1ccccc1,869.9900000000002,7.674200000000008,3,12,178.20999999999998,19,False
CHEMBL1095008,CC(C)=CCC[C@@](C)(O)[C@H]1CC[C@]2(C)[C@@H]1[C@H](O)C[C@@H]1[C@@]3(C)CC[C@H](O[C@@H]4O[C@H](CO)[C@@H](O)[C@H](O)[C@H]4O[C@@H]4O[C@H](CO)[C@@H](O)[C@H](O)[C@H]4O)C(C)(C)[C@@H]3CC[C@]12C,LEISHMANIASIS,3.6020599913279625,DNA topoisomerase,<rdkit.Chem.rdchem.Mol object at 0x0000021ACD9652A0>,[0 0 0 ... 0 0 0],C1CCC(OC2CCCOC2OC2CCC3C(CCC4C5CCCC5CCC34)C2)OC1,785.0250000000002,2.149000000000002,9,13,218.98999999999995,10,False
CHEMBL4857262,CCOP(=O)(/C=C/[C@@H](NC(=O)[C@H](CC(C)C)NC(=O)[C@H](CO[C@H]1O[C@@H]2O[C@@]3(C)CC[C@H]4[C@H](C)CC[C@@H]([C@H]1C)[C@@]24OO3)NC(=O)OCc1ccccc1)c1ccccc1)OCC,LEISHMANIASIS,5.537441976313304,Cysteine protease,<rdkit.Chem.rdchem.Mol object at 0x0000021ACD965230>,[0 1 0 ... 0 0 0],O=C(CNC(=O)C(COC1CC2CCCC3CCC4OOC32C(O1)O4)NC(=O)OCc1ccccc1)NCc1ccccc1,869.9900000000002,7.674200000000008,3,12,178.20999999999998,19,False
CHEMBL1095353,C[C@H]1[C@H](C)CC[C@]2(C(=O)O[C@@H]3O[C@H](CO)[C@@H](O)[C@H](O)[C@H]3O[C@@H]3OC[C@H](O)[C@H](O)[C@H]3O)CC[C@]3(C(=O)O)C(=CC[C@@H]4[C@@]5(C)CC[C@H](O[C@@H]6O[C@H](CO)[C@@H](O)[C@H](O)[C@H]6O)C(C)(C)[C@@H]5CC[C@]43C)[C@H]12,LEISHMANIASIS,3.6020599913279625,DNA topoisomerase,<rdkit.Chem.rdchem.Mol object at 0x0000021ACD9651C0>,[0 0 0 ... 0 0 0],O=C(OC1OCCCC1OC1CCCCO1)C12CCCCC1C1=CCC3C4CCC(OC5CCCCO5)CC4CCC3C1CC2,943.09,-0.2997999999999892,11,18,312.05,9,False
CHEMBL4853443,Cc1cc2occ(-c3nc(-c4ccccc4)c(-c4ccccc4)n3-c3ccc([N+](=O)[O-])cc3)c(=O)c2cc1Cl,LEISHMANIASIS,4.315154638355588,DNA topoisomerase,<rdkit.Chem.rdchem.Mol object at 0x0000021ACD965150>,[0 0 0 ... 0 0 0],O=c1c(-c2nc(-c3ccccc3)c(-c3ccccc3)n2-c2ccccc2)coc2ccccc12,533.9710000000002,7.849720000000006,0,6,91.16999999999999,5,False
CHEMBL4855264,Cc1ccc(S(=O)(=O)Oc2ccc3c(c2)C(=O)C=CC3=O)cc1,LEISHMANIASIS,4.0,DNA topoisomerase,<rdkit.Chem.rdchem.Mol object at 0x0000021ACD9650E0>,[0 0 0 ... 0 0 0],O=C1C=CC(=O)c2cc(OS(=O)(=O)c3ccccc3)ccc21,328.345,2.6979200000000008,0,5,77.51,3,True
CHEMBL4848711,CCCCc1cn(-c2ccc(-c3nc(CCc4ccc(-c5ccccc5)cc4)cs3)c(OCCN3CCNC3=O)c2)nn1,LEISHMANIASIS,4.1249387366083,Trypanothione reductase,<rdkit.Chem.rdchem.Mol object at 0x0000021ACD965070>,[0 0 0 ... 0 0 0],O=C1NCCN1CCOc1cc(-n2ccnn2)ccc1-c1nc(CCc2ccc(-c3ccccc3)cc2)cs1,592.7690000000002,6.58960000000001,1,7,85.17,13,False
CHEMBL4850572,CCOP(=O)(/C=C/[C@@H](NC(=O)[C@H](CC(C)C)NC(=O)[C@@H]1C[C@@H](O[C@H]2O[C@@H]3O[C@@]4(C)CC[C@H]5[C@H](C)CC[C@@H]([C@H]2C)[C@@]35OO4)CN1C(=O)OCc1ccccc1)c1ccccc1)OCC,LEISHMANIASIS,5.518625973320679,Cysteine protease,<rdkit.Chem.rdchem.Mol object at 0x0000021ACD965000>,[0 1 0 ... 0 0 0],O=C(CNC(=O)C1CC(OC2CC3CCCC4CCC5OOC43C(O5)O2)CN1C(=O)OCc1ccccc1)NCc1ccccc1,896.028,8.158900000000008,2,12,169.42,17,False
CHEMBL4855020,NCCCc1cn(-c2ccc(-c3nc(CCc4ccccc4)cs3)c(OCCN3CCNC3=O)c2)nn1.O=C(O)C(F)(F)F,LEISHMANIASIS,4.403437700822769,Trypanothione reductase,<rdkit.Chem.rdchem.Mol object at 0x0000021ACD964F90>,[0 0 0 ... 0 0 0],O=C1NCCN1CCOc1cc(-n2ccnn2)ccc1-c1nc(CCc2ccccc2)cs1,631.6810000000004,4.104600000000002,3,9,148.48999999999998,12,False
CHEMBL4859269,NCCCCc1cn(-c2ccc(-c3nc(-c4cccc(-c5csc(-c6ccc(-n7cc(CCCCN)nn7)cc6OCCN6CCNC6=O)n5)c4)cs3)c(OCCN3CCNC3=O)c2)nn1.O=C(O)C(F)(F)F.O=C(O)C(F)(F)F,LEISHMANIASIS,6.0,Trypanothione reductase,<rdkit.Chem.rdchem.Mol object at 0x0000021ACD964F20>,[0 0 0 ... 0 0 0],O=C1NCCN1CCOc1cc(-n2ccnn2)ccc1-c1nc(-c2cccc(-c3csc(-c4ccc(-n5ccnn5)cc4OCCN4CCNC4=O)n3)c2)cs1,1157.1939999999997,7.066400000000007,6,18,296.98,22,False
CHEMBL4859330,NCCCCc1cn(-c2ccc(-c3nc(-c4ccc5c(c4)OCC5)cs3)c(OCCN3CCNC3=O)c2)nn1.O=C(O)C(F)(F)F,LEISHMANIASIS,4.924453038607469,Trypanothione reductase,<rdkit.Chem.rdchem.Mol object at 0x0000021ACD964EB0>,[0 0 0 ... 0 0 0],O=C1NCCN1CCOc1cc(-n2ccnn2)ccc1-c1nc(-c2ccc3c(c2)OCC3)cs1,659.6910000000005,4.311400000000003,3,10,157.72,11,False
CHEMBL4851856,NCCCCc1cn(-c2ccc(-c3nc(Cc4ccccc4)cs3)c(OCCN3CCNC3=O)c2)nn1.O=C(O)C(F)(F)F,LEISHMANIASIS,4.286881044292926,Trypanothione reductase,<rdkit.Chem.rdchem.Mol object at 0x0000021ACD964E40>,[0 0 0 ... 0 0 0],O=C1NCCN1CCOc1cc(-n2ccnn2)ccc1-c1nc(Cc2ccccc2)cs1,631.6810000000004,4.300300000000003,3,9,148.48999999999998,12,False
CHEMBL4860854,O=C1C=CC(=O)c2c(Oc3cccs3)cccc21,LEISHMANIASIS,4.0,DNA topoisomerase,<rdkit.Chem.rdchem.Mol object at 0x0000021ACD964DD0>,[0 0 0 ... 0 0 0],O=C1C=CC(=O)c2c(Oc3cccs3)cccc21,256.28200000000004,3.475600000000002,0,4,43.370000000000005,2,True
CHEMBL4848230,COc1cc(-n2cc(CCCCN)nn2)ccc1-c1nc(CCc2ccccc2)cs1.O=C(O)C(F)(F)F,LEISHMANIASIS,4.410871339593905,Trypanothione reductase,<rdkit.Chem.rdchem.Mol object at 0x0000021ACD964D60>,[0 0 0 ... 0 0 0],c1ccc(CCc2csc(-c3ccc(-n4ccnn4)cc3)n2)cc1,547.6030000000003,5.099300000000004,2,8,116.15000000000002,10,False
CHEMBL4859035,COC(=O)[C@H](Cc1ccccc1)NC(=O)[C@@H]1C[C@@H](O[C@H]2O[C@@H]3O[C@@]4(C)CC[C@H]5[C@H](C)CC[C@@H]([C@H]2C)[C@@]35OO4)CN1C(=O)OCc1ccccc1,LEISHMANIASIS,4.0,Cysteine protease,<rdkit.Chem.rdchem.Mol object at 0x0000021ACD964CF0>,[0 1 0 ... 0 0 0],O=C(NCCc1ccccc1)C1CC(OC2CC3CCCC4CCC5OOC43C(O5)O2)CN1C(=O)OCc1ccccc1,692.8060000000003,4.891200000000004,1,10,131.09,9,False
CHEMBL4861198,CCOP(=O)(/C=C/C(NC(=O)[C@H](Cc1ccccc1)NC(=O)[C@@H]1C[C@@H](O[C@H]2O[C@@H]3O[C@@]4(C)CC[C@H]5[C@H](C)CC[C@@H]([C@H]2C)[C@@]35OO4)CN1C(=O)OCc1ccccc1)c1ccccc1)OCC,LEISHMANIASIS,4.0,Cysteine protease,<rdkit.Chem.rdchem.Mol object at 0x0000021ACD964C80>,[0 1 0 ... 0 0 0],O=C(NCc1ccccc1)C(Cc1ccccc1)NC(=O)C1CC(OC2CC3CCCC4CCC5OOC43C(O5)O2)CN1C(=O)OCc1ccccc1,930.0449999999998,8.355500000000008,2,12,169.42,17,False
CHEMBL4848781,NCCNCc1nccn1-c1ccc(-c2nc(CCc3ccc4ccccc4c3)cs2)c(OCCN2CCNC2=O)c1,LEISHMANIASIS,5.292429823902063,Trypanothione reductase,<rdkit.Chem.rdchem.Mol object at 0x0000021ACD964C10>,[0 0 0 ... 0 0 0],O=C1NCCN1CCOc1cc(-n2ccnc2)ccc1-c1nc(CCc2ccc3ccccc3c2)cs1,581.7460000000002,4.386500000000003,3,8,110.32999999999998,13,False
CHEMBL4857754,CCOP(=O)(/C=C/C(NC(=O)[C@H](CC(C)C)NC(=O)[C@@H]1C[C@@H](O[C@H]2O[C@@H]3O[C@@]4(C)CC[C@H]5[C@H](C)CC[C@@H]([C@H]2C)[C@@]35OO4)CN1C(=O)OCc1ccccc1)c1ccccc1)OCC,LEISHMANIASIS,5.229074391596958,Cysteine protease,<rdkit.Chem.rdchem.Mol object at 0x0000021ACD964BA0>,[0 1 0 ... 0 0 0],O=C(CNC(=O)C1CC(OC2CC3CCCC4CCC5OOC43C(O5)O2)CN1C(=O)OCc1ccccc1)NCc1ccccc1,896.028,8.158900000000008,2,12,169.42,17,False
CHEMBL4859406,CCOP(=O)(/C=C/C(N)c1ccccc1)OCC,LEISHMANIASIS,4.6020599913279625,Cysteine protease,<rdkit.Chem.rdchem.Mol object at 0x0000021ACD964B30>,[0 1 0 ... 0 0 0],c1ccccc1,269.281,3.4662000000000024,1,4,61.55,7,True
CHEMBL1094358,C/C=C(/C)C(=O)O[C@H]1[C@H](OC(=O)/C(C)=C\C)[C@]2(CO)[C@H](O)C[C@]3(C)C(=CC[C@@H]4[C@@]5(C)CC[C@H](O[C@@H]6O[C@H](C(=O)O)[C@@H](O)[C@H](O[C@@H]7O[C@@H](CO)[C@H](O)[C@H]7O)[C@H]6O[C@@H]6O[C@H](CO)[C@@H](O)[C@H](O)[C@H]6O)[C@](C)(CO)[C@@H]5CC[C@]43C)[C@@H]2CC1(C)C,LEISHMANIASIS,4.275724130399211,DNA topoisomerase,<rdkit.Chem.rdchem.Mol object at 0x0000021ACD964AC0>,[0 0 0 ... 0 0 0],C1=C2C3CCCCC3CCC2C2CCC3CC(OC4OCCC(OC5CCCO5)C4OC4CCCCO4)CCC3C2C1,1141.3080000000004,0.2643000000000113,12,22,367.81000000000006,15,False
CHEMBL4854181,Cc1[nH]c(C(=O)Nc2nc3c(OCc4ccccc4)cc(C(=O)O)cc3s2)c(Cl)c1Cl,LEISHMANIASIS,5.709965388637482,DNA topoisomerase,<rdkit.Chem.rdchem.Mol object at 0x0000021ACD964A50>,[0 0 0 ... 0 0 0],O=C(Nc1nc2c(OCc3ccccc3)cccc2s1)c1ccc[nH]1,476.34100000000024,5.769120000000003,3,5,104.31000000000002,6,False
CHEMBL4855060,NCCNCc1nccn1-c1ccc(-c2nc(CCc3ccc(-c4ccccc4)cc3)cs2)c(OCCN2CCNC2=O)c1,LEISHMANIASIS,5.0655015487564325,Trypanothione reductase,<rdkit.Chem.rdchem.Mol object at 0x0000021ACD9649E0>,[0 0 0 ... 0 0 0],O=C1NCCN1CCOc1cc(-n2ccnc2)ccc1-c1nc(CCc2ccc(-c3ccccc3)cc2)cs1,607.784,4.900300000000004,3,8,110.32999999999998,14,False
CHEMBL4855068,NCCCCc1cn(-c2ccc(-c3nc(CCc4ccc(-c5ccccc5)cc4)c(-c4ccccc4)s3)c(OCCN3CCNC3=O)c2)nn1.O=C(O)C(F)(F)F,LEISHMANIASIS,4.973729977032988,Trypanothione reductase,<rdkit.Chem.rdchem.Mol object at 0x0000021ACD964970>,[0 0 0 ... 0 0 0],O=C1NCCN1CCOc1cc(-n2ccnn2)ccc1-c1nc(CCc2ccc(-c3ccccc3)cc2)c(-c2ccccc2)s1,797.9039999999999,7.8287000000000075,3,9,148.48999999999998,15,False
CHEMBL4860546,NCCCCc1cn(-c2ccc(-c3nc(-c4ccc5c(c4)CCCN5)cs3)c(OCCN3CCNC3=O)c2)nn1.O=C(O)C(F)(F)F,LEISHMANIASIS,4.643044822935522,Trypanothione reductase,<rdkit.Chem.rdchem.Mol object at 0x0000021ACD964900>,[0 0 0 ... 0 0 0],O=C1NCCN1CCOc1cc(-n2ccnn2)ccc1-c1nc(-c2ccc3c(c2)CCCN3)cs1,672.7340000000005,4.734600000000003,4,10,160.51999999999998,11,False
CHEMBL4860649,COC(=O)[C@H](Cc1ccccc1)NC(=O)[C@H](CO[C@H]1O[C@@H]2O[C@@]3(C)CC[C@H]4[C@H](C)CC[C@@H]([C@H]1C)[C@@]24OO3)NC(=O)OCc1ccccc1,LEISHMANIASIS,4.0,Cysteine protease,<rdkit.Chem.rdchem.Mol object at 0x0000021ACD964890>,[0 1 0 ... 0 0 0],O=C(NC(COC1CC2CCCC3CCC4OOC32C(O1)O4)C(=O)NCCc1ccccc1)OCc1ccccc1,666.7680000000003,4.406500000000002,2,10,139.88,11,False
CHEMBL1094684,C/C=C(/C)C(=O)O[C@H]1[C@H](OC(C)=O)[C@]2(CO)[C@H](O)C[C@]3(C)C(=CC[C@@H]4[C@@]5(C)CC[C@H](O[C@@H]6O[C@H](C(=O)O)[C@@H](O)[C@H](O[C@@H]7O[C@@H](CO)[C@H](O)[C@H]7O)[C@H]6O[C@@H]6O[C@H](CO)[C@@H](O)[C@H](O)[C@H]6O)[C@](C)(CO)[C@@H]5CC[C@]43C)[C@@H]2CC1(C)C,LEISHMANIASIS,3.6020599913279625,DNA topoisomerase,<rdkit.Chem.rdchem.Mol object at 0x0000021ACD964820>,[0 0 0 ... 0 0 0],C1=C2C3CCCCC3CCC2C2CCC3CC(OC4OCCC(OC5CCCO5)C4OC4CCCCO4)CCC3C2C1,1101.2430000000004,-0.6819999999999877,12,22,367.81000000000006,14,False
CHEMBL1094691,C/C=C(/C)C(=O)O[C@H]1[C@H](O)[C@]2(CO)[C@H](O)[C@H](O)[C@]3(C)C(=CC[C@@H]4[C@@]5(C)CC[C@H](O[C@@H]6O[C@H](C(=O)O)[C@@H](O)[C@H](O[C@@H]7O[C@@H](CO)[C@H](O)[C@H]7O)[C@H]6O[C@@H]6O[C@H](CO)[C@H](O)[C@H](O)[C@H]6O)C(C)(C)[C@@H]5CC[C@]43C)[C@@H]2CC1(C)C,LEISHMANIASIS,3.7817199146891296,DNA topoisomerase,<rdkit.Chem.rdchem.Mol object at 0x0000021ACD9647B0>,[0 0 0 ... 0 0 0],C1=C2C3CCCCC3CCC2C2CCC3CC(OC4OCCC(OC5CCCO5)C4OC4CCCCO4)CCC3C2C1,1059.2060000000001,-1.254399999999985,13,21,361.74000000000007,12,False
CHEMBL4864385,CCOP(=O)(/C=C/C(NC(=O)[C@@H]1C[C@@H](O[C@H]2O[C@@H]3O[C@@]4(C)CC[C@H]5[C@H](C)CC[C@@H]([C@H]2C)[C@@]35OO4)CN1C(=O)OCc1ccccc1)c1ccccc1)OCC,LEISHMANIASIS,4.0,Cysteine protease,<rdkit.Chem.rdchem.Mol object at 0x0000021ACD964740>,[0 1 0 ... 0 0 0],O=C(NCc1ccccc1)C1CC(OC2CC3CCCC4CCC5OOC43C(O5)O2)CN1C(=O)OCc1ccccc1,782.8680000000003,7.62800000000001,1,11,140.32,13,False
CHEMBL4870203,COC(=O)[C@H](CC(C)C)NC(=O)[C@@H]1C[C@@H](O[C@H]2O[C@@H]3O[C@@]4(C)CC[C@H]5[C@H](C)CC[C@@H]([C@H]2C)[C@@]35OO4)CN1C(=O)OCc1ccccc1,LEISHMANIASIS,4.0,Cysteine protease,<rdkit.Chem.rdchem.Mol object at 0x0000021ACD9646D0>,[0 1 0 ... 0 0 0],O=C(OCc1ccccc1)N1CCC(OC2CC3CCCC4CCC5OOC43C(O5)O2)C1,658.7890000000003,4.694600000000004,1,10,131.09,9,False
CHEMBL4868099,NCCCCc1cn(-c2ccc(-c3nc(-c4cccc5oc6ccccc6c45)cs3)c(OCCN3CCNC3=O)c2)nn1.O=C(O)C(F)(F)F,LEISHMANIASIS,5.117986696153982,Trypanothione reductase,<rdkit.Chem.rdchem.Mol object at 0x0000021ACD964660>,[0 0 0 ... 0 0 0],O=C1NCCN1CCOc1cc(-n2ccnn2)ccc1-c1nc(-c2cccc3oc4ccccc4c23)cs1,707.7350000000005,6.275900000000005,3,10,161.63,11,False
CHEMBL4867019,COc1cc(-n2cc(CCCCN)nn2)ccc1-c1nc(CCc2ccc(-c3ccccc3)cc2)cs1.O=C(O)C(F)(F)F,LEISHMANIASIS,4.68251966496968,Trypanothione reductase,<rdkit.Chem.rdchem.Mol object at 0x0000021ACD9645F0>,[0 0 0 ... 0 0 0],c1ccc(-c2ccc(CCc3csc(-c4ccc(-n5ccnn5)cc4)n3)cc2)cc1,623.7010000000004,6.7663000000000055,2,8,116.15000000000002,11,False
CHEMBL4868524,CC(=O)Oc1ccc2c(c1)C(=O)C=CC2=O,LEISHMANIASIS,4.0,DNA topoisomerase,<rdkit.Chem.rdchem.Mol object at 0x0000021ACD964580>,[0 0 0 ... 0 0 0],O=C1C=CC(=O)c2ccccc21,216.19199999999998,1.5471,0,4,60.440000000000005,1,True
CHEMBL4864033,CC(C)Oc1csc(-c2ccc(-n3cc(CCCCN)nn3)cc2OCCN2CCNC2=O)n1.O=C(O)C(F)(F)F,LEISHMANIASIS,4.194271117165829,Trypanothione reductase,<rdkit.Chem.rdchem.Mol object at 0x0000021ACD964510>,[0 1 0 ... 0 0 0],O=C1NCCN1CCOc1cc(-n2ccnn2)ccc1-c1nccs1,599.6360000000005,3.4967000000000006,3,10,157.72,12,False
CHEMBL4868344,CCCCc1cn(-c2ccc(-c3nc(CCc4ccccc4)cs3)c(OCCN3CCNC3=O)c2)nn1,LEISHMANIASIS,4.1249387366083,Trypanothione reductase,<rdkit.Chem.rdchem.Mol object at 0x0000021ACD9644A0>,[0 0 0 ... 0 0 0],O=C1NCCN1CCOc1cc(-n2ccnn2)ccc1-c1nc(CCc2ccccc2)cs1,516.6710000000003,4.9226000000000045,1,7,85.17,12,False
CHEMBL4870551,N#CC1=C(N)Oc2c(c(=O)oc3ccccc23)C1c1cnc2ccccc2c1,LEISHMANIASIS,4.778325002929231,DNA topoisomerase,<rdkit.Chem.rdchem.Mol object at 0x0000021ACD964430>,[0 0 0 ... 0 0 0],O=c1oc2ccccc2c2c1C(c1cnc3ccccc3c1)C=CO2,367.3640000000001,3.5593800000000018,1,6,102.14000000000001,1,True
CHEMBL4863049,COC(=O)[C@H](CC(C)C)NC(=O)[C@H](CO[C@H]1O[C@@H]2O[C@@]3(C)CC[C@H]4[C@H](C)CC[C@@H]([C@H]1C)[C@@]24OO3)NC(=O)OCc1ccccc1,LEISHMANIASIS,4.0,Cysteine protease,<rdkit.Chem.rdchem.Mol object at 0x0000021ACD9643C0>,[0 1 0 ... 0 0 0],O=C(NCCOC1CC2CCCC3CCC4OOC32C(O1)O4)OCc1ccccc1,632.7510000000003,4.209900000000003,2,10,139.88,11,False
CHEMBL4803128,COC(=O)[C@@H](C)NC(=O)c1ccc(NC(=O)c2[nH]c(C)c(Cl)c2Cl)c(OC2CCNCC2)c1,LEISHMANIASIS,4.346787486224656,DNA topoisomerase,<rdkit.Chem.rdchem.Mol object at 0x0000021ACD964350>,[0 1 0 ... 0 0 0],O=C(Nc1ccccc1OC1CCNCC1)c1ccc[nH]1,497.3790000000003,3.3043200000000015,4,6,121.55,7,True
CHEMBL4864715,N#CC1=C(N)Oc2c(c(=O)oc3ccccc23)C1c1cc2ccccc2s1,LEISHMANIASIS,4.988006885340743,DNA topoisomerase,<rdkit.Chem.rdchem.Mol object at 0x0000021ACD9642E0>,[0 0 0 ... 0 0 0],O=c1oc2ccccc2c2c1C(c1cc3ccccc3s1)C=CO2,372.4050000000001,4.225880000000002,1,6,89.25000000000001,1,True
CHEMBL1096926,CN(C)C(=S)N/N=C/c1ccc2ccccc2n1,LEISHMANIASIS,4.73754891026957,DNA topoisomerase,<rdkit.Chem.rdchem.Mol object at 0x0000021ACD964270>,[0 0 0 ... 0 0 0],c1ccc2ncccc2c1,258.35,2.0048000000000004,1,3,40.519999999999996,2,True
CHEMBL1095350,C[C@H]1[C@H](C)CC[C@]2(C(=O)O[C@@H]3O[C@H](CO)[C@@H](O)[C@H](O)[C@H]3O)CC[C@]3(C(=O)O)C(=CC[C@@H]4[C@@]5(C)CC[C@H](O[C@H]6O[C@@H](C)[C@H](O)[C@@H](O)[C@@H]6O)C(C)(C)[C@@H]5CC[C@]43C)[C@H]12,LEISHMANIASIS,3.6020599913279625,DNA topoisomerase,<rdkit.Chem.rdchem.Mol object at 0x0000021ACD964200>,[0 0 0 ... 0 0 0],O=C(OC1CCCCO1)C12CCCCC1C1=CCC3C4CCC(OC5CCCCO5)CC4CCC3C1CC2,794.9760000000003,2.2645000000000017,8,13,232.89999999999995,6,False
CHEMBL1098695,CN1C2CCC1CC(=NOC(c1ccccc1)c1ccc(Cl)cc1)C2,LEISHMANIASIS,4.468709007885918,Trypanothione reductase,<rdkit.Chem.rdchem.Mol object at 0x0000021ACD964190>,[0 1 0 ... 0 0 0],c1ccc(C(ON=C2CC3CCC(C2)N3)c2ccccc2)cc1,354.8810000000001,5.058600000000005,0,3,24.83,4,False
CHEMBL4868156,NCCCCc1cn(-c2ccc(-c3nc(-c4ccccc4)cs3)c(OCCN3CCNC3=O)c2)nn1.O=C(O)C(F)(F)F,LEISHMANIASIS,4.903089986991944,Trypanothione reductase,<rdkit.Chem.rdchem.Mol object at 0x0000021ACD964120>,[0 0 0 ... 0 0 0],O=C1NCCN1CCOc1cc(-n2ccnn2)ccc1-c1nc(-c2ccccc2)cs1,617.6540000000005,4.376500000000004,3,9,148.48999999999998,11,False
CHEMBL4869807,CCOP(=O)(/C=C/C(NC(=O)[C@H](CC(C)C)NC(=O)[C@H](CO[C@H]1O[C@@H]2O[C@@]3(C)CC[C@H]4[C@H](C)CC[C@@H]([C@H]1C)[C@@]24OO3)NC(=O)OCc1ccccc1)c1ccccc1)OCC,LEISHMANIASIS,5.364562800363451,Cysteine protease,<rdkit.Chem.rdchem.Mol object at 0x0000021ACD9640B0>,[0 1 0 ... 0 0 0],O=C(CNC(=O)C(COC1CC2CCCC3CCC4OOC32C(O1)O4)NC(=O)OCc1ccccc1)NCc1ccccc1,869.9900000000002,7.674200000000008,3,12,178.20999999999998,19,False
CHEMBL4870974,CCOP(=O)(/C=C/C(NC(=O)[C@H](CO[C@H]1O[C@@H]2O[C@@]3(C)CC[C@H]4[C@H](C)CC[C@@H]([C@H]1C)[C@@]24OO3)NC(=O)OCc1ccccc1)c1ccccc1)OCC,LEISHMANIASIS,4.0,Cysteine protease,<rdkit.Chem.rdchem.Mol object at 0x0000021ACD964040>,[0 1 0 ... 0 0 0],O=C(NC(COC1CC2CCCC3CCC4OOC32C(O1)O4)C(=O)NCc1ccccc1)OCc1ccccc1,756.8300000000003,7.143300000000009,2,11,149.10999999999999,15,False
CHEMBL4871791,CCOP(=O)(/C=C/[C@H](NC(=O)[C@H](Cc1ccccc1)NC(=O)[C@H](CO[C@H]1O[C@@H]2O[C@@]3(C)CC[C@H]4[C@H](C)CC[C@@H]([C@H]1C)[C@@]24OO3)NC(=O)OCc1ccccc1)c1ccccc1)OCC,LEISHMANIASIS,4.937221633978932,Cysteine protease,<rdkit.Chem.rdchem.Mol object at 0x0000021ACD963F40>,[0 1 0 ... 0 0 0],O=C(NC(COC1CC2CCCC3CCC4OOC32C(O1)O4)C(=O)NC(Cc1ccccc1)C(=O)NCc1ccccc1)OCc1ccccc1,904.007,7.870800000000008,3,12,178.20999999999998,19,False
CHEMBL1094680,C/C=C(/C)C(=O)O[C@H]1[C@H](OC(=O)C(C)CC)[C@]2(CO)[C@H](O)C[C@]3(C)C(=CC[C@@H]4[C@@]5(C)CC[C@H](O)C(C)(C)[C@@H]5CC[C@]43C)[C@@H]2CC1(C)C,LEISHMANIASIS,3.6020599913279625,DNA topoisomerase,<rdkit.Chem.rdchem.Mol object at 0x0000021ACD963ED0>,[0 1 0 ... 0 0 0],C1=C2C3CCCCC3CCC2C2CCC3CCCCC3C2C1,656.9449999999999,7.1678000000000095,3,7,113.29,6,False
CHEMBL4872660,N#Cc1ccc(-n2cc(CCCCN)nn2)cc1OCCN1CCNC1=O.O=C(O)C(F)(F)F.O=C(O)C(F)(F)F,LEISHMANIASIS,4.1249387366083,Trypanothione reductase,<rdkit.Chem.rdchem.Mol object at 0x0000021ACD963E60>,[0 0 0 ... 0 0 0],O=C1NCCN1CCOc1cccc(-n2ccnn2)c1,597.4730000000004,2.0909799999999996,4,9,196.68999999999997,9,False
CHEMBL4864964,NCCCCc1cn(-c2ccc(-c3nc(-c4ccc(Oc5ccccc5)cc4)c(-c4ccccc4)s3)c(OCCN3CCNC3=O)c2)nn1.O=C(O)C(F)(F)F,LEISHMANIASIS,4.9089353929735005,Trypanothione reductase,<rdkit.Chem.rdchem.Mol object at 0x0000021ACD963DF0>,[0 0 0 ... 0 0 0],O=C1NCCN1CCOc1cc(-n2ccnn2)ccc1-c1nc(-c2ccc(Oc3ccccc3)cc2)c(-c2ccccc2)s1,785.8489999999999,7.835800000000008,3,10,157.72,14,False
CHEMBL1094674,C/C=C(/C)C(=O)O[C@H]1[C@H](OC(=O)/C(C)=C\C)[C@]2(CO)[C@H](O)[C@H](O)[C@]3(C)C(=CC[C@@H]4[C@@]5(C)CC[C@H](O[C@@H]6O[C@H](C(=O)O)[C@@H](O)[C@H](O[C@@H]7O[C@@H](CO)[C@H](O)[C@H]7O)[C@H]6O[C@@H]6O[C@H](CO)[C@H](O)[C@H](O)[C@H]6O)C(C)(C)[C@@H]5CC[C@]43C)[C@@H]2CC1(C)C,LEISHMANIASIS,4.485452247339714,DNA topoisomerase,<rdkit.Chem.rdchem.Mol object at 0x0000021ACD963D80>,[0 0 0 ... 0 0 0],C1=C2C3CCCCC3CCC2C2CCC3CC(OC4OCCC(OC5CCCO5)C4OC4CCCCO4)CCC3C2C1,1141.3080000000004,0.26270000000001237,12,22,367.81000000000006,14,False
CHEMBL4868442,CCOP(=O)(/C=C/[C@@H](NC(=O)[C@H](Cc1ccccc1)NC(=O)[C@H](CO[C@H]1O[C@@H]2O[C@@]3(C)CC[C@H]4[C@H](C)CC[C@@H]([C@H]1C)[C@@]24OO3)NC(=O)OCc1ccccc1)c1ccccc1)OCC,LEISHMANIASIS,5.48923170212235,Cysteine protease,<rdkit.Chem.rdchem.Mol object at 0x0000021ACD963D10>,[0 1 0 ... 0 0 0],O=C(NC(COC1CC2CCCC3CCC4OOC32C(O1)O4)C(=O)NC(Cc1ccccc1)C(=O)NCc1ccccc1)OCc1ccccc1,904.007,7.870800000000008,3,12,178.20999999999998,19,False
CHEMBL1095014,C/C=C(/C)C(=O)O[C@H]1[C@H](O)[C@]2(CO)[C@H](O)C[C@]3(C)C(=CC[C@@H]4[C@@]5(C)CC[C@H](O[C@@H]6O[C@H](C(=O)O)[C@@H](O)[C@H](O[C@@H]7O[C@@H](CO)[C@H](O)[C@H]7O)[C@H]6O[C@@H]6O[C@H](CO)[C@H](O)[C@H](O)[C@H]6O)C(C)(C)[C@@H]5CC[C@]43C)[C@@H]2CC1(C)C,LEISHMANIASIS,3.956637721978871,DNA topoisomerase,<rdkit.Chem.rdchem.Mol object at 0x0000021ACD963CA0>,[0 0 0 ... 0 0 0],C1=C2C3CCCCC3CCC2C2CCC3CC(OC4OCCC(OC5CCCO5)C4OC4CCCCO4)CCC3C2C1,1043.207,-0.2251999999999883,12,20,341.51,12,False
CHEMBL1095016,C/C=C(/C)C(=O)O[C@H]1[C@H](O)[C@]2(CO)[C@H](O)C[C@]3(C)C(=CC[C@@H]4[C@@]5(C)CC[C@H](O[C@@H]6O[C@H](C(=O)O)[C@@H](O)[C@H](O[C@@H]7O[C@@H](CO)[C@H](O)[C@H]7O)[C@H]6O)[C@](C)(CO)[C@@H]5CC[C@]43C)[C@@H]2CC1(C)C,LEISHMANIASIS,4.623423042943488,DNA topoisomerase,<rdkit.Chem.rdchem.Mol object at 0x0000021ACD963C30>,[0 0 0 ... 0 0 0],C1=C2C3CCCCC3CCC2C2CCC3CC(OC4CC(OC5CCCO5)CCO4)CCC3C2C1,897.0650000000002,0.9230000000000047,10,16,282.59,10,False
CHEMBL609096,O=C(CCN1CCN2CCCCC2C1)N1c2ccccc2Sc2ccc(Cl)cc21,LEISHMANIASIS,4.473603027458516,Trypanothione reductase,<rdkit.Chem.rdchem.Mol object at 0x0000021ACD963BC0>,[0 0 0 ... 0 0 0],O=C(CCN1CCN2CCCCC2C1)N1c2ccccc2Sc2ccccc21,428.00100000000015,5.029500000000004,0,4,26.790000000000006,3,False
CHEMBL4869150,Cc1cc2occ(-c3nc(-c4ccccc4)c(-c4ccccc4)n3-c3ccc(Cl)c(Cl)c3)c(=O)c2cc1Cl,LEISHMANIASIS,4.399244850360382,DNA topoisomerase,<rdkit.Chem.rdchem.Mol object at 0x0000021ACD963B50>,[0 0 0 ... 0 0 0],O=c1c(-c2nc(-c3ccccc3)c(-c3ccccc3)n2-c2ccccc2)coc2ccccc12,557.8640000000001,9.248319999999996,0,4,48.03,4,False
CHEMBL1095017,C/C=C(/C)C(=O)O[C@H]1[C@H](O)[C@]2(CO)[C@H](O)C[C@]3(C)C(=CC[C@@H]4[C@@]5(C)CC[C@H](O)[C@](C)(CO)[C@@H]5CC[C@]43C)[C@@H]2CC1(C)C,LEISHMANIASIS,3.6020599913279625,DNA topoisomerase,<rdkit.Chem.rdchem.Mol object at 0x0000021ACD963AE0>,[0 0 0 ... 0 0 0],C1=C2C3CCCCC3CCC2C2CCC3CCCCC3C2C1,588.8260000000002,4.543200000000004,5,7,127.45000000000002,4,False
CHEMBL1097033,C[C@H]1[C@H](C)CC[C@]2(C(=O)O)CC[C@]3(C(=O)O)C(=CC[C@@H]4[C@@]5(C)C[C@@H](O)[C@H](O)C(C)(C)[C@@H]5CC[C@]43C)[C@H]12,LEISHMANIASIS,3.6020599913279625,DNA topoisomerase,<rdkit.Chem.rdchem.Mol object at 0x0000021ACD963A70>,[0 0 0 ... 0 0 0],C1=C2C3CCCCC3CCC2C2CCC3CCCCC3C2C1,502.69200000000035,5.125000000000005,4,4,115.06,2,False
CHEMBL1095018,C/C=C(/C)C(=O)O[C@H]1[C@H](O)C(C)(C)C[C@H]2C3=CC[C@@H]4[C@@]5(C)CC[C@H](O[C@@H]6O[C@H](C(=O)O)[C@@H](O)[C@H](O[C@@H]7OC[C@@H](O)[C@H](O)[C@H]7O)[C@H]6O[C@@H]6O[C@H](CO)[C@@H](O)[C@H](O)[C@H]6O)C(C)(C)[C@@H]5CC[C@@]4(C)[C@]3(C)C[C@@H](O)[C@]21CO,LEISHMANIASIS,3.6020599913279625,DNA topoisomerase,<rdkit.Chem.rdchem.Mol object at 0x0000021ACD963A00>,[0 0 0 ... 0 0 0],C1=C2C3CCCCC3CCC2C2CCC3CC(OC4OCCC(OC5CCCCO5)C4OC4CCCCO4)CCC3C2C1,1043.2070000000003,-0.22519999999999085,12,20,341.51,11,False
CHEMBL4878037,N#CC1=C(N)Oc2c(c(=O)oc3ccccc23)C1c1c[nH]c2ccccc12,LEISHMANIASIS,4.907279355315901,DNA topoisomerase,<rdkit.Chem.rdchem.Mol object at 0x0000021ACD963990>,[0 0 0 ... 0 0 0],O=c1oc2ccccc2c2c1C(c1c[nH]c3ccccc13)C=CO2,355.35300000000007,3.4924800000000014,2,5,105.04000000000002,1,True
CHEMBL4879027,NCCCCc1cn(-c2ccc(-c3nc(-c4ccc(-c5ccccc5)cc4)c(-c4ccccc4)s3)c(OCCN3CCNC3=O)c2)nn1.O=C(O)C(F)(F)F,LEISHMANIASIS,4.841051866753522,Trypanothione reductase,<rdkit.Chem.rdchem.Mol object at 0x0000021ACD963920>,[0 0 0 ... 0 0 0],O=C1NCCN1CCOc1cc(-n2ccnn2)ccc1-c1nc(-c2ccc(-c3ccccc3)cc2)c(-c2ccccc2)s1,769.8499999999999,7.710500000000008,3,9,148.48999999999998,13,False
CHEMBL4874521,CCCC[C@@H](NC(=O)[C@H](CCCCN)NC(=O)[C@@H](CCCC)NC(=O)[C@H](CO)NC(=O)[C@@H](NC(=O)CNC(=O)[C@@H](NC(=O)[C@H](CO)NC(=O)[C@H](CCC(N)=O)NC(=O)[C@@H](NC(=O)[C@@H](NC(=O)[C@H](CCCCN)NC(=O)[C@@H]1CCCN1)[C@@H](C)CC)[C@@H](C)CC)C(C)C)[C@@H](C)CC)C(N)=O,LEISHMANIASIS,5.489405350465031,Trypanothione reductase,<rdkit.Chem.rdchem.Mol object at 0x0000021ACD9638B0>,[0 1 0 ... 0 0 0],C1CCNC1,1394.769999999999,-3.644499999999967,19,19,539.9099999999997,51,False
CHEMBL4874528,O=C1C=CC(=O)c2cc(Oc3ccco3)ccc21,LEISHMANIASIS,4.0,DNA topoisomerase,<rdkit.Chem.rdchem.Mol object at 0x0000021ACD963840>,[0 0 0 ... 0 0 0],O=C1C=CC(=O)c2cc(Oc3ccco3)ccc21,240.214,3.007100000000001,0,4,56.510000000000005,2,True
CHEMBL1094673,C/C=C(/C)C(=O)O[C@H]1[C@H](OC(=O)/C(C)=C\C)[C@]2(CO)[C@H](O)C[C@]3(C)C(=CC[C@@H]4[C@@]5(C)CC[C@H](O)[C@](C)(CO)[C@@H]5CC[C@]43C)[C@@H]2CC1(C)C,LEISHMANIASIS,3.6020599913279625,DNA topoisomerase,<rdkit.Chem.rdchem.Mol object at 0x0000021ACD9637D0>,[0 0 0 ... 0 0 0],C1=C2C3CCCCC3CCC2C2CCC3CCCCC3C2C1,670.928,6.060300000000007,4,8,133.52,6,False
CHEMBL1095007,CC(C)=CCC[C@](C)(O[C@@H]1O[C@H](CO)[C@@H](O)[C@H](O)[C@H]1O)[C@H]1CC[C@]2(C)[C@@H]1[C@H](O)C[C@@H]1[C@@]3(C)CC[C@H](O[C@@H]4O[C@H](CO)[C@@H](O)[C@H](O)[C@H]4O)C(C)(C)[C@@H]3CC[C@]12C,LEISHMANIASIS,3.6020599913279625,DNA topoisomerase,<rdkit.Chem.rdchem.Mol object at 0x0000021ACD963760>,[0 0 0 ... 0 0 0],C1CCC(OCC2CCC3C2CCC2C4CCC(OC5CCCCO5)CC4CCC32)OC1,785.0250000000003,2.149000000000001,9,13,218.98999999999995,10,False
CHEMBL4874435,NCCCCc1cn(-c2ccc(-c3nc(CCc4ccc(Oc5ccccc5)cc4)c(-c4ccccc4)s3)c(OCCN3CCNC3=O)c2)nn1.O=C(O)C(F)(F)F,LEISHMANIASIS,4.9441839441457,Trypanothione reductase,<rdkit.Chem.rdchem.Mol object at 0x0000021ACD9636F0>,[0 0 0 ... 0 0 0],O=C1NCCN1CCOc1cc(-n2ccnn2)ccc1-c1nc(CCc2ccc(Oc3ccccc3)cc2)c(-c2ccccc2)s1,813.9029999999998,7.954000000000009,3,10,157.72,16,False
CHEMBL4879323,NCCCCc1cn(-c2ccc(-c3nc(CCc4ccccc4)cs3)c(OCCN3CCNC3=O)c2)nn1.O=C(O)C(F)(F)F,LEISHMANIASIS,4.835647144215563,Trypanothione reductase,<rdkit.Chem.rdchem.Mol object at 0x0000021ACD963680>,[0 0 0 ... 0 0 0],O=C1NCCN1CCOc1cc(-n2ccnn2)ccc1-c1nc(CCc2ccccc2)cs1,645.7080000000003,4.4947000000000035,3,9,148.48999999999998,13,False
CHEMBL608846,CN(CC(=O)Nc1ccccc1Sc1ccccc1)C1CCCCC1,LEISHMANIASIS,4.289159381216786,Trypanothione reductase,<rdkit.Chem.rdchem.Mol object at 0x0000021ACD963610>,[0 0 1 ... 0 0 0],O=C(CNC1CCCCC1)Nc1ccccc1Sc1ccccc1,354.51900000000023,5.040800000000004,1,3,32.34,6,False
CHEMBL608849,CCN1CCN(C2Cc3ccccc3Sc3ccc(Cl)cc32)CC1,LEISHMANIASIS,4.489902255123402,Trypanothione reductase,<rdkit.Chem.rdchem.Mol object at 0x0000021ACD9635A0>,[0 0 0 ... 0 0 0],c1ccc2c(c1)CC(N1CCNCC1)c1ccccc1S2,358.93800000000016,4.7259000000000055,0,3,6.48,2,True
CHEMBL1094676,C/C=C(/C)C(=O)O[C@H]1[C@H](OC(=O)/C(C)=C\C)[C@]2(CO)[C@H](O)C[C@]3(C)C(=CC[C@@H]4[C@@]5(C)CC[C@H](O)C(C)(C)[C@@H]5CC[C@]43C)[C@@H]2CC1(C)C,LEISHMANIASIS,3.6020599913279625,DNA topoisomerase,<rdkit.Chem.rdchem.Mol object at 0x0000021ACD963530>,[0 0 0 ... 0 0 0],C1=C2C3CCCCC3CCC2C2CCC3CCCCC3C2C1,654.929,7.08790000000001,3,7,113.29,5,False
CHEMBL1078675,Cc1nc(-c2ccccc2)sc1C(=O)N[C@H](/C=C/S(=O)(=O)c1ccccc1)CCc1ccccc1,LEISHMANIASIS,4.0,Cysteine protease,<rdkit.Chem.rdchem.Mol object at 0x0000021ACD9634C0>,[0 1 0 ... 0 0 0],O=C(NC(C=CS(=O)(=O)c1ccccc1)CCc1ccccc1)c1cnc(-c2ccccc2)s1,502.66100000000023,5.837320000000005,1,5,76.13,9,False
CHEMBL4878679,O=C(O)CCCc1cn(-c2ccc(-c3nc(CCc4ccccc4)cs3)c(OCCN3CCNC3=O)c2)nn1,LEISHMANIASIS,4.1249387366083,Trypanothione reductase,<rdkit.Chem.rdchem.Mol object at 0x0000021ACD963450>,[0 0 0 ... 0 0 0],O=C1NCCN1CCOc1cc(-n2ccnn2)ccc1-c1nc(CCc2ccccc2)cs1,546.6530000000002,3.987300000000003,2,8,122.47,13,False
CHEMBL1096728,CC(C)=CC/C=C(/C)[C@H]1CC[C@]2(C)[C@@H]1[C@H](O)C[C@@H]1[C@@]3(C)CC[C@H](O)C(C)(C)[C@@H]3[C@@H](O)C[C@]12C,LEISHMANIASIS,3.6020599913279625,DNA topoisomerase,<rdkit.Chem.rdchem.Mol object at 0x0000021ACD9633E0>,[0 0 0 ... 0 0 0],C1CCC2C(C1)CCC1C3CCCC3CCC21,458.72700000000026,6.276600000000007,3,3,60.69,3,False
CHEMBL1078178,N#CCNC(=O)c1ccc(-c2ccnc(Nc3ccc(N4CCOCC4)cc3)n2)cc1,LEISHMANIASIS,4.522878745280337,DNA topoisomerase,<rdkit.Chem.rdchem.Mol object at 0x0000021ACD963370>,[0 0 0 ... 0 0 0],c1ccc(-c2ccnc(Nc3ccc(N4CCOCC4)cc3)n2)cc1,414.4690000000002,2.9771800000000015,2,7,103.17,6,True
CHEMBL4875317,O=C(Oc1cccc2c1C(=O)C=CC2=O)c1ccccc1,LEISHMANIASIS,4.043063586155804,DNA topoisomerase,<rdkit.Chem.rdchem.Mol object at 0x0000021ACD963300>,[0 0 0 ... 0 0 0],O=C(Oc1cccc2c1C(=O)C=CC2=O)c1ccccc1,278.263,2.841000000000001,0,4,60.440000000000005,2,True
CHEMBL1078981,O=C(N[C@H](/C=C/S(=O)(=O)c1ccccc1)CCc1ccccc1)c1cc(-c2ccncc2)no1,LEISHMANIASIS,4.0,Cysteine protease,<rdkit.Chem.rdchem.Mol object at 0x0000021ACD963290>,[0 1 0 ... 0 0 0],O=C(NC(C=CS(=O)(=O)c1ccccc1)CCc1ccccc1)c1cc(-c2ccncc2)no1,473.55400000000014,4.455400000000004,1,6,102.16,9,True
CHEMBL1836611,CC1=Nc2ccc(Cl)cc2C(O)(c2ccc(C)cc2)N1CCN1CCCCC1,LEISHMANIASIS,6.1487416512809245,Trypanothione reductase,<rdkit.Chem.rdchem.Mol object at 0x0000021ACD963220>,[0 0 1 ... 0 0 0],C1=Nc2ccccc2C(c2ccccc2)N1CCN1CCCCC1,397.9500000000003,4.693220000000005,1,4,39.07000000000001,4,True
CHEMBL217092,CN1CCN(CCOc2cc(OC3CCOCC3)c3c(Nc4c(Cl)ccc5c4OCO5)ncnc3c2)CC1,LEISHMANIASIS,4.522878745280337,DNA topoisomerase,<rdkit.Chem.rdchem.Mol object at 0x0000021ACD9631B0>,[0 0 0 ... 0 0 0],c1cc(Nc2ncnc3cc(OCCN4CCNCC4)cc(OC4CCOCC4)c23)c2c(c1)OCO2,542.0360000000002,3.9395000000000024,1,10,90.44000000000001,8,False
CHEMBL1836553,O=C1CN2C(=Nc3ccc(Br)cc3C2c2ccccc2)CCN1,LEISHMANIASIS,4.4089353929735005,Trypanothione reductase,<rdkit.Chem.rdchem.Mol object at 0x0000021ACD963140>,[0 0 0 ... 0 0 0],O=C1CN2C(=Nc3ccccc3C2c2ccccc2)CCN1,370.2500000000001,3.4040000000000017,1,3,44.7,1,True
CHEMBL1836554,COC(=O)CN1C(C)=Nc2ccc(Br)cc2C1c1ccccc1,LEISHMANIASIS,4.944368743170467,Trypanothione reductase,<rdkit.Chem.rdchem.Mol object at 0x0000021ACD9630D0>,[0 0 0 ... 0 0 0],C1=Nc2ccccc2C(c2ccccc2)N1,373.2500000000001,4.077000000000003,0,4,41.9,3,True
CHEMBL1836519,O=c1nc(SCc2ccccc2)nc(SCC2CCCCC2)[nH]1,LEISHMANIASIS,3.0,DNA topoisomerase,<rdkit.Chem.rdchem.Mol object at 0x0000021ACD963060>,[1 0 1 ... 0 0 0],O=c1nc(SCc2ccccc2)nc(SCC2CCCCC2)[nH]1,347.5090000000002,4.129600000000003,1,5,58.64,6,True
CHEMBL1836520,COc1nc(OC)nc(Sc2ccccc2C(=O)O)n1,LEISHMANIASIS,3.0,DNA topoisomerase,<rdkit.Chem.rdchem.Mol object at 0x0000021ACD962FF0>,[0 0 0 ... 0 0 0],c1ccc(Sc2ncncn2)cc1,293.30400000000003,1.7382,1,7,94.43,5,True
CHEMBL1836521,COc1nc(Nc2ccccc2C(=O)O)nc(OC)n1,LEISHMANIASIS,3.0,DNA topoisomerase,<rdkit.Chem.rdchem.Mol object at 0x0000021ACD962F80>,[0 0 0 ... 0 0 0],c1ccc(Nc2ncncn2)cc1,276.252,1.3306,2,7,106.46000000000001,5,True
CHEMBL1836616,CC1=Nc2ccc(Cl)cc2C(c2cccc(Cl)c2)N1CCN1CCCCC1,LEISHMANIASIS,5.920818753952375,Trypanothione reductase,<rdkit.Chem.rdchem.Mol object at 0x0000021ACD962F10>,[0 0 1 ... 0 0 0],C1=Nc2ccccc2C(c2ccccc2)N1CCN1CCCCC1,402.3690000000003,5.934200000000006,0,3,18.84,4,False
CHEMBL1836512,CCCSc1nc(SCc2ccccc2)nc(=O)[nH]1,LEISHMANIASIS,3.0,DNA topoisomerase,<rdkit.Chem.rdchem.Mol object at 0x0000021ACD962EA0>,[0 0 0 ... 0 0 0],O=c1nc(SCc2ccccc2)nc[nH]1,293.41700000000003,2.9593000000000007,1,5,58.64,6,True
CHEMBL1836513,CCCCSc1nc(SCc2ccccc2)nc(=O)[nH]1,LEISHMANIASIS,3.629486910401408,DNA topoisomerase,<rdkit.Chem.rdchem.Mol object at 0x0000021ACD962E30>,[0 0 0 ... 0 0 0],O=c1nc(SCc2ccccc2)nc[nH]1,307.444,3.349400000000002,1,5,58.64,7,True
CHEMBL1836530,OCCc1ccccc1Nc1nc(Cl)nc(Cl)n1,LEISHMANIASIS,3.0,DNA topoisomerase,<rdkit.Chem.rdchem.Mol object at 0x0000021ACD962DC0>,[0 0 0 ... 0 0 0],c1ccc(Nc2ncncn2)cc1,285.13399999999996,2.4567999999999994,2,5,70.93,4,True
CHEMBL1095351,C[C@H]1[C@H](C)CC[C@]2(C(=O)O)CC[C@]3(C(=O)O)C(=CC[C@@H]4[C@@]5(C)CC[C@H](O[C@H]6O[C@@H](C)[C@H](O)[C@@H](O)[C@H]6O)C(C)(C)[C@@H]5CC[C@]43C)[C@H]12,LEISHMANIASIS,3.6020599913279625,DNA topoisomerase,<rdkit.Chem.rdchem.Mol object at 0x0000021ACD962D50>,[0 0 0 ... 0 0 0],C1=C2C3CCCCC3CCC2C2CCC3CC(OC4CCCCO4)CCC3C2C1,632.835,5.006000000000005,5,7,153.75,4,False
CHEMBL1836617,CC1=Nc2ccc(Cl)cc2C(c2cccc(C)c2)N1CCN1CCCCC1,LEISHMANIASIS,5.337242168318426,Trypanothione reductase,<rdkit.Chem.rdchem.Mol object at 0x0000021ACD962CE0>,[0 0 1 ... 0 0 0],C1=Nc2ccccc2C(c2ccccc2)N1CCN1CCCCC1,381.9510000000003,5.589220000000006,0,3,18.84,4,False
CHEMBL1836465,O=c1nc(SCc2ccccc2)nc(SCc2ccc(F)cc2)[nH]1,LEISHMANIASIS,3.833866029694891,DNA topoisomerase,<rdkit.Chem.rdchem.Mol object at 0x0000021ACD962C70>,[0 0 0 ... 0 0 0],O=c1nc(SCc2ccccc2)nc(SCc2ccccc2)[nH]1,359.451,3.888600000000002,1,5,58.64,6,True
CHEMBL1095340,C/C=C(\C)C(=O)O[C@H]1[C@H](OC(C)=O)[C@]2(CO)[C@H](O)[C@H](O)[C@]3(C)C(=CC[C@@H]4[C@@]5(C)CC[C@H](O[C@@H]6O[C@H](C(=O)O)[C@@H](O)[C@H](O[C@@H]7O[C@@H](CO)[C@H](O)[C@H]7O)[C@H]6O[C@@H]6O[C@H](CO)[C@H](O)[C@H](O)[C@H]6O)C(C)(C)[C@@H]5CC[C@]43C)[C@@H]2CC1(C)C,LEISHMANIASIS,3.6020599913279625,DNA topoisomerase,<rdkit.Chem.rdchem.Mol object at 0x0000021ACD962C00>,[0 0 0 ... 0 0 0],C1=C2C3CCCCC3CCC2C2CCC3CC(OC4OCCC(OC5CCCO5)C4OC4CCCCO4)CCC3C2C1,1101.2430000000002,-0.6835999999999884,12,22,367.81000000000006,13,False
CHEMBL1836462,COc1ccc(CSc2nc(SCc3ccccc3)nc(=O)[nH]2)cc1,LEISHMANIASIS,3.0,DNA topoisomerase,<rdkit.Chem.rdchem.Mol object at 0x0000021ACD962B90>,[0 0 0 ... 0 0 0],O=c1nc(SCc2ccccc2)nc(SCc2ccccc2)[nH]1,371.487,3.7581000000000024,1,6,67.87,7,True
CHEMBL1836379,CC1=Nc2ccc(Cl)cc2C(c2ccccc2)N1CCN(C)C,LEISHMANIASIS,5.455931955649724,Trypanothione reductase,<rdkit.Chem.rdchem.Mol object at 0x0000021ACD962B20>,[0 0 0 ... 0 0 0],C1=Nc2ccccc2C(c2ccccc2)N1,327.85900000000015,4.356500000000005,0,3,18.84,4,True
CHEMBL1836539,Cc1ccc(-c2nc(S)[nH]c(=O)n2)cc1,LEISHMANIASIS,3.0,DNA topoisomerase,<rdkit.Chem.rdchem.Mol object at 0x0000021ACD962AB0>,[0 0 0 ... 0 0 0],O=c1nc(-c2ccccc2)nc[nH]1,219.26900000000003,1.4290199999999997,2,4,58.64,1,True
CHEMBL1079162,O=C(N[C@H](/C=C/S(=O)(=O)c1ccccc1)CCc1ccccc1)[C@@H]1CCCC[C@H]1C(=O)c1ccc(Cl)cc1,LEISHMANIASIS,4.795880017344075,Cysteine protease,<rdkit.Chem.rdchem.Mol object at 0x0000021ACD962A40>,[0 1 0 ... 0 0 0],O=C(NC(C=CS(=O)(=O)c1ccccc1)CCc1ccccc1)C1CCCCC1C(=O)c1ccccc1,550.1200000000003,6.434300000000007,1,4,80.31,10,False
CHEMBL1097034,C=C(C)[C@@H]1CC[C@]2(C)CC[C@]3(C)[C@@H](CC[C@@H]4[C@@]5(C)CC[C@H](OC(C)=O)C(C)(C)[C@@H]5CC[C@]43C)[C@H]12,LEISHMANIASIS,3.6020599913279625,DNA topoisomerase,<rdkit.Chem.rdchem.Mol object at 0x0000021ACD9629D0>,[0 0 0 ... 0 0 0],C1CCC2C(C1)CCC1C2CCC2C3CCCC3CCC21,468.76600000000036,8.595600000000006,0,2,26.3,2,False
CHEMBL1836463,O=c1nc(SCc2ccccc2)nc(SCc2ccccc2F)[nH]1,LEISHMANIASIS,4.139661993429006,DNA topoisomerase,<rdkit.Chem.rdchem.Mol object at 0x0000021ACD962960>,[0 0 0 ... 0 0 0],O=c1nc(SCc2ccccc2)nc(SCc2ccccc2)[nH]1,359.451,3.888600000000002,1,5,58.64,6,True
CHEMBL1836529,CCc1ccccc1Nc1nc(Cl)nc(Cl)n1,LEISHMANIASIS,3.0,DNA topoisomerase,<rdkit.Chem.rdchem.Mol object at 0x0000021ACD9628F0>,[0 0 0 ... 0 0 0],c1ccc(Nc2ncncn2)cc1,269.135,3.4844000000000017,1,4,50.7,3,True
CHEMBL1836618,CC1=Nc2ccc(Cl)cc2C(c2ccc(C)c(C)c2)N1CCN1CCCCC1,LEISHMANIASIS,5.167491087293763,Trypanothione reductase,<rdkit.Chem.rdchem.Mol object at 0x0000021ACD962880>,[0 0 1 ... 0 0 0],C1=Nc2ccccc2C(c2ccccc2)N1CCN1CCCCC1,395.9780000000003,5.897640000000007,0,3,18.84,4,False
CHEMBL1078778,Cc1nc(-c2cccnc2)sc1C(=O)N[C@H](/C=C/S(=O)(=O)c1ccccc1)CCc1ccccc1,LEISHMANIASIS,4.0,Cysteine protease,<rdkit.Chem.rdchem.Mol object at 0x0000021ACD962810>,[0 1 0 ... 0 0 0],O=C(NC(C=CS(=O)(=O)c1ccccc1)CCc1ccccc1)c1cnc(-c2cccnc2)s1,503.6490000000002,5.232320000000005,1,6,89.02000000000001,9,False
CHEMBL1836555,COC(=O)CN1C(C)=Nc2ccc(Cl)cc2C1c1ccccc1,LEISHMANIASIS,5.026872146400302,Trypanothione reductase,<rdkit.Chem.rdchem.Mol object at 0x0000021ACD9627A0>,[0 0 0 ... 0 0 0],C1=Nc2ccccc2C(c2ccccc2)N1,328.79900000000004,3.967900000000003,0,4,41.9,3,True
CHEMBL1836525,O=C(O)c1ccccc1Sc1nc(Cl)nc(Cl)n1,LEISHMANIASIS,3.0,DNA topoisomerase,<rdkit.Chem.rdchem.Mol object at 0x0000021ACD962730>,[0 0 0 ... 0 0 0],c1ccc(Sc2ncncn2)cc1,302.142,3.027800000000001,1,5,75.97,3,True
CHEMBL1836524,COC(=O)c1ccccc1Oc1nc(OC)nc(OC)n1,LEISHMANIASIS,3.0,DNA topoisomerase,<rdkit.Chem.rdchem.Mol object at 0x0000021ACD9626C0>,[0 0 0 ... 0 0 0],c1ccc(Oc2ncncn2)cc1,291.263,1.4677,0,8,92.66000000000001,5,True
CHEMBL1836528,CC(C)(C)c1ccccc1Nc1nc(Cl)nc(Cl)n1,LEISHMANIASIS,3.0,DNA topoisomerase,<rdkit.Chem.rdchem.Mol object at 0x0000021ACD962650>,[0 0 0 ... 0 0 0],c1ccc(Nc2ncncn2)cc1,297.189,4.219500000000003,1,4,50.7,2,True
CHEMBL1836531,Clc1nc(Cl)nc(Nc2ccccc2Br)n1,LEISHMANIASIS,3.0,DNA topoisomerase,<rdkit.Chem.rdchem.Mol object at 0x0000021ACD9625E0>,[0 0 0 ... 0 0 0],c1ccc(Nc2ncncn2)cc1,319.97700000000003,3.6845000000000008,1,4,50.7,2,True
CHEMBL1090479,CCn1cc(-c2ccnc3[nH]c(-c4cccc(CN(C)C)c4)cc23)c(-c2ccc(NC(=O)N(C)C)cc2)n1,LEISHMANIASIS,4.522878745280337,DNA topoisomerase,<rdkit.Chem.rdchem.Mol object at 0x0000021ACD962570>,[0 0 0 ... 0 0 0],c1ccc(-c2cc3c(-c4c[nH]nc4-c4ccccc4)ccnc3[nH]2)cc1,507.6420000000003,5.935400000000006,2,5,82.08,7,False
CHEMBL1094686,C/C=C(/CC)C(=O)O[C@H]1[C@H](OC(C)=O)[C@]2(CO)[C@H](O)[C@H](O)[C@]3(C)C(=CC[C@@H]4[C@@]5(C)CC[C@H](O[C@@H]6O[C@H](C(=O)O)[C@@H](O)[C@H](O[C@@H]7OC[C@H](O)[C@H](O)[C@H]7O)[C@H]6O[C@@H]6O[C@H](CO)[C@@H](O)[C@H](O)[C@H]6O)C(C)(C)[C@@H]5CC[C@]43C)[C@@H]2CC1(C)C,LEISHMANIASIS,3.6020599913279625,DNA topoisomerase,<rdkit.Chem.rdchem.Mol object at 0x0000021ACD962500>,[0 0 0 ... 0 0 0],C1=C2C3CCCCC3CCC2C2CCC3CC(OC4OCCC(OC5CCCCO5)C4OC4CCCCO4)CCC3C2C1,1115.2700000000002,-0.2934999999999879,12,22,367.81000000000006,13,False
CHEMBL1836517,O=c1nc(SCc2ccccc2)nc(SCC2CCC2)[nH]1,LEISHMANIASIS,3.0,DNA topoisomerase,<rdkit.Chem.rdchem.Mol object at 0x0000021ACD962490>,[1 0 0 ... 0 0 0],O=c1nc(SCc2ccccc2)nc(SCC2CCC2)[nH]1,319.4550000000001,3.349400000000002,1,5,58.64,6,True
CHEMBL1095026,C/C=C(\C)C(=O)O[C@H]1[C@H](OC(=O)/C(C)=C/C)[C@]2(CO)[C@H](O)[C@H](O)[C@]3(C)C(=CC[C@@H]4[C@@]5(C)CC[C@H](O[C@@H]6O[C@H](C(=O)O)[C@@H](O)[C@H](O[C@@H]7O[C@@H](CO)[C@H](O)[C@H]7O)[C@H]6O[C@@H]6O[C@H](CO)[C@@H](O)[C@H](O)[C@H]6O)C(C)(C)[C@@H]5CC[C@]43C)[C@@H]2CC1(C)C,LEISHMANIASIS,3.9360428528142033,DNA topoisomerase,<rdkit.Chem.rdchem.Mol object at 0x0000021ACD962420>,[0 0 0 ... 0 0 0],C1=C2C3CCCCC3CCC2C2CCC3CC(OC4OCCC(OC5CCCO5)C4OC4CCCCO4)CCC3C2C1,1141.3080000000004,0.26270000000001237,12,22,367.81000000000006,14,False
CHEMBL1084546,CN(c1ncccc1CNc1nc(Nc2ccc3c(c2)CC(=O)N3)ncc1C(F)(F)F)S(C)(=O)=O,LEISHMANIASIS,4.522878745280337,DNA topoisomerase,<rdkit.Chem.rdchem.Mol object at 0x0000021ACD9623B0>,[0 0 0 ... 0 0 0],O=C1Cc2cc(Nc3nccc(NCc4cccnc4)n3)ccc2N1,507.49800000000016,3.1365000000000007,3,8,129.21,7,False
CHEMBL1095019,C/C=C(/C)C(=O)O[C@H]1[C@H](O)C(C)(C)C[C@H]2C3=CC[C@@H]4[C@@]5(C)CC[C@H](O[C@@H]6O[C@H](C(=O)O)[C@@H](O)[C@H](O[C@@H]7OC[C@@H](O)[C@H](O)[C@H]7O)[C@H]6O[C@@H]6O[C@H](CO)[C@@H](O)[C@H](O)[C@H]6O)C(C)(C)[C@@H]5CC[C@@]4(C)[C@]3(C)[C@@H](O)[C@@H](O)[C@]21CO,LEISHMANIASIS,3.6020599913279625,DNA topoisomerase,<rdkit.Chem.rdchem.Mol object at 0x0000021ACD962340>,[0 0 0 ... 0 0 0],C1=C2C3CCCCC3CCC2C2CCC3CC(OC4OCCC(OC5CCCCO5)C4OC4CCCCO4)CCC3C2C1,1059.2060000000006,-1.2543999999999895,13,21,361.74,11,False
CHEMBL1836522,COc1nc(N[C@H](CCC(=O)O)C(=O)O)nc(OC)n1,LEISHMANIASIS,3.0,DNA topoisomerase,<rdkit.Chem.rdchem.Mol object at 0x0000021ACD9622D0>,[0 1 0 ... 0 0 0],c1ncncn1,286.244,-0.38129999999999953,3,8,143.76,8,True
CHEMBL1095339,C/C=C(\C)C(=O)O[C@H]1[C@H](OC(C)=O)[C@]2(CO)[C@H](O)C[C@]3(C)C(=CC[C@@H]4[C@@]5(C)CC[C@H](O[C@@H]6O[C@H](C(=O)O)[C@@H](O)[C@H](O[C@@H]7O[C@@H](CO)[C@H](O)[C@H]7O)[C@H]6O[C@@H]6O[C@H](CO)[C@H](O)[C@H](O)[C@H]6O)C(C)(C)[C@@H]5CC[C@]43C)[C@@H]2CC1(C)C,LEISHMANIASIS,3.6020599913279625,DNA topoisomerase,<rdkit.Chem.rdchem.Mol object at 0x0000021ACD962260>,[0 0 0 ... 0 0 0],C1=C2C3CCCCC3CCC2C2CCC3CC(OC4OCCC(OC5CCCO5)C4OC4CCCCO4)CCC3C2C1,1085.2440000000004,0.3456000000000108,11,21,347.58000000000004,13,False
CHEMBL1836509,N#Cc1ccc(CSc2nc(SCc3ccccc3)nc(=O)[nH]2)cc1,LEISHMANIASIS,3.814174640387038,DNA topoisomerase,<rdkit.Chem.rdchem.Mol object at 0x0000021ACD9621F0>,[0 0 0 ... 0 0 0],O=c1nc(SCc2ccccc2)nc(SCc2ccccc2)[nH]1,366.47100000000006,3.6211800000000025,1,6,82.43,6,True
CHEMBL1836384,CC(=O)NCCN1C(C)=Nc2ccc(Cl)cc2C1c1ccccc1,LEISHMANIASIS,5.6777807052660805,Trypanothione reductase,<rdkit.Chem.rdchem.Mol object at 0x0000021ACD962180>,[0 0 0 ... 0 0 0],C1=Nc2ccccc2C(c2ccccc2)N1,341.84200000000004,3.9310000000000027,1,3,44.7,4,True
CHEMBL1836536,COc1ccc(CNc2nc(Cl)nc(N(C)CCO)n2)cc1,LEISHMANIASIS,3.0,DNA topoisomerase,<rdkit.Chem.rdchem.Mol object at 0x0000021ACD962110>,[0 0 0 ... 0 0 0],c1ccc(CNc2ncncn2)cc1,323.78400000000005,1.5741999999999998,2,7,83.4,7,True
CHEMBL1090090,NC(=O)c1ccc(N(C(N)=O)c2c(F)cccc2F)nc1-c1ccc(F)cc1F,LEISHMANIASIS,4.522878745280337,DNA topoisomerase,<rdkit.Chem.rdchem.Mol object at 0x0000021ACD9620A0>,[0 0 0 ... 0 0 0],c1ccc(Nc2cccc(-c3ccccc3)n2)cc1,404.32300000000004,3.620700000000001,2,3,102.31000000000002,4,True
CHEMBL1836621,CC1=Nc2ccc(Cl)cc2C(c2cccc(O)c2)N1CCN1CCCCC1,LEISHMANIASIS,5.795880017344075,Trypanothione reductase,<rdkit.Chem.rdchem.Mol object at 0x0000021ACD962030>,[0 0 1 ... 0 0 0],C1=Nc2ccccc2C(c2ccccc2)N1CCN1CCCCC1,383.9230000000003,4.986400000000005,1,4,39.07000000000001,4,True
CHEMBL1836368,CC1=Nc2ccc(Cl)cc2C(c2ccccc2)N1Cc1ccccc1F,LEISHMANIASIS,6.026872146400302,Trypanothione reductase,<rdkit.Chem.rdchem.Mol object at 0x0000021ACD961FC0>,[0 0 0 ... 0 0 0],C1=Nc2ccccc2C(c2ccccc2)N1Cc1ccccc1,364.8510000000001,6.134200000000005,0,2,15.6,3,False
CHEMBL1836377,CC1=Nc2ccc(Cl)cc2C(c2ccccc2)N1CCN1CCOCC1,LEISHMANIASIS,5.552841968657781,Trypanothione reductase,<rdkit.Chem.rdchem.Mol object at 0x0000021ACD961F50>,[0 0 0 ... 0 0 0],C1=Nc2ccccc2C(c2ccccc2)N1CCN1CCOCC1,369.8960000000003,4.127100000000005,0,4,28.07,4,True
CHEMBL1836614,COc1ccc(C2c3cc(Cl)ccc3N=C(C)N2CCN2CCCCC2)cc1,LEISHMANIASIS,5.823908740944319,Trypanothione reductase,<rdkit.Chem.rdchem.Mol object at 0x0000021ACD961EE0>,[0 0 1 ... 0 0 0],C1=Nc2ccccc2C(c2ccccc2)N1CCN1CCCCC1,397.9500000000003,5.289400000000006,0,4,28.07,5,False
CHEMBL1836615,CC1=Nc2ccc(Cl)cc2C(c2ccc(C)cc2)N1CCN1CCCCC1,LEISHMANIASIS,6.229147988357855,Trypanothione reductase,<rdkit.Chem.rdchem.Mol object at 0x0000021ACD961E70>,[0 0 1 ... 0 0 0],C1=Nc2ccccc2C(c2ccccc2)N1CCN1CCCCC1,381.9510000000003,5.589220000000006,0,3,18.84,4,False
CHEMBL1836556,COC(=O)CN1C(C)=Nc2ccc(Br)cc2C1c1ccccc1Cl,LEISHMANIASIS,4.0,Trypanothione reductase,<rdkit.Chem.rdchem.Mol object at 0x0000021ACD961E00>,[0 0 0 ... 0 0 0],C1=Nc2ccccc2C(c2ccccc2)N1,407.69500000000016,4.730400000000003,0,4,41.9,3,True
CHEMBL1836557,CCOC(=O)CN1C(C)=Nc2ccc(Br)cc2C1c1ccccc1,LEISHMANIASIS,4.920818753952375,Trypanothione reductase,<rdkit.Chem.rdchem.Mol object at 0x0000021ACD961D90>,[0 0 0 ... 0 0 0],C1=Nc2ccccc2C(c2ccccc2)N1,387.27700000000004,4.467100000000004,0,4,41.9,4,True
CHEMBL1836558,CC1=Nc2ccc(Cl)cc2C(c2ccccc2)N1CCNC(=O)c1ccccc1,LEISHMANIASIS,5.769551078621726,Trypanothione reductase,<rdkit.Chem.rdchem.Mol object at 0x0000021ACD961D20>,[0 0 0 ... 0 0 0],O=C(NCCN1C=Nc2ccccc2C1c1ccccc1)c1ccccc1,403.9130000000002,5.224900000000005,1,3,44.7,5,False
CHEMBL1836385,CC1=Nc2ccc(Cl)cc2C(c2ccccc2)N1CCNC(=O)C1CC1,LEISHMANIASIS,5.638272163982407,Trypanothione reductase,<rdkit.Chem.rdchem.Mol object at 0x0000021ACD961CB0>,[0 0 0 ... 0 0 0],O=C(NCCN1C=Nc2ccccc2C1c1ccccc1)C1CC1,367.8800000000002,4.321100000000004,1,3,44.7,5,True
CHEMBL1836559,CC1=Nc2ccc(Cl)cc2C(c2ccccc2)N1CCNC(=O)c1ccco1,LEISHMANIASIS,6.0655015487564325,Trypanothione reductase,<rdkit.Chem.rdchem.Mol object at 0x0000021ACD961C40>,[0 0 0 ... 0 0 0],O=C(NCCN1C=Nc2ccccc2C1c1ccccc1)c1ccco1,393.8740000000002,4.817900000000005,1,4,57.84,5,True
CHEMBL1836560,CC1=Nc2ccc(Cl)cc2C(c2ccccc2)N1CCNC(=O)Cc1ccccc1,LEISHMANIASIS,5.7447274948966935,Trypanothione reductase,<rdkit.Chem.rdchem.Mol object at 0x0000021ACD961BD0>,[0 0 0 ... 0 0 0],O=C(Cc1ccccc1)NCCN1C=Nc2ccccc2C1c1ccccc1,417.9400000000002,5.153800000000005,1,3,44.7,6,False
CHEMBL1836561,COCC(=O)NCCN1C(C)=Nc2ccc(Cl)cc2C1c1ccccc1,LEISHMANIASIS,5.886056647693163,Trypanothione reductase,<rdkit.Chem.rdchem.Mol object at 0x0000021ACD961B60>,[0 0 0 ... 0 0 0],C1=Nc2ccccc2C(c2ccccc2)N1,371.86800000000005,3.5575000000000028,1,4,53.93,6,True
CHEMBL44657,COc1cc([C@@H]2c3cc4c(cc3[C@@H](O[C@@H]3O[C@@H]5CO[C@@H](C)O[C@H]5[C@H](O)[C@H]3O)[C@H]3COC(=O)[C@H]23)OCO4)cc(OC)c1O,LEISHMANIASIS,4.29929628285498,DNA topoisomerase,<rdkit.Chem.rdchem.Mol object at 0x0000021ACD961AF0>,[0 0 0 ... 0 0 0],O=C1OCC2C(OC3CCC4OCOCC4O3)c3cc4c(cc3C(c3ccccc3)C12)OCO4,588.5620000000004,1.3385999999999993,3,13,160.83,5,False
CHEMBL1836535,CN(CCO)c1nc(Cl)nc(Nc2ccccc2CCO)n1,LEISHMANIASIS,3.0,DNA topoisomerase,<rdkit.Chem.rdchem.Mol object at 0x0000021ACD961A80>,[0 0 0 ... 0 0 0],c1ccc(Nc2ncncn2)cc1,323.7840000000001,1.2318999999999996,3,7,94.4,7,True
CHEMBL1836601,CC1=Nc2c(Br)cc(Cl)cc2C(c2ccccc2)N1CCCN(C)C,LEISHMANIASIS,4.275724130399211,Trypanothione reductase,<rdkit.Chem.rdchem.Mol object at 0x0000021ACD961A10>,[0 0 0 ... 0 0 0],C1=Nc2ccccc2C(c2ccccc2)N1,420.7820000000002,5.509100000000006,0,3,18.84,5,False
CHEMBL1836619,CC1=Nc2ccc(Cl)cc2C(Cc2ccccc2)N1CCN1CCCCC1,LEISHMANIASIS,4.301029995663981,Trypanothione reductase,<rdkit.Chem.rdchem.Mol object at 0x0000021ACD9619A0>,[0 0 1 ... 0 0 0],C1=Nc2ccccc2C(Cc2ccccc2)N1CCN1CCCCC1,381.9510000000003,5.475200000000006,0,3,18.84,5,False
CHEMBL1836607,COc1cccc(C2c3cc(Cl)ccc3N=C(C)N2CCN2CCCCC2)c1,LEISHMANIASIS,4.552841968657781,Trypanothione reductase,<rdkit.Chem.rdchem.Mol object at 0x0000021ACD961930>,[0 0 1 ... 0 0 0],C1=Nc2ccccc2C(c2ccccc2)N1CCN1CCCCC1,397.9500000000003,5.289400000000006,0,4,28.07,5,False
CHEMBL1836608,CC1=Nc2ccc(Cl)cc2C(C2CCCCC2)N1CCN1CCCCC1,LEISHMANIASIS,4.568636235841013,Trypanothione reductase,<rdkit.Chem.rdchem.Mol object at 0x0000021ACD9618C0>,[0 0 1 ... 0 0 0],C1=Nc2ccccc2C(C2CCCCC2)N1CCN1CCCCC1,373.9720000000002,5.8128000000000055,0,3,18.84,4,False
CHEMBL1836526,COC(=O)c1ccccc1Nc1nc(Cl)nc(Cl)n1,LEISHMANIASIS,3.0,DNA topoisomerase,<rdkit.Chem.rdchem.Mol object at 0x0000021ACD961850>,[0 0 0 ... 0 0 0],c1ccc(Nc2ncncn2)cc1,299.117,2.7086000000000006,1,6,77.0,3,True
CHEMBL1836516,O=c1nc(SCc2ccccc2)nc(SCC2CC2)[nH]1,LEISHMANIASIS,3.317854923626168,DNA topoisomerase,<rdkit.Chem.rdchem.Mol object at 0x0000021ACD9617E0>,[1 0 0 ... 0 0 0],O=c1nc(SCc2ccccc2)nc(SCC2CC2)[nH]1,305.42800000000005,2.9593000000000007,1,5,58.64,6,True
CHEMBL1836534,COc1ccc(CNc2nc(Cl)nc(Cl)n2)cc1,LEISHMANIASIS,3.0,DNA topoisomerase,<rdkit.Chem.rdchem.Mol object at 0x0000021ACD961770>,[0 0 0 ... 0 0 0],c1ccc(CNc2ncncn2)cc1,285.134,2.7991,1,5,59.93,4,True
CHEMBL1836537,O=c1nc(-c2ccccc2)nc(S)[nH]1,LEISHMANIASIS,3.0,DNA topoisomerase,<rdkit.Chem.rdchem.Mol object at 0x0000021ACD961700>,[0 0 0 ... 0 0 0],O=c1nc(-c2ccccc2)nc[nH]1,205.242,1.1205999999999998,2,4,58.64,1,True
CHEMBL1836538,O=c1nc(-c2cccc([N+](=O)[O-])c2)nc(S)[nH]1,LEISHMANIASIS,3.0,DNA topoisomerase,<rdkit.Chem.rdchem.Mol object at 0x0000021ACD961690>,[0 0 0 ... 0 0 0],O=c1nc(-c2ccccc2)nc[nH]1,250.23899999999998,1.0287999999999997,2,6,101.78,2,True
CHEMBL1836540,O=c1nc(SCc2ccccc2)nc(S)[nH]1,LEISHMANIASIS,3.0,DNA topoisomerase,<rdkit.Chem.rdchem.Mol object at 0x0000021ACD961620>,[0 0 0 ... 0 0 0],O=c1nc(SCc2ccccc2)nc[nH]1,251.33600000000004,1.7458999999999998,2,5,58.64,3,True
CHEMBL1836563,CC1=Nc2ccc(Cl)cc2C(c2ccccc2)N1CCN1CCN(C(=O)OC(C)(C)C)CC1,LEISHMANIASIS,5.823908740944319,Trypanothione reductase,<rdkit.Chem.rdchem.Mol object at 0x0000021ACD9615B0>,[0 0 0 ... 0 0 0],C1=Nc2ccccc2C(c2ccccc2)N1CCN1CCNCC1,469.02900000000045,5.347600000000006,0,5,48.379999999999995,4,False
CHEMBL1836564,CC(=O)N1CCN(CCN2C(C)=Nc3ccc(Cl)cc3C2c2ccccc2)CC1,LEISHMANIASIS,5.769551078621726,Trypanothione reductase,<rdkit.Chem.rdchem.Mol object at 0x0000021ACD961540>,[0 0 0 ... 0 0 0],C1=Nc2ccccc2C(c2ccccc2)N1CCN1CCNCC1,410.9490000000002,3.959000000000003,0,4,39.150000000000006,4,True
CHEMBL1836565,CC1=Nc2ccc(Cl)cc2C(c2ccccc2)N1CCN1CCN(C(=O)C2CC2)CC1,LEISHMANIASIS,5.823908740944319,Trypanothione reductase,<rdkit.Chem.rdchem.Mol object at 0x0000021ACD9614D0>,[0 0 0 ... 0 0 0],O=C(C1CC1)N1CCN(CCN2C=Nc3ccccc3C2c2ccccc2)CC1,436.9870000000004,4.349100000000004,0,4,39.15,5,True
CHEMBL1836566,CC1=Nc2ccc(Cl)cc2C(c2ccccc2)N1CCN1CCN(C(=O)c2ccccc2)CC1,LEISHMANIASIS,5.795880017344075,Trypanothione reductase,<rdkit.Chem.rdchem.Mol object at 0x0000021ACD961460>,[0 0 0 ... 0 0 0],O=C(c1ccccc1)N1CCN(CCN2C=Nc3ccccc3C2c2ccccc2)CC1,473.0200000000004,5.252900000000007,0,4,39.15,5,False
CHEMBL1836460,COc1ccccc1CSc1nc(SCc2ccccc2)nc(=O)[nH]1,LEISHMANIASIS,3.0,DNA topoisomerase,<rdkit.Chem.rdchem.Mol object at 0x0000021ACD9613F0>,[0 0 0 ... 0 0 0],O=c1nc(SCc2ccccc2)nc(SCc2ccccc2)[nH]1,371.487,3.7581000000000033,1,6,67.87,7,True
CHEMBL1836461,COc1cccc(CSc2nc(SCc3ccccc3)nc(=O)[nH]2)c1,LEISHMANIASIS,3.3139897086847143,DNA topoisomerase,<rdkit.Chem.rdchem.Mol object at 0x0000021ACD961380>,[0 0 0 ... 0 0 0],O=c1nc(SCc2ccccc2)nc(SCc2ccccc2)[nH]1,371.487,3.7581000000000024,1,6,67.87,7,True
CHEMBL1836364,COC(=O)CN1C(c2cc(OC)c(OC)c(OC)c2)=Nc2ccc(C)cc2C1c1ccccc1,LEISHMANIASIS,4.0,Trypanothione reductase,<rdkit.Chem.rdchem.Mol object at 0x0000021ACD961310>,[0 0 0 ... 0 0 0],c1ccc(C2=Nc3ccccc3C(c3ccccc3)N2)cc1,460.53000000000014,4.677120000000004,0,7,69.59,7,True
CHEMBL1836365,CC1=Nc2ccc(Cl)cc2C(c2ccccc2)N1Cc1ccccc1,LEISHMANIASIS,6.031517051446065,Trypanothione reductase,<rdkit.Chem.rdchem.Mol object at 0x0000021ACD9612A0>,[0 0 0 ... 0 0 0],C1=Nc2ccccc2C(c2ccccc2)N1Cc1ccccc1,346.8610000000001,5.995100000000005,0,2,15.6,3,False
CHEMBL1836510,N#Cc1ccc(CSc2nc(SCc3ccccc3)nc(=O)[nH]2)c(F)c1,LEISHMANIASIS,3.3135424895308883,DNA topoisomerase,<rdkit.Chem.rdchem.Mol object at 0x0000021ACD961230>,[0 0 0 ... 0 0 0],O=c1nc(SCc2ccccc2)nc(SCc2ccccc2)[nH]1,384.46100000000007,3.7602800000000034,1,6,82.43,6,True
CHEMBL1836383,CC1=Nc2ccc(Cl)cc2C(c2ccccc2)N1CCNC(=O)OC(C)(C)C,LEISHMANIASIS,5.585026652029182,Trypanothione reductase,<rdkit.Chem.rdchem.Mol object at 0x0000021ACD9611C0>,[0 0 0 ... 0 0 0],C1=Nc2ccccc2C(c2ccccc2)N1,399.92200000000025,5.319600000000006,1,4,53.93000000000001,4,False
CHEMBL1836568,CC1=Nc2ccc(Cl)cc2C(c2ccccc2)N1CCN1CCN(C(=O)Cc2ccccc2)CC1,LEISHMANIASIS,5.698970004336019,Trypanothione reductase,<rdkit.Chem.rdchem.Mol object at 0x0000021ACD961150>,[0 0 0 ... 0 0 0],O=C(Cc1ccccc1)N1CCN(CCN2C=Nc3ccccc3C2c2ccccc2)CC1,487.0470000000004,5.181800000000006,0,4,39.15,6,False
CHEMBL1836569,COCC(=O)N1CCN(CCN2C(C)=Nc3ccc(Cl)cc3C2c2ccccc2)CC1,LEISHMANIASIS,5.795880017344075,Trypanothione reductase,<rdkit.Chem.rdchem.Mol object at 0x0000021ACD9610E0>,[0 0 0 ... 0 0 0],C1=Nc2ccccc2C(c2ccccc2)N1CCN1CCNCC1,440.97500000000014,3.5855000000000024,0,5,48.38,6,True
CHEMBL1836570,CC1=Nc2ccc(Cl)cc2C(c2ccccc2)N1CCN1CCN(C(=O)CN(C)C)CC1,LEISHMANIASIS,6.431798275933005,Trypanothione reductase,<rdkit.Chem.rdchem.Mol object at 0x0000021ACD961070>,[0 0 0 ... 0 0 0],C1=Nc2ccccc2C(c2ccccc2)N1CCN1CCNCC1,454.0180000000004,3.5007000000000037,0,5,42.39,6,True
CHEMBL1836571,CC1=Nc2ccccc2C(c2ccccc2)N1CCN1CCCCC1,LEISHMANIASIS,6.107905397309519,Trypanothione reductase,<rdkit.Chem.rdchem.Mol object at 0x0000021ACD961000>,[0 0 1 ... 0 0 0],C1=Nc2ccccc2C(c2ccccc2)N1CCN1CCCCC1,333.47900000000016,4.627400000000004,0,3,18.84,4,True
CHEMBL1836610,COc1ccc(C2(O)c3cc(Cl)ccc3N=C(C)N2CCN2CCCCC2)cc1,LEISHMANIASIS,5.309803919971486,Trypanothione reductase,<rdkit.Chem.rdchem.Mol object at 0x0000021ACD960F90>,[0 0 1 ... 0 0 0],C1=Nc2ccccc2C(c2ccccc2)N1CCN1CCCCC1,413.94900000000035,4.393400000000004,1,5,48.300000000000004,5,True
CHEMBL1836612,CC1=Nc2ccc(Cl)cc2C(c2ccc(Cl)cc2)N1CCN1CCCCC1,LEISHMANIASIS,6.136677139879544,Trypanothione reductase,<rdkit.Chem.rdchem.Mol object at 0x0000021ACD960F20>,[0 0 1 ... 0 0 0],C1=Nc2ccccc2C(c2ccccc2)N1CCN1CCCCC1,402.3690000000003,5.934200000000006,0,3,18.84,4,False
CHEMBL1836613,CC1=Nc2ccc(Cl)cc2C(c2ccc(F)cc2)N1CCN1CCCCC1,LEISHMANIASIS,5.309803919971486,Trypanothione reductase,<rdkit.Chem.rdchem.Mol object at 0x0000021ACD960EB0>,[0 0 1 ... 0 0 0],C1=Nc2ccccc2C(c2ccccc2)N1CCN1CCCCC1,385.91400000000027,5.4199000000000055,0,3,18.84,4,False
CHEMBL1836572,CC1=Nc2ccc(Br)cc2C(c2ccccc2)N1CCN1CCCCC1,LEISHMANIASIS,6.102372908709558,Trypanothione reductase,<rdkit.Chem.rdchem.Mol object at 0x0000021ACD960E40>,[0 0 1 ... 0 0 0],C1=Nc2ccccc2C(c2ccccc2)N1CCN1CCCCC1,412.3750000000003,5.389900000000007,0,3,18.84,4,False
CHEMBL1836573,CC1=Nc2ccc(-c3ccco3)cc2C(c2ccccc2)N1CCN1CCCCC1,LEISHMANIASIS,5.886056647693163,Trypanothione reductase,<rdkit.Chem.rdchem.Mol object at 0x0000021ACD960DD0>,[0 0 1 ... 0 0 0],C1=Nc2ccc(-c3ccco3)cc2C(c2ccccc2)N1CCN1CCCCC1,399.5380000000003,5.887400000000007,0,4,31.980000000000004,5,False
CHEMBL1836575,CC1=Nc2ccc(-c3ccccc3)cc2C(c2ccccc2)N1CCN1CCCCC1,LEISHMANIASIS,5.136677139879544,Trypanothione reductase,<rdkit.Chem.rdchem.Mol object at 0x0000021ACD960D60>,[0 0 1 ... 0 0 0],C1=Nc2ccc(-c3ccccc3)cc2C(c2ccccc2)N1CCN1CCCCC1,409.57700000000034,6.2944000000000075,0,3,18.84,5,False
CHEMBL1836576,CC1=Nc2ccc(-c3ccncc3)cc2C(c2ccccc2)N1CCN1CCCCC1,LEISHMANIASIS,5.356547323513812,Trypanothione reductase,<rdkit.Chem.rdchem.Mol object at 0x0000021ACD960CF0>,[0 0 1 ... 0 0 0],C1=Nc2ccc(-c3ccncc3)cc2C(c2ccccc2)N1CCN1CCCCC1,410.56500000000034,5.689400000000006,0,4,31.730000000000004,5,False
CHEMBL1836577,CC1=Nc2ccc(-c3ccsc3)cc2C(c2ccccc2)N1CCN1CCCCC1,LEISHMANIASIS,6.102372908709558,Trypanothione reductase,<rdkit.Chem.rdchem.Mol object at 0x0000021ACD960C80>,[0 0 1 ... 0 0 0],C1=Nc2ccc(-c3ccsc3)cc2C(c2ccccc2)N1CCN1CCCCC1,415.60600000000034,6.355900000000007,0,4,18.84,5,False
CHEMBL1171837,Cc1ccc(C(=O)Nc2ccc(CN3CCN(C)CC3)c(C(F)(F)F)c2)cc1C#Cc1cnc2cccnn12,LEISHMANIASIS,4.522878745280337,DNA topoisomerase,<rdkit.Chem.rdchem.Mol object at 0x0000021ACD960C10>,[0 0 0 ... 0 0 0],O=C(Nc1ccc(CN2CCNCC2)cc1)c1cccc(C#Cc2cnc3cccnn23)c1,532.5700000000002,4.456020000000003,1,6,65.77000000000001,4,False
CHEMBL1836375,CCN1C(C)=Nc2ccc(Cl)cc2C1c1ccccc1,LEISHMANIASIS,5.920818753952375,Trypanothione reductase,<rdkit.Chem.rdchem.Mol object at 0x0000021ACD960BA0>,[0 0 0 ... 0 0 0],C1=Nc2ccccc2C(c2ccccc2)N1,284.79,4.814800000000004,0,2,15.6,2,True
CHEMBL1836376,CC1=Nc2ccc(Cl)cc2C(c2ccccc2)N1CCN1CCCCC1,LEISHMANIASIS,5.7447274948966935,Trypanothione reductase,<rdkit.Chem.rdchem.Mol object at 0x0000021ACD960B30>,[0 0 1 ... 0 0 0],C1=Nc2ccccc2C(c2ccccc2)N1CCN1CCCCC1,367.9240000000003,5.280800000000006,0,3,18.84,4,False
CHEMBL1836578,CC1=Nc2ccc(-c3cccc4ccccc34)cc2C(c2ccccc2)N1CCN1CCCCC1,LEISHMANIASIS,5.096910013008056,Trypanothione reductase,<rdkit.Chem.rdchem.Mol object at 0x0000021ACD960AC0>,[0 0 1 ... 0 0 0],C1=Nc2ccc(-c3cccc4ccccc34)cc2C(c2ccccc2)N1CCN1CCCCC1,459.63700000000034,7.447600000000008,0,3,18.84,5,False
CHEMBL1836579,CC1=Nc2ccc(-c3cc4ccccc4o3)cc2C(c2ccccc2)N1CCN1CCCCC1,LEISHMANIASIS,5.070581074285707,Trypanothione reductase,<rdkit.Chem.rdchem.Mol object at 0x0000021ACD960A50>,[0 0 1 ... 0 0 0],C1=Nc2ccc(-c3cc4ccccc4o3)cc2C(c2ccccc2)N1CCN1CCCCC1,449.59800000000035,7.0406000000000075,0,4,31.980000000000004,5,False
CHEMBL1836362,COC(=O)CN1C(CCN2CCOCC2)=Nc2ccc(Br)cc2C1c1ccccc1,LEISHMANIASIS,4.031517051446065,Trypanothione reductase,<rdkit.Chem.rdchem.Mol object at 0x0000021ACD9609E0>,[0 0 0 ... 0 0 0],c1ccc(C2NC(CCN3CCOCC3)=Nc3ccccc32)cc1,472.38300000000004,3.7794000000000034,0,6,54.370000000000005,6,True
CHEMBL1836363,COC(=O)CN1C(c2ccccc2)=Nc2ccc(C)cc2C1c1ccccc1,LEISHMANIASIS,4.0,Trypanothione reductase,<rdkit.Chem.rdchem.Mol object at 0x0000021ACD960970>,[0 0 0 ... 0 0 0],c1ccc(C2=Nc3ccccc3C(c3ccccc3)N2)cc1,370.4520000000001,4.651320000000004,0,4,41.9,4,True
CHEMBL1079067,O=C(N[C@H](/C=C/S(=O)(=O)c1ccccc1)CCc1ccccc1)c1cc(-c2cccnc2)no1,LEISHMANIASIS,4.0,Cysteine protease,<rdkit.Chem.rdchem.Mol object at 0x0000021ACD960900>,[0 1 0 ... 0 0 0],O=C(NC(C=CS(=O)(=O)c1ccccc1)CCc1ccccc1)c1cc(-c2cccnc2)no1,473.55400000000014,4.455400000000004,1,6,102.16,9,True
CHEMBL1836372,CC1=Nc2ccc(Cl)cc2C(c2ccccc2)N1Cc1ccc(C)cc1,LEISHMANIASIS,5.886056647693163,Trypanothione reductase,<rdkit.Chem.rdchem.Mol object at 0x0000021ACD960890>,[0 0 0 ... 0 0 0],C1=Nc2ccccc2C(c2ccccc2)N1Cc1ccccc1,360.88800000000015,6.303520000000006,0,2,15.6,3,False
CHEMBL1836469,O=c1nc(SCc2ccccc2)nc(SCc2ccccc2Cl)[nH]1,LEISHMANIASIS,4.026410376572743,DNA topoisomerase,<rdkit.Chem.rdchem.Mol object at 0x0000021ACD960820>,[0 0 0 ... 0 0 0],O=c1nc(SCc2ccccc2)nc(SCc2ccccc2)[nH]1,375.90600000000006,4.4029000000000025,1,5,58.64,6,True
CHEMBL1836609,CC1=Nc2ccc(Cl)cc2C(O)(c2ccc(F)cc2)N1CCN1CCCCC1,LEISHMANIASIS,5.080921907623926,Trypanothione reductase,<rdkit.Chem.rdchem.Mol object at 0x0000021ACD9607B0>,[0 0 1 ... 0 0 0],C1=Nc2ccccc2C(c2ccccc2)N1CCN1CCCCC1,401.9130000000003,4.523900000000004,1,4,39.07000000000001,4,True
CHEMBL1836470,O=c1nc(SCc2ccccc2)nc(SCc2cccc(Cl)c2)[nH]1,LEISHMANIASIS,4.251192436936025,DNA topoisomerase,<rdkit.Chem.rdchem.Mol object at 0x0000021ACD960740>,[0 0 0 ... 0 0 0],O=c1nc(SCc2ccccc2)nc(SCc2ccccc2)[nH]1,375.90600000000006,4.4029000000000025,1,5,58.64,6,True
CHEMBL1836373,CC1=Nc2ccc(Cl)cc2C(c2ccccc2)N1Cc1ccc(Cl)cc1,LEISHMANIASIS,5.657577319177793,Trypanothione reductase,<rdkit.Chem.rdchem.Mol object at 0x0000021ACD9606D0>,[0 0 0 ... 0 0 0],C1=Nc2ccccc2C(c2ccccc2)N1Cc1ccccc1,381.30600000000015,6.648500000000006,0,2,15.6,3,False
CHEMBL1836374,CC1=Nc2ccc(Cl)cc2C(c2ccccc2)N1Cc1ccc(C(F)(F)F)cc1,LEISHMANIASIS,5.657577319177793,Trypanothione reductase,<rdkit.Chem.rdchem.Mol object at 0x0000021ACD960660>,[0 0 0 ... 0 0 0],C1=Nc2ccccc2C(c2ccccc2)N1Cc1ccccc1,414.8580000000001,7.013900000000006,0,2,15.6,3,False
CHEMBL1836567,CC1=Nc2ccc(Cl)cc2C(c2ccccc2)N1CCN1CCN(C(=O)c2ccco2)CC1,LEISHMANIASIS,6.376750709602099,Trypanothione reductase,<rdkit.Chem.rdchem.Mol object at 0x0000021ACD9605F0>,[0 0 0 ... 0 0 0],O=C(c1ccco1)N1CCN(CCN2C=Nc3ccccc3C2c2ccccc2)CC1,462.9810000000004,4.845900000000006,0,5,52.29,5,True
CHEMBL1836508,N#Cc1cccc(CSc2nc(SCc3ccccc3)nc(=O)[nH]2)c1,LEISHMANIASIS,3.277366077466188,DNA topoisomerase,<rdkit.Chem.rdchem.Mol object at 0x0000021ACD960580>,[0 0 0 ... 0 0 0],O=c1nc(SCc2ccccc2)nc(SCc2ccccc2)[nH]1,366.471,3.6211800000000025,1,6,82.43,6,True
CHEMBL1836369,CC1=Nc2ccc(Cl)cc2C(c2ccccc2)N1Cc1cccc(Cl)c1,LEISHMANIASIS,5.455931955649724,Trypanothione reductase,<rdkit.Chem.rdchem.Mol object at 0x0000021ACD960510>,[0 0 0 ... 0 0 0],C1=Nc2ccccc2C(c2ccccc2)N1Cc1ccccc1,381.30600000000015,6.648500000000006,0,2,15.6,3,False
CHEMBL1836370,CC1=Nc2ccc(Cl)cc2C(c2ccccc2)N1Cc1cccc(C(F)(F)F)c1,LEISHMANIASIS,5.823908740944319,Trypanothione reductase,<rdkit.Chem.rdchem.Mol object at 0x0000021ACD9604A0>,[0 0 0 ... 0 0 0],C1=Nc2ccccc2C(c2ccccc2)N1Cc1ccccc1,414.8580000000001,7.013900000000006,0,2,15.6,3,False
CHEMBL1836371,CC1=Nc2ccc(Cl)cc2C(c2ccccc2)N1Cc1cccc(N(C)C)c1,LEISHMANIASIS,6.091514981121351,Trypanothione reductase,<rdkit.Chem.rdchem.Mol object at 0x0000021ACD960430>,[0 0 0 ... 0 0 0],C1=Nc2ccccc2C(c2ccccc2)N1Cc1ccccc1,389.9300000000002,6.061100000000007,0,3,18.84,4,False
CHEMBL1836552,O=C1CN2C(=Nc3ccc(Br)cc3C2c2ccccc2)CN1,LEISHMANIASIS,4.431798275933005,Trypanothione reductase,<rdkit.Chem.rdchem.Mol object at 0x0000021ACD9603C0>,[0 0 0 ... 0 0 0],O=C1CN2C(=Nc3ccccc3C2c2ccccc2)CN1,356.22300000000007,3.0139000000000014,1,3,44.7,1,True
CHEMBL1836507,N#Cc1ccccc1CSc1nc(SCc2ccccc2)nc(=O)[nH]1,LEISHMANIASIS,3.282329496997738,DNA topoisomerase,<rdkit.Chem.rdchem.Mol object at 0x0000021ACD960350>,[0 0 0 ... 0 0 0],O=c1nc(SCc2ccccc2)nc(SCc2ccccc2)[nH]1,366.471,3.6211800000000025,1,6,82.43,6,True
CHEMBL1836378,CC1=Nc2ccc(Cl)cc2C(c2ccccc2)N1CCN1CCN(C)CC1,LEISHMANIASIS,6.26318353656308,Trypanothione reductase,<rdkit.Chem.rdchem.Mol object at 0x0000021ACD9602E0>,[0 0 0 ... 0 0 0],C1=Nc2ccccc2C(c2ccccc2)N1CCN1CCNCC1,382.9390000000003,4.0423000000000044,0,4,22.08,4,True
CHEMBL1836380,CC1=Nc2ccc(Cl)cc2C(c2ccccc2)N1CCCN(C)C,LEISHMANIASIS,6.0,Trypanothione reductase,<rdkit.Chem.rdchem.Mol object at 0x0000021ACD960270>,[0 0 0 ... 0 0 0],C1=Nc2ccccc2C(c2ccccc2)N1,341.8860000000002,4.746600000000005,0,3,18.84,5,True
CHEMBL1836381,CNCCN1C(C)=Nc2ccc(Cl)cc2C1c1ccccc1,LEISHMANIASIS,5.698970004336019,Trypanothione reductase,<rdkit.Chem.rdchem.Mol object at 0x0000021ACD960200>,[0 0 0 ... 0 0 0],C1=Nc2ccccc2C(c2ccccc2)N1,313.832,4.014300000000003,1,3,27.63,4,True
CHEMBL1836382,CC1=Nc2ccc(Cl)cc2C(c2ccccc2)N1CCO,LEISHMANIASIS,5.769551078621726,Trypanothione reductase,<rdkit.Chem.rdchem.Mol object at 0x0000021ACD960190>,[0 0 0 ... 0 0 0],C1=Nc2ccccc2C(c2ccccc2)N1,300.7890000000001,3.7872000000000043,1,3,35.83,3,True
CHEMBL1336,CNC(=O)c1cc(Oc2ccc(NC(=O)Nc3ccc(Cl)c(C(F)(F)F)c3)cc2)ccn1,LEISHMANIASIS,4.522878745280337,DNA topoisomerase,<rdkit.Chem.rdchem.Mol object at 0x0000021ACD960120>,[0 0 0 ... 0 0 0],O=C(Nc1ccccc1)Nc1ccc(Oc2ccncc2)cc1,464.83100000000013,5.549700000000003,3,4,92.35000000000001,5,False
CHEMBL180022,CCOc1cc2ncc(C#N)c(Nc3ccc(OCc4ccccn4)c(Cl)c3)c2cc1NC(=O)/C=C/CN(C)C,LEISHMANIASIS,4.522878745280337,DNA topoisomerase,<rdkit.Chem.rdchem.Mol object at 0x0000021ACD9600B0>,[0 0 0 ... 0 0 0],c1ccc(COc2ccc(Nc3ccnc4ccccc34)cc2)nc1,557.054,5.932480000000005,2,8,112.39999999999999,11,False
CHEMBL4854439,O=C1NCCN1CCOc1cc(Br)ccc1-c1nc(CCc2ccccc2)cs1,LEISHMANIASIS,4.1249387366083,Trypanothione reductase,<rdkit.Chem.rdchem.Mol object at 0x0000021ACD960040>,[0 0 0 ... 0 0 0],O=C1NCCN1CCOc1ccccc1-c1nc(CCc2ccccc2)cs1,472.40800000000024,4.761800000000004,1,4,54.46000000000001,8,True
CHEMBL1836620,CC1=Nc2ccc(Cl)cc2C(c2ccc(O)cc2)N1CCN1CCCCC1,LEISHMANIASIS,4.698970004336019,Trypanothione reductase,<rdkit.Chem.rdchem.Mol object at 0x0000021ACD95FF40>,[0 0 1 ... 0 0 0],C1=Nc2ccccc2C(c2ccccc2)N1CCN1CCCCC1,383.9230000000003,4.986400000000005,1,4,39.07000000000001,4,True
CHEMBL1162311,NCCCCC(N)C(=O)Nc1ccc2ccccc2c1,LEISHMANIASIS,4.0,Trypanothione reductase,<rdkit.Chem.rdchem.Mol object at 0x0000021ACD95FED0>,[0 1 0 ... 0 0 0],c1ccc2ccccc2c1,271.36400000000003,2.2346000000000004,3,3,81.14,6,True
CHEMBL1836562,CC1=Nc2ccc(Cl)cc2C(c2ccccc2)N1CCNC(=O)CN(C)C,LEISHMANIASIS,6.091514981121351,Trypanothione reductase,<rdkit.Chem.rdchem.Mol object at 0x0000021ACD95FE60>,[0 0 0 ... 0 0 0],C1=Nc2ccccc2C(c2ccccc2)N1,384.91100000000023,3.4727000000000023,1,4,47.940000000000005,6,True
CHEMBL1173655,CN(C)C/C=C/C(=O)Nc1cc2c(Nc3ccc(F)c(Cl)c3)ncnc2cc1O[C@H]1CCOC1,LEISHMANIASIS,4.522878745280337,DNA topoisomerase,<rdkit.Chem.rdchem.Mol object at 0x0000021ACD95FDF0>,[0 0 0 ... 0 0 0],c1ccc(Nc2ncnc3cc(OC4CCOC4)ccc23)cc1,485.94700000000023,4.389900000000002,2,7,88.61000000000001,8,True
CHEMBL1836466,O=c1nc(SCc2ccccc2)nc(SCc2ccccc2[N+](=O)[O-])[nH]1,LEISHMANIASIS,3.4240043797967323,DNA topoisomerase,<rdkit.Chem.rdchem.Mol object at 0x0000021ACD95FD80>,[0 0 0 ... 0 0 0],O=c1nc(SCc2ccccc2)nc(SCc2ccccc2)[nH]1,386.4580000000001,3.657700000000002,1,7,101.78,7,True
CHEMBL1836367,COc1ccccc1CN1C(C)=Nc2ccc(Cl)cc2C1c1ccccc1,LEISHMANIASIS,5.958607314841775,Trypanothione reductase,<rdkit.Chem.rdchem.Mol object at 0x0000021ACD95FD10>,[0 0 0 ... 0 0 0],C1=Nc2ccccc2C(c2ccccc2)N1Cc1ccccc1,376.88700000000006,6.003700000000006,0,3,24.83,4,False
CHEMBL1836467,O=c1nc(SCc2ccccc2)nc(SCc2cccc([N+](=O)[O-])c2)[nH]1,LEISHMANIASIS,3.3113132757158765,DNA topoisomerase,<rdkit.Chem.rdchem.Mol object at 0x0000021ACD95FCA0>,[0 0 0 ... 0 0 0],O=c1nc(SCc2ccccc2)nc(SCc2ccccc2)[nH]1,386.4580000000001,3.657700000000002,1,7,101.78,7,True
CHEMBL1836468,O=c1nc(SCc2ccccc2)nc(SCc2ccc([N+](=O)[O-])cc2)[nH]1,LEISHMANIASIS,3.4450265416667603,DNA topoisomerase,<rdkit.Chem.rdchem.Mol object at 0x0000021ACD95FC30>,[0 0 0 ... 0 0 0],O=c1nc(SCc2ccccc2)nc(SCc2ccccc2)[nH]1,386.4580000000001,3.657700000000002,1,7,101.78,7,True
CHEMBL3548140,NC1CCc2nc(-c3ccncc3)nc(Nc3cccc(F)c3)c2C1,LEISHMANIASIS,3.795880017344075,DNA topoisomerase,<rdkit.Chem.rdchem.Mol object at 0x0000021ACD95FBC0>,[0 0 0 ... 0 0 0],c1ccc(Nc2nc(-c3ccncc3)nc3c2CCCC3)cc1,335.38600000000014,3.237300000000001,2,5,76.72,3,True
CHEMBL1836602,CC1=Nc2c(-c3ccccc3)cc(Cl)cc2C(c2ccccc2)N1CCCN(C)C,LEISHMANIASIS,4.619788758288394,Trypanothione reductase,<rdkit.Chem.rdchem.Mol object at 0x0000021ACD95FB50>,[0 0 0 ... 0 0 0],C1=Nc2c(-c3ccccc3)cccc2C(c2ccccc2)N1,417.9840000000002,6.413600000000007,0,3,18.84,6,False
CHEMBL1836603,CC1=Nc2ccc(Cl)cc2C(c2ccc(C)cc2)N1CCCN(C)C,LEISHMANIASIS,6.638272163982407,Trypanothione reductase,<rdkit.Chem.rdchem.Mol object at 0x0000021ACD95FAE0>,[0 0 0 ... 0 0 0],C1=Nc2ccccc2C(c2ccccc2)N1,355.9130000000002,5.055020000000005,0,3,18.84,5,False
CHEMBL1836604,CC1=Nc2ccc(Cl)cc2C(c2ccc(Cl)c(Cl)c2)N1CCN1CCCCC1,LEISHMANIASIS,5.886056647693163,Trypanothione reductase,<rdkit.Chem.rdchem.Mol object at 0x0000021ACD95FA70>,[0 0 1 ... 0 0 0],C1=Nc2ccccc2C(c2ccccc2)N1CCN1CCCCC1,436.8140000000003,6.5876000000000055,0,3,18.84,4,False
CHEMBL1836605,CC1=Nc2ccc(Cl)cc2C(c2ccc(C(C)(C)C)cc2)N1CCN1CCCCC1,LEISHMANIASIS,5.102372908709558,Trypanothione reductase,<rdkit.Chem.rdchem.Mol object at 0x0000021ACD95FA00>,[0 0 1 ... 0 0 0],C1=Nc2ccccc2C(c2ccccc2)N1CCN1CCCCC1,424.0320000000003,6.578300000000008,0,3,18.84,4,False
CHEMBL1836606,CC1=Nc2ccc(Cl)cc2C(c2cccc(F)c2)N1CCN1CCCCC1,LEISHMANIASIS,6.045757490560675,Trypanothione reductase,<rdkit.Chem.rdchem.Mol object at 0x0000021ACD95F990>,[0 0 1 ... 0 0 0],C1=Nc2ccccc2C(c2ccccc2)N1CCN1CCCCC1,385.91400000000027,5.4199000000000055,0,3,18.84,4,False
CHEMBL5170447,Cc1c(Cl)cccc1Nc1ccc(F)cc1C(=O)NCc1ccc(O)c(F)c1,LEISHMANIASIS,5.319664486585437,DNA topoisomerase,<rdkit.Chem.rdchem.Mol object at 0x0000021ACD95F920>,[0 0 0 ... 0 0 0],O=C(NCc1ccccc1)c1ccccc1Nc1ccccc1,402.8280000000001,5.305820000000003,3,3,61.36,5,False
CHEMBL5171371,CCCCCCCCCCCCCCCCCCCc1ccc(C(=O)/C=C/C(=O)O)cc1,LEISHMANIASIS,4.136677139879544,Cysteine protease,<rdkit.Chem.rdchem.Mol object at 0x0000021ACD95F8B0>,[0 0 0 ... 0 0 0],c1ccccc1,442.6840000000001,8.704200000000005,1,2,54.370000000000005,21,False
CHEMBL5170383,CCc1cc2c3ccc(Br)n3c3cc(Cl)ccc3[n+]2nc1CC.[Br-],LEISHMANIASIS,5.536998650199728,Trypanothione reductase,<rdkit.Chem.rdchem.Mol object at 0x0000021ACD95F840>,[0 0 0 ... 0 0 0],c1ccc2c(c1)n1cccc1c1cccn[n+]21,469.6080000000001,1.7709000000000001,0,2,21.4,2,True
CHEMBL5172158,N#Cc1cnc2ccc(=O)n(CCN[C@H]3CC[C@H]4[C@H](C3)OC(=O)N4c3ccc4c(n3)NC(=O)CO4)c2c1,LEISHMANIASIS,4.0,DNA topoisomerase,<rdkit.Chem.rdchem.Mol object at 0x0000021ACD95F7D0>,[0 0 0 ... 0 0 0],O=C1COc2ccc(N3C(=O)OC4CC(NCCn5c(=O)ccc6ncccc65)CCC43)nc2N1,501.50300000000027,1.5301799999999992,2,10,151.46999999999997,5,False
CHEMBL1200438,Clc1ccc(C(Cn2ccnc2)OCc2ccsc2Cl)c(Cl)c1,LEISHMANIASIS,5.815392071294928,Cysteine protease,<rdkit.Chem.rdchem.Mol object at 0x0000021ACD95F760>,[0 1 0 ... 0 0 0],c1ccc(C(Cn2ccnc2)OCc2ccsc2)cc1,387.71900000000005,5.8629000000000016,0,4,27.05,6,False
CHEMBL5181434,CCCCCCCCCc1ccc(C(=O)/C=C/C(=O)O)cc1,LEISHMANIASIS,4.6777807052660805,Cysteine protease,<rdkit.Chem.rdchem.Mol object at 0x0000021ACD95F6F0>,[0 0 0 ... 0 0 0],c1ccccc1,302.41400000000004,4.803200000000004,1,2,54.370000000000005,11,True
CHEMBL5177076,N#Cc1cnc2ccc(=O)n(CCCN[C@H]3CC[C@H]4[C@H](C3)OC(=O)N4c3ccc4c(n3)NC(=O)CO4)c2c1,LEISHMANIASIS,4.0,DNA topoisomerase,<rdkit.Chem.rdchem.Mol object at 0x0000021ACD95F680>,[0 0 0 ... 0 0 0],O=C1COc2ccc(N3C(=O)OC4CC(NCCCn5c(=O)ccc6ncccc65)CCC43)nc2N1,515.5300000000003,1.920279999999999,2,10,151.46999999999997,6,False
CHEMBL5179607,CCCCCc1ccc(C(=O)/C=C/C(=O)O)cc1,LEISHMANIASIS,4.443697499232712,Cysteine protease,<rdkit.Chem.rdchem.Mol object at 0x0000021ACD95F610>,[0 0 0 ... 0 0 0],c1ccccc1,246.30599999999998,3.2428000000000017,1,2,54.370000000000005,7,True
CHEMBL5176236,COc1cc([C@@H]2c3cc4c(cc3[C@@H](NC(=O)c3cn(-c5ccc(Cl)cc5)nn3)[C@H]3COC(=O)[C@H]23)OCO4)cc(OC)c1OC,LEISHMANIASIS,6.0,DNA topoisomerase,<rdkit.Chem.rdchem.Mol object at 0x0000021ACD95F5A0>,[0 0 0 ... 0 0 0],O=C(NC1c2cc3c(cc2C(c2ccccc2)C2C(=O)OCC12)OCO3)c1cn(-c2ccccc2)nn1,619.0300000000002,4.081000000000002,1,11,132.26000000000002,7,False
CHEMBL5178694,CCCCCCCc1ccc(C(=O)/C=C/C(=O)O)cc1,LEISHMANIASIS,4.585026652029182,Cysteine protease,<rdkit.Chem.rdchem.Mol object at 0x0000021ACD95F530>,[0 0 0 ... 0 0 0],c1ccccc1,274.36,4.023000000000002,1,2,54.370000000000005,9,True
CHEMBL5182200,COc1ccc2ccc(=O)n(CCN[C@H]3CC[C@H]4[C@H](C3)OC(=O)N4c3ccc4c(n3)NC(=O)CS4)c2n1,LEISHMANIASIS,4.0,DNA topoisomerase,<rdkit.Chem.rdchem.Mol object at 0x0000021ACD95F4C0>,[0 0 0 ... 0 0 0],O=C1CSc2ccc(N3C(=O)OC4CC(NCCn5c(=O)ccc6cccnc65)CCC43)nc2N1,522.5870000000002,2.3804,2,10,127.67999999999999,6,False
CHEMBL5178704,Cc1ccc(C/N=C2\NC(=O)/C(=C3\CCNC(=O)c4[nH]ccc43)S2)cc1,LEISHMANIASIS,4.468521082957745,DNA topoisomerase,<rdkit.Chem.rdchem.Mol object at 0x0000021ACD95F450>,[0 0 0 ... 0 0 0],O=C1NC(=NCc2ccccc2)SC1=C1CCNC(=O)c2[nH]ccc21,366.446,2.58692,3,4,86.35,2,True
CHEMBL5182217,CCCc1ccc(C(=O)/C=C/C(=O)O)cc1,LEISHMANIASIS,3.886056647693163,Cysteine protease,<rdkit.Chem.rdchem.Mol object at 0x0000021ACD95F3E0>,[0 0 0 ... 0 0 0],c1ccccc1,218.25199999999998,2.4626,1,2,54.370000000000005,5,True
CHEMBL5181358,CCCCCCCCCCc1ccc(C(=O)/C=C/C(=O)O)cc1,LEISHMANIASIS,4.886056647693163,Cysteine protease,<rdkit.Chem.rdchem.Mol object at 0x0000021ACD95F370>,[0 0 0 ... 0 0 0],c1ccccc1,316.44100000000003,5.193300000000004,1,2,54.370000000000005,12,False
CHEMBL5179437,Cc1cc(C)c(S(=O)(=O)[O-])c(C)c1.c1cc2cccc3c4cc5n[n+]6c7ccccc7n7cccc7c6cc5cc4c(c1)c23,LEISHMANIASIS,5.732828271596986,Trypanothione reductase,<rdkit.Chem.rdchem.Mol object at 0x0000021ACD95F300>,[0 0 0 ... 0 0 0],c1cc2cccc3c4cc5n[n+]6c7ccccc7n7cccc7c6cc5cc4c(c1)c23.c1ccccc1,593.7080000000001,7.792760000000006,0,5,78.6,1,False
CHEMBL1200567,CCO.C[C@H]1c2cccc(O)c2C(=O)C2=C(O)[C@]3(O)C(=O)C(C(N)=O)=C(O)[C@@H](N(C)C)[C@@H]3[C@@H](O)[C@@H]21.Cl.O,LEISHMANIASIS,4.982966660701219,Cysteine protease,<rdkit.Chem.rdchem.Mol object at 0x0000021ACD95F290>,[0 0 0 ... 0 0 0],O=C1C2=CC3C(=O)C=CCC3CC2Cc2ccccc21,544.9850000000002,-0.7518999999999987,7,10,233.35,2,False
CHEMBL5189111,CCc1cc2c3cccn3c3cc(Cl)ccc3[n+]2nc1CC.[Br-],LEISHMANIASIS,4.59074334796109,Trypanothione reductase,<rdkit.Chem.rdchem.Mol object at 0x0000021ACD95F220>,[0 0 0 ... 0 0 0],c1ccc2c(c1)n1cccc1c1cccn[n+]21,390.71200000000005,1.0083999999999997,0,2,21.4,2,True
CHEMBL5184104,COc1cnc2ccc(=O)n(CCN[C@H]3CC[C@H]4[C@H](C3)OC(=O)N4c3ccc4c(n3)NC(=O)CO4)c2c1,LEISHMANIASIS,4.0,DNA topoisomerase,<rdkit.Chem.rdchem.Mol object at 0x0000021ACD95F1B0>,[0 0 0 ... 0 0 0],O=C1COc2ccc(N3C(=O)OC4CC(NCCn5c(=O)ccc6ncccc65)CCC43)nc2N1,506.5190000000003,1.667099999999999,2,10,136.90999999999997,6,False
CHEMBL1190214,N=C(N)c1ccc(/N=N/c2c(O)ccc3c2[nH]c2ccccc23)cc1,LEISHMANIASIS,5.251037138743839,Cysteine protease,<rdkit.Chem.rdchem.Mol object at 0x0000021ACD95F140>,[0 0 0 ... 0 0 0],c1ccc(N=Nc2cccc3c2[nH]c2ccccc23)cc1,329.36300000000006,4.726170000000002,4,4,110.61000000000001,3,True
CHEMBL1201182,CO[C@H]1C[C@@H]2CC[C@@H](C)[C@@](O)(O2)C(=O)C(=O)N2CCCC[C@H]2C(=O)O[C@H]([C@H](C)C[C@@H]2CC[C@@H](OC(=O)C(C)(CO)CO)[C@H](OC)C2)CC(=O)[C@H](C)/C=C(\C)[C@@H](O)[C@@H](OC)C(=O)[C@H](C)C[C@H](C)/C=C/C=C/C=C/1C,LEISHMANIASIS,4.522878745280337,DNA topoisomerase,<rdkit.Chem.rdchem.Mol object at 0x0000021ACD95F0D0>,[0 1 0 ... 0 0 0],O=C1CCC=CCC(=O)CC(CCC2CCCCC2)OC(=O)C2CCCCN2C(=O)C(=O)C2CCCC(CCC=CC=CC=CCCC1)O2,1030.3029999999999,5.722400000000009,4,16,241.95999999999992,10,False
CHEMBL5189507,CCCCCCCCCCCCCCCCCc1ccc(C(=O)/C=C/C(=O)O)cc1,LEISHMANIASIS,4.327902142064283,Cysteine protease,<rdkit.Chem.rdchem.Mol object at 0x0000021ACD95F060>,[0 0 0 ... 0 0 0],c1ccccc1,414.63000000000005,7.924000000000008,1,2,54.370000000000005,19,False
CHEMBL5190281,Cc1cc(C)c(S(=O)(=O)[O-])c(C)c1.Cc1cc2c(cc1C)[n+]1ncccc1c1ccc(Br)n12,LEISHMANIASIS,4.856672870007953,Trypanothione reductase,<rdkit.Chem.rdchem.Mol object at 0x0000021ACD95EFF0>,[0 0 0 ... 0 0 0],c1ccc2c(c1)n1cccc1c1cccn[n+]21.c1ccccc1,526.456,5.121500000000005,0,5,78.6,1,False
CHEMBL5198627,CN1CCN(CCn2ccc3cc(-c4ncc(C5(N6CCCC6)CCCCC5)s4)ccc32)CC1,LEISHMANIASIS,5.42021640338319,Trypanothione reductase,<rdkit.Chem.rdchem.Mol object at 0x0000021ACD95EF80>,[0 0 1 ... 1 0 0],c1cc2c(ccn2CCN2CCNCC2)cc1-c1ncc(C2(N3CCCC3)CCCCC2)s1,477.7220000000005,5.267400000000006,0,6,27.54,6,False
CHEMBL5191644,CCCCCCCCCCCCCCCc1ccc(C(=O)/C=C/C(=O)O)cc1,LEISHMANIASIS,4.337242168318426,Cysteine protease,<rdkit.Chem.rdchem.Mol object at 0x0000021ACD95EF10>,[0 0 0 ... 0 0 0],c1ccccc1,386.5760000000001,7.143800000000008,1,2,54.370000000000005,17,False
CHEMBL5195268,N#Cc1ccc2ccc(=O)n(CCN[C@H]3CC[C@H]4[C@H](C3)OC(=O)N4c3ccc4c(n3)NC(=O)CO4)c2c1,LEISHMANIASIS,4.137868620686962,DNA topoisomerase,<rdkit.Chem.rdchem.Mol object at 0x0000021ACD95EEA0>,[0 0 0 ... 0 0 0],O=C1COc2ccc(N3C(=O)OC4CC(NCCn5c(=O)ccc6ccccc65)CCC43)nc2N1,500.51500000000027,2.135179999999999,2,9,138.57999999999998,5,False
CHEMBL5193725,CCCCCCCCCCCCCc1ccc(C(=O)/C=C/C(=O)O)cc1,LEISHMANIASIS,4.6777807052660805,Cysteine protease,<rdkit.Chem.rdchem.Mol object at 0x0000021ACD95EE30>,[0 0 0 ... 0 0 0],c1ccccc1,358.52200000000005,6.363600000000007,1,2,54.370000000000005,15,False
CHEMBL5197963,CC(C)CC(=O)c1ccc2c(c1)[n+]([O-])c(C(=O)C(C)C)c(C(F)(F)F)[n+]2[O-],LEISHMANIASIS,4.721246399047171,Trypanothione reductase,<rdkit.Chem.rdchem.Mol object at 0x0000021ACD95EDC0>,[0 1 0 ... 0 0 0],c1ccc2[nH+]cc[nH+]c2c1,384.35400000000004,3.1929000000000016,0,4,88.02,5,True
CHEMBL1224755,O=C1/C(=C/c2ccncc2)CCC/C1=C\c1ccncc1,LEISHMANIASIS,4.832682665251824,Trypanothione reductase,<rdkit.Chem.rdchem.Mol object at 0x0000021ACD95ED50>,[0 0 0 ... 0 0 0],O=C1C(=Cc2ccncc2)CCCC1=Cc1ccncc1,276.33899999999994,3.6966000000000028,0,3,42.85,2,True
CHEMBL5192072,Cc1ccc(C/N=C2\NC(=O)/C(=C3\CCNC(=O)c4[nH]c5ccccc5c43)S2)cc1,LEISHMANIASIS,4.318758762624412,DNA topoisomerase,<rdkit.Chem.rdchem.Mol object at 0x0000021ACD95ECE0>,[0 0 0 ... 0 0 0],O=C1NC(=NCc2ccccc2)SC1=C1CCNC(=O)c2[nH]c3ccccc3c21,416.5060000000001,3.740120000000002,3,4,86.35,2,True
CHEMBL5198597,COc1cnc2ccc(=O)n(CCCN[C@H]3CC[C@H]4[C@H](C3)OC(=O)N4c3ccc4c(n3)NC(=O)CO4)c2c1,LEISHMANIASIS,4.0,DNA topoisomerase,<rdkit.Chem.rdchem.Mol object at 0x0000021ACD95EC70>,[0 0 0 ... 0 0 0],O=C1COc2ccc(N3C(=O)OC4CC(NCCCn5c(=O)ccc6ncccc65)CCC43)nc2N1,520.5460000000003,2.057199999999999,2,10,136.90999999999997,7,False
CHEMBL1094679,C/C=C(/C)C(=O)O[C@H]1[C@H](OC(=O)C(C)CC)[C@]2(CO)[C@H](O)C[C@]3(C)C(=CC[C@@H]4[C@@]5(C)CC[C@H](O[C@@H]6O[C@H](C(=O)O)[C@@H](O)[C@H](O[C@@H]7O[C@@H](CO)[C@H](O)[C@H]7O)[C@H]6O[C@@H]6O[C@H](CO)[C@H](O)[C@H](O)[C@H]6O)C(C)(C)[C@@H]5CC[C@]43C)[C@@H]2CC1(C)C,LEISHMANIASIS,4.303643611266668,DNA topoisomerase,<rdkit.Chem.rdchem.Mol object at 0x0000021ACD95EC00>,[0 1 0 ... 0 0 0],C1=C2C3CCCCC3CCC2C2CCC3CC(OC4OCCC(OC5CCCO5)C4OC4CCCCO4)CCC3C2C1,1127.3250000000003,1.3718000000000086,11,21,347.58000000000004,15,False
CHEMBL1094685,C/C=C(/C)C(=O)O[C@H]1[C@H](OC(C)=O)[C@]2(CO)[C@H](O)[C@H](O)[C@]3(C)C(=CC[C@@H]4[C@@]5(C)CC[C@H](O[C@@H]6O[C@H](C(=O)O)[C@@H](O)[C@H](O[C@@H]7OC[C@@H](O)[C@H](O)[C@H]7O)[C@H]6O[C@@H]6O[C@H](CO)[C@@H](O)[C@H](O)[C@H]6O)C(C)(C)[C@@H]5CC[C@]43C)[C@@H]2CC1(C)C,LEISHMANIASIS,3.6020599913279625,DNA topoisomerase,<rdkit.Chem.rdchem.Mol object at 0x0000021ACD95EB90>,[0 0 0 ... 0 0 0],C1=C2C3CCCCC3CCC2C2CCC3CC(OC4OCCC(OC5CCCCO5)C4OC4CCCCO4)CCC3C2C1,1101.2430000000002,-0.6835999999999884,12,22,367.81000000000006,12,False
CHEMBL5201228,COc1ccc2ccc(=O)n(CCN[C@H]3CC[C@H]4[C@H](C3)OC(=O)N4c3ccc4c(n3)NC(=O)CO4)c2n1,LEISHMANIASIS,4.841637507904751,DNA topoisomerase,<rdkit.Chem.rdchem.Mol object at 0x0000021ACD95EB20>,[0 0 0 ... 0 0 0],O=C1COc2ccc(N3C(=O)OC4CC(NCCn5c(=O)ccc6cccnc65)CCC43)nc2N1,506.5190000000003,1.6670999999999996,2,10,136.91,6,False
CHEMBL5201567,O=C(CCCCCOc1ccc(-c2nc3ccccc3c3cc(-c4ccccc4)nn23)cc1)NO,LEISHMANIASIS,4.780022762967793,DNA topoisomerase,<rdkit.Chem.rdchem.Mol object at 0x0000021ACD95EAB0>,[0 0 0 ... 0 0 0],c1ccc(-c2cc3c4ccccc4nc(-c4ccccc4)n3n2)cc1,466.54100000000017,5.661100000000006,2,6,88.75,9,False
CHEMBL5201710,Cc1cc(C)c(S(=O)(=O)[O-])c(C)c1.Cc1cc2c3cccn3c3cc(Cl)ccc3[n+]2nc1C,LEISHMANIASIS,5.101274818410507,Trypanothione reductase,<rdkit.Chem.rdchem.Mol object at 0x0000021ACD95EA40>,[0 0 0 ... 0 0 0],c1ccc2c(c1)n1cccc1c1cccn[n+]21.c1ccccc1,482.00500000000017,5.012400000000005,0,5,78.6,1,False
CHEMBL223360,Cc1ccc(F)c(NC(=O)Nc2ccc(-c3cccc4[nH]nc(N)c34)cc2)c1,LEISHMANIASIS,4.522878745280337,DNA topoisomerase,<rdkit.Chem.rdchem.Mol object at 0x0000021ACD95E9D0>,[0 0 0 ... 0 0 0],O=C(Nc1ccccc1)Nc1ccc(-c2cccc3[nH]ncc23)cc1,375.40700000000015,4.903620000000003,4,3,95.83,3,True
CHEMBL266182,O=C1c2c(c3c4cccc(O)c4n(C4OC(CO)C(O)C(O)C4O)c3c3[nH]c4c(O)cccc4c23)C(=O)N1NCC(O)CO,LEISHMANIASIS,6.0,DNA topoisomerase,<rdkit.Chem.rdchem.Mol object at 0x0000021ACD95E960>,[0 1 0 ... 0 0 0],O=C1NC(=O)c2c1c1c3ccccc3[nH]c1c1c2c2ccccc2n1C1CCCCO1,608.5600000000002,-0.7336000000000009,10,13,241.19999999999996,6,False
CHEMBL451123,CN(CCOC(=O)CCCC(=O)OCCN(C)CCn1nc2c3c(cccc31)C(=O)c1c(Cl)cccc1-2)CCn1nc2c3c(cccc31)C(=O)c1c(Cl)cccc1-2,LEISHMANIASIS,4.494850021680094,DNA topoisomerase,<rdkit.Chem.rdchem.Mol object at 0x0000021ACD95E8F0>,[0 0 0 ... 0 0 0],O=C(CCCC(=O)OCCNCCn1nc2c3c(cccc31)C(=O)c1ccccc1-2)OCCNCCn1nc2c3c(cccc31)C(=O)c1ccccc1-2,807.7349999999998,6.936100000000008,0,12,128.86,16,False
CHEMBL3357980,Cc1noc2c(F)c3c(cc12)CC1(C(=O)NC(=O)NC1=O)[C@H]1[C@H](C)O[C@H](C)CN31,LEISHMANIASIS,4.301029995663981,DNA topoisomerase,<rdkit.Chem.rdchem.Mol object at 0x0000021ACD95E880>,[0 0 0 ... 0 0 0],O=C1NC(=O)C2(Cc3cc4cnoc4cc3N3CCOCC32)C(=O)N1,402.3820000000001,1.1660199999999994,2,7,113.77000000000001,0,True
CHEMBL369836,CCC1(O)C(=O)OCc2c1cc1n(c2=O)Cc2c-1nc1ccc(I)cc1c2C(=O)O,LEISHMANIASIS,5.638272163982407,DNA topoisomerase,<rdkit.Chem.rdchem.Mol object at 0x0000021ACD95E810>,[0 0 0 ... 0 0 0],O=C1Cc2cc3n(c(=O)c2CO1)Cc1cc2ccccc2nc1-3,518.2630000000001,2.3824,2,7,118.72000000000001,2,False
CHEMBL5199206,O=C1C(Br)=C(Oc2ccc3ccccc3c2)C(=O)c2ccccc21,LEISHMANIASIS,5.958607314841775,Trypanothione reductase,<rdkit.Chem.rdchem.Mol object at 0x0000021ACD95E7A0>,[0 1 0 ... 0 0 0],O=C1C=C(Oc2ccc3ccccc3c2)C(=O)c2ccccc21,379.2090000000002,4.904300000000003,0,3,43.370000000000005,2,True
CHEMBL447826,O=C1c2c(c3c4ccc(O)cc4n(O[C@@H]4O[C@H](CO)[C@@H](O)[C@H](O)[C@H]4O)c3c3[nH]c4cc(O)ccc4c23)C(=O)N1NCc1ccc2ccccc2n1,LEISHMANIASIS,6.75713928675921,DNA topoisomerase,<rdkit.Chem.rdchem.Mol object at 0x0000021ACD95E730>,[0 0 0 ... 0 0 0],O=C1c2c(c3c4ccccc4n(OC4CCCCO4)c3c3[nH]c4ccccc4c23)C(=O)N1NCc1ccc2ccccc2n1,691.6529999999999,1.9177,8,13,222.86,6,False
CHEMBL5200146,CCCCCCCCCCCc1ccc(C(=O)/C=C/C(=O)O)cc1,LEISHMANIASIS,5.233622810503751,Cysteine protease,<rdkit.Chem.rdchem.Mol object at 0x0000021ACD95E6C0>,[0 0 0 ... 0 0 0],c1ccccc1,330.468,5.5834000000000055,1,2,54.370000000000005,13,False
CHEMBL321262,O=C1c2c(c3c4ccc(O)cc4n(C4OC(CO)C(O)C(O)C4O)c3c3[nH]c4ccccc4c23)C(=O)N1NC(CO)CO,LEISHMANIASIS,5.469651079823194,DNA topoisomerase,<rdkit.Chem.rdchem.Mol object at 0x0000021ACD95E650>,[0 1 0 ... 0 0 0],O=C1NC(=O)c2c1c1c3ccccc3[nH]c1c1c2c2ccccc2n1C1CCCCO1,592.5610000000001,-0.4392000000000006,9,12,220.96999999999997,6,False
CHEMBL507686,O=C1c2c(c3c4ccc(O)cc4n(O[C@@H]4O[C@H](CO)[C@@H](O)[C@H](O)[C@H]4O)c3c3[nH]c4cc(O)ccc4c23)C(=O)N1NCc1ccc(O)cc1,LEISHMANIASIS,7.420818753952375,DNA topoisomerase,<rdkit.Chem.rdchem.Mol object at 0x0000021ACD95E5E0>,[0 0 0 ... 0 0 0],O=C1c2c(c3c4ccccc4n(OC4CCCCO4)c3c3[nH]c4ccccc4c23)C(=O)N1NCc1ccccc1,656.604,1.0751,9,13,230.2,6,False
CHEMBL446813,CNC(=S)N/N=C(\C)c1ccccn1,LEISHMANIASIS,4.036212172654444,DNA topoisomerase,<rdkit.Chem.rdchem.Mol object at 0x0000021ACD95E570>,[0 0 0 ... 0 0 0],c1ccncc1,208.29000000000002,0.8994999999999999,2,3,49.31,2,True
CHEMBL447330,O=C1c2c(c3c4ccc(O)cc4n(O[C@@H]4O[C@H](CO)[C@@H](O)[C@H](O)[C@H]4O)c3c3[nH]c4cc(O)ccc4c23)C(=O)N1NCc1ccc(Br)cc1,LEISHMANIASIS,5.0,DNA topoisomerase,<rdkit.Chem.rdchem.Mol object at 0x0000021ACD95E500>,[0 0 0 ... 0 0 0],O=C1c2c(c3c4ccccc4n(OC4CCCCO4)c3c3[nH]c4ccccc4c23)C(=O)N1NCc1ccccc1,719.501,2.1319999999999997,8,12,209.97,6,False
CHEMBL449831,O=C1c2c(c3c4ccc(O)cc4n(O[C@@H]4O[C@H](CO)[C@@H](O)[C@H](O)[C@H]4O)c3c3[nH]c4cc(O)ccc4c23)C(=O)N1NCc1cccc(CO)c1,LEISHMANIASIS,7.157577319177793,DNA topoisomerase,<rdkit.Chem.rdchem.Mol object at 0x0000021ACD95E490>,[0 0 0 ... 0 0 0],O=C1c2c(c3c4ccccc4n(OC4CCCCO4)c3c3[nH]c4ccccc4c23)C(=O)N1NCc1ccccc1,670.631,0.8618000000000001,9,13,230.2,7,False
CHEMBL1094681,C/C=C(/C)C(=O)O[C@H]1[C@H](OC(=O)C(C)CC)[C@]2(CO)[C@H](O)[C@H](C)[C@]3(C)C(=CC[C@@H]4[C@@]5(C)CC[C@H](O[C@@H]6O[C@H](C(=O)O)[C@@H](O)[C@H](O[C@@H]7O[C@@H](CO)[C@H](O)[C@H]7O)[C@H]6O[C@@H]6O[C@H](CO)[C@@H](O)[C@H](O)[C@H]6O)[C@](C)(CO)[C@@H]5CC[C@]43C)[C@@H]2CC1(C)C,LEISHMANIASIS,4.443697499232712,DNA topoisomerase,<rdkit.Chem.rdchem.Mol object at 0x0000021ACD95E420>,[0 1 0 ... 0 0 0],C1=C2C3CCCCC3CCC2C2CCC3CC(OC4OCCC(OC5CCCO5)C4OC4CCCCO4)CCC3C2C1,1157.3510000000003,0.5902000000000116,12,22,367.81000000000006,16,False
CHEMBL267435,CCCCCCCCCCC(=O)O[C@H](CC=C(C)C)C1=CC(=O)c2c(O)ccc(O)c2C1=O,LEISHMANIASIS,3.204119982655925,DNA topoisomerase,<rdkit.Chem.rdchem.Mol object at 0x0000021ACD95E3B0>,[0 1 0 ... 0 0 0],O=C1C=CC(=O)c2ccccc21,456.57900000000024,6.202100000000008,2,6,100.9,13,False
CHEMBL507688,CC(C)=CCC[C@](C)(O[C@@H]1O[C@H](CO[C@@H]2OC[C@@H](O)[C@H](O)[C@H]2O)[C@@H](O)[C@H](O)[C@H]1O)[C@H]1CC[C@]2(C)[C@@H]1[C@H](O)C[C@@H]1[C@@]3(C)CC[C@H](O[C@@H]4O[C@H](CO)[C@@H](O)[C@H](O)[C@H]4O[C@@H]4O[C@H](CO)[C@@H](O)[C@H](O)[C@H]4O)C(C)(C)[C@@H]3CC[C@]12C,LEISHMANIASIS,3.6020599913279625,DNA topoisomerase,<rdkit.Chem.rdchem.Mol object at 0x0000021ACD95E340>,[0 0 0 ... 0 0 0],C1CCC(OCC2CCCC(OCC3CCC4C3CCC3C5CCC(OC6OCCCC6OC6CCCCO6)CC5CCC43)O2)OC1,1079.2810000000002,-1.5634999999999817,14,22,357.06000000000006,15,False
CHEMBL273318,CN1CCN(CCC(=O)Nc2cc(Br)ccc2Sc2cccc(NC(=O)CCCCCC(=O)Nc3ccc(N)c4c3C(=O)c3ccccc3C4=O)c2)CC1,LEISHMANIASIS,4.221848749616356,Trypanothione reductase,<rdkit.Chem.rdchem.Mol object at 0x0000021ACD95E2D0>,[0 1 0 ... 0 0 0],O=C(CCCCCC(=O)Nc1cccc2c1C(=O)c1ccccc1C2=O)Nc1cccc(Sc2ccccc2NC(=O)CCN2CCNCC2)c1,811.8029999999999,7.061600000000006,4,9,153.94,14,False
CHEMBL510006,O=C1c2c(c3c4ccc(O)cc4n(O[C@@H]4O[C@H](CO)[C@@H](O)[C@H](O)[C@H]4O)c3c3[nH]c4cc(O)ccc4c23)C(=O)N1NCc1cccnc1,LEISHMANIASIS,6.319136081991204,DNA topoisomerase,<rdkit.Chem.rdchem.Mol object at 0x0000021ACD95E260>,[0 0 0 ... 0 0 0],O=C1c2c(c3c4ccccc4n(OC4CCCCO4)c3c3[nH]c4ccccc4c23)C(=O)N1NCc1cccnc1,641.593,0.7645000000000002,8,13,222.86,6,False
CHEMBL374342,O=C(O)c1ccc(-c2c3nc(c(-c4ccc(C(=O)O)cc4)c4ccc([nH]4)c(-c4ccc(C(=O)O)cc4)c4nc(c(-c5ccc(C(=O)O)cc5)c5ccc2[nH]5)C=C4)C=C3)cc1,LEISHMANIASIS,5.9726082773357625,DNA topoisomerase,<rdkit.Chem.rdchem.Mol object at 0x0000021ACD95E1F0>,[0 0 0 ... 0 0 0],C1=Cc2nc1c(-c1ccccc1)c1ccc([nH]1)c(-c1ccccc1)c1nc(c(-c3ccccc3)c3ccc([nH]3)c2-c2ccccc2)C=C1,790.7880000000001,10.116399999999995,6,6,206.55999999999995,8,False
CHEMBL1222275,O=C(O)C[C@H](NC(=O)OCc1ccccc1)C(=O)O,LEISHMANIASIS,4.569441230477242,DNA topoisomerase,<rdkit.Chem.rdchem.Mol object at 0x0000021ACD95E180>,[0 1 0 ... 0 0 0],c1ccccc1,267.23699999999997,0.8407,3,4,112.93000000000002,6,True
CHEMBL436500,COC(=O)c1ccccc1NC(=O)COC(=O)CSc1nc(C)cc(C)n1,LEISHMANIASIS,4.920818753952375,Cysteine protease,<rdkit.Chem.rdchem.Mol object at 0x0000021ACD95E110>,[0 0 0 ... 0 0 0],O=C(COC(=O)CSc1ncccn1)Nc1ccccc1,389.43300000000005,2.15404,1,8,107.47999999999999,7,True
CHEMBL435191,O=C1c2c(c3c4ccc(O)cc4n([C@@H]4O[C@H](CO)[C@@H](O)[C@H](O)[C@H]4O)c3c3[nH]c4cc(O)ccc4c23)C(=O)N1NC(CO)CO,LEISHMANIASIS,7.292429823902063,DNA topoisomerase,<rdkit.Chem.rdchem.Mol object at 0x0000021ACD95E0A0>,[0 1 0 ... 0 0 0],O=C1NC(=O)c2c1c1c3ccccc3[nH]c1c1c2c2ccccc2n1C1CCCCO1,608.5600000000002,-0.7336000000000009,10,13,241.19999999999996,6,False
CHEMBL17190,CN1CCN(CCC(=O)Nc2cc(Br)ccc2Sc2cccc(NC(=O)CCCCCC(=O)Nc3cccc(Sc4ccccc4N)c3)c2)CC1,LEISHMANIASIS,4.795880017344075,Trypanothione reductase,<rdkit.Chem.rdchem.Mol object at 0x0000021ACD95E030>,[0 0 0 ... 0 0 0],O=C(CCCCCC(=O)Nc1cccc(Sc2ccccc2NC(=O)CCN2CCNCC2)c1)Nc1cccc(Sc2ccccc2)c1,789.866,8.437400000000006,4,8,119.8,16,False
CHEMBL506257,CN(CCOC(=O)CCC(=O)OCCN(C)CCn1nc2c3c(cccc31)C(=O)c1c(Cl)cccc1-2)CCn1nc2c3c(cccc31)C(=O)c1c(Cl)cccc1-2,LEISHMANIASIS,4.301029995663981,DNA topoisomerase,<rdkit.Chem.rdchem.Mol object at 0x0000021ACD95DFC0>,[0 0 0 ... 0 0 0],O=C(CCC(=O)OCCNCCn1nc2c3c(cccc31)C(=O)c1ccccc1-2)OCCNCCn1nc2c3c(cccc31)C(=O)c1ccccc1-2,793.7079999999999,6.546000000000007,0,12,128.86,15,False
CHEMBL152954,CN1CCN(CCCNC(=O)CCCCC2=C(CCCCC(=O)NCCCN3CCN(C)CC3)C(=O)c3c(O)cccc3C2=O)CC1,LEISHMANIASIS,5.207608310501746,Trypanothione reductase,<rdkit.Chem.rdchem.Mol object at 0x0000021ACD95DF50>,[0 0 0 ... 0 0 0],O=C(CCCCC1=C(CCCCC(=O)NCCCN2CCNCC2)C(=O)c2ccccc2C1=O)NCCCN1CCNCC1,652.8810000000003,2.6960000000000033,3,9,125.53,18,False
CHEMBL76694,O=C(Cc1c[nH]c2ccc(Br)cc12)NCCCNCCCCNCCCNC(=O)Cc1c[nH]c2ccc(Br)cc12,LEISHMANIASIS,7.119186407719209,Trypanothione reductase,<rdkit.Chem.rdchem.Mol object at 0x0000021ACD95DEE0>,[0 0 0 ... 0 0 0],O=C(Cc1c[nH]c2ccccc12)NCCCNCCCCNCCCNC(=O)Cc1c[nH]c2ccccc12,674.4820000000004,4.931400000000004,6,4,113.84,17,False
CHEMBL505529,C=C1NC(=O)C(C)C(CCC(C)C(=O)/C=C/C(C)=C/CC(C)CCCCCCC)OC(=O)[C@H](CC(OS(=O)(=O)O)C(N)=O)NC(=O)[C@@H](C)CNC1=O,LEISHMANIASIS,4.653576540361385,DNA topoisomerase,<rdkit.Chem.rdchem.Mol object at 0x0000021ACD95DE70>,[0 1 0 ... 0 0 0],C=C1NC(=O)CCOC(=O)CNC(=O)CCNC1=O,754.9440000000003,3.3529000000000053,5,10,237.35999999999999,19,False
CHEMBL190230,O=C(O)CCCN1C(=O)c2ccccc2C2C(=O)c3ccccc3C21,LEISHMANIASIS,5.309803919971486,DNA topoisomerase,<rdkit.Chem.rdchem.Mol object at 0x0000021ACD95DE00>,[0 0 0 ... 1 0 0],O=C1NC2c3ccccc3C(=O)C2c2ccccc21,335.3590000000001,3.028400000000002,1,3,74.68,4,True
CHEMBL1873475,C=CC(=O)N1CCC[C@@H](n2nc(-c3ccc(Oc4ccccc4)cc3)c3c(N)ncnc32)C1,LEISHMANIASIS,4.522878745280337,DNA topoisomerase,<rdkit.Chem.rdchem.Mol object at 0x0000021ACD95DD90>,[0 0 0 ... 0 0 0],c1ccc(Oc2ccc(-c3nn(C4CCCNC4)c4ncncc34)cc2)cc1,440.5070000000002,4.2173000000000025,1,7,99.16,5,True
CHEMBL504441,CC(C)=CCC[C@](C)(O[C@@H]1O[C@H](CO[C@@H]2O[C@H](CO)[C@@H](O)[C@H](O)[C@H]2O)[C@@H](O)[C@H](O)[C@H]1O)[C@H]1CC[C@]2(C)[C@@H]1[C@H](O)C[C@@H]1[C@@]3(C)CC[C@H](O[C@@H]4O[C@H](CO)[C@@H](O)[C@H](O)[C@H]4O)C(C)(C)[C@@H]3CC[C@]12C,LEISHMANIASIS,3.6020599913279625,DNA topoisomerase,<rdkit.Chem.rdchem.Mol object at 0x0000021ACD95DD20>,[0 0 0 ... 0 0 0],C1CCC(OCC2CCCC(OCC3CCC4C3CCC3C5CCC(OC6CCCCO6)CC5CCC43)O2)OC1,947.1659999999999,-0.02679999999999283,12,18,298.14,13,False
CHEMBL253717,CCN(CC)CCCC(C)Nc1c2ccccc2[n+](C)c2c1[nH]c1ccccc12.[Cl-],LEISHMANIASIS,4.0,Cysteine protease,<rdkit.Chem.rdchem.Mol object at 0x0000021ACD95DCB0>,[0 1 0 ... 0 0 0],c1ccc2[nH+]c3c(cc2c1)[nH]c1ccccc13,425.0200000000001,2.225199999999999,2,2,34.94,8,True
CHEMBL499847,O=c1ccc2c(ccc3ccoc32)o1,LEISHMANIASIS,3.393618634889395,DNA topoisomerase,<rdkit.Chem.rdchem.Mol object at 0x0000021ACD95DC40>,[0 0 0 ... 0 0 0],O=c1ccc2c(ccc3ccoc32)o1,186.166,2.539200000000001,0,3,43.35,0,True
CHEMBL72828,CCC1(O)C(=O)OCc2c1cc1n(c2=O)Cc2cc3cc(OCCNC(=O)c4cc(NC(=O)CCCN(C)C)cn4COC)ccc3nc2-1,LEISHMANIASIS,5.584692707774432,DNA topoisomerase,<rdkit.Chem.rdchem.Mol object at 0x0000021ACD95DBD0>,[0 0 0 ... 0 0 0],O=C1Cc2cc3n(c(=O)c2CO1)Cc1cc2cc(OCCNC(=O)c4ccc[nH]4)ccc2nc1-3,672.7390000000001,2.5741000000000005,3,12,166.25,13,False
CHEMBL277011,CCNN1C(=O)c2c(c3c4cccc(O)c4n(C4OC(CO)C(O)C(O)C4O)c3c3[nH]c4c(O)cccc4c23)C1=O,LEISHMANIASIS,4.878480975656853,DNA topoisomerase,<rdkit.Chem.rdchem.Mol object at 0x0000021ACD95DB60>,[0 0 0 ... 0 0 0],O=C1NC(=O)c2c1c1c3ccccc3[nH]c1c1c2c2ccccc2n1C1CCCCO1,562.5350000000002,0.9331,8,11,200.73999999999998,4,False
CHEMBL380649,O=c1[nH]sc2c1c(=O)c1cc(F)c(-c3ccc4ncccc4c3)cc1n2C1CC1,LEISHMANIASIS,5.494850021680094,DNA topoisomerase,<rdkit.Chem.rdchem.Mol object at 0x0000021ACD95DAF0>,[0 0 0 ... 0 1 0],O=c1[nH]sc2c1c(=O)c1ccc(-c3ccc4ncccc4c3)cc1n2C1CC1,403.43800000000016,4.593700000000002,1,5,67.75,2,True
CHEMBL256856,CCN(CC)CCNc1nc2c(Nc3ccccc3)c3ccccc3nc2s1,LEISHMANIASIS,3.772370350428991,DNA topoisomerase,<rdkit.Chem.rdchem.Mol object at 0x0000021ACD95DA80>,[0 0 0 ... 0 0 0],c1ccc(Nc2c3ccccc3nc3scnc23)cc1,391.5440000000001,5.3418000000000045,2,6,53.08,8,False
CHEMBL445883,CCN1CCOc2ccc3nc4c(cc3c21)Cn1c-4cc2c(c1=O)COC(=O)[C@]2(O)CC,LEISHMANIASIS,4.920818753952375,DNA topoisomerase,<rdkit.Chem.rdchem.Mol object at 0x0000021ACD95DA10>,[0 0 0 ... 0 0 0],O=C1Cc2cc3n(c(=O)c2CO1)Cc1cc2c4c(ccc2nc1-3)OCCN4,433.4640000000003,2.2983000000000002,1,8,93.89,2,True
CHEMBL266463,COc1ccc(Cc2cn(C3CC3)c3c(F)c(-c4cc(C)nc(C)c4)c(F)cc3c2=O)cc1,LEISHMANIASIS,4.853871964321762,DNA topoisomerase,<rdkit.Chem.rdchem.Mol object at 0x0000021ACD95D9A0>,[0 0 0 ... 0 0 0],O=c1c(Cc2ccccc2)cn(C2CC2)c2cc(-c3ccncc3)ccc12,446.4970000000001,5.892840000000006,0,4,44.120000000000005,5,False
CHEMBL209039,N=C(NCCCNCCCCCCCNCCCNC(=N)NC(=N)NCC(c1ccccc1)c1ccccc1)NC(=N)NCC(c1ccccc1)c1ccccc1,LEISHMANIASIS,5.779891911959945,Trypanothione reductase,<rdkit.Chem.rdchem.Mol object at 0x0000021ACD95D930>,[0 1 0 ... 0 0 0],N=C(NCCCNCCCCCCCNCCCNC(=N)NC(=N)NCC(c1ccccc1)c1ccccc1)NC(=N)NCC(c1ccccc1)c1ccccc1,773.0909999999999,5.837180000000009,12,6,191.64,24,False
CHEMBL1095341,C/C=C(\C)C(=O)O[C@H]1[C@H](OC(=O)C(C)CC)[C@]2(CO)[C@H](O)[C@H](O)[C@]3(C)C(=CC[C@@H]4[C@@]5(C)CC[C@H](O[C@@H]6O[C@H](C(=O)O)[C@@H](O)[C@H](O[C@@H]7O[C@@H](CO)[C@H](O)[C@H]7O)[C@H]6O[C@@H]6O[C@H](CO)[C@H](O)[C@H](O)[C@H]6O)C(C)(C)[C@@H]5CC[C@]43C)[C@@H]2CC1(C)C,LEISHMANIASIS,3.741237108183089,DNA topoisomerase,<rdkit.Chem.rdchem.Mol object at 0x0000021ACD95D8C0>,[0 1 0 ... 0 0 0],C1=C2C3CCCCC3CCC2C2CCC3CC(OC4OCCC(OC5CCCO5)C4OC4CCCCO4)CCC3C2C1,1143.3240000000003,0.34260000000001245,12,22,367.81000000000006,15,False
CHEMBL350553,CC[C@@]1(O)C(=O)OCc2c1cc1n(c2=O)Cc2c-1nc1cc3c(cc1c2Cn1cc[n+](C)c1)OCCO3,LEISHMANIASIS,6.2839966563652006,DNA topoisomerase,<rdkit.Chem.rdchem.Mol object at 0x0000021ACD95D850>,[0 0 0 ... 0 0 0],O=C1Cc2cc3n(c(=O)c2CO1)Cc1c-3nc2cc3c(cc2c1Cn1cc[nH+]c1)OCCO3,501.5190000000003,1.5250999999999995,1,9,108.69,3,False
CHEMBL1094678,C/C=C(/C)C(=O)O[C@H]1[C@H](OC(=O)C(C)CC)[C@]2(CO)[C@H](O)[C@H](O)[C@]3(C)C(=CC[C@@H]4[C@@]5(C)CC[C@H](O)C(C)(C)[C@@H]5CC[C@]43C)[C@@H]2CC1(C)C,LEISHMANIASIS,3.6020599913279625,DNA topoisomerase,<rdkit.Chem.rdchem.Mol object at 0x0000021ACD95D7E0>,[0 1 0 ... 0 0 0],C1=C2C3CCCCC3CCC2C2CCC3CCCCC3C2C1,672.9439999999998,6.1386000000000065,4,8,133.52,6,False
CHEMBL1094675,C/C=C(/C)C(=O)O[C@H]1[C@H](OC(=O)/C(C)=C\C)[C@]2(CO)[C@H](O)C[C@]3(C)C(=CC[C@@H]4[C@@]5(C)CC[C@H](O[C@@H]6O[C@H](C(=O)O)[C@@H](O)[C@H](O[C@@H]7O[C@@H](CO)[C@H](O)[C@H]7O)[C@H]6O[C@@H]6O[C@H](CO)[C@H](O)[C@H](O)[C@H]6O)C(C)(C)[C@@H]5CC[C@]43C)[C@@H]2CC1(C)C,LEISHMANIASIS,4.567030709125595,DNA topoisomerase,<rdkit.Chem.rdchem.Mol object at 0x0000021ACD95D770>,[0 0 0 ... 0 0 0],C1=C2C3CCCCC3CCC2C2CCC3CC(OC4OCCC(OC5CCCO5)C4OC4CCCCO4)CCC3C2C1,1125.3090000000004,1.2919000000000085,11,21,347.58000000000004,14,False
CHEMBL502679,O=C1c2c(c3c4ccc(O)cc4n(O[C@@H]4O[C@H](CO)[C@@H](O)[C@H](O)[C@H]4O)c3c3[nH]c4cc(O)ccc4c23)C(=O)N1NCc1cnccc1CO,LEISHMANIASIS,6.301029995663981,DNA topoisomerase,<rdkit.Chem.rdchem.Mol object at 0x0000021ACD95D700>,[0 0 0 ... 0 0 0],O=C1c2c(c3c4ccccc4n(OC4CCCCO4)c3c3[nH]c4ccccc4c23)C(=O)N1NCc1cccnc1,671.6189999999999,0.2568000000000002,9,14,243.09,7,False
CHEMBL7769,Cc1cc(-c2c(F)cc3c(=O)c(Cc4ccccc4N)cn(C4CC4)c3c2F)cc(C)n1,LEISHMANIASIS,5.6777807052660805,DNA topoisomerase,<rdkit.Chem.rdchem.Mol object at 0x0000021ACD95D690>,[0 0 0 ... 0 0 0],O=c1c(Cc2ccccc2)cn(C2CC2)c2cc(-c3ccncc3)ccc12,431.4860000000002,5.466440000000003,1,4,60.910000000000004,4,False
CHEMBL91051,CCC1(O)C(=O)OCc2c1cc1n(c2=O)Cc2cc3cc(Br)ccc3nc2-1,LEISHMANIASIS,6.886056647693163,DNA topoisomerase,<rdkit.Chem.rdchem.Mol object at 0x0000021ACD95D620>,[0 0 0 ... 0 0 0],O=C1Cc2cc3n(c(=O)c2CO1)Cc1cc2ccccc2nc1-3,427.2540000000001,2.842100000000001,1,6,81.42,1,True
CHEMBL88605,CCC1(O)C(=O)OCc2c1cc1n(c2=O)Cc2cc3cc(OC(=O)N4CCC(N5CCCCC5)CC4)ccc3nc2-1,LEISHMANIASIS,4.6777807052660805,DNA topoisomerase,<rdkit.Chem.rdchem.Mol object at 0x0000021ACD95D5B0>,[0 0 1 ... 0 0 0],O=C1Cc2cc3n(c(=O)c2CO1)Cc1cc2cc(OC(=O)N4CCC(N5CCCCC5)CC4)ccc2nc1-3,558.6350000000004,3.5287000000000024,1,9,114.2,3,False
CHEMBL43,COc1cc(NS(C)(=O)=O)ccc1Nc1c2ccccc2nc2ccccc12,LEISHMANIASIS,6.142667503568732,DNA topoisomerase,<rdkit.Chem.rdchem.Mol object at 0x0000021ACD95D540>,[0 0 0 ... 0 0 0],c1ccc(Nc2c3ccccc3nc3ccccc23)cc1,393.46800000000013,4.511700000000003,2,5,80.32,5,True
CHEMBL9023,CC(C)=CC[C@@H](OC(=O)/C=C(C)\C=C\C=C(C)\C=C\C1=C(C)CCCC1(C)C)C1=CC(=O)c2c(O)ccc(O)c2C1=O,LEISHMANIASIS,3.204119982655925,DNA topoisomerase,<rdkit.Chem.rdchem.Mol object at 0x0000021ACD95D4D0>,[0 1 0 ... 0 0 0],O=C(C=CC=CC=CC=CC1=CCCCC1)OCC1=CC(=O)c2ccccc2C1=O,570.7260000000005,8.202900000000003,2,6,100.9,9,False
CHEMBL89368,COc1ccc2nc3cc(Cl)ccc3c(NCCCCNS(=O)(=O)c3ccc4ccccc4c3)c2c1,LEISHMANIASIS,5.301029995663981,Trypanothione reductase,<rdkit.Chem.rdchem.Mol object at 0x0000021ACD95D460>,[0 0 0 ... 0 0 0],O=S(=O)(NCCCCNc1c2ccccc2nc2ccccc12)c1ccc2ccccc2c1,520.0540000000003,6.373800000000005,2,5,80.32,9,False
CHEMBL7562,Cc1cc(-c2c(F)cc3c(=O)c(Cc4ccccc4NS(C)(=O)=O)cn(C4CC4)c3c2F)cc(C)n1,LEISHMANIASIS,5.481486060122113,DNA topoisomerase,<rdkit.Chem.rdchem.Mol object at 0x0000021ACD95D3F0>,[0 0 0 ... 0 0 0],O=c1c(Cc2ccccc2)cn(C2CC2)c2cc(-c3ccncc3)ccc12,509.57800000000026,5.255740000000004,1,5,81.06,6,False
CHEMBL13190,CC[C@@]1(O)C(=O)OCc2c1cc1n(c2=O)Cc2c-1nc1cnc(C#CCN3CCOCC3)cc1c2C,LEISHMANIASIS,5.953504835665291,DNA topoisomerase,<rdkit.Chem.rdchem.Mol object at 0x0000021ACD95D380>,[0 0 0 ... 0 0 0],O=C1Cc2cc3n(c(=O)c2CO1)Cc1cc2cc(C#CCN4CCOCC4)ncc2nc1-3,486.52800000000036,1.4667199999999998,1,9,106.78,2,True
CHEMBL91945,CCC1(O)C(=O)OCc2c1cc1n(c2=O)Cc2cc3c(OC)cccc3nc2-1,LEISHMANIASIS,5.795880017344075,DNA topoisomerase,<rdkit.Chem.rdchem.Mol object at 0x0000021ACD95D310>,[0 0 0 ... 0 0 0],O=C1Cc2cc3n(c(=O)c2CO1)Cc1cc2ccccc2nc1-3,378.3840000000001,2.0882,1,7,90.65,2,True
CHEMBL90761,CCC1(O)C(=O)OCc2c1cc1n(c2=O)Cc2cc3c(N)c4c(cc3nc2-1)OCO4,LEISHMANIASIS,7.1401686584909765,DNA topoisomerase,<rdkit.Chem.rdchem.Mol object at 0x0000021ACD95D2A0>,[0 0 0 ... 0 0 0],O=C1Cc2cc3n(c(=O)c2CO1)Cc1cc2cc4c(cc2nc1-3)OCO4,407.38200000000023,1.3904999999999998,2,9,125.9,1,True
CHEMBL39288,O=C(CCC(=O)N1c2ccccc2Sc2ccc(Cl)cc21)NNc1ccccc1,LEISHMANIASIS,3.821023052706831,Trypanothione reductase,<rdkit.Chem.rdchem.Mol object at 0x0000021ACD95D230>,[0 0 0 ... 0 0 0],O=C(CCC(=O)N1c2ccccc2Sc2ccccc21)NNc1ccccc1,423.92500000000007,5.392800000000003,2,4,61.440000000000005,5,False
CHEMBL18395,O=c1c2ccccc2nc2n1C(O)c1cc3ccccc3nc1-2,LEISHMANIASIS,4.6020599913279625,DNA topoisomerase,<rdkit.Chem.rdchem.Mol object at 0x0000021ACD95D1C0>,[0 0 0 ... 0 0 0],O=c1c2ccccc2nc2n1Cc1cc3ccccc3nc1-2,301.30500000000006,2.4643000000000006,1,5,68.01,0,True
CHEMBL20811,O=C1c2c(c3c4cccc(O)c4n(C4OC(CO)C(O)C(O)C4O)c3c3[nH]c4c(O)cccc4c23)C(=O)N1NCCO,LEISHMANIASIS,5.333780770042198,DNA topoisomerase,<rdkit.Chem.rdchem.Mol object at 0x0000021ACD95D150>,[0 0 0 ... 0 0 0],O=C1NC(=O)c2c1c1c3ccccc3[nH]c1c1c2c2ccccc2n1C1CCCCO1,578.5340000000001,-0.09450000000000036,9,12,220.96999999999997,5,False
CHEMBL152807,CC1=C(CCCCC(=O)NCCCCNCCCNC(=O)CCCCC2=C(C)C(=O)c3ccccc3C2=O)C(=O)c2ccccc2C1=O,LEISHMANIASIS,5.853871964321762,Trypanothione reductase,<rdkit.Chem.rdchem.Mol object at 0x0000021ACD95D0E0>,[0 1 0 ... 0 0 0],O=C(CCCCC1=CC(=O)c2ccccc2C1=O)NCCCCNCCCNC(=O)CCCCC1=CC(=O)c2ccccc2C1=O,653.8200000000003,5.890900000000006,3,7,138.51,19,False
CHEMBL97638,Cc1cc(-c2c(F)cc3c(=O)cc(-c4ccccc4)n(C4CC4)c3c2F)cc(C)n1,LEISHMANIASIS,3.619788758288394,DNA topoisomerase,<rdkit.Chem.rdchem.Mol object at 0x0000021ACD95D070>,[0 0 0 ... 0 1 0],O=c1cc(-c2ccccc2)n(C2CC2)c2cc(-c3ccncc3)ccc12,402.4440000000002,5.960440000000005,0,3,34.89,3,False
CHEMBL86281,c1ccc(CCCNCCCN(CCCCN(CCCNCCCc2ccccc2)CCCc2ccccc2)CCCc2ccccc2)cc1,LEISHMANIASIS,6.216840189237594,Trypanothione reductase,<rdkit.Chem.rdchem.Mol object at 0x0000021ACD95D000>,[0 0 0 ... 0 0 0],c1ccc(CCCNCCCN(CCCCN(CCCNCCCc2ccccc2)CCCc2ccccc2)CCCc2ccccc2)cc1,675.0620000000001,8.861200000000004,2,4,30.54,29,False
CHEMBL7618,CC(=O)Nc1ccccc1Cc1cn(C2CC2)c2c(F)c(-c3cc(C)nc(C)c3)c(F)cc2c1=O,LEISHMANIASIS,5.292429823902063,DNA topoisomerase,<rdkit.Chem.rdchem.Mol object at 0x0000021ACD95CF90>,[0 0 0 ... 0 0 0],O=c1c(Cc2ccccc2)cn(C2CC2)c2cc(-c3ccncc3)ccc12,473.5230000000002,5.842640000000006,1,4,63.99,5,False
CHEMBL151397,CCN(CC)CCCCC(C)Nc1c2ccccc2nc2cc(Cl)ccc12,LEISHMANIASIS,4.958607314841775,Trypanothione reductase,<rdkit.Chem.rdchem.Mol object at 0x0000021ACD95CF20>,[0 1 0 ... 0 0 0],c1ccc2nc3ccccc3cc2c1,383.96700000000016,6.3539000000000065,1,3,28.16,9,False
CHEMBL109534,COc1cccc2c(Oc3ccc(COC(=O)NC(C)C)cc3)c3ccccc3nc12,LEISHMANIASIS,4.0,DNA topoisomerase,<rdkit.Chem.rdchem.Mol object at 0x0000021ACD95CEB0>,[0 1 0 ... 0 0 0],c1ccc(Oc2c3ccccc3nc3ccccc23)cc1,416.47700000000015,5.8235000000000054,1,5,69.68,6,False
CHEMBL7392,Cc1cc(-c2c(F)cc3c(=O)c(Cc4ccccc4C(=O)O)cn(C4CC4)c3c2F)cc(C)n1,LEISHMANIASIS,3.6989700043360183,DNA topoisomerase,<rdkit.Chem.rdchem.Mol object at 0x0000021ACD95CE40>,[0 0 0 ... 0 0 0],O=c1c(Cc2ccccc2)cn(C2CC2)c2cc(-c3ccncc3)ccc12,460.48000000000025,5.582440000000004,1,4,72.19,5,False
CHEMBL45755,Cc1cc(-c2c(F)cc3c(=O)c(C(=O)O)cn4c3c2OCC4(C)C)cc(C)n1,LEISHMANIASIS,3.292429823902064,DNA topoisomerase,<rdkit.Chem.rdchem.Mol object at 0x0000021ACD95CDD0>,[0 0 0 ... 0 0 0],O=c1ccn2c3c(c(-c4ccncc4)ccc13)OCC2,382.3910000000002,3.6451400000000014,1,5,81.42,2,True
CHEMBL5076925,CC(C(C)N1CC(=O)NC(=O)C1)N1CCNC(=O)C1,LEISHMANIASIS,3.4090710631437475,DNA topoisomerase,<rdkit.Chem.rdchem.Mol object at 0x0000021ACD95CD60>,[0 1 0 ... 0 0 0],O=C1CN(CCN2CC(=O)NC(=O)C2)CCN1,268.317,-1.846399999999996,2,5,81.75,3,True
CHEMBL261294,CC(C)Cn1nc2c(n1)C(=O)c1cnncc1C2=O,LEISHMANIASIS,4.7121982700697735,DNA topoisomerase,<rdkit.Chem.rdchem.Mol object at 0x0000021ACD95CCF0>,[0 1 0 ... 0 0 0],O=C1c2cnncc2C(=O)c2n[nH]nc21,257.253,0.49949999999999983,0,7,90.63,2,True
CHEMBL5076562,COc1ccc(NC(=O)c2ccccc2Nc2cccc(C(F)(F)F)c2)cc1,LEISHMANIASIS,3.903089986991944,DNA topoisomerase,<rdkit.Chem.rdchem.Mol object at 0x0000021ACD95CC80>,[0 0 0 ... 0 0 0],O=C(Nc1ccccc1)c1ccccc1Nc1ccccc1,386.37300000000005,5.709900000000003,2,3,50.36,5,False
CHEMBL21108,O=C1NC(=O)c2c1c1c3cccc(O)c3[nH]c1c1c2c2cccc(O)c2n1C1OC(CO)C(O)C(O)C1O,LEISHMANIASIS,4.886056647693163,DNA topoisomerase,<rdkit.Chem.rdchem.Mol object at 0x0000021ACD95CC10>,[0 0 0 ... 0 0 0],O=C1NC(=O)c2c1c1c3ccccc3[nH]c1c1c2c2ccccc2n1C1CCCCO1,519.4660000000002,0.6961999999999995,8,10,197.49999999999997,2,False
CHEMBL153514,CC1=C(CCC(=O)NCCCNCCCNC(=O)CCC2=C(C)C(=O)c3cccc(O)c3C2=O)C(=O)c2c(O)cccc2C1=O,LEISHMANIASIS,5.721246399047171,Trypanothione reductase,<rdkit.Chem.rdchem.Mol object at 0x0000021ACD95CBA0>,[0 0 0 ... 0 0 0],O=C(CCC1=CC(=O)c2ccccc2C1=O)NCCCNCCCNC(=O)CCC1=CC(=O)c2ccccc2C1=O,615.6830000000004,3.351600000000002,5,9,178.97,14,False
CHEMBL574737,CN[C@@H]1C[C@H]2O[C@@](C)([C@@H]1OC)n1c3ccccc3c3c4c(c5c6ccccc6n2c5c31)C(=O)N[C@H]4O,LEISHMANIASIS,4.522878745280337,DNA topoisomerase,<rdkit.Chem.rdchem.Mol object at 0x0000021ACD95CB30>,[0 0 0 ... 0 0 0],O=C1NCc2c1c1c3ccccc3n3c1c1c2c2ccccc2n1C1CCCC3O1,482.54000000000025,3.844900000000002,3,7,89.68,2,True
CHEMBL269139,Cc1cc(-c2c(F)cc3c(=O)c(Cc4cc(O)ccc4O)cn(C4CC4)c3c2F)cc(C)n1,LEISHMANIASIS,6.795880017344075,DNA topoisomerase,<rdkit.Chem.rdchem.Mol object at 0x0000021ACD95CAC0>,[0 0 0 ... 0 0 0],O=c1c(Cc2ccccc2)cn(C2CC2)c2cc(-c3ccncc3)ccc12,448.4690000000002,5.295440000000005,2,5,75.35,4,False
CHEMBL292314,Nc1c2c(nc3cc(Cl)ccc13)CCCC2,LEISHMANIASIS,4.096910013008056,Trypanothione reductase,<rdkit.Chem.rdchem.Mol object at 0x0000021ACD95CA50>,[0 0 0 ... 0 0 0],c1ccc2nc3c(cc2c1)CCCC3,232.71399999999994,3.3492000000000015,1,2,38.91,0,True
CHEMBL279481,O=C1NC(=O)c2c1c1c3cccc(O)c3[nH]c1c1[nH]c3c(O)cccc3c21,LEISHMANIASIS,4.911954370472159,DNA topoisomerase,<rdkit.Chem.rdchem.Mol object at 0x0000021ACD95C9E0>,[0 0 0 ... 0 0 0],O=C1NC(=O)c2c1c1c3ccccc3[nH]c1c1[nH]c3ccccc3c21,357.3250000000001,3.2504,5,4,118.21,0,True
CHEMBL307767,Cn1cc(NC(=O)c2cc(NC(=O)CNC(=N)N)cn2C)cc1C(=O)NCCC(=N)N,LEISHMANIASIS,4.207608310501746,DNA topoisomerase,<rdkit.Chem.rdchem.Mol object at 0x0000021ACD95C970>,[0 0 0 ... 0 0 0],O=C(Nc1cc[nH]c1)c1ccc[nH]1,430.4730000000002,-0.9066599999999978,8,7,208.92999999999998,9,False
CHEMBL347380,Nc1nc(O)cc(NCc2ccccc2)n1,LEISHMANIASIS,4.481486060122113,DNA topoisomerase,<rdkit.Chem.rdchem.Mol object at 0x0000021ACD95C900>,[0 0 0 ... 0 0 0],c1ccc(CNc2ccncn2)cc1,216.244,1.3764999999999998,3,5,84.06,3,True
CHEMBL270218,CSc1nc2c(Nc3ccc(Cl)cc3)c3ccccc3nc2s1,LEISHMANIASIS,4.688458041598805,DNA topoisomerase,<rdkit.Chem.rdchem.Mol object at 0x0000021ACD95C890>,[0 0 0 ... 0 0 0],c1ccc(Nc2c3ccccc3nc3scnc23)cc1,357.8910000000001,5.963400000000003,1,5,37.81,3,False
CHEMBL322826,Cc1ccc(C[N+](C)(C)CCCN2c3ccccc3Sc3ccc(Cl)cc32)cc1C,LEISHMANIASIS,5.868418767518891,Trypanothione reductase,<rdkit.Chem.rdchem.Mol object at 0x0000021ACD95C820>,[0 0 0 ... 0 0 0],c1ccc(C[NH2+]CCCN2c3ccccc3Sc3ccccc32)cc1,438.0600000000001,7.226240000000006,0,2,3.24,6,False
CHEMBL251923,N#Cc1nc(NCc2ccc(F)cc2)c2ncn(Cc3ccccc3)c2n1,LEISHMANIASIS,5.481486060122113,Cysteine protease,<rdkit.Chem.rdchem.Mol object at 0x0000021ACD95C7B0>,[0 0 0 ... 0 0 0],c1ccc(CNc2ncnc3c2ncn3Cc2ccccc2)cc1,358.38000000000005,3.4974800000000013,1,6,79.42,5,True
CHEMBL123,Cc1c2ccncc2c(C)c2c1[nH]c1ccccc12,LEISHMANIASIS,5.481486060122113,DNA topoisomerase,<rdkit.Chem.rdchem.Mol object at 0x0000021ACD95C740>,[0 0 0 ... 0 0 0],c1ccc2c(c1)[nH]c1cc3ccncc3cc12,246.31300000000002,4.4861400000000025,1,1,28.68,0,True
CHEMBL301735,CN1CCN(c2ccc3[nH]c(-c4ccc5[nH]c(-c6ccc(O)cc6)nc5c4)nc3c2)CC1,LEISHMANIASIS,4.589862742659122,DNA topoisomerase,<rdkit.Chem.rdchem.Mol object at 0x0000021ACD95C6D0>,[0 0 0 ... 0 0 0],c1ccc(-c2nc3cc(-c4nc5cc(N6CCNCC6)ccc5[nH]4)ccc3[nH]2)cc1,424.50800000000015,4.230600000000002,3,5,84.07000000000001,3,True
CHEMBL252729,N#Cc1nc(NCc2ccc(F)cc2)c2ncn(CCCCO)c2n1,LEISHMANIASIS,4.7447274948966935,Cysteine protease,<rdkit.Chem.rdchem.Mol object at 0x0000021ACD95C660>,[0 0 0 ... 0 0 0],c1ccc(CNc2ncnc3[nH]cnc23)cc1,340.36200000000014,2.2216799999999997,2,7,99.65,7,True
CHEMBL364827,CC[C@@]1(O)C(=O)OCc2c1cc1n(c2=O)Cc2c-1nc1ccccc1c2C(C)(C)C,LEISHMANIASIS,6.619788758288394,DNA topoisomerase,<rdkit.Chem.rdchem.Mol object at 0x0000021ACD95C5F0>,[0 0 0 ... 0 0 0],O=C1Cc2cc3n(c(=O)c2CO1)Cc1cc2ccccc2nc1-3,404.4660000000001,3.377100000000002,1,6,81.42,1,True
CHEMBL308396,O=C(NCCCCNCCCNC(=O)c1cnc2cc(C(F)(F)F)ccc2c1O)c1cnc2cc(C(F)(F)F)ccc2c1O,LEISHMANIASIS,6.070581074285707,Trypanothione reductase,<rdkit.Chem.rdchem.Mol object at 0x0000021ACD95C580>,[0 0 0 ... 0 0 0],O=C(NCCCCNCCCNC(=O)c1cnc2ccccc2c1)c1cnc2ccccc2c1,623.5540000000003,5.151500000000005,5,7,136.47,11,False
CHEMBL312690,CCC1(O)C(=O)OCc2c1cc1n(c2=O)Cc2cc3cc(OCC(=O)ONc4cc(C(=O)NCCCN(C)C)n(COC)c4)ccc3nc2-1,LEISHMANIASIS,5.3375254962496905,DNA topoisomerase,<rdkit.Chem.rdchem.Mol object at 0x0000021ACD95C510>,[0 0 0 ... 0 0 0],O=C1Cc2cc3n(c(=O)c2CO1)Cc1cc2cc(OCC(=O)ONc4cc[nH]c4)ccc2nc1-3,674.7110000000001,2.1156,3,14,175.48000000000002,13,False
CHEMBL123619,CCCCNc1cc(O)nc(O)n1,LEISHMANIASIS,2.2700257143004445,DNA topoisomerase,<rdkit.Chem.rdchem.Mol object at 0x0000021ACD95C4A0>,[0 0 0 ... 0 0 0],c1cncnc1,183.21099999999996,1.0997999999999997,3,5,78.27,4,True
CHEMBL505815,O=C1c2c(c3c4ccc(O)cc4n(O[C@@H]4O[C@H](CO)[C@@H](O)[C@H](O)[C@H]4O)c3c3[nH]c4cc(O)ccc4c23)C(=O)N1NCc1cccc(O)c1,LEISHMANIASIS,7.668621084159213,DNA topoisomerase,<rdkit.Chem.rdchem.Mol object at 0x0000021ACD95C430>,[0 0 0 ... 0 0 0],O=C1c2c(c3c4ccccc4n(OC4CCCCO4)c3c3[nH]c4ccccc4c23)C(=O)N1NCc1ccccc1,656.604,1.0751,9,13,230.2,6,False
CHEMBL508407,C[C@H]1[C@H](C)CC[C@]2(C(=O)O)CC[C@]3(C(=O)O)C(=CC[C@@H]4[C@@]5(C)CC[C@H](O[C@@H]6O[C@H](CO)[C@@H](O)[C@H](O)[C@H]6O)C(C)(C)[C@@H]5CC[C@]43C)[C@H]12,LEISHMANIASIS,3.6020599913279625,DNA topoisomerase,<rdkit.Chem.rdchem.Mol object at 0x0000021ACD95C3C0>,[0 0 0 ... 0 0 0],C1=C2C3CCCCC3CCC2C2CCC3CC(OC4CCCCO4)CCC3C2C1,648.8340000000001,3.9784000000000024,6,8,173.98,5,False
CHEMBL424147,CC1=C(CCC(=O)NCCCN2CCN(C)CC2)C(=O)c2c(O)cccc2C1=O,LEISHMANIASIS,4.795880017344075,Trypanothione reductase,<rdkit.Chem.rdchem.Mol object at 0x0000021ACD95C350>,[0 0 0 ... 0 0 0],O=C(CCC1=CC(=O)c2ccccc2C1=O)NCCCN1CCNCC1,399.4910000000001,1.6215999999999993,2,6,89.95000000000002,7,True
CHEMBL433841,O=C1c2c(c3c4cc(O)ccc4n(C4OC(CO)C(O)C(O)C4O)c3c3[nH]c4cc(O)ccc4c23)C(=O)N1NC(CO)CO,LEISHMANIASIS,5.780333653084869,DNA topoisomerase,<rdkit.Chem.rdchem.Mol object at 0x0000021ACD95C2E0>,[0 1 0 ... 0 0 0],O=C1NC(=O)c2c1c1c3ccccc3[nH]c1c1c2c2ccccc2n1C1CCCCO1,608.5600000000002,-0.7336000000000009,10,13,241.19999999999996,6,False
CHEMBL296500,O=C(Nc1cccc(NC(=O)c2ccc(O)cc2)c1)c1ccc(O)cc1,LEISHMANIASIS,4.0,DNA topoisomerase,<rdkit.Chem.rdchem.Mol object at 0x0000021ACD95C270>,[0 0 0 ... 0 0 0],O=C(Nc1cccc(NC(=O)c2ccccc2)c1)c1ccccc1,348.35800000000006,3.602400000000001,4,4,98.66000000000001,4,True
CHEMBL288053,CCc1c2c(nc3ccc4c(c13)N(C)CCO4)-c1cc3c(c(=O)n1C2)COC(=O)[C@]3(O)CC,LEISHMANIASIS,2.795880017344075,DNA topoisomerase,<rdkit.Chem.rdchem.Mol object at 0x0000021ACD95C200>,[0 0 0 ... 0 0 0],O=C1Cc2cc3n(c(=O)c2CO1)Cc1cc2c4c(ccc2nc1-3)OCCN4,447.49100000000027,2.4706,1,8,93.89,2,True
CHEMBL5080484,COc1ccc(NC(=O)c2ccccc2Nc2cccc(Cl)c2C)cc1OC,LEISHMANIASIS,3.903089986991944,DNA topoisomerase,<rdkit.Chem.rdchem.Mol object at 0x0000021ACD95C190>,[0 0 0 ... 0 0 0],O=C(Nc1ccccc1)c1ccccc1Nc1ccccc1,396.87400000000014,5.661520000000003,2,4,59.59,6,False
CHEMBL337205,O=C(O)c1cn2c3c(c(N4CCNCC4)c(F)cc3c1=O)Oc1cc3ccccc3cc1-2,LEISHMANIASIS,6.1938200260161125,DNA topoisomerase,<rdkit.Chem.rdchem.Mol object at 0x0000021ACD95C120>,[0 0 0 ... 0 0 0],O=c1ccn2c3c(c(N4CCNCC4)ccc13)Oc1cc3ccccc3cc1-2,431.4230000000002,3.496500000000003,2,6,83.8,2,True
CHEMBL205110,NCc1ccc(-c2cc3c(cc2F)c(=O)c2c(=O)[nH]sc2n3C2CC2)cn1,LEISHMANIASIS,6.154901959985743,DNA topoisomerase,<rdkit.Chem.rdchem.Mol object at 0x0000021ACD95C0B0>,[0 0 0 ... 0 1 0],O=c1[nH]sc2c1c(=O)c1ccc(-c3cccnc3)cc1n2C1CC1,382.4200000000001,2.8992000000000004,2,6,93.77,3,True
CHEMBL5081809,Clc1ccc2c(c1)N(CCCN1CCN(CCCc3ccccc3)CC1)c1ccccc1S2,LEISHMANIASIS,6.1249387366083,Trypanothione reductase,<rdkit.Chem.rdchem.Mol object at 0x0000021ACD95C040>,[0 0 0 ... 0 0 0],c1ccc(CCCN2CCN(CCCN3c4ccccc4Sc4ccccc43)CC2)cc1,478.10500000000013,6.583200000000007,0,4,9.72,8,False
CHEMBL5078291,COc1ccc(CCCNC(=O)c2ccccc2Nc2ccccc2)cc1,LEISHMANIASIS,3.903089986991944,DNA topoisomerase,<rdkit.Chem.rdchem.Mol object at 0x0000021ACD95BF40>,[0 0 0 ... 0 0 0],O=C(NCCCc1ccccc1)c1ccccc1Nc1ccccc1,360.45700000000005,4.801400000000004,2,3,50.36,8,True
CHEMBL5081898,COc1ccc(NC(=O)c2cccnc2Nc2cccc(Cl)c2C)cc1,LEISHMANIASIS,4.213248577854439,DNA topoisomerase,<rdkit.Chem.rdchem.Mol object at 0x0000021ACD95BED0>,[0 0 0 ... 0 0 0],O=C(Nc1ccccc1)c1cccnc1Nc1ccccc1,367.8360000000001,5.047920000000003,2,4,63.25,5,False
CHEMBL463738,N#Cc1ccc(CNN2C(=O)c3c(c4c5ccc(O)cc5n(O[C@@H]5O[C@H](CO)[C@@H](O)[C@H](O)[C@H]5O)c4c4[nH]c5cc(O)ccc5c34)C2=O)cc1,LEISHMANIASIS,6.146214911951032,DNA topoisomerase,<rdkit.Chem.rdchem.Mol object at 0x0000021ACD95BE60>,[0 0 0 ... 0 0 0],O=C1c2c(c3c4ccccc4n(OC4CCCCO4)c3c3[nH]c4ccccc4c23)C(=O)N1NCc1ccccc1,665.6150000000001,1.2411799999999993,8,13,233.75999999999996,6,False
CHEMBL434812,CCN(CC)CCNc1ccc(CNC=O)c2sc3ccc(OC)cc3c(=O)c12,LEISHMANIASIS,3.318758762624413,DNA topoisomerase,<rdkit.Chem.rdchem.Mol object at 0x0000021ACD95BDF0>,[0 0 0 ... 0 0 0],O=c1c2ccccc2sc2ccccc12,413.54300000000023,3.423000000000002,2,6,70.66999999999999,10,True
CHEMBL1233300,O=S(=O)(c1cccc2c(O)nccc12)N1CCCNCC1,LEISHMANIASIS,4.522878745280337,DNA topoisomerase,<rdkit.Chem.rdchem.Mol object at 0x0000021ACD95BD80>,[0 0 0 ... 0 0 0],O=S(=O)(c1cccc2cnccc12)N1CCCNCC1,307.37500000000006,0.9243999999999999,2,5,82.53,2,True
CHEMBL498898,CN(CCOC(=O)CC(=O)OCCN(C)CCn1nc2c3c(cccc31)C(=O)c1c(Cl)cccc1-2)CCn1nc2c3c(cccc31)C(=O)c1c(Cl)cccc1-2,LEISHMANIASIS,4.6020599913279625,DNA topoisomerase,<rdkit.Chem.rdchem.Mol object at 0x0000021ACD95BD10>,[0 0 0 ... 0 0 0],O=C(CC(=O)OCCNCCn1nc2c3c(cccc31)C(=O)c1ccccc1-2)OCCNCCn1nc2c3c(cccc31)C(=O)c1ccccc1-2,779.6809999999999,6.155900000000007,0,12,128.86,14,False
CHEMBL1094677,C/C=C(/C)C(=O)O[C@H]1[C@H](OC(=O)C(C)CC)[C@]2(CO)[C@H](O)[C@H](O)[C@]3(C)C(=CC[C@@H]4[C@@]5(C)CC[C@H](O[C@@H]6O[C@H](C(=O)O)[C@@H](O)[C@H](O[C@@H]7O[C@@H](CO)[C@H](O)[C@H]7O)[C@H]6O[C@@H]6O[C@H](CO)[C@H](O)[C@H](O)[C@H]6O)C(C)(C)[C@@H]5CC[C@]43C)[C@@H]2CC1(C)C,LEISHMANIASIS,4.285670240254767,DNA topoisomerase,<rdkit.Chem.rdchem.Mol object at 0x0000021ACD95BCA0>,[0 1 0 ... 0 0 0],C1=C2C3CCCCC3CCC2C2CCC3CC(OC4OCCC(OC5CCCO5)C4OC4CCCCO4)CCC3C2C1,1143.3240000000003,0.34260000000001245,12,22,367.81000000000006,15,False
CHEMBL1091644,C[C@]1(O)C[C@@H](c2nc(-c3ccc4ccc(-c5ccccc5)nc4c3)c3c(N)nccn32)C1,LEISHMANIASIS,4.522878745280337,DNA topoisomerase,<rdkit.Chem.rdchem.Mol object at 0x0000021ACD95BC30>,[0 0 0 ... 0 0 0],c1ccc(-c2ccc3ccc(-c4nc(C5CCC5)n5ccncc45)cc3n2)cc1,421.5040000000002,4.822100000000004,2,6,89.33,3,True
CHEMBL191804,O=C1Oc2ccccc2/C1=C\c1ccccc1,LEISHMANIASIS,3.397940008672037,DNA topoisomerase,<rdkit.Chem.rdchem.Mol object at 0x0000021ACD95BBC0>,[0 0 0 ... 0 0 0],O=C1Oc2ccccc2C1=Cc1ccccc1,222.243,3.146200000000001,0,2,26.3,1,True
CHEMBL23194,NCCCNCCCCNCCCN,LEISHMANIASIS,3.0,DNA topoisomerase,<rdkit.Chem.rdchem.Mol object at 0x0000021ACD95BB50>,[0 0 0 ... 0 0 0],,202.34599999999995,-0.35659999999999775,4,4,76.1,11,True
CHEMBL5079590,CSc1ccc(NC(=O)c2ccccc2Nc2cccc(C(F)(F)F)c2)cc1,LEISHMANIASIS,3.903089986991944,DNA topoisomerase,<rdkit.Chem.rdchem.Mol object at 0x0000021ACD95BAE0>,[0 0 0 ... 0 0 0],O=C(Nc1ccccc1)c1ccccc1Nc1ccccc1,402.44100000000003,6.423200000000003,2,3,41.13,5,False
CHEMBL5082822,COc1ccc(NC(=O)c2ccccc2Nc2cccc(C)c2C)cc1,LEISHMANIASIS,3.903089986991944,DNA topoisomerase,<rdkit.Chem.rdchem.Mol object at 0x0000021ACD95BA70>,[0 0 0 ... 0 0 0],O=C(Nc1ccccc1)c1ccccc1Nc1ccccc1,346.4300000000001,5.307940000000004,2,3,50.36,5,False
CHEMBL1230607,CC(C)CC(=O)Nc1n[nH]c2c1CN(C(=O)C1CCN(C)CC1)C2(C)C,LEISHMANIASIS,4.522878745280337,DNA topoisomerase,<rdkit.Chem.rdchem.Mol object at 0x0000021ACD95BA00>,[0 1 0 ... 0 0 0],O=C(C1CCNCC1)N1Cc2cn[nH]c2C1,361.4900000000002,2.3134000000000006,2,4,81.33,4,True
CHEMBL5078677,COc1ccc(NC(=O)c2ccccc2Nc2ccccc2)cc1,LEISHMANIASIS,3.903089986991944,DNA topoisomerase,<rdkit.Chem.rdchem.Mol object at 0x0000021ACD95B990>,[0 0 0 ... 0 0 0],O=C(Nc1ccccc1)c1ccccc1Nc1ccccc1,318.37600000000003,4.691100000000002,2,3,50.36,5,True
CHEMBL502160,Cc1ccc(/C=C2\CCC/C(=C\c3ccc(C)cc3)C2=O)cc1,LEISHMANIASIS,4.0,Trypanothione reductase,<rdkit.Chem.rdchem.Mol object at 0x0000021ACD95B920>,[0 0 0 ... 0 0 0],O=C1C(=Cc2ccccc2)CCCC1=Cc1ccccc1,302.41700000000003,5.523440000000005,0,1,17.07,2,False
CHEMBL455326,O=C1c2c(c3c4ccc(O)cc4n(O[C@@H]4O[C@H](CO)[C@@H](O)[C@H](O)[C@H]4O)c3c3[nH]c4cc(O)ccc4c23)C(=O)N1NCc1ccc([N+](=O)[O-])cc1,LEISHMANIASIS,5.372363747448347,DNA topoisomerase,<rdkit.Chem.rdchem.Mol object at 0x0000021ACD95B8B0>,[0 0 0 ... 0 0 0],O=C1c2c(c3c4ccccc4n(OC4CCCCO4)c3c3[nH]c4ccccc4c23)C(=O)N1NCc1ccccc1,685.602,1.2777000000000003,8,14,253.10999999999999,7,False
CHEMBL5083245,C[C@H]([C@H](C)N1CCNC(=O)C1)N1CC(=O)NC(=O)C1,LEISHMANIASIS,5.610924374808178,DNA topoisomerase,<rdkit.Chem.rdchem.Mol object at 0x0000021ACD95B840>,[0 1 0 ... 0 0 0],O=C1CN(CCN2CC(=O)NC(=O)C2)CCN1,268.317,-1.846399999999996,2,5,81.75,3,True
CHEMBL1094692,C/C=C(/C)C(=O)O[C@H]1[C@H](O)[C@]2(CO)[C@H](O)[C@H](O)[C@]3(C)C(=CC[C@@H]4[C@@]5(C)CC[C@H](O[C@@H]6O[C@H](C(=O)O)[C@@H](O)[C@H](O[C@@H]7OC[C@@H](O)[C@H](O)[C@H]7O)[C@H]6O[C@@H]6O[C@H](CO)[C@@H](O)[C@H](O)[C@H]6O)C(C)(C)[C@@H]5CC[C@]43C)[C@@H]2CC1(C)C,LEISHMANIASIS,3.6020599913279625,DNA topoisomerase,<rdkit.Chem.rdchem.Mol object at 0x0000021ACD95B7D0>,[0 0 0 ... 0 0 0],C1=C2C3CCCCC3CCC2C2CCC3CC(OC4OCCC(OC5CCCCO5)C4OC4CCCCO4)CCC3C2C1,1059.2060000000001,-1.254399999999985,13,21,361.74000000000007,11,False
CHEMBL1095025,C/C=C(\C)C(=O)O[C@H]1[C@H](OC(=O)/C(C)=C/C)[C@]2(CO)[C@H](O)[C@H](O)[C@]3(C)C(=CC[C@@H]4[C@@]5(C)CC[C@H](O[C@@H]6O[C@H](C(=O)O)[C@@H](O)[C@H](O[C@@H]7O[C@@H](CO)[C@H](O)[C@H]7O)[C@H]6O[C@@H]6O[C@H](CO)[C@@H](O)[C@H](O)[C@H]6O)[C@](C)(CO)[C@@H]5CC[C@]43C)[C@@H]2CC1(C)C,LEISHMANIASIS,3.9577118610328346,DNA topoisomerase,<rdkit.Chem.rdchem.Mol object at 0x0000021ACD95B760>,[0 0 0 ... 0 0 0],C1=C2C3CCCCC3CCC2C2CCC3CC(OC4OCCC(OC5CCCO5)C4OC4CCCCO4)CCC3C2C1,1157.3070000000005,-0.7648999999999864,13,23,388.0400000000001,15,False
CHEMBL612047,CN(C)CCCC1Sc2ccccc2Sc2ccccc21,LEISHMANIASIS,4.431812551969611,Trypanothione reductase,<rdkit.Chem.rdchem.Mol object at 0x0000021ACD95B6F0>,[0 0 0 ... 0 0 0],c1ccc2c(c1)CSc1ccccc1S2,315.50700000000006,5.326400000000005,0,3,3.24,4,False
CHEMBL1233528,CC[C@@H]1C(=O)N(C)c2cnc(Nc3ccc(C(=O)N[C@H]4CC[C@H](N5CCN(CC6CC6)CC5)CC4)cc3OC)nc2N1C(C)C,LEISHMANIASIS,4.522878745280337,DNA topoisomerase,<rdkit.Chem.rdchem.Mol object at 0x0000021ACD95B680>,[0 1 0 ... 0 0 0],O=C1CNc2nc(Nc3ccc(C(=O)NC4CCC(N5CCN(CC6CC6)CC5)CC4)cc3)ncc2N1,618.8270000000002,4.2672000000000025,2,9,106.16999999999999,10,False
CHEMBL204904,O=c1[nH]sc2c1c(=O)c1cc(F)c(-c3cccnc3F)cc1n2C1CC1,LEISHMANIASIS,5.619788758288394,DNA topoisomerase,<rdkit.Chem.rdchem.Mol object at 0x0000021ACD95B610>,[0 0 0 ... 0 1 0],O=c1[nH]sc2c1c(=O)c1ccc(-c3cccnc3)cc1n2C1CC1,371.3680000000001,3.579600000000001,1,5,67.75,2,True
CHEMBL197537,Nc1cc(Cl)ccc1Sc1ccccc1,LEISHMANIASIS,3.823908740944319,Trypanothione reductase,<rdkit.Chem.rdchem.Mol object at 0x0000021ACD95B5A0>,[0 0 0 ... 0 0 0],c1ccc(Sc2ccccc2)cc1,235.739,4.073400000000002,1,2,26.02,2,True
CHEMBL3361026,COc1ccc(CNc2ncccc2C(N)=O)cc1OC,LEISHMANIASIS,3.0,DNA topoisomerase,<rdkit.Chem.rdchem.Mol object at 0x0000021ACD95B530>,[0 0 0 ... 0 0 0],c1ccc(CNc2ccccn2)cc1,287.3190000000001,1.8097999999999999,2,5,86.47000000000001,6,True
CHEMBL400522,N#Cc1nc(NCc2ccc(Cl)cc2)c2ncn(Cc3cccc(C(F)(F)F)c3)c2n1,LEISHMANIASIS,4.6020599913279625,Cysteine protease,<rdkit.Chem.rdchem.Mol object at 0x0000021ACD95B4C0>,[0 0 0 ... 0 0 0],c1ccc(CNc2ncnc3c2ncn3Cc2ccccc2)cc1,442.83200000000016,5.030580000000001,1,6,79.42,5,False
CHEMBL3361020,Cc1cc(O)nc(N/N=C\c2cccnc2)n1,LEISHMANIASIS,3.0,DNA topoisomerase,<rdkit.Chem.rdchem.Mol object at 0x0000021ACD95B450>,[0 0 0 ... 0 0 0],C(=NNc1ncccn1)c1cccnc1,229.24300000000005,1.3316199999999996,2,6,83.29,3,True
CHEMBL3361021,C[C@H](Sc1nc(N)cc(O)n1)C(=O)N1CCOCC1,LEISHMANIASIS,3.0,DNA topoisomerase,<rdkit.Chem.rdchem.Mol object at 0x0000021ACD95B3E0>,[0 1 0 ... 0 0 0],O=C(CSc1ncccn1)N1CCOCC1,284.34100000000007,0.10379999999999967,2,7,101.57,3,True
CHEMBL1230165,O=C(O)c1ccc2c(c1)nc(Nc1cccc(Cl)c1)c1ccncc12,LEISHMANIASIS,4.522878745280337,DNA topoisomerase,<rdkit.Chem.rdchem.Mol object at 0x0000021ACD95B370>,[0 0 0 ... 0 0 0],c1ccc(Nc2nc3ccccc3c3cnccc23)cc1,349.7770000000001,4.878200000000002,2,4,75.11,3,True
CHEMBL3361023,Cc1cc(CNc2ncccc2C(N)=O)ccn1,LEISHMANIASIS,3.0,DNA topoisomerase,<rdkit.Chem.rdchem.Mol object at 0x0000021ACD95B300>,[0 0 0 ... 0 0 0],c1ccc(NCc2ccncc2)nc1,242.282,1.49602,2,4,80.89999999999999,4,True
CHEMBL1232279,COc1cccc2c1C(=O)c1c(O)c3c(c(O)c1C2=O)C[C@@](O)(C(=O)CO)C[C@@H]3O[C@H]1C[C@H](N2CCO[C@H](OC)C2)[C@H](O)[C@H](C)O1,LEISHMANIASIS,8.823908740944319,DNA topoisomerase,<rdkit.Chem.rdchem.Mol object at 0x0000021ACD95B290>,[0 0 0 ... 0 0 0],O=C1c2ccccc2C(=O)c2cc3c(cc21)CCCC3OC1CC(N2CCOCC2)CCO1,643.6420000000004,0.3472999999999998,5,14,201.74999999999997,7,False
CHEMBL1094688,C/C=C(/C)C(=O)O[C@H]1[C@H](OC(C)=O)[C@]2(CO)[C@H](O)[C@H](O)[C@]3(C)C(=CC[C@@H]4[C@@]5(C)CC[C@H](O[C@@H]6O[C@H](C(=O)O)[C@@H](O)[C@H](O[C@@H]7O[C@@H](CO)[C@H](O)[C@H]7O)[C@H]6O[C@@H]6O[C@H](CO)[C@H](O)[C@H](O)[C@H]6O)C(C)(C)[C@@H]5CC[C@]43C)[C@@H]2CC1(C)C,LEISHMANIASIS,3.6020599913279625,DNA topoisomerase,<rdkit.Chem.rdchem.Mol object at 0x0000021ACD95B220>,[0 0 0 ... 0 0 0],C1=C2C3CCCCC3CCC2C2CCC3CC(OC4OCCC(OC5CCCO5)C4OC4CCCCO4)CCC3C2C1,1101.2430000000002,-0.6835999999999884,12,22,367.81000000000006,13,False
CHEMBL1230609,COc1cc2c(Oc3ccc(NC(=O)C4(C(=O)Nc5ccc(F)cc5)CC4)cc3F)ccnc2cc1OCCCN1CCOCC1,LEISHMANIASIS,4.522878745280337,DNA topoisomerase,<rdkit.Chem.rdchem.Mol object at 0x0000021ACD95B1B0>,[0 0 0 ... 0 0 0],O=C(Nc1ccccc1)C1(C(=O)Nc2ccc(Oc3ccnc4cc(OCCCN5CCOCC5)ccc34)cc2)CC1,632.6639999999998,5.772400000000005,2,8,111.25,12,False
CHEMBL1236107,Cn1cc(-c2ccc3nnc(Sc4ccc5ncccc5c4)n3n2)cn1,LEISHMANIASIS,4.522878745280337,DNA topoisomerase,<rdkit.Chem.rdchem.Mol object at 0x0000021ACD95B140>,[0 0 0 ... 0 0 0],c1cnc2ccc(Sc3nnc4ccc(-c5cn[nH]c5)nn34)cc2c1,359.41800000000006,3.2242000000000006,0,8,73.79,3,True
CHEMBL221959,C[C@@H]1CCN(C(=O)CC#N)C[C@@H]1N(C)c1ncnc2[nH]ccc12,LEISHMANIASIS,4.522878745280337,DNA topoisomerase,<rdkit.Chem.rdchem.Mol object at 0x0000021ACD95B0D0>,[0 0 0 ... 0 0 0],c1nc(NC2CCCNC2)c2cc[nH]c2n1,312.377,1.5447799999999996,1,5,88.91,3,True
CHEMBL406853,CCn1nnc2c1C(=O)c1cnncc1C2=O,LEISHMANIASIS,4.254925208417943,DNA topoisomerase,<rdkit.Chem.rdchem.Mol object at 0x0000021ACD95B060>,[0 0 0 ... 0 0 0],O=C1c2cnncc2C(=O)c2[nH]nnc21,229.19899999999998,-0.13660000000000005,0,7,90.63,1,True
CHEMBL191881,CC(=O)N[C@@H](CC(C)C)C(=O)N[C@@H](CC(C)C)C(=O)N[C@H](C=O)CCCNC(=N)N,LEISHMANIASIS,7.060480747381382,Cysteine protease,<rdkit.Chem.rdchem.Mol object at 0x0000021ACD95AFF0>,[0 1 0 ... 0 0 0],,426.5620000000001,0.01507000000000519,6,5,166.27,14,False
CHEMBL3361024,Cc1cc(CNc2nc(C)ccc2C(N)=O)ccn1,LEISHMANIASIS,3.0,DNA topoisomerase,<rdkit.Chem.rdchem.Mol object at 0x0000021ACD95AF80>,[0 0 0 ... 0 0 0],c1ccc(NCc2ccncc2)nc1,256.309,1.8044399999999998,2,4,80.89999999999999,4,True
CHEMBL193628,CCOC(=O)Cc1ccc(/C=C2/C(=O)Oc3ccccc32)cc1,LEISHMANIASIS,3.1989700043360187,DNA topoisomerase,<rdkit.Chem.rdchem.Mol object at 0x0000021ACD95AF10>,[0 0 0 ... 0 0 0],O=C1Oc2ccccc2C1=Cc1ccccc1,308.333,3.251800000000002,0,4,52.60000000000001,4,True
CHEMBL1095027,C/C=C(/C)C(=O)O[C@H]1[C@H](OC(=O)/C(C)=C/C)C(C)(C)C[C@H]2C3=CC[C@@H]4[C@@]5(C)CC[C@H](O[C@@H]6O[C@H](C(=O)O)[C@@H](O)[C@H](O[C@@H]7O[C@@H](CO)[C@H](O)[C@H]7O)[C@H]6O[C@@H]6O[C@H](CO)[C@@H](O)[C@H](O)[C@H]6O)[C@](C)(CO)[C@@H]5CC[C@@]4(C)[C@]3(C)[C@@H](O)[C@@H](O)[C@]21CO,LEISHMANIASIS,3.973941724725001,DNA topoisomerase,<rdkit.Chem.rdchem.Mol object at 0x0000021ACD95AEA0>,[0 0 0 ... 0 0 0],C1=C2C3CCCCC3CCC2C2CCC3CC(OC4OCCC(OC5CCCO5)C4OC4CCCCO4)CCC3C2C1,1157.3070000000005,-0.7648999999999899,13,23,388.04,15,False
CHEMBL1235969,CC(=O)O[C@@H]1[C@@H](C)O[C@@H](c2ccc3c(c2O)[C@@H](O)[C@]24O[C@@]2(C3=O)[C@@]2(O)C(=O)C=C(C)C[C@@]2(O)C[C@@H]4O)C[C@H]1OC(=O)/C=C/C=C/C=C/C=C/C(=O)Nc1c(O)c2ccc(O)c(Cl)c2oc1=O,LEISHMANIASIS,4.221848749616356,DNA topoisomerase,<rdkit.Chem.rdchem.Mol object at 0x0000021ACD95AE30>,[0 0 0 ... 0 0 0],O=C(C=CC=CC=CC=CC(=O)OC1CCOC(c2ccc3c(c2)CC24CCC5CC=CC(=O)C5C2(O4)C3=O)C1)Nc1cc2ccccc2oc1=O,932.2840000000003,3.003500000000001,8,18,309.41999999999996,9,False
CHEMBL1231124,Cc1cc(Nc2nc(N[C@@H](C)c3ncc(F)cn3)ncc2Cl)[nH]n1,LEISHMANIASIS,4.522878745280337,DNA topoisomerase,<rdkit.Chem.rdchem.Mol object at 0x0000021ACD95ADC0>,[0 1 0 ... 0 0 0],c1cnc(CNc2nccc(Nc3ccn[nH]3)n2)nc1,348.7730000000001,3.00732,3,7,104.3,5,True
CHEMBL3361025,Cc1cc(CNc2nc3c(cc2C(N)=O)CCC3)ccn1,LEISHMANIASIS,3.0,DNA topoisomerase,<rdkit.Chem.rdchem.Mol object at 0x0000021ACD95AD50>,[0 0 0 ... 0 0 0],c1cc(CNc2ccc3c(n2)CCC3)ccn1,282.347,1.9847199999999998,2,4,80.89999999999999,4,True
CHEMBL168822,CC[C@@]1(O)C(=O)OCc2c1cc1n(c2=O)Cc2cc3c(CC(NC(C)=O)C(=O)OC)cccc3nc2-1,LEISHMANIASIS,4.94692155651658,DNA topoisomerase,<rdkit.Chem.rdchem.Mol object at 0x0000021ACD95ACE0>,[0 1 0 ... 0 0 0],O=C1Cc2cc3n(c(=O)c2CO1)Cc1cc2ccccc2nc1-3,491.5000000000003,1.2998,2,9,136.82,5,True
CHEMBL1358284,CCCCCCCCCCCCCCCCCCc1ccc(C(=O)/C=C/C(=O)O)cc1,LEISHMANIASIS,5.1290304611354,Cysteine protease,<rdkit.Chem.rdchem.Mol object at 0x0000021ACD95AC70>,[0 0 0 ... 0 0 0],c1ccccc1,428.65700000000004,8.314100000000007,1,2,54.370000000000005,20,False
CHEMBL1358863,Cc1ccccc1NC1=NC(=O)/C(=C/c2cccn2-c2cccc(C(=O)O)c2)S1,LEISHMANIASIS,4.991399828238082,Cysteine protease,<rdkit.Chem.rdchem.Mol object at 0x0000021ACD95AC00>,[0 0 0 ... 0 0 0],O=C1N=C(Nc2ccccc2)SC1=Cc1cccn1-c1ccccc1,403.46300000000014,4.566320000000003,2,5,83.69,4,True
CHEMBL452445,O=C1c2c(c3c4ccc(O)cc4n(O[C@@H]4O[C@H](CO)[C@@H](O)[C@H](O)[C@H]4O)c3c3[nH]c4cc(O)ccc4c23)C(=O)N1NCc1ccnc2ccccc12,LEISHMANIASIS,6.349485002168009,DNA topoisomerase,<rdkit.Chem.rdchem.Mol object at 0x0000021ACD95AB90>,[0 0 0 ... 0 0 0],O=C1c2c(c3c4ccccc4n(OC4CCCCO4)c3c3[nH]c4ccccc4c23)C(=O)N1NCc1ccnc2ccccc12,691.6529999999999,1.9177,8,13,222.86,6,False
CHEMBL503051,O=C1c2c(c3c4ccc(O)cc4n(O[C@@H]4O[C@H](CO)[C@@H](O)[C@H](O)[C@H]4O)c3c3[nH]c4cc(O)ccc4c23)C(=O)N1NCc1ccccc1CO,LEISHMANIASIS,7.707834387816234,DNA topoisomerase,<rdkit.Chem.rdchem.Mol object at 0x0000021ACD95AB20>,[0 0 0 ... 0 0 0],O=C1c2c(c3c4ccccc4n(OC4CCCCO4)c3c3[nH]c4ccccc4c23)C(=O)N1NCc1ccccc1,670.631,0.8618000000000001,9,13,230.2,7,False
CHEMBL499103,Cc1ccc(CNN2C(=O)c3c(c4c5ccc(O)cc5n(O[C@@H]5O[C@H](CO)[C@@H](O)[C@H](O)[C@H]5O)c4c4[nH]c5cc(O)ccc5c34)C2=O)cc1,LEISHMANIASIS,5.548455006504028,DNA topoisomerase,<rdkit.Chem.rdchem.Mol object at 0x0000021ACD95AAB0>,[0 0 0 ... 0 0 0],O=C1c2c(c3c4ccccc4n(OC4CCCCO4)c3c3[nH]c4ccccc4c23)C(=O)N1NCc1ccccc1,654.6320000000003,1.6779199999999994,8,12,209.96999999999997,6,False
CHEMBL2115014,CC[C@@]1(O)C(=O)OCc2c1cc1n(c2=O)Cc2cc3cc(C)ccc3nc2-1,LEISHMANIASIS,6.522878745280337,DNA topoisomerase,<rdkit.Chem.rdchem.Mol object at 0x0000021ACD95AA40>,[0 0 0 ... 0 0 0],O=C1Cc2cc3n(c(=O)c2CO1)Cc1cc2ccccc2nc1-3,362.3850000000001,2.388020000000001,1,6,81.42,1,True
CHEMBL190086,O=C1NC(=O)c2c1c1c3ccc(F)cc3[nH]c1c1c2c2ccc(F)cc2n1C1OC(CO)C(F)C(O)C1O,LEISHMANIASIS,6.698970004336019,DNA topoisomerase,<rdkit.Chem.rdchem.Mol object at 0x0000021ACD95A9D0>,[0 0 0 ... 0 0 0],O=C1NC(=O)c2c1c1c3ccccc3[nH]c1c1c2c2ccccc2n1C1CCCCO1,525.4390000000002,2.5404000000000013,5,7,136.81,2,False
CHEMBL1614766,O=C(NOCCO)c1cc(CN2OCCCC2=O)c(F)c(F)c1Nc1ccc(I)cc1F,LEISHMANIASIS,4.522878745280337,DNA topoisomerase,<rdkit.Chem.rdchem.Mol object at 0x0000021ACD95A960>,[0 0 0 ... 0 0 0],O=C1CCCON1Cc1ccc(Nc2ccccc2)cc1,565.2860000000001,3.1598000000000015,3,6,100.13,8,False
CHEMBL269519,CCCCCCCCCCCCCCCCCC(=O)O[C@H](CC=C(C)C)C1=CC(=O)c2c(O)ccc(O)c2C1=O,LEISHMANIASIS,3.204119982655925,DNA topoisomerase,<rdkit.Chem.rdchem.Mol object at 0x0000021ACD95A8F0>,[0 1 0 ... 0 0 0],O=C1C=CC(=O)c2ccccc21,554.7680000000003,8.9328,2,6,100.9,20,False
CHEMBL1334010,O=C(O)c1cc(NN=C2c3ccccc3-c3ccccc32)ccc1Cl,LEISHMANIASIS,5.0301183562535,Cysteine protease,<rdkit.Chem.rdchem.Mol object at 0x0000021ACD95A880>,[0 0 0 ... 0 0 0],c1ccc(NN=C2c3ccccc3-c3ccccc32)cc1,348.7890000000001,4.8831000000000016,2,3,61.69,3,True
CHEMBL1336863,CC1=Nc2ccc(Br)cc2C(c2ccccc2)N1CC(=O)O,LEISHMANIASIS,4.431798275933005,Trypanothione reductase,<rdkit.Chem.rdchem.Mol object at 0x0000021ACD95A810>,[0 0 0 ... 0 0 0],C1=Nc2ccccc2C(c2ccccc2)N1,359.22300000000007,3.9886000000000044,1,3,52.900000000000006,3,True
CHEMBL192693,O=C1NC(=O)c2c1c1c3cc(F)ccc3[nH]c1c1c2c2cc(F)ccc2n1C1OC(COF)C(F)C(O)C1O,LEISHMANIASIS,6.3872161432802645,DNA topoisomerase,<rdkit.Chem.rdchem.Mol object at 0x0000021ACD95A7A0>,[0 0 0 ... 0 0 0],O=C1NC(=O)c2c1c1c3ccccc3[nH]c1c1c2c2ccccc2n1C1CCCCO1,543.4290000000002,3.4492000000000025,4,7,125.81000000000002,3,False
CHEMBL551064,Nc1ncnc2c1c(-c1cccc(OCc3ccccc3)c1)cn2[C@H]1C[C@H](N2CCC2)C1,LEISHMANIASIS,4.522878745280337,DNA topoisomerase,<rdkit.Chem.rdchem.Mol object at 0x0000021ACD95A730>,[0 0 0 ... 0 0 0],c1ccc(COc2cccc(-c3cn(C4CC(N5CCC5)C4)c4ncncc34)c2)cc1,425.53600000000023,4.668700000000004,1,6,69.2,6,True
CHEMBL1337070,Fc1ccc(CN=C(S)NCc2ccccc2)cc1,LEISHMANIASIS,4.735182176990463,Cysteine protease,<rdkit.Chem.rdchem.Mol object at 0x0000021ACD95A6C0>,[0 0 0 ... 0 0 0],C(=NCc1ccccc1)NCc1ccccc1,274.36400000000003,3.4013000000000018,2,1,24.39,4,True
CHEMBL1236682,COc1cc(F)c(F)c(Nc2ccc(I)cc2F)c1NS(=O)(=O)C1(C[C@H](O)CO)CC1,LEISHMANIASIS,4.522878745280337,DNA topoisomerase,<rdkit.Chem.rdchem.Mol object at 0x0000021ACD95A650>,[0 1 1 ... 0 0 0],O=S(=O)(Nc1ccccc1Nc1ccccc1)C1CC1,572.3430000000001,3.478300000000001,4,6,107.89000000000001,9,False
CHEMBL163006,CC[C@@]1(O)C(=O)OCc2c1cc1n(c2=O)Cc2c-1nc1cc3c(cc1c2Cn1cc[n+](C)c1)OCO3,LEISHMANIASIS,6.657577319177793,DNA topoisomerase,<rdkit.Chem.rdchem.Mol object at 0x0000021ACD95A5E0>,[0 0 0 ... 0 0 0],O=C1Cc2cc3n(c(=O)c2CO1)Cc1c-3nc2cc3c(cc2c1Cn1cc[nH+]c1)OCO3,487.49200000000025,1.4825999999999995,1,9,108.69,3,True
CHEMBL1338064,CCOC(=O)c1sc(-c2ccccc2)cc1NC(=O)Nc1ccccc1,LEISHMANIASIS,4.6595558851598815,Cysteine protease,<rdkit.Chem.rdchem.Mol object at 0x0000021ACD95A570>,[0 0 0 ... 0 0 0],O=C(Nc1ccccc1)Nc1csc(-c2ccccc2)c1,366.4420000000001,5.235800000000003,2,4,67.42999999999999,5,False
CHEMBL2115019,CC[C@@]1(O)C(=O)OCc2c1cc1n(c2=O)Cc2cc3cc(Cl)ccc3nc2-1,LEISHMANIASIS,6.853871964321762,DNA topoisomerase,<rdkit.Chem.rdchem.Mol object at 0x0000021ACD95A500>,[0 0 0 ... 0 0 0],O=C1Cc2cc3n(c(=O)c2CO1)Cc1cc2ccccc2nc1-3,382.80300000000005,2.7330000000000014,1,6,81.42,1,True
CHEMBL1302389,Cc1noc(C)c1COc1ccc(C(=O)OCC(=O)NCc2ccccc2Cl)cc1,LEISHMANIASIS,4.647817481888637,Cysteine protease,<rdkit.Chem.rdchem.Mol object at 0x0000021ACD95A490>,[0 0 0 ... 0 0 0],O=C(COC(=O)c1ccc(OCc2cnoc2)cc1)NCc1ccccc1,428.87200000000007,3.997040000000003,1,6,90.66,8,True
CHEMBL549325,O=C(CCc1ccc(S(=O)(=O)NCCc2ccccc2)cc1)Nc1ccc2c(c1)OCCO2,LEISHMANIASIS,4.266000713461613,Cysteine protease,<rdkit.Chem.rdchem.Mol object at 0x0000021ACD95A420>,[0 0 0 ... 0 0 0],O=C(CCc1ccc(S(=O)(=O)NCCc2ccccc2)cc1)Nc1ccc2c(c1)OCCO2,466.5590000000002,3.5501000000000014,2,5,93.73,9,True
CHEMBL1302947,O=C(Cn1nnc(-c2ccccc2)n1)NNC(=O)c1ccco1,LEISHMANIASIS,5.175874166083451,Cysteine protease,<rdkit.Chem.rdchem.Mol object at 0x0000021ACD95A3B0>,[0 0 0 ... 0 0 0],O=C(Cn1nnc(-c2ccccc2)n1)NNC(=O)c1ccco1,312.2890000000001,0.39429999999999954,2,7,114.94000000000001,4,True
CHEMBL267707,Cc1cc(-c2c(F)cc3c(=O)c(Cc4ccccc4NC(=O)C(F)(F)F)cn(C4CC4)c3c2F)cc(C)n1,LEISHMANIASIS,5.327902142064283,DNA topoisomerase,<rdkit.Chem.rdchem.Mol object at 0x0000021ACD95A340>,[0 0 0 ... 0 0 0],O=c1c(Cc2ccccc2)cn(C2CC2)c2cc(-c3ccncc3)ccc12,527.4930000000002,6.385040000000003,1,4,63.99,5,False
CHEMBL1299634,CC(/C=C1\SC(=S)N(c2ccc(C(=O)O)cc2)C1=O)=C\c1ccccc1,LEISHMANIASIS,5.279840696594043,Cysteine protease,<rdkit.Chem.rdchem.Mol object at 0x0000021ACD95A2D0>,[0 0 0 ... 0 0 0],O=C1C(=CC=Cc2ccccc2)SC(=S)N1c1ccccc1,381.4780000000001,4.736900000000003,1,4,57.61000000000001,4,True
CHEMBL1303261,C=CCn1c(S)nnc1-c1oc2nc(-c3ccccc3)cc(-c3ccccc3)c2c1N,LEISHMANIASIS,4.667561540084395,Cysteine protease,<rdkit.Chem.rdchem.Mol object at 0x0000021ACD95A260>,[0 0 0 ... 0 0 0],c1ccc(-c2cc(-c3ccccc3)c3cc(-c4nnc[nH]4)oc3n2)cc1,425.5170000000001,5.477200000000003,2,7,82.76,5,False
CHEMBL1303265,NC(=O)c1ccc(C(F)(F)F)n(Cc2cccc(Cl)c2)c1=O,LEISHMANIASIS,4.580044251510242,Cysteine protease,<rdkit.Chem.rdchem.Mol object at 0x0000021ACD95A1F0>,[0 0 0 ... 0 0 0],O=c1ccccn1Cc1ccccc1,330.69300000000004,2.667700000000001,1,3,65.09,3,True
CHEMBL1300782,CCC1=Nc2ccc(Br)cc2C(c2ccccc2)N1CC(=O)OC,LEISHMANIASIS,4.638272163982407,Trypanothione reductase,<rdkit.Chem.rdchem.Mol object at 0x0000021ACD95A180>,[0 0 0 ... 0 0 0],C1=Nc2ccccc2C(c2ccccc2)N1,387.27700000000016,4.467100000000006,0,4,41.900000000000006,4,True
CHEMBL1301641,COc1ccc(OC)c(-c2cc(C(=O)N3CCCc4ccccc43)no2)c1,LEISHMANIASIS,4.696803942579511,Cysteine protease,<rdkit.Chem.rdchem.Mol object at 0x0000021ACD95A110>,[0 0 0 ... 0 0 0],O=C(c1cc(-c2ccccc2)on1)N1CCCc2ccccc21,364.401,3.951800000000003,0,5,64.80000000000001,4,True
CHEMBL1353223,Cc1cc(OC(=O)c2cccs2)ccc1C(C)C,LEISHMANIASIS,5.26440110030182,Cysteine protease,<rdkit.Chem.rdchem.Mol object at 0x0000021ACD95A0A0>,[0 1 0 ... 0 0 0],O=C(Oc1ccccc1)c1cccs1,260.358,4.399120000000003,0,3,26.3,3,True
CHEMBL423808,CC[C@@]1(O)C(=O)OCc2c1cc1n(c2=O)Cc2c-1nc1cc3c(cc1c2C[n+]1ccccc1)OCCO3,LEISHMANIASIS,6.721246399047171,DNA topoisomerase,<rdkit.Chem.rdchem.Mol object at 0x0000021ACD95A030>,[0 0 0 ... 0 0 0],O=C1Cc2cc3n(c(=O)c2CO1)Cc1c-3nc2cc3c(cc2c1C[n+]1ccccc1)OCCO3,498.51500000000027,2.1865999999999994,1,8,103.76,3,True
CHEMBL2115022,CC[C@@]1(O)C(=O)OCc2c1cc1n(c2=O)Cc2cc3cc([N+](=O)[O-])ccc3nc2-1,LEISHMANIASIS,6.1938200260161125,DNA topoisomerase,<rdkit.Chem.rdchem.Mol object at 0x0000021ACD959FC0>,[0 0 0 ... 0 0 0],O=C1Cc2cc3n(c(=O)c2CO1)Cc1cc2ccccc2nc1-3,393.35500000000013,1.9878,1,8,124.56000000000002,2,True
CHEMBL3361014,CCCn1ccnc1SCc1nc(N)nc(Nc2ccc(F)cc2)n1,LEISHMANIASIS,3.0,DNA topoisomerase,<rdkit.Chem.rdchem.Mol object at 0x0000021ACD959F50>,[0 0 0 ... 0 0 0],c1ccc(Nc2ncnc(CSc3ncc[nH]3)n2)cc1,359.434,3.2353000000000005,2,8,94.54,7,True
CHEMBL3361008,CN(C(=S)SCc1nc(N)nc(Nc2ccc(F)cc2)n1)C1CCCCC1,LEISHMANIASIS,3.0,DNA topoisomerase,<rdkit.Chem.rdchem.Mol object at 0x0000021ACD959EE0>,[0 0 1 ... 0 0 0],S=C(NC1CCCCC1)SCc1ncnc(Nc2ccccc2)n1,406.55600000000027,4.119100000000003,2,7,79.96000000000001,5,True
CHEMBL3361009,Nc1nc(CSc2nnn[nH]2)nc(Nc2ccc(F)cc2)n1,LEISHMANIASIS,3.472370099128661,DNA topoisomerase,<rdkit.Chem.rdchem.Mol object at 0x0000021ACD959E70>,[0 0 0 ... 0 0 0],c1ccc(Nc2ncnc(CSc3nnn[nH]3)n2)cc1,319.32900000000006,1.1418999999999995,3,9,131.18,5,True
CHEMBL3361010,Nc1nc(CSc2nnnn2C2CCCC2)nc(Nc2ccc(F)cc2)n1,LEISHMANIASIS,3.0,DNA topoisomerase,<rdkit.Chem.rdchem.Mol object at 0x0000021ACD959E00>,[0 0 0 ... 0 0 0],c1ccc(Nc2ncnc(CSc3nnnn3C3CCCC3)n2)cc1,387.44800000000004,2.7304000000000004,2,10,120.32,6,True
CHEMBL3361013,Nc1nc(CSC2CCCC2)nc(Nc2ccc(F)cc2)n1,LEISHMANIASIS,3.0,DNA topoisomerase,<rdkit.Chem.rdchem.Mol object at 0x0000021ACD959D90>,[0 0 0 ... 0 0 0],c1ccc(Nc2ncnc(CSC3CCCC3)n2)cc1,319.409,3.5123000000000015,2,6,76.72,5,True
CHEMBL1303760,COc1cc(/C=C/C(=O)O)cc(S(=O)(=O)Nc2cc(Cl)c(Cl)cc2Cl)c1OC,LEISHMANIASIS,5.173925197299174,Cysteine protease,<rdkit.Chem.rdchem.Mol object at 0x0000021ACD959D20>,[0 0 0 ... 0 0 0],O=S(=O)(Nc1ccccc1)c1ccccc1,466.7260000000002,4.562600000000002,2,5,101.93,7,True
CHEMBL3361011,Cn1nnnc1SCc1nc(N)nc(Nc2ccc(F)cc2)n1,LEISHMANIASIS,3.0,DNA topoisomerase,<rdkit.Chem.rdchem.Mol object at 0x0000021ACD959CB0>,[0 0 0 ... 0 0 0],c1ccc(Nc2ncnc(CSc3nnn[nH]3)n2)cc1,333.356,1.1522999999999999,2,10,120.32000000000001,5,True
CHEMBL3361018,O=C(NCc1n[nH]c(=S)n1-c1ccccc1)c1ccccc1C(F)(F)F,LEISHMANIASIS,3.0,DNA topoisomerase,<rdkit.Chem.rdchem.Mol object at 0x0000021ACD959C40>,[0 1 0 ... 0 0 0],O=C(NCc1n[nH]c(=S)n1-c1ccccc1)c1ccccc1,378.3790000000001,3.8786900000000024,2,4,62.71,4,True
CHEMBL2115024,CC[C@]1(O)C(=O)OCc2c1cc1n(c2=O)Cc2cc3cc4c(cc3nc2-1)OCO4,LEISHMANIASIS,4.522878745280337,DNA topoisomerase,<rdkit.Chem.rdchem.Mol object at 0x0000021ACD959BD0>,[0 0 0 ... 0 0 0],O=C1Cc2cc3n(c(=O)c2CO1)Cc1cc2cc4c(cc2nc1-3)OCO4,392.3670000000002,1.8082999999999998,1,8,99.88000000000001,1,True
CHEMBL380140,Cc1nc(C)nc(N(CCS(=O)(=O)c2ccccc2)CCS(=O)(=O)c2ccccc2)n1,LEISHMANIASIS,4.301029995663981,Cysteine protease,<rdkit.Chem.rdchem.Mol object at 0x0000021ACD959B60>,[0 0 0 ... 0 0 0],O=S(=O)(CCN(CCS(=O)(=O)c1ccccc1)c1ncncn1)c1ccccc1,460.5810000000002,2.2426400000000006,0,8,110.19000000000001,9,True
CHEMBL3353410,C=CC(=O)Nc1cc(Nc2nccc(-c3cn(C)c4ccccc34)n2)c(OC)cc1N(C)CCN(C)C,LEISHMANIASIS,4.522878745280337,DNA topoisomerase,<rdkit.Chem.rdchem.Mol object at 0x0000021ACD959AF0>,[0 0 0 ... 0 0 0],c1ccc(Nc2nccc(-c3c[nH]c4ccccc34)n2)cc1,499.6190000000003,4.509800000000003,2,8,87.55,10,True
CHEMBL3361015,Nc1nc(N)nc(CSc2nnc(-c3cccnc3)o2)n1,LEISHMANIASIS,3.0,DNA topoisomerase,<rdkit.Chem.rdchem.Mol object at 0x0000021ACD959A80>,[0 0 0 ... 0 0 0],c1cncc(-c2nnc(SCc3ncncn3)o2)c1,302.32300000000004,0.7732999999999999,2,10,142.51999999999998,4,True
CHEMBL3352903,C[C@H](Sc1nc(N)nc(N)n1)C(=O)N1CCOCC1,LEISHMANIASIS,3.0,DNA topoisomerase,<rdkit.Chem.rdchem.Mol object at 0x0000021ACD959A10>,[0 1 0 ... 0 0 0],O=C(CSc1ncncn1)N1CCOCC1,284.3450000000001,-0.6246,2,8,120.25,3,True
CHEMBL3361016,COc1cccc(C(=O)NCc2n[nH]c(=S)n2-c2ccccc2Cl)c1,LEISHMANIASIS,3.0,DNA topoisomerase,<rdkit.Chem.rdchem.Mol object at 0x0000021ACD9599A0>,[0 1 0 ... 0 0 0],O=C(NCc1n[nH]c(=S)n1-c1ccccc1)c1ccccc1,374.85300000000007,3.521890000000001,2,5,71.94,5,True
CHEMBL3361017,O=C(NCc1n[nH]c(=S)n1-c1ccc(F)cc1)c1ccccc1F,LEISHMANIASIS,3.0,DNA topoisomerase,<rdkit.Chem.rdchem.Mol object at 0x0000021ACD959930>,[0 1 0 ... 0 0 0],O=C(NCc1n[nH]c(=S)n1-c1ccccc1)c1ccccc1,346.3620000000001,3.138090000000002,2,4,62.71,4,True
CHEMBL1323406,Nc1c(N2CCN(c3ccccc3)CC2)c2ccccc2oc1=O,LEISHMANIASIS,4.690369832574101,Cysteine protease,<rdkit.Chem.rdchem.Mol object at 0x0000021ACD9598C0>,[0 0 0 ... 0 0 0],O=c1cc(N2CCN(c3ccccc3)CC2)c2ccccc2o1,321.3800000000001,2.7018000000000013,1,5,62.71,2,True
CHEMBL462847,C=C(C)[C@@H]1CC=C2[C@@H](CC[C@]3(C)[C@@H]([C@H](C)C[C@@H]4C[C@@H](C)C(=O)O4)CC[C@@]23C)[C@@]1(C)CCC(=O)O,LEISHMANIASIS,4.370590400897281,DNA topoisomerase,<rdkit.Chem.rdchem.Mol object at 0x0000021ACD959850>,[0 1 0 ... 0 0 0],O=C1CCC(CCC2CCC3C4=CCCCC4CCC23)O1,470.69400000000036,7.190300000000008,1,3,63.60000000000001,7,False
CHEMBL1229517,CCCS(=O)(=O)Nc1ccc(F)c(C(=O)c2c[nH]c3ncc(-c4ccc(Cl)cc4)cc23)c1F,LEISHMANIASIS,4.522878745280337,DNA topoisomerase,<rdkit.Chem.rdchem.Mol object at 0x0000021ACD9597E0>,[0 0 0 ... 0 0 0],O=C(c1ccccc1)c1c[nH]c2ncc(-c3ccccc3)cc12,489.9310000000001,5.544200000000004,2,4,91.92,7,False
CHEMBL1305880,CCCCn1c(SCC(=O)Nc2cc(C)[nH]n2)nc2ccsc2c1=O,LEISHMANIASIS,4.913640169325252,Cysteine protease,<rdkit.Chem.rdchem.Mol object at 0x0000021ACD959770>,[0 0 0 ... 0 0 0],O=C(CSc1nc2ccsc2c(=O)[nH]1)Nc1cc[nH]n1,377.4950000000001,3.0204200000000005,2,7,92.66999999999999,7,True
CHEMBL1324710,Cc1ccc(C(=O)NN=C(S)Nc2cccc(Cl)c2Cl)cc1[N+](=O)[O-],LEISHMANIASIS,4.681936665037238,Cysteine protease,<rdkit.Chem.rdchem.Mol object at 0x0000021ACD959700>,[0 0 0 ... 0 0 0],O=C(NN=CNc1ccccc1)c1ccccc1,399.2590000000001,4.252720000000002,3,4,96.63,4,True
CHEMBL378900,N=C(NCCCNCCCCCCCNCCCNC(=N)NC(=N)NCCC(c1ccccc1)c1ccccc1)NC(=N)NCCC(c1ccccc1)c1ccccc1,LEISHMANIASIS,6.022276394711152,Trypanothione reductase,<rdkit.Chem.rdchem.Mol object at 0x0000021ACD959690>,[0 1 0 ... 0 0 0],N=C(NCCCNCCCCCCCNCCCNC(=N)NC(=N)NCCC(c1ccccc1)c1ccccc1)NC(=N)NCCC(c1ccccc1)c1ccccc1,801.1449999999999,6.61738000000001,12,6,191.64,26,False
CHEMBL1236962,COc1ncc(-c2ccc3nccc(-c4ccnnc4)c3c2)cc1NS(=O)(=O)c1ccc(F)cc1F,LEISHMANIASIS,4.522878745280337,DNA topoisomerase,<rdkit.Chem.rdchem.Mol object at 0x0000021ACD959620>,[0 0 0 ... 0 0 0],O=S(=O)(Nc1cncc(-c2ccc3nccc(-c4ccnnc4)c3c2)c1)c1ccccc1,505.50600000000014,4.841400000000003,1,7,106.96000000000001,6,False
CHEMBL445914,CC[C@@]1(O)C(=O)OCc2c1cc1n(c2=O)Cc2c-1nc1cc3c(cc1c2C[n+]1ccncc1)OCO3,LEISHMANIASIS,6.853871964321762,DNA topoisomerase,<rdkit.Chem.rdchem.Mol object at 0x0000021ACD9595B0>,[0 0 0 ... 0 0 0],O=C1Cc2cc3n(c(=O)c2CO1)Cc1c-3nc2cc3c(cc2c1C[n+]1ccncc1)OCO3,485.4760000000002,1.5390999999999997,1,9,116.65,3,True
CHEMBL1305708,CCCOc1ccc2ccccc2c1/C=C1\SC(=O)NC1=O,LEISHMANIASIS,5.110698297493689,Cysteine protease,<rdkit.Chem.rdchem.Mol object at 0x0000021ACD959540>,[0 0 0 ... 0 0 0],O=C1NC(=O)C(=Cc2cccc3ccccc23)S1,313.37800000000004,3.9525000000000032,1,4,55.4,4,True
CHEMBL1305716,COc1cc(OC)cc(-c2nc3ccccc3c(=O)n2OC(=O)c2ccc(C)c(C)c2)c1,LEISHMANIASIS,5.3585258894959,Cysteine protease,<rdkit.Chem.rdchem.Mol object at 0x0000021ACD9594D0>,[0 0 0 ... 0 0 0],O=C(On1c(-c2ccccc2)nc2ccccc2c1=O)c1ccccc1,430.4600000000002,3.966540000000003,0,7,79.65,5,True
CHEMBL1305588,c1ccc2c(c1)nc(NC1CCCCC1)c1nncn12,LEISHMANIASIS,6.167491087293763,DNA topoisomerase,<rdkit.Chem.rdchem.Mol object at 0x0000021ACD959460>,[0 0 1 ... 0 0 0],c1ccc2c(c1)nc(NC1CCCCC1)c1nncn12,267.33599999999996,3.022100000000001,1,5,55.11,2,True
CHEMBL1094408,COc1ccc(N2CCN(C)CC2)cc1Nc1ncc2c(n1)-c1c(c(C(N)=O)nn1C)CC2,LEISHMANIASIS,4.522878745280337,DNA topoisomerase,<rdkit.Chem.rdchem.Mol object at 0x0000021ACD9593F0>,[0 0 0 ... 0 0 0],c1cc(Nc2ncc3c(n2)-c2[nH]ncc2CC3)cc(N2CCNCC2)c1,448.5310000000003,1.5786,2,9,114.43,5,True
CHEMBL1369003,O=C(CCCn1c(=S)[nH]c2cc3c(cc2c1=O)OCO3)N1CCN(c2ccc(F)cc2)CC1,LEISHMANIASIS,4.8696662315049934,Cysteine protease,<rdkit.Chem.rdchem.Mol object at 0x0000021ACD959380>,[0 0 0 ... 1 0 0],O=C(CCCn1c(=S)[nH]c2cc3c(cc2c1=O)OCO3)N1CCN(c2ccccc2)CC1,470.52600000000035,3.0558900000000015,1,7,79.8,5,True
CHEMBL1364923,O=C(O)CC/C(=C\c1ccc(Cl)c([N+](=O)[O-])c1)c1nc2ccccc2s1,LEISHMANIASIS,4.844663962534939,Cysteine protease,<rdkit.Chem.rdchem.Mol object at 0x0000021ACD959310>,[0 0 0 ... 0 0 0],C(=Cc1nc2ccccc2s1)c1ccccc1,388.8320000000001,5.263300000000003,1,5,93.33,6,False
CHEMBL1234354,COc1ccc(-c2cc3c(C)nc(N)nc3n([C@H]3CC[C@H](OCCO)CC3)c2=O)cn1,LEISHMANIASIS,4.522878745280337,DNA topoisomerase,<rdkit.Chem.rdchem.Mol object at 0x0000021ACD9592A0>,[0 0 0 ... 0 1 0],O=c1c(-c2cccnc2)cc2cncnc2n1C1CCCCC1,425.48900000000026,2.2453200000000004,2,9,125.38000000000001,6,True
CHEMBL1310744,Cc1cc(C)cc(-n2c(C)cc(/C=C3\C(=N)N4N=C(CC(C)C)SC4=NC3=O)c2C)c1,LEISHMANIASIS,5.437707135543525,Cysteine protease,<rdkit.Chem.rdchem.Mol object at 0x0000021ACD959230>,[0 1 0 ... 0 0 0],N=C1C(=Cc2ccn(-c3ccccc3)c2)C(=O)N=C2SC=NN12,433.58100000000024,5.376250000000005,1,5,73.81,4,False
CHEMBL1367816,O=C(O)c1cccc(CSc2nc(-c3ccc(Cl)cc3)cc(C(F)(F)F)n2)c1,LEISHMANIASIS,4.892790030352131,Cysteine protease,<rdkit.Chem.rdchem.Mol object at 0x0000021ACD9591C0>,[0 0 0 ... 0 0 0],c1ccc(CSc2nccc(-c3ccccc3)n2)cc1,424.831,5.806300000000003,1,4,63.08,5,False
CHEMBL1371777,Clc1ccccc1CSc1nnc(-c2ccco2)c(-c2ccco2)n1,LEISHMANIASIS,4.943095148663527,Cysteine protease,<rdkit.Chem.rdchem.Mol object at 0x0000021ACD959150>,[0 0 0 ... 0 0 0],c1ccc(CSc2nnc(-c3ccco3)c(-c3ccco3)n2)cc1,369.8330000000001,5.337300000000003,0,6,64.95,5,False
CHEMBL1305800,Cc1ccc(-c2[nH]nc3c2C(c2ccc(OC(=O)N4CCOCC4)cc2)C(C#N)=C(N)O3)cc1,LEISHMANIASIS,4.801342913045577,Cysteine protease,<rdkit.Chem.rdchem.Mol object at 0x0000021ACD9590E0>,[0 0 0 ... 0 0 0],O=C(Oc1ccc(C2C=COc3n[nH]c(-c4ccccc4)c32)cc1)N1CCOCC1,457.49000000000035,3.4343000000000012,2,7,126.49000000000001,3,True
CHEMBL1347506,O=C(O)Cc1sc(NC2CCCCC2)nc1-c1ccc(Cl)cc1,LEISHMANIASIS,4.6777807052660805,Cysteine protease,<rdkit.Chem.rdchem.Mol object at 0x0000021ACD959070>,[0 0 1 ... 0 0 0],c1ccc(-c2csc(NC3CCCCC3)n2)cc1,350.871,4.835200000000004,2,4,62.22,5,True
CHEMBL1347385,O=C1NN(c2ccccc2)C(=O)/C1=C/c1ccc(Sc2cccc3ccccc23)o1,LEISHMANIASIS,5.067526235322847,Cysteine protease,<rdkit.Chem.rdchem.Mol object at 0x0000021ACD959000>,[0 0 0 ... 0 0 0],O=C1NN(c2ccccc2)C(=O)C1=Cc1ccc(Sc2cccc3ccccc23)o1,412.4700000000001,5.045400000000003,1,4,62.550000000000004,4,False
CHEMBL1346724,CCc1ccc(-n2cccc2/C=C2/C(=N)N3C(=NC2=O)SN=C3S(C)(=O)=O)cc1,LEISHMANIASIS,4.950781977329818,Cysteine protease,<rdkit.Chem.rdchem.Mol object at 0x0000021ACD958F90>,[0 0 0 ... 0 0 0],N=C1C(=Cc2cccn2-c2ccccc2)C(=O)N=C2SN=CN12,427.51100000000014,2.6609700000000007,1,7,107.94999999999999,3,True
CHEMBL1349405,O=C(C1CCN(c2ncnc3c2nc2n3CCCCC2)CC1)N1CCN(c2cccc(Cl)c2)CC1,LEISHMANIASIS,4.645891560852599,Cysteine protease,<rdkit.Chem.rdchem.Mol object at 0x0000021ACD958F20>,[0 0 1 ... 0 0 0],O=C(C1CCN(c2ncnc3c2nc2n3CCCCC2)CC1)N1CCN(c2ccccc2)CC1,494.04300000000035,3.7713000000000028,0,7,70.39,3,True
CHEMBL1346557,Cc1nn(Cc2c(Cl)cccc2Cl)c(C)c1NC(=O)CCCn1nc([N+](=O)[O-])c(Cl)c1C,LEISHMANIASIS,5.005243055412372,Cysteine protease,<rdkit.Chem.rdchem.Mol object at 0x0000021ACD958EB0>,[0 0 0 ... 1 0 0],O=C(CCCn1cccn1)Nc1cnn(Cc2ccccc2)c1,499.7860000000003,5.340460000000004,1,7,107.88000000000002,8,False
CHEMBL1346869,CCn1c(SCc2ccccc2Cl)nc2nc3c(cc2c1=O)CCCC3,LEISHMANIASIS,4.903089986991944,Cysteine protease,<rdkit.Chem.rdchem.Mol object at 0x0000021ACD958E40>,[0 0 0 ... 0 0 0],O=c1[nH]c(SCc2ccccc2)nc2nc3c(cc12)CCCC3,385.9200000000003,4.635900000000004,0,5,47.78,4,True
CHEMBL1349770,CC(C)(C)C(=O)CSc1ncnc2sc3c(c12)CCC3,LEISHMANIASIS,5.115204636051019,Cysteine protease,<rdkit.Chem.rdchem.Mol object at 0x0000021ACD958DD0>,[0 0 0 ... 0 0 0],c1ncc2c3c(sc2n1)CCC3,306.45600000000013,3.8873000000000033,0,5,42.85,3,True
CHEMBL1365132,COc1ccc(OC)c(NC(=O)c2nnn(Cc3ccccc3C)c2N)c1,LEISHMANIASIS,4.701146923590294,Cysteine protease,<rdkit.Chem.rdchem.Mol object at 0x0000021ACD958D60>,[0 0 0 ... 0 0 0],O=C(Nc1ccccc1)c1cn(Cc2ccccc2)nn1,367.4090000000001,2.4865200000000005,2,7,104.29,6,True
CHEMBL1345545,Nc1nc(CSC(=S)N2CCOCC2)nc(Nc2ccc(F)cc2)n1,LEISHMANIASIS,3.856985199745905,DNA topoisomerase,<rdkit.Chem.rdchem.Mol object at 0x0000021ACD958CF0>,[0 0 0 ... 0 0 0],S=C(SCc1ncnc(Nc2ccccc2)n1)N1CCOCC1,380.474,2.1868,2,8,89.19,4,True
CHEMBL1312200,O=C(CSc1nc2ccccc2c(=O)n1Cc1ccccc1)Nc1ccc(Br)cc1C(=O)O,LEISHMANIASIS,4.856985199745905,Cysteine protease,<rdkit.Chem.rdchem.Mol object at 0x0000021ACD958C80>,[0 0 0 ... 0 0 0],O=C(CSc1nc2ccccc2c(=O)n1Cc1ccccc1)Nc1ccccc1,524.3960000000002,4.636300000000004,2,6,101.29,7,False
CHEMBL1311869,CCCc1ccc(OC(=O)c2cccs2)cc1,LEISHMANIASIS,4.97061622231479,Cysteine protease,<rdkit.Chem.rdchem.Mol object at 0x0000021ACD958C10>,[0 0 0 ... 0 0 0],O=C(Oc1ccccc1)c1cccs1,246.331,3.919800000000003,0,3,26.3,4,True
CHEMBL1313603,Cc1cc(NCc2ccc(F)cc2Cl)n2nnnc2n1,LEISHMANIASIS,4.804100347590766,Cysteine protease,<rdkit.Chem.rdchem.Mol object at 0x0000021ACD958BA0>,[0 0 0 ... 0 0 0],c1ccc(CNc2ccnc3nnnn23)cc1,292.70500000000004,2.2323199999999996,1,6,68.0,3,True
CHEMBL1312212,COc1cccc(NS(=O)(=O)c2ccc3c(c2)C2C=CCC2C(c2ccc(C(=O)O)cc2)N3)c1,LEISHMANIASIS,4.97061622231479,Cysteine protease,<rdkit.Chem.rdchem.Mol object at 0x0000021ACD958B30>,[0 0 0 ... 0 0 0],O=S(=O)(Nc1ccccc1)c1ccc2c(c1)C1C=CCC1C(c1ccccc1)N2,476.55400000000014,5.020700000000003,3,5,104.73,6,False
CHEMBL1312400,Cc1ccc(S(=O)(=O)N2CCC(C(=O)NCc3ccccc3Cl)CC2)cc1,LEISHMANIASIS,4.756961951313706,Cysteine protease,<rdkit.Chem.rdchem.Mol object at 0x0000021ACD958AC0>,[0 0 0 ... 0 0 0],O=C(NCc1ccccc1)C1CCN(S(=O)(=O)c2ccccc2)CC1,406.93500000000006,3.365520000000002,1,3,66.48,5,True
CHEMBL5653589,Cc1ccc(C(=O)Nc2cccc(C(F)(F)F)c2)cc1Nc1nc(-c2cccnc2)nc2nn(C)cc12,LEISHMANIASIS,7.249723084846007,DNA topoisomerase,<rdkit.Chem.rdchem.Mol object at 0x0000021ACD958A50>,[0 0 0 ... 0 0 0],O=C(Nc1ccccc1)c1cccc(Nc2nc(-c3cccnc3)nc3n[nH]cc23)c1,503.48800000000017,5.748420000000004,2,7,97.62,5,False
CHEMBL1315727,CC(C)(C)c1ccc(C(=O)C2CCCN(C(=O)c3ccccn3)C2)cc1,LEISHMANIASIS,4.82102305270683,Cysteine protease,<rdkit.Chem.rdchem.Mol object at 0x0000021ACD9589E0>,[0 0 1 ... 0 0 0],O=C(c1ccccc1)C1CCCN(C(=O)c2ccccn2)C1,350.462,4.114200000000004,0,3,50.27,3,True
CHEMBL1313760,C=CCn1c(SCc2nc(O)c3c(-c4ccccc4)csc3n2)nnc1-c1ccccc1F,LEISHMANIASIS,4.798602875679548,Cysteine protease,<rdkit.Chem.rdchem.Mol object at 0x0000021ACD958970>,[0 0 0 ... 0 0 0],c1ccc(-c2nnc(SCc3ncc4c(-c5ccccc5)csc4n3)[nH]2)cc1,475.5740000000001,5.939800000000005,1,8,76.72,7,False
CHEMBL1326881,COc1ccc(C(=O)Nc2cc(C(=O)c3ccccc3)c(C)oc2=O)cc1,LEISHMANIASIS,4.94692155651658,Cysteine protease,<rdkit.Chem.rdchem.Mol object at 0x0000021ACD958900>,[0 0 0 ... 0 0 0],O=C(Nc1cc(C(=O)c2ccccc2)coc1=O)c1ccccc1,363.36900000000014,3.440120000000002,1,5,85.60999999999999,5,True
CHEMBL1327389,CCc1nn(CCCC(=O)NCc2ccccc2Br)c(=O)c2cc3occc3n12,LEISHMANIASIS,4.774690718274137,Cysteine protease,<rdkit.Chem.rdchem.Mol object at 0x0000021ACD958890>,[0 0 0 ... 1 0 0],O=C(CCCn1ncn2c(cc3occc32)c1=O)NCc1ccccc1,457.32800000000015,3.663700000000002,1,6,81.53999999999999,7,True
CHEMBL1328505,CC1(C)Cc2c(sc(NC(=S)NC(=O)c3ccccc3)c2C(=O)O)CO1,LEISHMANIASIS,4.675717544702307,Cysteine protease,<rdkit.Chem.rdchem.Mol object at 0x0000021ACD958820>,[0 0 0 ... 0 0 0],O=C(NC(=S)Nc1cc2c(s1)COCC2)c1ccccc1,390.48600000000016,3.424400000000001,3,5,87.66,3,True
CHEMBL1351099,Cc1c(CCOC(=O)C23CC4(C)CC(C)(CC(C)(C4)C2)C3)sc[n+]1CC(=O)c1ccccc1.[Br-],LEISHMANIASIS,5.0670191780768015,Cysteine protease,<rdkit.Chem.rdchem.Mol object at 0x0000021ACD9587B0>,[0 0 0 ... 0 0 0],O=C(C[n+]1csc(CCOC(=O)C23CC4CC(CC(C4)C2)C3)c1)c1ccccc1,546.5710000000001,2.7033200000000006,0,4,47.25,7,False
CHEMBL1331279,Cc1cc(NS(=O)(=O)c2ccc(Nc3nc(-c4ccc(C)c(C)c4)cs3)cc2)no1.Cl,LEISHMANIASIS,4.882728704344236,Cysteine protease,<rdkit.Chem.rdchem.Mol object at 0x0000021ACD958740>,[0 0 0 ... 0 0 0],O=S(=O)(Nc1ccon1)c1ccc(Nc2nc(-c3ccccc3)cs2)cc1,477.01100000000014,5.689560000000004,2,7,97.12,6,False
CHEMBL1327470,CCCCCCCOC(=O)C[N+](C)(C)CCOC1CC2CCC1(C)C2(C)C.[Br-],LEISHMANIASIS,5.1180450286604,Cysteine protease,<rdkit.Chem.rdchem.Mol object at 0x0000021ACD9586D0>,[0 0 0 ... 0 0 0],C1CC2CCC1C2,462.5130000000002,1.8118000000000027,0,3,35.53,12,True
CHEMBL1351532,CCCC1=Nc2cc(C(=O)NCc3ccco3)ccc2Sc2ccccc21,LEISHMANIASIS,4.818156412055227,Cysteine protease,<rdkit.Chem.rdchem.Mol object at 0x0000021ACD958660>,[0 0 0 ... 0 0 0],O=C(NCc1ccco1)c1ccc2c(c1)N=Cc1ccccc1S2,376.4810000000001,5.595100000000004,1,4,54.6,5,False
CHEMBL1351421,O=C(NCc1cccc(C(F)(F)F)c1)C1CC(c2c(Cl)cccc2Cl)=NO1,LEISHMANIASIS,4.096910013008056,Cysteine protease,<rdkit.Chem.rdchem.Mol object at 0x0000021ACD9585F0>,[0 0 0 ... 0 0 0],O=C(NCc1ccccc1)C1CC(c2ccccc2)=NO1,417.214,4.821600000000002,1,3,50.69,4,True
CHEMBL1325945,CCCc1nc2c(=O)n(C)c(=O)nc-2n(C)n1,LEISHMANIASIS,5.546681659952962,Cysteine protease,<rdkit.Chem.rdchem.Mol object at 0x0000021ACD958580>,[0 0 0 ... 0 0 0],O=c1nc2[nH]ncnc-2c(=O)[nH]1,235.24699999999999,-0.6737,0,7,82.67,2,True
CHEMBL1328930,Cc1ccc(-c2nnc(SCc3ccccc3F)o2)cc1,LEISHMANIASIS,4.838631997765025,Cysteine protease,<rdkit.Chem.rdchem.Mol object at 0x0000021ACD958510>,[0 0 0 ... 0 0 0],c1ccc(CSc2nnc(-c3ccccc3)o2)cc1,300.35800000000006,4.476420000000003,0,4,38.92,4,True
CHEMBL1328880,N#Cc1c(NC(=O)C2CC(c3ccccc3Cl)=NO2)sc2c1CCC2,LEISHMANIASIS,5.360513510731414,Cysteine protease,<rdkit.Chem.rdchem.Mol object at 0x0000021ACD9584A0>,[0 0 0 ... 0 0 0],O=C(Nc1cc2c(s1)CCC2)C1CC(c2ccccc2)=NO1,371.8490000000002,3.8935800000000027,1,5,74.48,3,True
CHEMBL1332976,COc1cc2c(cc1NC(=O)C(C)Sc1ccc(NC(C)=O)cc1)oc1ccccc12,LEISHMANIASIS,4.832682665251824,Cysteine protease,<rdkit.Chem.rdchem.Mol object at 0x0000021ACD958430>,[0 1 0 ... 0 0 0],O=C(CSc1ccccc1)Nc1ccc2c(c1)oc1ccccc12,434.51700000000017,5.672300000000004,2,5,80.57000000000001,6,False
CHEMBL1329884,O=C(Nc1c(Cl)cccc1Cl)c1cc(-c2ccco2)on1,LEISHMANIASIS,4.87942606879415,Cysteine protease,<rdkit.Chem.rdchem.Mol object at 0x0000021ACD9583C0>,[0 0 0 ... 0 0 0],O=C(Nc1ccccc1)c1cc(-c2ccco2)on1,323.13500000000005,4.493700000000001,1,4,68.27000000000001,3,True
CHEMBL1322001,O=C(COc1ccccc1-c1ccccc1)NCc1cccc(Cl)c1,LEISHMANIASIS,4.943095148663527,Cysteine protease,<rdkit.Chem.rdchem.Mol object at 0x0000021ACD958350>,[0 0 0 ... 0 0 0],O=C(COc1ccccc1-c1ccccc1)NCc1ccccc1,351.83299999999997,4.702200000000003,1,2,38.33,6,True
CHEMBL1326194,O=C1NC(=O)/C(=C/c2ccccc2Oc2ccc(Cl)cc2)S1,LEISHMANIASIS,5.041436116778033,Cysteine protease,<rdkit.Chem.rdchem.Mol object at 0x0000021ACD9582E0>,[0 0 0 ... 0 0 0],O=C1NC(=O)C(=Cc2ccccc2Oc2ccccc2)S1,331.78,4.456200000000002,1,4,55.400000000000006,3,True
CHEMBL1328704,Clc1ccccc1CN1CCN(c2ccccc2Cl)CC1,LEISHMANIASIS,4.939302159646388,Cysteine protease,<rdkit.Chem.rdchem.Mol object at 0x0000021ACD958270>,[0 0 0 ... 0 0 0],c1ccc(CN2CCN(c3ccccc3)CC2)cc1,321.2510000000001,4.315600000000003,0,2,6.48,3,True
CHEMBL1320533,CCCc1cc(O)nc(SCC(=O)N2N=C(c3ccc(Cl)cc3)CC2c2ccco2)n1,LEISHMANIASIS,4.688246138944246,Cysteine protease,<rdkit.Chem.rdchem.Mol object at 0x0000021ACD958200>,[0 0 0 ... 0 0 0],O=C(CSc1ncccn1)N1N=C(c2ccccc2)CC1c1ccco1,456.95500000000015,4.851100000000004,1,7,91.82000000000001,7,True
CHEMBL1269411,CCCCCCCCCCCCCCC#CC(=O)O,LEISHMANIASIS,4.542118103266008,DNA topoisomerase,<rdkit.Chem.rdchem.Mol object at 0x0000021ACD958190>,[0 0 0 ... 0 0 0],,266.4249999999999,5.165600000000004,1,1,37.3,12,False
CHEMBL1340058,CCC1=Nc2cc(C(=O)NCc3ccco3)ccc2Sc2ccc(C)cc21,LEISHMANIASIS,4.096910013008056,Cysteine protease,<rdkit.Chem.rdchem.Mol object at 0x0000021ACD958120>,[0 0 0 ... 0 0 0],O=C(NCc1ccco1)c1ccc2c(c1)N=Cc1ccccc1S2,376.4810000000001,5.513420000000004,1,4,54.6,4,False
CHEMBL1341070,Fc1ccc(NCc2ccccc2F)cc1Cl,LEISHMANIASIS,4.876148359032914,Cysteine protease,<rdkit.Chem.rdchem.Mol object at 0x0000021ACD9580B0>,[0 0 0 ... 0 0 0],c1ccc(CNc2ccccc2)cc1,253.679,4.2303000000000015,1,1,12.03,3,True
CHEMBL1289494,COc1cc2nccc(Oc3ccc(NC(=O)Nc4cc(C)on4)c(Cl)c3)c2cc1OC,LEISHMANIASIS,4.522878745280337,DNA topoisomerase,<rdkit.Chem.rdchem.Mol object at 0x0000021ACD958040>,[0 0 0 ... 0 0 0],O=C(Nc1ccc(Oc2ccnc3ccccc23)cc1)Nc1ccon1,454.8700000000003,5.6381200000000025,2,7,107.74000000000001,6,False
CHEMBL1362499,CCOc1ccc(NCc2ccccc2OCc2cccc(F)c2)cc1.Cl,LEISHMANIASIS,5.051587034221399,Cysteine protease,<rdkit.Chem.rdchem.Mol object at 0x0000021ACD7C3F40>,[0 0 0 ... 0 0 0],c1ccc(COc2ccccc2CNc2ccccc2)cc1,387.882,5.837300000000005,1,3,30.49,8,False
CHEMBL1362166,CSc1nncc(-c2ccccc2)n1,LEISHMANIASIS,4.0,Trypanothione reductase,<rdkit.Chem.rdchem.Mol object at 0x0000021ACD7C3ED0>,[0 0 0 ... 0 0 0],c1ccc(-c2cnncn2)cc1,203.27000000000004,2.2604999999999995,0,4,38.67,2,True
CHEMBL1290598,C[n+]1c2ccccc2c(Nc2ccccc2)c2[nH]c3ccccc3c21.[Cl-],LEISHMANIASIS,4.00436480540245,Cysteine protease,<rdkit.Chem.rdchem.Mol object at 0x0000021ACD7C3E60>,[0 0 0 ... 0 0 0],c1ccc(Nc2c3ccccc3[nH+]c3c2[nH]c2ccccc23)cc1,359.86,2.0463999999999998,2,1,31.7,2,True
CHEMBL1290599,CCN(CC)Cc1ccc(Nc2c3ccccc3[n+](C)c3c2[nH]c2ccccc23)cc1O.[Cl-],LEISHMANIASIS,4.229147988357856,Cysteine protease,<rdkit.Chem.rdchem.Mol object at 0x0000021ACD7C3DF0>,[0 0 0 ... 0 0 0],c1ccc(Nc2c3ccccc3[nH+]c3c2[nH]c2ccccc23)cc1,461.0090000000001,2.5938000000000003,3,3,55.17,6,True
CHEMBL1289827,CCN(CC)CCCCNc1c2ccccc2[n+](C)c2c1[nH]c1ccccc12.[Cl-],LEISHMANIASIS,4.259637310505756,Cysteine protease,<rdkit.Chem.rdchem.Mol object at 0x0000021ACD7C3D80>,[0 0 0 ... 0 0 0],c1ccc2[nH+]c3c(cc2c1)[nH]c1ccccc13,410.99300000000017,1.8366999999999996,2,2,34.94,8,True
CHEMBL1289828,C[n+]1c2ccccc2c(Nc2ccc(N3CCCCC3)cc2)c2[nH]c3ccccc3c21.[Cl-],LEISHMANIASIS,4.119186407719209,Cysteine protease,<rdkit.Chem.rdchem.Mol object at 0x0000021ACD7C3D10>,[0 0 1 ... 0 0 0],c1ccc2c(c1)[nH]c1c(Nc3ccc(N4CCCCC4)cc3)c3ccccc3[nH+]c12,442.994,3.0367000000000006,2,2,34.94,3,True
CHEMBL1289049,C[n+]1c2cc(Cl)ccc2c(NC2CCNCC2)c2[nH]c3ccccc3c21.[Cl-],LEISHMANIASIS,4.229147988357856,Cysteine protease,<rdkit.Chem.rdchem.Mol object at 0x0000021ACD7C3CA0>,[0 0 0 ... 0 0 0],c1ccc2c(c1)[nH]c1c(NC3CCNCC3)c3ccccc3[nH+]c12,401.341,1.1200999999999999,3,2,43.73,2,True
CHEMBL1289436,CC(C)CCC[C@@H](C)[C@H]1CC[C@H]2[C@@H]3CC[C@H]4C[C@@H](O)CC[C@]4(C)[C@H]3CC[C@]12C,LEISHMANIASIS,3.3010299956639813,DNA topoisomerase,<rdkit.Chem.rdchem.Mol object at 0x0000021ACD7C3C30>,[0 1 0 ... 0 0 0],C1CCC2C(C1)CCC1C3CCCC3CCC21,388.68000000000023,7.468600000000009,1,1,20.23,5,False
CHEMBL1287853,Cc1cnc(Nc2ccc(OCCN3CCCC3)cc2)nc1Nc1cccc(S(=O)(=O)NC(C)(C)C)c1,LEISHMANIASIS,4.522878745280337,DNA topoisomerase,<rdkit.Chem.rdchem.Mol object at 0x0000021ACD7C3BC0>,[0 0 0 ... 0 0 0],c1ccc(Nc2ccnc(Nc3ccc(OCCN4CCCC4)cc3)n2)cc1,524.6910000000001,4.823620000000004,3,8,108.48000000000002,10,False
CHEMBL1290380,CC(C)CN1CCC(Nc2c3ccccc3[n+](C)c3c2[nH]c2ccccc23)CC1.[Cl-],LEISHMANIASIS,4.585026652029182,Cysteine protease,<rdkit.Chem.rdchem.Mol object at 0x0000021ACD7C3B50>,[0 1 0 ... 0 0 0],c1ccc2c(c1)[nH]c1c(NC3CCNCC3)c3ccccc3[nH+]c12,423.00400000000013,1.8350999999999997,2,2,34.94,4,True
CHEMBL1289926,CNC(=O)c1ccccc1Sc1ccc2c(/C=C/c3ccccn3)n[nH]c2c1,LEISHMANIASIS,4.522878745280337,DNA topoisomerase,<rdkit.Chem.rdchem.Mol object at 0x0000021ACD7C3AE0>,[0 0 0 ... 0 0 0],C(=Cc1n[nH]c2cc(Sc3ccccc3)ccc12)c1ccccn1,386.48,4.639100000000004,2,4,70.67,5,True
CHEMBL1290488,C[n+]1c2ccccc2c(NC2CCN(Cc3ccccc3)CC2)c2[nH]c3ccccc3c21.[Cl-],LEISHMANIASIS,4.494850021680094,Cysteine protease,<rdkit.Chem.rdchem.Mol object at 0x0000021ACD7C3A70>,[0 0 0 ... 0 0 0],c1ccc(CN2CCC(Nc3c4ccccc4[nH+]c4c3[nH]c3ccccc34)CC2)cc1,457.0210000000002,2.3793000000000006,2,2,34.94,4,True
CHEMBL1290489,C[n+]1c2ccccc2c(NC2CCN(Cc3ccccc3O)CC2)c2[nH]c3ccccc3c21.[Cl-],LEISHMANIASIS,4.585026652029182,Cysteine protease,<rdkit.Chem.rdchem.Mol object at 0x0000021ACD7C3A00>,[0 0 0 ... 0 0 0],c1ccc(CN2CCC(Nc3c4ccccc4[nH+]c4c3[nH]c3ccccc34)CC2)cc1,473.0200000000002,2.0848999999999998,3,3,55.169999999999995,4,True
CHEMBL1289050,C[n+]1c2cc(Cl)ccc2c(NC2CCNCC2)c2[nH]c3cc(Cl)ccc3c21.[Cl-],LEISHMANIASIS,4.366531544420414,Cysteine protease,<rdkit.Chem.rdchem.Mol object at 0x0000021ACD7C3990>,[0 0 0 ... 0 0 0],c1ccc2c(c1)[nH]c1c(NC3CCNCC3)c3ccccc3[nH+]c12,435.78600000000006,1.7734999999999994,3,2,43.73,2,True
CHEMBL1363824,O=C(O)C1Nc2c(Cl)cc(Cl)cc2C2C=CCC12,LEISHMANIASIS,5.58838029403677,Cysteine protease,<rdkit.Chem.rdchem.Mol object at 0x0000021ACD7C3920>,[0 0 0 ... 0 0 0],C1=CC2c3ccccc3NCC2C1,284.14200000000005,3.5318000000000014,2,2,49.33,1,True
CHEMBL1373087,Br.CCOc1ccc(C2=CS/C(=C(\C#N)c3nnc4n3CCCCC4)N2CC)cc1,LEISHMANIASIS,4.886056647693163,Cysteine protease,<rdkit.Chem.rdchem.Mol object at 0x0000021ACD7C38B0>,[0 0 1 ... 0 0 0],C(=C1NC(c2ccccc2)=CS1)c1nnc2n1CCCCC2,488.4550000000004,5.240580000000005,0,7,66.97,5,False
CHEMBL1290717,C[n+]1c2ccccc2c(Nc2cccnc2)c2[nH]c3ccccc3c21.[Cl-],LEISHMANIASIS,4.229147988357856,Cysteine protease,<rdkit.Chem.rdchem.Mol object at 0x0000021ACD7C3840>,[0 0 0 ... 0 0 0],c1cncc(Nc2c3ccccc3[nH+]c3c2[nH]c2ccccc23)c1,360.84800000000007,1.4413999999999996,2,2,44.59,2,True
CHEMBL1290718,CCN(CC)CCCNc1c2ccc(Cl)cc2[n+](C)c2c1[nH]c1ccccc12.[Cl-],LEISHMANIASIS,4.1938200260161125,Cysteine protease,<rdkit.Chem.rdchem.Mol object at 0x0000021ACD7C37D0>,[0 0 0 ... 0 0 0],c1ccc2[nH+]c3c(cc2c1)[nH]c1ccccc13,431.4110000000002,2.0999999999999996,2,2,34.94,7,True
CHEMBL1378604,CC(C)c1ccc(NC2CCCN(C(=O)CCN3Cc4ccccc4C3=O)C2)cc1,LEISHMANIASIS,4.809668301829708,Cysteine protease,<rdkit.Chem.rdchem.Mol object at 0x0000021ACD7C3760>,[0 1 0 ... 0 0 0],O=C(CCN1Cc2ccccc2C1=O)N1CCCC(Nc2ccccc2)C1,405.5420000000001,4.259000000000004,1,3,52.650000000000006,6,True
CHEMBL1379347,COc1ccc2nc(N3CCCCC3)c(/C=C3\SC(=S)NC3=O)cc2c1,LEISHMANIASIS,5.372634143407267,Cysteine protease,<rdkit.Chem.rdchem.Mol object at 0x0000021ACD7C36F0>,[0 0 1 ... 0 0 0],O=C1NC(=S)SC1=Cc1cc2ccccc2nc1N1CCCCC1,385.514,3.722500000000002,1,6,54.46,3,True
CHEMBL1377441,O=C(O)c1ccc(-c2ccc(/C=C3\NC(=O)N(Cc4ccc(Cl)cc4)C3=O)o2)cc1Cl,LEISHMANIASIS,4.790484985457369,Cysteine protease,<rdkit.Chem.rdchem.Mol object at 0x0000021ACD7C3680>,[0 0 0 ... 0 0 0],O=C1NC(=Cc2ccc(-c3ccccc3)o2)C(=O)N1Cc1ccccc1,457.2690000000001,5.044500000000003,2,4,99.85000000000001,5,False
CHEMBL1377980,FC(F)(F)Oc1ccc(NC(S)=NCc2ccccc2)cc1,LEISHMANIASIS,4.5951662833800615,Cysteine protease,<rdkit.Chem.rdchem.Mol object at 0x0000021ACD7C3610>,[0 0 0 ... 0 0 0],C(=NCc1ccccc1)Nc1ccccc1,326.343,4.483100000000002,2,2,33.62,4,True
CHEMBL1289601,COc1cc2nccc(Oc3ccc(NC(=O)NC4CC4)c(Cl)c3)c2cc1C(N)=O,LEISHMANIASIS,4.522878745280337,DNA topoisomerase,<rdkit.Chem.rdchem.Mol object at 0x0000021ACD7C35A0>,[0 0 0 ... 0 0 0],O=C(Nc1ccc(Oc2ccnc3ccccc23)cc1)NC1CC1,426.8600000000003,4.071900000000002,3,5,115.57,6,True
CHEMBL1363151,O=C(c1ccc(-n2c(SCc3cccc(F)c3)nc3ccccc3c2=O)cc1)N1CCOCC1,LEISHMANIASIS,4.995678626217358,Cysteine protease,<rdkit.Chem.rdchem.Mol object at 0x0000021ACD7C3530>,[0 0 0 ... 0 0 0],O=C(c1ccc(-n2c(SCc3ccccc3)nc3ccccc3c2=O)cc1)N1CCOCC1,475.5450000000003,4.289500000000004,0,6,64.43,5,True
CHEMBL1380757,O=c1c2ccccc2nc(/C=C/c2ccc(O)cc2)n1CCc1ccccc1,LEISHMANIASIS,4.764471553092451,Cysteine protease,<rdkit.Chem.rdchem.Mol object at 0x0000021ACD7C34C0>,[0 0 0 ... 0 0 0],O=c1c2ccccc2nc(C=Cc2ccccc2)n1CCc1ccccc1,368.43600000000015,4.515200000000003,1,4,55.12,5,True
CHEMBL1376844,O=C(Nc1nc2c(cc3c4c(cccc42)CC3)s1)c1ccccc1Cl,LEISHMANIASIS,4.096910013008056,Cysteine protease,<rdkit.Chem.rdchem.Mol object at 0x0000021ACD7C3450>,[0 0 0 ... 0 0 0],O=C(Nc1nc2c(cc3c4c(cccc42)CC3)s1)c1ccccc1,364.8570000000001,5.453800000000003,1,3,41.99,2,False
CHEMBL1388951,O=C(OCCN1C(=O)c2cccc3c(N4CCOCC4)ccc(c23)C1=O)c1ccccc1Cl,LEISHMANIASIS,4.096910013008056,Cysteine protease,<rdkit.Chem.rdchem.Mol object at 0x0000021ACD7C33E0>,[0 0 0 ... 0 0 0],O=C(OCCN1C(=O)c2cccc3c(N4CCOCC4)ccc(c23)C1=O)c1ccccc1,464.9050000000002,3.7828000000000035,0,6,76.15,5,True
CHEMBL1384734,O=C(c1ccccc1)c1cnc(Nc2ccccc2Cl)s1,LEISHMANIASIS,4.939302159646388,Cysteine protease,<rdkit.Chem.rdchem.Mol object at 0x0000021ACD7C3370>,[0 0 0 ... 0 0 0],O=C(c1ccccc1)c1cnc(Nc2ccccc2)s1,314.797,4.7711000000000015,1,4,41.99,4,True
CHEMBL1374864,S=C(NCCSCc1ccc(Cl)c(Cl)c1)Nc1ccccc1,LEISHMANIASIS,5.175874166083451,Cysteine protease,<rdkit.Chem.rdchem.Mol object at 0x0000021ACD7C3300>,[0 0 0 ... 0 0 0],S=C(NCCSCc1ccccc1)Nc1ccccc1,371.358,5.213200000000003,2,2,24.06,6,False
CHEMBL1374603,COc1ccc(NS(=O)(=O)c2ccc3c(c2)[C@H]2C=CC[C@H]2[C@@H](c2ccc(C(=O)O)cc2)N3)cc1,LEISHMANIASIS,5.277366077466188,Cysteine protease,<rdkit.Chem.rdchem.Mol object at 0x0000021ACD7C3290>,[0 0 0 ... 0 0 0],O=S(=O)(Nc1ccccc1)c1ccc2c(c1)C1C=CCC1C(c1ccccc1)N2,476.55400000000014,5.020700000000003,3,5,104.73,6,False
CHEMBL1387693,COc1ccc(-n2cccc2/C=C2\C(=N)N3N=C(c4ccco4)SC3=NC2=O)cc1,LEISHMANIASIS,5.563837352959244,Cysteine protease,<rdkit.Chem.rdchem.Mol object at 0x0000021ACD7C3220>,[0 0 0 ... 0 0 0],N=C1C(=Cc2cccn2-c2ccccc2)C(=O)N=C2SC(c3ccco3)=NN12,417.4500000000001,3.7463700000000024,1,7,96.18,4,True
CHEMBL1385092,COc1ccc(N2C(=O)c3ccccc3NC23CCC(C)CC3)cc1,LEISHMANIASIS,4.675717544702307,Cysteine protease,<rdkit.Chem.rdchem.Mol object at 0x0000021ACD7C31B0>,[0 0 0 ... 0 0 0],O=C1c2ccccc2NC2(CCCCC2)N1c1ccccc1,336.4350000000001,4.673900000000003,1,3,41.57,2,True
CHEMBL1393740,COc1cc(/C=C2/C(=N)N3C=CSC3=NC2=O)ccc1OCCCOc1c(C)cccc1C,LEISHMANIASIS,5.104577453960592,Cysteine protease,<rdkit.Chem.rdchem.Mol object at 0x0000021ACD7C3140>,[0 0 0 ... 0 0 0],N=C1C(=Cc2ccc(OCCCOc3ccccc3)cc2)C(=O)N=C2SC=CN12,463.5590000000003,4.936810000000004,1,6,84.21000000000001,8,True
CHEMBL1389834,O=C(CSc1nc(O)c2cnn(-c3ccc(Cl)cc3)c2n1)N1CCCc2ccccc21,LEISHMANIASIS,4.962573502059376,Cysteine protease,<rdkit.Chem.rdchem.Mol object at 0x0000021ACD7C30D0>,[0 0 0 ... 0 0 0],O=C(CSc1ncc2cnn(-c3ccccc3)c2n1)N1CCCc2ccccc21,451.93900000000025,4.246000000000002,1,7,84.13999999999999,4,True
CHEMBL1381095,COc1ccccc1CNC(=O)c1ccccc1OCc1ccc(F)cc1,LEISHMANIASIS,4.360513510731414,Cysteine protease,<rdkit.Chem.rdchem.Mol object at 0x0000021ACD7C3060>,[0 0 0 ... 0 0 0],O=C(NCc1ccccc1)c1ccccc1OCc1ccccc1,365.4040000000001,4.343300000000003,1,3,47.56,7,True
CHEMBL1391013,CCc1ccc2c(c1)C(c1ccc([N+](=O)[O-])cc1)=NNC(c1ccccc1)=N2,LEISHMANIASIS,6.399027104313252,Cysteine protease,<rdkit.Chem.rdchem.Mol object at 0x0000021ACD7C2FF0>,[0 0 0 ... 0 0 0],c1ccc(C2=Nc3ccccc3C(c3ccccc3)=NN2)cc1,370.41200000000003,4.5911000000000035,1,5,79.89,4,True
CHEMBL1385727,CCC(=O)NC(=S)Nc1cccc(Cl)c1N1CCCCC1,LEISHMANIASIS,5.215382707367125,Cysteine protease,<rdkit.Chem.rdchem.Mol object at 0x0000021ACD7C2F80>,[0 0 1 ... 0 0 0],c1ccc(N2CCCCC2)cc1,325.86500000000024,3.553300000000002,2,3,44.370000000000005,3,True
CHEMBL1405348,COC(=O)CSc1nc2cc(Cl)ccc2c(=O)n1C1CCCC1,LEISHMANIASIS,5.265200170411153,Cysteine protease,<rdkit.Chem.rdchem.Mol object at 0x0000021ACD7C2F10>,[0 0 0 ... 0 1 0],O=c1c2ccccc2ncn1C1CCCC1,352.8430000000002,3.4301000000000013,0,6,61.19,4,True
CHEMBL5094553,COc1cc(NC(=O)c2ccccc2Nc2cccc(C(F)(F)F)c2)cc(OC)c1OC,LEISHMANIASIS,3.903089986991944,DNA topoisomerase,<rdkit.Chem.rdchem.Mol object at 0x0000021ACD7C2EA0>,[0 0 0 ... 0 0 0],O=C(Nc1ccccc1)c1ccccc1Nc1ccccc1,446.4250000000002,5.727100000000004,2,5,68.82000000000001,7,False
CHEMBL5094564,COc1ccc(NC(=O)c2ccccc2Nc2cccc(C)c2C)cc1OC,LEISHMANIASIS,4.06772922410051,DNA topoisomerase,<rdkit.Chem.rdchem.Mol object at 0x0000021ACD7C2E30>,[0 0 0 ... 0 0 0],O=C(Nc1ccccc1)c1ccccc1Nc1ccccc1,376.4560000000002,5.316540000000004,2,4,59.59,6,False
CHEMBL5089985,COc1ccc(NC(=O)c2ccccc2Nc2cccc(Cl)c2C)c(OC)c1,LEISHMANIASIS,4.149537567238483,DNA topoisomerase,<rdkit.Chem.rdchem.Mol object at 0x0000021ACD7C2DC0>,[0 0 0 ... 0 0 0],O=C(Nc1ccccc1)c1ccccc1Nc1ccccc1,396.87400000000014,5.661520000000003,2,4,59.59,6,False
CHEMBL1392232,O=C(NCc1cccc(C(F)(F)F)c1)c1cc(Cl)cc(Cl)c1,LEISHMANIASIS,4.3872161432802645,Cysteine protease,<rdkit.Chem.rdchem.Mol object at 0x0000021ACD7C2D50>,[0 0 0 ... 0 0 0],O=C(NCc1ccccc1)c1ccccc1,348.15099999999995,4.942200000000002,1,1,29.1,3,True
CHEMBL5090568,COc1ccc(NC(=O)c2ccccc2Nc2cccc(C(F)(F)F)c2)cc1OC,LEISHMANIASIS,3.903089986991944,DNA topoisomerase,<rdkit.Chem.rdchem.Mol object at 0x0000021ACD7C2CE0>,[0 0 0 ... 0 0 0],O=C(Nc1ccccc1)c1ccccc1Nc1ccccc1,416.3990000000001,5.718500000000003,2,4,59.59,6,False
CHEMBL5092199,Cc1c(Cl)cccc1Nc1ccccc1C(=O)Nc1ccc2c(c1)OCO2,LEISHMANIASIS,4.322758154053346,DNA topoisomerase,<rdkit.Chem.rdchem.Mol object at 0x0000021ACD7C2C70>,[0 0 0 ... 0 0 0],O=C(Nc1ccc2c(c1)OCO2)c1ccccc1Nc1ccccc1,380.83100000000013,5.373020000000002,2,4,59.59,4,False
CHEMBL5088859,COc1ccc(NC(=O)c2ncccc2Nc2cccc(C(F)(F)F)c2)cc1,LEISHMANIASIS,3.9680666597243945,DNA topoisomerase,<rdkit.Chem.rdchem.Mol object at 0x0000021ACD7C2C00>,[0 0 0 ... 0 0 0],O=C(Nc1ccccc1)c1ncccc1Nc1ccccc1,387.36100000000005,5.104900000000002,2,4,63.25,5,False
CHEMBL5085349,COc1ccc(CCNC(=O)c2ccccc2Nc2ccccc2)cc1,LEISHMANIASIS,3.970859820235678,DNA topoisomerase,<rdkit.Chem.rdchem.Mol object at 0x0000021ACD7C2B90>,[0 0 0 ... 0 0 0],O=C(NCCc1ccccc1)c1ccccc1Nc1ccccc1,346.43000000000006,4.411300000000003,2,3,50.36,7,True
CHEMBL1398617,CCNc1nc(CSc2ccccc2)nc2sc(C)c(C)c12,LEISHMANIASIS,4.987162775294828,Cysteine protease,<rdkit.Chem.rdchem.Mol object at 0x0000021ACD7C2B20>,[0 0 0 ... 0 0 0],c1ccc(SCc2ncc3ccsc3n2)cc1,329.49400000000014,5.032240000000003,1,5,37.81,5,False
CHEMBL5085385,Nc1ccc2c(c1)CCc1c(-c3ccccc3C(F)(F)F)cc(-c3ccc(O)cc3)nc1-2,LEISHMANIASIS,5.446116973356125,DNA topoisomerase,<rdkit.Chem.rdchem.Mol object at 0x0000021ACD7C2AB0>,[0 0 0 ... 0 0 0],c1ccc(-c2cc(-c3ccccc3)c3c(n2)-c2ccccc2CC3)cc1,432.4450000000001,6.4878000000000045,2,3,59.14,2,False
CHEMBL5203467,c1ccc(-c2sc(C3(N4CCCC4)CCCCC3)cc2-c2ccc3cc[nH]c3c2)cc1,LEISHMANIASIS,5.0,Trypanothione reductase,<rdkit.Chem.rdchem.Mol object at 0x0000021ACD7C2A40>,[0 0 1 ... 0 0 0],c1ccc(-c2sc(C3(N4CCCC4)CCCCC3)cc2-c2ccc3cc[nH]c3c2)cc1,426.629,7.818600000000007,1,2,19.03,4,False
CHEMBL1401747,O=C(NN1C(=O)/C(=C/C=C/c2ccco2)SC1=S)c1ccncc1,LEISHMANIASIS,4.954677021213342,Cysteine protease,<rdkit.Chem.rdchem.Mol object at 0x0000021ACD7C29D0>,[0 0 0 ... 0 0 0],O=C(NN1C(=O)C(=CC=Cc2ccco2)SC1=S)c1ccncc1,357.41600000000005,2.777000000000001,1,6,75.44,4,True
CHEMBL5093769,COc1ccc(CNC(=O)c2ccccc2Nc2ccccc2)cc1,LEISHMANIASIS,3.903089986991944,DNA topoisomerase,<rdkit.Chem.rdchem.Mol object at 0x0000021ACD7C2960>,[0 0 0 ... 0 0 0],O=C(NCc1ccccc1)c1ccccc1Nc1ccccc1,332.403,4.368800000000003,2,3,50.36,6,True
CHEMBL1399663,CCC1=NN(C(=O)c2cccc(Br)c2)C(O)(c2ccc(Br)cc2)C1,LEISHMANIASIS,4.91721462968355,Cysteine protease,<rdkit.Chem.rdchem.Mol object at 0x0000021ACD7C28F0>,[0 0 0 ... 0 0 0],O=C(c1ccccc1)N1N=CCC1c1ccccc1,452.14600000000013,4.668800000000003,1,3,52.900000000000006,3,True
CHEMBL1393131,O=C(O)c1cc(-c2ccco2)nc2ccc(Br)cc12,LEISHMANIASIS,5.001740661576301,Cysteine protease,<rdkit.Chem.rdchem.Mol object at 0x0000021ACD7C2880>,[0 0 0 ... 0 0 0],c1coc(-c2ccc3ccccc3n2)c1,318.12600000000003,3.9555000000000016,1,3,63.33,2,True
CHEMBL5087462,COc1ccc(NC(=O)c2ccccc2Nc2cccc(Cl)c2C)cc1,LEISHMANIASIS,4.473144012874125,DNA topoisomerase,<rdkit.Chem.rdchem.Mol object at 0x0000021ACD7C2810>,[0 0 0 ... 0 0 0],O=C(Nc1ccccc1)c1ccccc1Nc1ccccc1,366.84800000000007,5.652920000000003,2,3,50.36,5,False
CHEMBL5087242,COc1cc(NC(=O)c2ccccc2Nc2cccc(Cl)c2C)cc(OC)c1OC,LEISHMANIASIS,4.293196902962662,DNA topoisomerase,<rdkit.Chem.rdchem.Mol object at 0x0000021ACD7C27A0>,[0 0 0 ... 0 0 0],O=C(Nc1ccccc1)c1ccccc1Nc1ccccc1,426.9000000000002,5.670120000000003,2,5,68.82000000000001,7,False
CHEMBL1401522,Oc1nc(Nc2ccc(Cl)cc2Cl)sc1/C=C1\C=Nc2ccccc21,LEISHMANIASIS,5.578396073130169,Cysteine protease,<rdkit.Chem.rdchem.Mol object at 0x0000021ACD7C2730>,[0 0 0 ... 0 0 0],C1=Nc2ccccc2C1=Cc1cnc(Nc2ccccc2)s1,388.2790000000001,6.155600000000003,2,5,57.510000000000005,3,False
CHEMBL1390878,CN1C(=O)C(N=Nc2ccccc2C(=O)O)N(C)C1=S,LEISHMANIASIS,4.79317412396815,Cysteine protease,<rdkit.Chem.rdchem.Mol object at 0x0000021ACD7C26C0>,[0 0 0 ... 0 0 0],O=C1NC(=S)NC1N=Nc1ccccc1,292.32000000000005,1.4832999999999998,1,5,85.57,3,True
CHEMBL1404040,Cc1cc(C(=O)N2CCCC(C(=O)c3ccc(Oc4ccccc4)cc3)C2)[nH]n1,LEISHMANIASIS,4.548213564475709,Cysteine protease,<rdkit.Chem.rdchem.Mol object at 0x0000021ACD7C2650>,[0 0 1 ... 0 0 0],O=C(c1ccc(Oc2ccccc2)cc1)C1CCCN(C(=O)c2ccn[nH]2)C1,389.45500000000004,4.245520000000003,1,4,75.28999999999999,5,True
CHEMBL5090197,O=C(Nc1ccc2c(c1)OCO2)c1ccccc1Nc1cccc(C(F)(F)F)c1,LEISHMANIASIS,3.978645286918577,DNA topoisomerase,<rdkit.Chem.rdchem.Mol object at 0x0000021ACD7C25E0>,[0 0 0 ... 0 0 0],O=C(Nc1ccc2c(c1)OCO2)c1ccccc1Nc1ccccc1,400.35600000000005,5.4300000000000015,2,4,59.59,4,False
CHEMBL5094539,COc1ccc(NC(=O)c2ccccc2NCc2ccccc2)cc1,LEISHMANIASIS,3.903089986991944,DNA topoisomerase,<rdkit.Chem.rdchem.Mol object at 0x0000021ACD7C2570>,[0 0 0 ... 0 0 0],O=C(Nc1ccccc1)c1ccccc1NCc1ccccc1,332.403,4.559600000000003,2,3,50.36,6,True
CHEMBL5204268,Cc1cc(C)c(S(=O)(=O)[O-])c(C)c1.Cc1cc2c3cccn3c3cc(Cl)c(Cl)cc3[n+]2nc1C,LEISHMANIASIS,4.627087997029894,Trypanothione reductase,<rdkit.Chem.rdchem.Mol object at 0x0000021ACD7C2500>,[0 0 0 ... 0 0 0],c1ccc2c(c1)n1cccc1c1cccn[n+]21.c1ccccc1,516.4500000000002,5.665800000000004,0,5,78.6,1,False
CHEMBL5204279,Cc1cc(C)c(S(=O)(=O)[O-])c(C)c1.Cc1cc2c(cc1C)[n+]1nc(C)c(C)cc1c1ccc(Br)n21,LEISHMANIASIS,5.161150909262744,Trypanothione reductase,<rdkit.Chem.rdchem.Mol object at 0x0000021ACD7C2490>,[0 0 0 ... 0 0 0],c1ccc2c(c1)n1cccc1c1cccn[n+]21.c1ccccc1,554.5100000000001,5.738340000000006,0,5,78.6,1,False
CHEMBL1402403,O=S(=O)(c1ccc(F)cc1)c1nc(-c2ccccc2F)oc1N1CCCCC1,LEISHMANIASIS,4.718966632752273,Cysteine protease,<rdkit.Chem.rdchem.Mol object at 0x0000021ACD7C2420>,[0 0 1 ... 0 0 0],O=S(=O)(c1ccccc1)c1nc(-c2ccccc2)oc1N1CCCCC1,404.4380000000003,4.442900000000003,0,5,63.410000000000004,4,True
CHEMBL5206678,Cc1ccc(C)c(OC2=CC(=O)c3ccncc3C2=O)c1,LEISHMANIASIS,5.221848749616356,Trypanothione reductase,<rdkit.Chem.rdchem.Mol object at 0x0000021ACD7C23B0>,[0 0 0 ... 0 0 0],O=C1C=C(Oc2ccccc2)C(=O)c2cnccc21,279.295,3.0403400000000014,0,4,56.26,2,True
CHEMBL1393538,Cc1ccccc1C(=O)c1cccn1CC(=O)NCCN1CCN(c2cccc(C)c2C)CC1,LEISHMANIASIS,4.596879478824183,Cysteine protease,<rdkit.Chem.rdchem.Mol object at 0x0000021ACD7C2340>,[0 0 0 ... 0 0 0],O=C(Cn1cccc1C(=O)c1ccccc1)NCCN1CCN(c2ccccc2)CC1,458.60600000000034,3.582760000000002,1,5,57.580000000000005,8,True
CHEMBL1402456,Oc1nc(Nc2ccccc2)cc2ccccc12,LEISHMANIASIS,5.035269078946371,Cysteine protease,<rdkit.Chem.rdchem.Mol object at 0x0000021ACD7C22D0>,[0 0 0 ... 0 0 0],c1ccc(Nc2cc3ccccc3cn2)cc1,236.274,3.684000000000002,2,3,45.150000000000006,2,True
CHEMBL5269349,C[n+]1nn(-c2ccc(-c3nc(CCc4ccc(-c5ccccc5)cc4)cs3)c(OCCN3CCNC3=O)c2)cc1CCCCN.O=C(O)C(F)(F)F.O=S(=O)([O-])C(F)(F)F,LEISHMANIASIS,5.443697499232712,Trypanothione reductase,<rdkit.Chem.rdchem.Mol object at 0x0000021ACD7C2260>,[0 0 0 ... 0 0 0],O=C1NCCN1CCOc1cc(-n2cc[nH+]n2)ccc1-c1nc(CCc2ccc(-c3ccccc3)cc2)cs1,885.9100000000002,5.642600000000004,3,11,196.67999999999998,14,False
CHEMBL5270699,Cc1ccc(-n2c(-c3cc4c([nH]c5ccccc54)c(-c4cccc(O)c4)n3)n[nH]c2=S)cc1,LEISHMANIASIS,5.6020599913279625,DNA topoisomerase,<rdkit.Chem.rdchem.Mol object at 0x0000021ACD7C21F0>,[0 0 0 ... 0 0 0],S=c1[nH]nc(-c2cc3c([nH]c4ccccc43)c(-c3ccccc3)n2)n1-c1ccccc1,449.5390000000001,6.307410000000005,3,5,82.52000000000001,3,False
CHEMBL5271591,CN(C)CCCO/N=C1\c2cc(OCCCN(C)C)ccc2-c2cnc3ccccc3c21,LEISHMANIASIS,5.580044251510242,DNA topoisomerase,<rdkit.Chem.rdchem.Mol object at 0x0000021ACD7C2180>,[0 0 0 ... 0 0 0],N=C1c2ccccc2-c2cnc3ccccc3c21,432.56800000000015,4.2664000000000035,0,6,50.190000000000005,10,True
CHEMBL5271017,CCC(C)n1cnc2c(c1=N)C(c1ccc(OC)cc1)c1c([nH]c(=O)[nH]c1=O)O2,LEISHMANIASIS,6.123782159408358,DNA topoisomerase,<rdkit.Chem.rdchem.Mol object at 0x0000021ACD7C2110>,[0 1 0 ... 0 0 0],N=c1[nH]cnc2c1C(c1ccccc1)c1c([nH]c(=O)[nH]c1=O)O2,395.41900000000015,2.00467,3,7,125.84999999999998,4,True
CHEMBL5269894,O=C1NC(=O)C(c2c[nH]c3ccccc23)=C1NCCCNCCCNC1=C(c2c[nH]c3ccccc23)C(=O)NC1=O,LEISHMANIASIS,4.2441251443275085,Trypanothione reductase,<rdkit.Chem.rdchem.Mol object at 0x0000021ACD7C20A0>,[0 0 0 ... 0 0 0],O=C1NC(=O)C(c2c[nH]c3ccccc23)=C1NCCCNCCCNC1=C(c2c[nH]c3ccccc23)C(=O)NC1=O,551.6070000000003,1.633399999999999,7,7,160.01,12,False
CHEMBL5205843,CCCCCCCCCCCCCCCCCCCCCc1ccc(C(=O)/C=C/C(=O)O)cc1,LEISHMANIASIS,4.376750709602099,Cysteine protease,<rdkit.Chem.rdchem.Mol object at 0x0000021ACD7C2030>,[0 0 0 ... 0 0 0],c1ccccc1,470.73800000000017,9.4844,1,2,54.370000000000005,23,False
CHEMBL5269825,C[n+]1nn(-c2ccc(-c3nc(CCc4ccccc4)cs3)c(OCCN3CCNC3=O)c2)cc1CCCN.O=S(=O)([O-])C(F)(F)F,LEISHMANIASIS,4.2508447231052,Trypanothione reductase,<rdkit.Chem.rdchem.Mol object at 0x0000021ACD7C1FC0>,[0 0 0 ... 0 0 0],O=C1NCCN1CCOc1cc(-n2cc[nH+]n2)ccc1-c1nc(CCc2ccccc2)cs1,681.7630000000004,2.9522000000000004,2,10,159.38,12,False
CHEMBL5207189,Cc1c(Cl)cccc1Nc1ccc(F)cc1C(=O)NCc1ccc(O)c(O)c1,LEISHMANIASIS,5.354577730650908,DNA topoisomerase,<rdkit.Chem.rdchem.Mol object at 0x0000021ACD7C1F50>,[0 0 0 ... 0 0 0],O=C(NCc1ccccc1)c1ccccc1Nc1ccccc1,400.8370000000001,4.872320000000004,4,4,81.59,5,True
CHEMBL5269118,O=C(CSc1nc2ccccc2n2cnnc12)Nc1ccc(S(=O)(=O)Nc2nccs2)cc1,LEISHMANIASIS,5.958607314841775,DNA topoisomerase,<rdkit.Chem.rdchem.Mol object at 0x0000021ACD7C1EE0>,[0 0 0 ... 0 0 0],O=C(CSc1nc2ccccc2n2cnnc12)Nc1ccc(S(=O)(=O)Nc2nccs2)cc1,497.58700000000016,3.265600000000001,2,10,131.24,7,True
CHEMBL5270809,CN1CCN(CCC(=O)Nc2cc(Cl)ccc2Sc2cccc(NC(=O)CCCC(=O)Nc3cccc(Sc4ccc(Cl)cc4NC(=O)CCN4CCN(C)CC4)c3)c2)CC1,LEISHMANIASIS,6.031517051446065,Trypanothione reductase,<rdkit.Chem.rdchem.Mol object at 0x0000021ACD7C1E70>,[0 0 0 ... 0 0 0],O=C(CCCC(=O)Nc1cccc(Sc2ccccc2NC(=O)CCN2CCNCC2)c1)Nc1cccc(Sc2ccccc2NC(=O)CCN2CCNCC2)c1,906.0189999999994,8.195300000000007,4,10,129.35999999999999,18,False
CHEMBL1398275,CC(C)(C)n1ncc2c(=O)n(Cc3ccccc3Br)cnc21,LEISHMANIASIS,4.966576244513051,Cysteine protease,<rdkit.Chem.rdchem.Mol object at 0x0000021ACD7C1E00>,[0 0 0 ... 0 0 0],O=c1c2cn[nH]c2ncn1Cc1ccccc1,361.24300000000005,3.158800000000002,0,5,52.71,2,True
CHEMBL5272155,C[n+]1nn(-c2ccc(-c3nc(CCc4ccc(-c5ccccc5)cc4)cs3)c(OCCN3CCNC3=O)c2)cc1CCCN.O=C(O)C(F)(F)F.O=S(=O)([O-])C(F)(F)F,LEISHMANIASIS,4.74892305356432,Trypanothione reductase,<rdkit.Chem.rdchem.Mol object at 0x0000021ACD7C1D90>,[0 0 0 ... 0 0 0],O=C1NCCN1CCOc1cc(-n2cc[nH+]n2)ccc1-c1nc(CCc2ccc(-c3ccccc3)cc2)cs1,871.8830000000003,5.252500000000003,3,11,196.67999999999998,13,False
CHEMBL5283895,C[n+]1nn(-c2ccc(-c3nc(-c4ccccc4)cs3)c(OCCN3CCNC3=O)c2)cc1CCCCN.O=C(O)C(F)(F)F.O=S(=O)([O-])C(F)(F)F,LEISHMANIASIS,4.408721349347544,Trypanothione reductase,<rdkit.Chem.rdchem.Mol object at 0x0000021ACD7C1D20>,[0 0 0 ... 0 0 0],O=C1NCCN1CCOc1cc(-n2cc[nH+]n2)ccc1-c1nc(-c2ccccc2)cs1,781.7580000000007,3.857400000000001,3,11,196.67999999999998,11,False
CHEMBL1410545,CC(C)c1ccc(NC2CCCN(C(=O)c3cc(C(C)C)[nH]n3)C2)cc1,LEISHMANIASIS,4.774690718274137,Cysteine protease,<rdkit.Chem.rdchem.Mol object at 0x0000021ACD7C1CB0>,[0 1 0 ... 0 0 0],O=C(c1cc[nH]n1)N1CCCC(Nc2ccccc2)C1,354.498,4.373200000000003,2,3,61.02,5,True
CHEMBL1402117,Oc1nc(S)nc2c1C(c1ccc(Br)cc1)c1c(O)nc(S)nc1O2,LEISHMANIASIS,5.528708288941061,Cysteine protease,<rdkit.Chem.rdchem.Mol object at 0x0000021ACD7C1C40>,[0 0 0 ... 0 0 0],c1ccc(C2c3cncnc3Oc3ncncc32)cc1,437.3000000000002,3.3036000000000003,4,9,101.25000000000001,1,True
CHEMBL5285408,O=C(CSc1nc2ccccc2n2cnnc12)Nc1ccc(S(=O)(=O)Nc2ccccn2)cc1,LEISHMANIASIS,6.013228265733755,DNA topoisomerase,<rdkit.Chem.rdchem.Mol object at 0x0000021ACD7C1BD0>,[0 0 0 ... 0 0 0],O=C(CSc1nc2ccccc2n2cnnc12)Nc1ccc(S(=O)(=O)Nc2ccccn2)cc1,491.55800000000016,3.2041000000000013,2,9,131.24,7,True
CHEMBL1408678,Cc1nc2c(C(=O)NCc3ccccc3Cl)cnn2c(O)c1Cl,LEISHMANIASIS,4.958607314841775,Cysteine protease,<rdkit.Chem.rdchem.Mol object at 0x0000021ACD7C1B60>,[0 0 0 ... 0 0 0],O=C(NCc1ccccc1)c1cnn2cccnc12,351.1930000000001,2.9801200000000008,2,5,79.52000000000001,3,True
CHEMBL5272233,O=C(NNC(=S)Nc1ccc(Br)cc1)c1cc2c([nH]c3ccccc32)c(-c2cccc(O)c2)n1,LEISHMANIASIS,5.236572006437063,DNA topoisomerase,<rdkit.Chem.rdchem.Mol object at 0x0000021ACD7C1AF0>,[0 0 0 ... 0 0 0],O=C(NNC(=S)Nc1ccccc1)c1cc2c([nH]c3ccccc32)c(-c2ccccc2)n1,532.4230000000002,5.482600000000003,5,4,102.07000000000001,3,False
CHEMBL5283514,CN1CCN(CCCNC(=O)CCCCCC2=C(CCCCCC(=O)NCCCN3CCN(C)CC3)C(=O)c3c(N)cccc3C2=O)CC1,LEISHMANIASIS,6.096910013008056,Trypanothione reductase,<rdkit.Chem.rdchem.Mol object at 0x0000021ACD7C1A80>,[0 0 0 ... 0 0 0],O=C(CCCCCC1=C(CCCCCC(=O)NCCCN2CCNCC2)C(=O)c2ccccc2C1=O)NCCCN1CCNCC1,679.9510000000002,3.3528000000000047,3,9,131.32,20,False
CHEMBL1410494,Cc1ccc2nc3c(c(Nc4ccc5c(c4)OCCO5)c2c1)CCC3.Cl,LEISHMANIASIS,4.97061622231479,Cysteine protease,<rdkit.Chem.rdchem.Mol object at 0x0000021ACD7C1A10>,[0 0 0 ... 0 0 0],c1ccc2c(Nc3ccc4c(c3)OCCO4)c3c(nc2c1)CCC3,368.8640000000001,4.968520000000004,1,4,43.38000000000001,2,True
CHEMBL5273760,NCCCCN(CCCN)CCCNc1cc(Cl)ccc1Sc1ccccc1,LEISHMANIASIS,6.0,Trypanothione reductase,<rdkit.Chem.rdchem.Mol object at 0x0000021ACD7C19A0>,[0 0 0 ... 0 0 0],c1ccc(Sc2ccccc2)cc1,421.0540000000001,4.682900000000004,3,5,67.31,14,True
CHEMBL5286658,NCCCN1CCN(CCCNC2=C(c3c[nH]c4ccccc34)C(=O)N(CCCN3CCN(CCCN)CC3)C2=O)CC1,LEISHMANIASIS,5.267606240177032,Trypanothione reductase,<rdkit.Chem.rdchem.Mol object at 0x0000021ACD7C1930>,[0 0 0 ... 0 0 0],O=C1C(NCCCN2CCNCC2)=C(c2c[nH]c3ccccc23)C(=O)N1CCCN1CCNCC1,593.8210000000001,0.5504000000000073,4,9,130.2,16,False
CHEMBL1412248,CC1CCc2sc(C(=O)N3CCC(C(N)=O)CC3)cc2C1,LEISHMANIASIS,4.87942606879415,Cysteine protease,<rdkit.Chem.rdchem.Mol object at 0x0000021ACD7C18C0>,[0 0 0 ... 0 0 0],O=C(c1cc2c(s1)CCCC2)N1CCCCC1,306.43100000000004,2.2104,1,3,63.4,2,True
CHEMBL5284189,NCCNCc1cncn1-c1ccc(-c2nc(CCc3ccc(-c4ccccc4)cc3)cs2)c(OCCN2CNCC2=O)c1,LEISHMANIASIS,5.0655015487564325,Trypanothione reductase,<rdkit.Chem.rdchem.Mol object at 0x0000021ACD7C1850>,[0 0 0 ... 0 0 0],O=C1CNCN1CCOc1cc(-n2ccnc2)ccc1-c1nc(CCc2ccc(-c3ccccc3)cc2)cs1,607.784,4.264400000000003,3,9,110.32999999999998,14,False
CHEMBL5284653,C[n+]1nn(-c2ccc(-c3nc(CCc4ccccc4)cs3)c(OCCN3CCNC3=O)c2)cc1CCCCN.O=C(O)C(F)(F)F.O=S(=O)([O-])C(F)(F)F,LEISHMANIASIS,4.728158393463501,Trypanothione reductase,<rdkit.Chem.rdchem.Mol object at 0x0000021ACD7C17E0>,[0 0 0 ... 0 0 0],O=C1NCCN1CCOc1cc(-n2cc[nH+]n2)ccc1-c1nc(CCc2ccccc2)cs1,809.8120000000005,3.975600000000002,3,11,196.67999999999998,13,False
CHEMBL5287730,C[n+]1nn(-c2ccc(-c3nc(CCc4ccc(Oc5ccccc5)cc4)c(-c4ccccc4)s3)c(OCCN3CCNC3=O)c2)cc1CCCCN.O=C(O)C(F)(F)F.O=S(=O)([O-])C(F)(F)F,LEISHMANIASIS,4.6164220669589096,Trypanothione reductase,<rdkit.Chem.rdchem.Mol object at 0x0000021ACD7C1770>,[0 0 0 ... 0 0 0],O=C1NCCN1CCOc1cc(-n2cc[nH+]n2)ccc1-c1nc(CCc2ccc(Oc3ccccc3)cc2)c(-c2ccccc2)s1,978.0069999999998,7.434900000000008,3,12,205.91,16,False
CHEMBL5266073,C[n+]1nn(-c2ccc(-c3nc(CCc4ccccc4)cs3)c(OCC3CCNCC3)c2)cc1CCCCN.O=C(O)C(F)(F)F.O=C(O)C(F)(F)F.O=S(=O)([O-])C(F)(F)F,LEISHMANIASIS,4.90135972093719,Trypanothione reductase,<rdkit.Chem.rdchem.Mol object at 0x0000021ACD7C1700>,[0 0 0 ... 0 0 0],c1ccc(CCc2csc(-c3ccc(-n4cc[nH+]n4)cc3OCC3CCNCC3)n2)cc1,908.8630000000007,5.583300000000004,4,12,213.67,12,False
CHEMBL1421142,COc1ccc(-c2[nH]nc3c2C(c2ccc(OC(=O)N4CCOCC4)cc2)C(C#N)=C(N)O3)cc1,LEISHMANIASIS,4.73754891026957,Cysteine protease,<rdkit.Chem.rdchem.Mol object at 0x0000021ACD7C1690>,[0 0 0 ... 0 0 0],O=C(Oc1ccc(C2C=COc3n[nH]c(-c4ccccc4)c32)cc1)N1CCOCC1,473.4890000000003,3.134480000000001,2,8,135.72,4,True
CHEMBL5266592,CCCNCCCNC(=O)CNC(=O)[C@H](CCCC[C@H](NC(=O)OCC1c2ccccc2-c2ccccc21)C(=O)NCC(=O)NCCCNCCC)NC(=O)OCC1c2ccccc2-c2ccccc21,LEISHMANIASIS,5.698970004336019,Trypanothione reductase,<rdkit.Chem.rdchem.Mol object at 0x0000021ACD7C1620>,[0 1 0 ... 0 0 0],O=C(NCCCCCCNC(=O)OCC1c2ccccc2-c2ccccc21)OCC1c2ccccc2-c2ccccc21,959.2019999999995,5.605600000000009,8,10,217.11999999999998,29,False
CHEMBL5288212,Cc1[nH]c(C(=O)Nc2nc3c(N4CCOCC4)cc(C(=O)O)cc3s2)c(Cl)c1Cl,LEISHMANIASIS,4.769551078621726,DNA topoisomerase,<rdkit.Chem.rdchem.Mol object at 0x0000021ACD7C15B0>,[0 0 0 ... 0 0 0],O=C(Nc1nc2c(N3CCOCC3)cccc2s1)c1ccc[nH]1,455.3230000000001,4.026720000000002,3,6,107.55,4,True
CHEMBL5265836,C[n+]1nn(-c2ccc(-c3nc(CCc4ccc5ccccc5c4)cs3)c(OCCN3CCNC3=O)c2)cc1CCCCN.O=C(O)C(F)(F)F.O=S(=O)([O-])C(F)(F)F,LEISHMANIASIS,5.292429823902063,Trypanothione reductase,<rdkit.Chem.rdchem.Mol object at 0x0000021ACD7C1540>,[0 0 0 ... 0 0 0],O=C1NCCN1CCOc1cc(-n2cc[nH+]n2)ccc1-c1nc(CCc2ccc3ccccc3c2)cs1,859.8720000000002,5.128800000000003,3,11,196.67999999999998,13,False
CHEMBL5266387,Cc1ccc2c(=O)n(Cc3ccccc3)c(SCc3cn(-c4ccc(C(=O)O)cc4)nn3)nc2c1,LEISHMANIASIS,7.58838029403677,DNA topoisomerase,<rdkit.Chem.rdchem.Mol object at 0x0000021ACD7C14D0>,[0 0 0 ... 0 0 0],O=c1c2ccccc2nc(SCc2cn(-c3ccccc3)nn2)n1Cc1ccccc1,483.5530000000002,4.324420000000003,1,8,102.9,7,True
CHEMBL1412001,CCOC(=O)c1ccc(/C=C2/C=C(c3ccccc3)N(c3ccc(Cl)c(C(=O)O)c3)C2=O)cc1,LEISHMANIASIS,4.910094888560602,Cysteine protease,<rdkit.Chem.rdchem.Mol object at 0x0000021ACD7C1460>,[0 0 0 ... 0 0 0],O=C1C(=Cc2ccccc2)C=C(c2ccccc2)N1c1ccccc1,473.91200000000015,5.686200000000005,1,4,83.91,6,False
CHEMBL1412087,CCOc1cc(/C=C2\C(=O)N(c3nc(-c4ccc(Br)cc4)cs3)N=C2c2ccccc2)ccc1O,LEISHMANIASIS,5.294136287716081,Cysteine protease,<rdkit.Chem.rdchem.Mol object at 0x0000021ACD7C13F0>,[0 0 0 ... 0 0 0],O=C1C(=Cc2ccccc2)C(c2ccccc2)=NN1c1nc(-c2ccccc2)cs1,546.4460000000001,6.511400000000006,1,6,75.02,6,False
CHEMBL1419772,Nc1ncc(Br)cc1S(=O)(=O)Nc1cc(C(F)(F)F)cc(C(F)(F)F)c1,LEISHMANIASIS,5.048662481204082,Cysteine protease,<rdkit.Chem.rdchem.Mol object at 0x0000021ACD7C1380>,[0 0 0 ... 0 0 0],O=S(=O)(Nc1ccccc1)c1cccnc1,464.18500000000006,4.264700000000001,2,4,85.08,3,True
CHEMBL1407766,Cc1cccc(OCC(=O)Nc2ccccc2-c2ccccc2)c1,LEISHMANIASIS,4.939302159646388,Cysteine protease,<rdkit.Chem.rdchem.Mol object at 0x0000021ACD7C1310>,[0 0 0 ... 0 0 0],O=C(COc1ccccc1)Nc1ccccc1-c1ccccc1,317.38800000000003,4.679520000000004,1,2,38.33,5,True
CHEMBL1429991,O=C(CNCC1CCCCC1)Nc1ccccc1N1CCCCC1.O=C(O)C(=O)O,LEISHMANIASIS,4.966576244513051,Cysteine protease,<rdkit.Chem.rdchem.Mol object at 0x0000021ACD7C12A0>,[0 0 1 ... 0 0 0],O=C(CNCC1CCCCC1)Nc1ccccc1N1CCCCC1,419.52200000000033,2.9409,4,5,118.97000000000001,6,True
CHEMBL1424479,Clc1ccc(-c2nnc(CSc3nnc(-c4cccs4)n3Cc3ccccc3)o2)cc1,LEISHMANIASIS,4.428291168191312,Cysteine protease,<rdkit.Chem.rdchem.Mol object at 0x0000021ACD7C1230>,[0 0 0 ... 0 0 0],c1ccc(Cn2c(SCc3nnc(-c4ccccc4)o3)nnc2-c2cccs2)cc1,465.99100000000016,6.050600000000005,0,8,69.63,7,False
CHEMBL1416439,O=C1/C(=C/C=C/c2ccco2)SC(=S)N1NS(=O)(=O)c1ccccc1,LEISHMANIASIS,5.146910470148135,Cysteine protease,<rdkit.Chem.rdchem.Mol object at 0x0000021ACD7C11C0>,[0 0 0 ... 0 0 0],O=C1C(=CC=Cc2ccco2)SC(=S)N1NS(=O)(=O)c1ccccc1,392.4830000000001,2.9305000000000003,1,6,79.62,5,True
CHEMBL1424356,Cc1oc(-c2ccccc2Cl)nc1C[S+]([O-])CC(=O)NCc1ccccc1Cl,LEISHMANIASIS,4.774690718274137,Cysteine protease,<rdkit.Chem.rdchem.Mol object at 0x0000021ACD7C1150>,[0 0 0 ... 0 0 0],O=C(C[SH+]Cc1coc(-c2ccccc2)n1)NCc1ccccc1,437.3480000000002,4.521920000000003,1,4,78.19,7,True
CHEMBL1428166,Br.CCCCCCCCOC(=O)c1c(CSC(=N)N)n(C)c2cc(Br)c(OC(C)=O)cc12,LEISHMANIASIS,5.06398920428479,Cysteine protease,<rdkit.Chem.rdchem.Mol object at 0x0000021ACD7C10E0>,[0 0 0 ... 0 0 0],c1ccc2[nH]ccc2c1,593.3820000000001,6.087970000000006,2,7,107.4,11,False
CHEMBL5074784,COc1ccc(NC(=O)c2ccccc2Nc2cccc(Cl)c2)cc1,LEISHMANIASIS,4.06706985716921,DNA topoisomerase,<rdkit.Chem.rdchem.Mol object at 0x0000021ACD7C1070>,[0 0 0 ... 0 0 0],O=C(Nc1ccccc1)c1ccccc1Nc1ccccc1,352.821,5.344500000000003,2,3,50.36,5,False
CHEMBL1427626,Cc1nn(Cc2c(F)c(F)c(F)c(F)c2F)c(C)c1NC(=O)c1ccc(COc2cc(Cl)ccc2Cl)cc1,LEISHMANIASIS,6.274088367704952,Cysteine protease,<rdkit.Chem.rdchem.Mol object at 0x0000021ACD7C1000>,[0 0 0 ... 0 0 0],O=C(Nc1cnn(Cc2ccccc2)c1)c1ccc(COc2ccccc2)cc1,570.3450000000003,7.381840000000005,1,4,56.150000000000006,7,False
CHEMBL1425421,Cc1cc(OCc2cc(C(=O)O)oc2C)c2c3c(c(=O)oc2c1)CCCC3,LEISHMANIASIS,4.761953896871205,Cysteine protease,<rdkit.Chem.rdchem.Mol object at 0x0000021ACD7C0F90>,[0 0 0 ... 0 0 0],O=c1oc2cccc(OCc3ccoc3)c2c2c1CCCC2,368.3850000000002,4.158840000000003,1,5,89.88000000000001,4,True
CHEMBL5633521,CCCc1nnc2c3ccccc3c(N/N=C/c3ccc([N+](=O)[O-])cc3)nn12,LEISHMANIASIS,5.153662887870195,DNA topoisomerase,<rdkit.Chem.rdchem.Mol object at 0x0000021ACD7C0F20>,[0 0 0 ... 0 0 0],C(=NNc1nn2cnnc2c2ccccc12)c1ccccc1,375.3920000000001,3.584200000000002,1,8,110.61,6,True
CHEMBL5218486,CCN(CC)CCCNC(=O)c1cnc2c3c(cccc13)-c1ccccc1C2=O,LEISHMANIASIS,5.489454989793388,Cysteine protease,<rdkit.Chem.rdchem.Mol object at 0x0000021ACD7C0EB0>,[0 1 0 ... 0 0 0],O=C1c2ccccc2-c2cccc3ccnc1c23,387.4830000000001,3.9079000000000024,1,4,62.300000000000004,7,True
CHEMBL1429460,CCOC(=O)c1c(C)[nH]c(C(=O)COC(=O)COc2ccccc2C=O)c1C,LEISHMANIASIS,4.978810700930062,Cysteine protease,<rdkit.Chem.rdchem.Mol object at 0x0000021ACD7C0E40>,[0 0 0 ... 0 0 0],O=C(COc1ccccc1)OCC(=O)c1ccc[nH]1,387.3880000000001,2.4256400000000005,1,7,111.76000000000002,9,True
CHEMBL5219720,O=C1Cc2c(O)c(O)cc3c(=O)oc4c(O)c(O)cc1c4c23,LEISHMANIASIS,5.522878745280337,Cysteine protease,<rdkit.Chem.rdchem.Mol object at 0x0000021ACD7C0DD0>,[0 0 0 ... 0 0 0],O=C1Cc2cccc3c(=O)oc4cccc1c4c23,300.22200000000004,1.5074,4,7,128.2,0,True
CHEMBL5631460,O=C(N/N=C/c1ccncc1)c1cccc2c(=O)c3ccccc3[nH]c12,LEISHMANIASIS,5.645891560852599,DNA topoisomerase,<rdkit.Chem.rdchem.Mol object at 0x0000021ACD7C0D60>,[0 0 0 ... 0 0 0],O=C(NN=Cc1ccncc1)c1cccc2c(=O)c3ccccc3[nH]c12,342.358,2.840200000000001,2,4,87.21000000000001,3,True
CHEMBL5219342,COc1ccc(Nc2cc(C)nc(Nc3ccc(-c4cc5ccccc5o4)cc3)n2)cc1,LEISHMANIASIS,4.749092300299144,Cysteine protease,<rdkit.Chem.rdchem.Mol object at 0x0000021ACD7C0CF0>,[0 0 0 ... 0 0 0],c1ccc(Nc2ccnc(Nc3ccc(-c4cc5ccccc5o4)cc3)n2)cc1,422.4880000000001,6.694020000000005,2,6,72.21000000000001,6,False
CHEMBL1468314,CC1(C)C2CCC1(C)C1(C2)NC(=O)c2ccccc2O1,LEISHMANIASIS,4.8297382846050425,Cysteine protease,<rdkit.Chem.rdchem.Mol object at 0x0000021ACD7C0C80>,[0 0 0 ... 0 0 0],O=C1NC2(CC3CCC2C3)Oc2ccccc21,271.36,3.351300000000002,1,2,38.33,0,True
CHEMBL1469715,NC(=O)c1sc2nc3c(c(-c4ccccc4)c2c1N)CCC3,LEISHMANIASIS,4.910094888560602,Cysteine protease,<rdkit.Chem.rdchem.Mol object at 0x0000021ACD7C0C10>,[1 0 0 ... 0 0 0],c1ccc(-c2c3c(nc4sccc24)CCC3)cc1,309.3940000000001,3.1331000000000007,2,4,82.0,2,True
CHEMBL1460470,NS(=O)(=O)c1cc(C(=O)NC2CCSc3ccccc32)ccc1Cl,LEISHMANIASIS,5.177831920631983,Cysteine protease,<rdkit.Chem.rdchem.Mol object at 0x0000021ACD7C0BA0>,[0 0 0 ... 0 0 0],O=C(NC1CCSc2ccccc21)c1ccccc1,382.894,2.9543000000000017,2,4,89.26,3,True
CHEMBL5631100,CC(=O)Oc1ccc(OC(C)=O)c2cc3c(cc12)CCCC3(C)C,LEISHMANIASIS,4.0,DNA topoisomerase,<rdkit.Chem.rdchem.Mol object at 0x0000021ACD7C0B30>,[0 0 0 ... 0 0 0],c1ccc2cc3c(cc2c1)CCCC3,326.3920000000001,4.304300000000003,0,4,52.6,2,True
CHEMBL5630044,O[C@H](CC1c2ccccc2-c2ccccc21)CN1CCN(C[C@H](O)C[C@@H]2c3ccc(Br)cc3-c3cc(Br)cc(Br)c32)CC1,LEISHMANIASIS,4.006828394969235,Trypanothione reductase,<rdkit.Chem.rdchem.Mol object at 0x0000021ACD7C0AC0>,[0 1 0 ... 0 0 0],c1ccc2c(c1)-c1ccccc1C2CCCN1CCN(CCCC2c3ccccc3-c3ccccc32)CC1,767.4,8.018500000000008,2,4,46.94,8,False
CHEMBL1457118,c1ccc(CSc2nnc3c(n2)OC(c2ccco2)Nc2ccccc2-3)cc1,LEISHMANIASIS,4.366531544420414,Cysteine protease,<rdkit.Chem.rdchem.Mol object at 0x0000021ACD7C0A50>,[0 0 0 ... 0 0 0],c1ccc(CSc2nnc3c(n2)OC(c2ccco2)Nc2ccccc2-3)cc1,388.4520000000001,4.927000000000002,1,7,73.07000000000001,4,True
CHEMBL1458713,CC(C)C[C@H](NC(=O)[C@@H]1O[C@H]1C(=O)O)C(=O)NCCCCN=C(N)N,LEISHMANIASIS,5.55453253141838,Cysteine protease,<rdkit.Chem.rdchem.Mol object at 0x0000021ACD7C09E0>,[0 1 0 ... 0 0 0],C1CO1,357.4110000000002,-1.460899999999997,5,5,172.43,11,True
CHEMBL1459883,COc1ccc(Br)cc1CNC(=O)C1CCN(S(=O)(=O)N2CCC(C)CC2)CC1,LEISHMANIASIS,5.012780770091995,Cysteine protease,<rdkit.Chem.rdchem.Mol object at 0x0000021ACD7C0970>,[0 0 0 ... 0 0 0],O=C(NCc1ccccc1)C1CCN(S(=O)(=O)N2CCCCC2)CC1,488.44800000000043,2.762600000000001,1,4,78.95,6,True
CHEMBL5630726,COc1cc2c3c(c1)Oc1c(OC)c(OC)c(OC)c4c1C(Cc1ccc(cc1)Oc1cc(ccc1OC)C[C@H]3N(C)CC2)N(C)CC4,LEISHMANIASIS,4.301029995663981,DNA topoisomerase,<rdkit.Chem.rdchem.Mol object at 0x0000021ACD7C0900>,[0 0 0 ... 0 0 0],c1cc2cc(c1)Oc1ccc(cc1)CC1NCCc3cccc(c31)Oc1cccc3c1C(C2)NCC3,652.7879999999998,7.171000000000008,0,9,71.09,5,False
CHEMBL1453871,N=C1/C(=C/c2ccc(O)cc2)C(=O)N=C2SN=C(SCc3ccccc3)N12,LEISHMANIASIS,4.690369832574101,Cysteine protease,<rdkit.Chem.rdchem.Mol object at 0x0000021ACD7C0890>,[0 0 0 ... 0 0 0],N=C1C(=Cc2ccccc2)C(=O)N=C2SN=C(SCc3ccccc3)N12,394.4810000000001,3.9022700000000023,2,6,89.10999999999999,3,True
CHEMBL1450458,CC1CCCCC1NC(=O)COC(=O)c1c2c(nc3ccccc13)/C(=C/c1ccco1)CC2,LEISHMANIASIS,4.841637507904751,Cysteine protease,<rdkit.Chem.rdchem.Mol object at 0x0000021ACD7C0820>,[0 0 0 ... 0 0 0],O=C(COC(=O)c1c2c(nc3ccccc13)C(=Cc1ccco1)CC2)NC1CCCCC1,444.5310000000002,5.166300000000005,1,5,81.42999999999999,5,False
CHEMBL1432707,COC(=O)c1cc(C)nc2c1C(=O)C(=O)C=C2N1CCOCC1,LEISHMANIASIS,5.351639989019068,Cysteine protease,<rdkit.Chem.rdchem.Mol object at 0x0000021ACD7C07B0>,[0 0 0 ... 0 0 0],O=C1C=C(N2CCOCC2)c2ncccc2C1=O,316.31300000000016,0.6151199999999999,0,7,85.8,2,True
CHEMBL1451460,CN1CCN(C(=S)SCc2nc(N)nc(Nc3ccc(F)cc3)n2)CC1,LEISHMANIASIS,3.0,DNA topoisomerase,<rdkit.Chem.rdchem.Mol object at 0x0000021ACD7C0740>,[0 0 0 ... 0 0 0],S=C(SCc1ncnc(Nc2ccccc2)n1)N1CCNCC1,393.5170000000001,2.102,2,8,83.2,4,True
CHEMBL1448592,CCCCCCCCCCCCCCCCn1cc[n+](C)c1.[Br-],LEISHMANIASIS,5.349692476868063,Cysteine protease,<rdkit.Chem.rdchem.Mol object at 0x0000021ACD7C06D0>,[0 0 0 ... 0 0 0],c1c[nH+]c[nH]1,387.44999999999993,2.7979000000000003,0,1,8.809999999999999,15,True
CHEMBL1454056,CC(C)COC(=O)c1ccc(N2C(=O)c3ccccc3C2=O)cc1,LEISHMANIASIS,4.790484985457369,Cysteine protease,<rdkit.Chem.rdchem.Mol object at 0x0000021ACD7C0660>,[0 1 0 ... 0 0 0],O=C1c2ccccc2C(=O)N1c1ccccc1,323.34800000000007,3.3000000000000025,0,4,63.68,4,True
CHEMBL1438166,CCCOc1ccc2c3c(c(=O)oc2c1OCCC)CCC3,LEISHMANIASIS,4.943095148663527,Cysteine protease,<rdkit.Chem.rdchem.Mol object at 0x0000021ACD7C05F0>,[0 0 0 ... 0 0 0],O=c1oc2ccccc2c2c1CCC2,302.37000000000006,3.859300000000003,0,4,48.67,6,True
CHEMBL1439317,COc1ccc2c(c1)C(c1ccc(C)o1)=NNC(c1ccccc1)=N2,LEISHMANIASIS,4.889410289700751,Cysteine protease,<rdkit.Chem.rdchem.Mol object at 0x0000021ACD7C0580>,[0 0 0 ... 0 0 0],c1ccc(C2=Nc3ccccc3C(c3ccco3)=NN2)cc1,331.375,4.030520000000003,1,5,59.120000000000005,3,True
CHEMBL1434175,CCOC(=O)c1c(-c2ccccc2)oc2cc(Br)c(O)c(C=O)c12,LEISHMANIASIS,5.032920265855503,Cysteine protease,<rdkit.Chem.rdchem.Mol object at 0x0000021ACD7C0510>,[0 0 0 ... 0 0 0],c1ccc(-c2cc3ccccc3o2)cc1,389.20100000000014,4.557100000000002,1,5,76.74000000000001,4,True
CHEMBL1452232,O=C(O)c1cc(Br)ccc1NN=C1CCCCC1,LEISHMANIASIS,4.872895201635193,Cysteine protease,<rdkit.Chem.rdchem.Mol object at 0x0000021ACD7C04A0>,[0 0 1 ... 0 0 0],c1ccc(NN=C2CCCCC2)cc1,311.17900000000014,3.8793000000000015,2,3,61.69,3,True
CHEMBL5393978,O=[N+]([O-])c1cccc(-c2nc3ccccc3c3nc4ccccn4c23)c1,LEISHMANIASIS,5.0,DNA topoisomerase,<rdkit.Chem.rdchem.Mol object at 0x0000021ACD7C0430>,[0 0 0 ... 0 0 0],c1ccc(-c2nc3ccccc3c3nc4ccccn4c23)cc1,340.34200000000004,4.610900000000003,0,5,73.33,2,True
CHEMBL1454614,O=C1C=C(N2CCOCC2)c2ccccc2C1=O,LEISHMANIASIS,5.150580586203101,Cysteine protease,<rdkit.Chem.rdchem.Mol object at 0x0000021ACD7C03C0>,[0 1 0 ... 0 0 0],O=C1C=C(N2CCOCC2)c2ccccc2C1=O,243.262,1.1251,0,4,46.61,1,True
CHEMBL5397183,O=[N+]([O-])c1ccccc1-c1nc2ccccc2c2nc3ccccn3c12,LEISHMANIASIS,5.0,DNA topoisomerase,<rdkit.Chem.rdchem.Mol object at 0x0000021ACD7C0350>,[0 0 0 ... 0 0 0],c1ccc(-c2nc3ccccc3c3nc4ccccn4c23)cc1,340.34200000000004,4.610900000000003,0,5,73.33,2,True
CHEMBL1434750,O=C(O)CN1C(=O)/C(=C\c2cc(Br)ccc2OCc2ccc(Cl)cc2)SC1=S,LEISHMANIASIS,5.146910470148135,Cysteine protease,<rdkit.Chem.rdchem.Mol object at 0x0000021ACD7C02E0>,[0 0 0 ... 0 0 0],O=C1NC(=S)SC1=Cc1ccccc1OCc1ccccc1,498.8070000000002,4.967300000000003,1,5,66.84,6,True
CHEMBL5400665,N#Cc1cccc2c1CC(CNCCC1CN(c3ccc4c(n3)NC(=O)CO4)C(=O)O1)C2,LEISHMANIASIS,4.0,DNA topoisomerase,<rdkit.Chem.rdchem.Mol object at 0x0000021ACD7C0270>,[0 0 0 ... 0 0 0],O=C1COc2ccc(N3CC(CCNCC4Cc5ccccc5C4)OC3=O)nc2N1,433.4680000000002,2.00408,2,7,116.58000000000003,6,True
CHEMBL5394609,Cc1[nH]c(C(=O)Nc2ccc(C(N)=O)cc2OC2CCNC2)c(Cl)c1Cl.Cl,LEISHMANIASIS,4.823908740944319,DNA topoisomerase,<rdkit.Chem.rdchem.Mol object at 0x0000021ACD7C0200>,[0 0 0 ... 0 0 0],O=C(Nc1ccccc1OC1CCNC1)c1ccc[nH]1,433.7230000000001,3.1436200000000016,4,4,109.24,5,True
CHEMBL5394200,COc1ccc(-c2nc3ccccc3c3nc4cc(C)ccn4c23)cc1,LEISHMANIASIS,5.0,DNA topoisomerase,<rdkit.Chem.rdchem.Mol object at 0x0000021ACD7C0190>,[0 0 0 ... 0 0 0],c1ccc(-c2nc3ccccc3c3nc4ccccn4c23)cc1,339.3980000000001,5.019720000000004,0,4,39.42,2,False
CHEMBL5402846,O=C(NCCc1ccc(F)cc1)c1ccc(CN(C(=O)N2CC[N+](CCCc3ccccc3)(Cc3ccc(Cl)c(Cl)c3)CC2)c2ccc(F)cc2)o1.[I-],LEISHMANIASIS,6.290849354340127,Trypanothione reductase,<rdkit.Chem.rdchem.Mol object at 0x0000021ACD7C0120>,[0 0 0 ... 0 0 0],O=C(NCCc1ccccc1)c1ccc(CN(C(=O)N2CC[N+](CCCc3ccccc3)(Cc3ccccc3)CC2)c2ccccc2)o1,873.6100000000002,5.933100000000008,1,3,65.79,13,False
CHEMBL5394051,CCc1[nH]c(C(=O)Nc2ccc(C(N)=O)cc2OC(C)C)nc1Cl,LEISHMANIASIS,5.180456064458132,DNA topoisomerase,<rdkit.Chem.rdchem.Mol object at 0x0000021ACD7C00B0>,[0 1 0 ... 0 0 0],O=C(Nc1ccccc1)c1ncc[nH]1,350.80600000000004,2.7639000000000014,3,4,110.1,6,True
CHEMBL5393803,Cc1[nH]c(C(=O)Nc2ccc(C(=O)NC3CCNCC3)cc2OC(C)C)c(Cl)c1Cl.Cl,LEISHMANIASIS,5.346787486224656,DNA topoisomerase,<rdkit.Chem.rdchem.Mol object at 0x0000021ACD7C0040>,[0 1 0 ... 0 0 0],O=C(NC1CCNCC1)c1ccc(NC(=O)c2ccc[nH]2)cc1,489.8310000000002,4.573020000000004,4,4,95.25,6,True
CHEMBL5396760,Cc1ccc2nc3c4ccccc4ncc3n2c1,LEISHMANIASIS,5.0,DNA topoisomerase,<rdkit.Chem.rdchem.Mol object at 0x0000021ACD7BFF40>,[0 0 0 ... 0 0 0],c1ccc2c(c1)ncc1c2nc2ccccn21,233.27400000000003,3.344120000000001,0,3,30.19,0,True
CHEMBL5401123,O=C(NCCc1ccc(F)cc1)c1ccc(CNC(=O)N2CC[N+](CCCc3ccccc3)(Cc3ccc(Cl)c(Cl)c3)CC2)o1.[I-],LEISHMANIASIS,5.86292107536816,Trypanothione reductase,<rdkit.Chem.rdchem.Mol object at 0x0000021ACD7BFED0>,[0 0 0 ... 0 0 0],O=C(NCCc1ccccc1)c1ccc(CNC(=O)N2CC[N+](CCCc3ccccc3)(Cc3ccccc3)CC2)o1,779.5220000000002,3.8770000000000033,2,3,74.58000000000001,12,False
CHEMBL5395724,COc1cc(-c2nc3ccccc3c3nc4ccccn4c23)cc(OC)c1OC,LEISHMANIASIS,5.187086643357144,DNA topoisomerase,<rdkit.Chem.rdchem.Mol object at 0x0000021ACD7BFE60>,[0 0 0 ... 0 0 0],c1ccc(-c2nc3ccccc3c3nc4ccccn4c23)cc1,385.4230000000002,4.728500000000004,0,6,57.88000000000001,4,True
CHEMBL5404540,Cc1[nH]c(C(=O)Nc2ccc(C(N)=O)cc2OCc2cccc(C(=O)NCCC(=O)O)c2)c(Cl)c1Cl,LEISHMANIASIS,5.468521082957745,DNA topoisomerase,<rdkit.Chem.rdchem.Mol object at 0x0000021ACD7BFDF0>,[0 0 0 ... 0 0 0],O=C(Nc1ccccc1OCc1ccccc1)c1ccc[nH]1,533.3680000000003,3.7646200000000016,5,5,163.60999999999999,10,False
CHEMBL5394451,c1ccc(-c2nc3ccccc3c3nc4ccccn4c23)cc1,LEISHMANIASIS,5.0,DNA topoisomerase,<rdkit.Chem.rdchem.Mol object at 0x0000021ACD7BFD80>,[0 0 0 ... 0 0 0],c1ccc(-c2nc3ccccc3c3nc4ccccn4c23)cc1,295.345,4.702700000000003,0,3,30.19,1,True
CHEMBL5396231,Cc1[nH]c(C(=O)Nc2ccccc2OC2CCN(C(=O)OC(C)(C)C)C2)c(Cl)c1Cl,LEISHMANIASIS,4.0,DNA topoisomerase,<rdkit.Chem.rdchem.Mol object at 0x0000021ACD7BFD10>,[0 0 0 ... 0 0 0],O=C(Nc1ccccc1OC1CCNC1)c1ccc[nH]1,454.35400000000027,5.270420000000005,2,4,83.66000000000001,4,False
CHEMBL5404744,Cc1[nH]c(C(=O)Nc2ccc(C(N)=O)cc2OCC(=O)N2CCCC(N)C2)c(Cl)c1Cl.O=C(O)C(F)(F)F,LEISHMANIASIS,5.080921907623926,DNA topoisomerase,<rdkit.Chem.rdchem.Mol object at 0x0000021ACD7BFCA0>,[0 0 0 ... 0 0 0],O=C(Nc1ccccc1OCC(=O)N1CCCCC1)c1ccc[nH]1,582.3630000000004,2.94292,5,6,180.83999999999997,6,False
CHEMBL1471276,CC(C)(C)c1nc(SCC(=O)c2ccccc2)c2ccccc2n1,LEISHMANIASIS,4.801342913045577,Cysteine protease,<rdkit.Chem.rdchem.Mol object at 0x0000021ACD7BFC30>,[0 0 0 ... 0 0 0],O=C(CSc1ncnc2ccccc12)c1ccccc1,336.46000000000004,4.902300000000004,0,4,42.85,4,True
CHEMBL5405408,Cc1ccc(-c2nc3ccccc3c3nc4cc(C)ccn4c23)cc1,LEISHMANIASIS,5.0,DNA topoisomerase,<rdkit.Chem.rdchem.Mol object at 0x0000021ACD7BFBC0>,[0 0 0 ... 0 0 0],c1ccc(-c2nc3ccccc3c3nc4ccccn4c23)cc1,323.39900000000006,5.319540000000004,0,3,30.19,1,False
CHEMBL5399261,O=C(CCc1ccccc1)Nc1ccc(-c2ccc3cc(O)ccc3c2)cc1,LEISHMANIASIS,4.995678626217358,DNA topoisomerase,<rdkit.Chem.rdchem.Mol object at 0x0000021ACD7BFB50>,[0 0 0 ... 0 0 0],O=C(CCc1ccccc1)Nc1ccc(-c2ccc3ccccc3c2)cc1,367.4480000000001,5.783700000000005,2,2,49.33,5,False
CHEMBL5403649,Cc1[nH]c(C(=O)Nc2cc(C(=O)O)ccc2OC2CCN(C(=O)OC(C)(C)C)CC2)c(Cl)c1Cl,LEISHMANIASIS,4.42021640338319,DNA topoisomerase,<rdkit.Chem.rdchem.Mol object at 0x0000021ACD7BFAE0>,[0 0 0 ... 0 0 0],O=C(Nc1ccccc1OC1CCNCC1)c1ccc[nH]1,512.3900000000004,5.358720000000004,3,5,120.96,5,False
CHEMBL5405905,O=[N+]([O-])c1ccc(-c2nc3ccccc3c3nc4ccccn4c23)cc1,LEISHMANIASIS,5.0,DNA topoisomerase,<rdkit.Chem.rdchem.Mol object at 0x0000021ACD7BFA70>,[0 0 0 ... 0 0 0],c1ccc(-c2nc3ccccc3c3nc4ccccn4c23)cc1,340.34200000000004,4.610900000000003,0,5,73.33,2,True
CHEMBL5396165,S=C(Nc1ccccn1)c1ccc2ccccc2n1,LEISHMANIASIS,4.896196279044043,Cysteine protease,<rdkit.Chem.rdchem.Mol object at 0x0000021ACD7BFA00>,[0 0 0 ... 0 0 0],S=C(Nc1ccccn1)c1ccc2ccccc2n1,265.34099999999995,3.4174000000000015,1,3,37.81,2,True
CHEMBL1455066,Cl.OC(CNCc1ccc(Cl)c(Cl)c1)c1ccccc1,LEISHMANIASIS,4.838631997765025,Cysteine protease,<rdkit.Chem.rdchem.Mol object at 0x0000021ACD7BF990>,[0 1 0 ... 0 0 0],c1ccc(CCNCc2ccccc2)cc1,332.6580000000001,4.238400000000003,2,2,32.26,5,True
CHEMBL5403760,Clc1ccc2nc3c4ccccc4ncc3n2c1,LEISHMANIASIS,5.0,DNA topoisomerase,<rdkit.Chem.rdchem.Mol object at 0x0000021ACD7BF920>,[0 0 0 ... 0 0 0],c1ccc2c(c1)ncc1c2nc2ccccn21,253.69200000000004,3.6891000000000016,0,3,30.19,0,True
CHEMBL1471450,Nc1ccc2[nH]c(CCCCCCCCc3nc4cc(N)ccc4[nH]3)nc2c1,LEISHMANIASIS,4.97469413473523,Trypanothione reductase,<rdkit.Chem.rdchem.Mol object at 0x0000021ACD7BF8B0>,[0 0 0 ... 0 0 0],c1ccc2[nH]c(CCCCCCCCc3nc4ccccc4[nH]3)nc2c1,376.50800000000004,4.729400000000004,4,4,109.39999999999999,9,True
CHEMBL5413499,Cc1cccn2c1nc1c3ccccc3nc(-c3cccs3)c12,LEISHMANIASIS,4.983237862508366,DNA topoisomerase,<rdkit.Chem.rdchem.Mol object at 0x0000021ACD7BF840>,[0 0 0 ... 0 0 0],c1csc(-c2nc3ccccc3c3nc4ccccn4c23)c1,315.40100000000007,5.072620000000003,0,4,30.19,1,False
CHEMBL5409382,Cl.NCCNC(=O)c1cccc(COc2ccccc2NC(=O)c2cc(Cl)c(Cl)[nH]2)c1,LEISHMANIASIS,4.119186407719209,DNA topoisomerase,<rdkit.Chem.rdchem.Mol object at 0x0000021ACD7BF7D0>,[0 0 0 ... 0 0 0],O=C(Nc1ccccc1OCc1ccccc1)c1ccc[nH]1,483.78300000000013,4.263100000000002,4,4,109.23999999999998,8,True
CHEMBL5414423,Cc1[nH]c(C(=O)Nc2cc(C(N)=O)ccc2OC2CCNC2)c(Cl)c1Cl.Cl,LEISHMANIASIS,4.494850021680094,DNA topoisomerase,<rdkit.Chem.rdchem.Mol object at 0x0000021ACD7BF760>,[0 0 0 ... 0 0 0],O=C(Nc1ccccc1OC1CCNC1)c1ccc[nH]1,433.7230000000001,3.1436200000000016,4,4,109.24,5,True
CHEMBL5411890,Cc1[nH]c(C(=O)Nc2ccc(C(=O)N3CCNCC3)cc2OC(C)C)c(Cl)c1Cl.Cl,LEISHMANIASIS,4.0,DNA topoisomerase,<rdkit.Chem.rdchem.Mol object at 0x0000021ACD7BF6F0>,[0 1 0 ... 0 0 0],O=C(Nc1ccc(C(=O)N2CCNCC2)cc1)c1ccc[nH]1,475.80400000000014,4.136620000000003,3,4,86.46000000000001,5,True
CHEMBL5412739,Cc1[nH]c(C(=O)Nc2ccc(C(N)=O)cc2OCC(=O)N2CCCC(NC(=O)OC(C)(C)C)C2)c(Cl)c1Cl,LEISHMANIASIS,4.0,DNA topoisomerase,<rdkit.Chem.rdchem.Mol object at 0x0000021ACD7BF680>,[0 0 0 ... 0 0 0],O=C(Nc1ccccc1OCC(=O)N1CCCCC1)c1ccc[nH]1,568.4580000000003,3.8756200000000023,4,6,155.84999999999997,7,False
CHEMBL5413957,Cc1[nH]c(C(=O)Nc2ccccc2OCc2cccc(C(=O)N3CCCC(N)C3)c2)c(Cl)c1Cl.Cl,LEISHMANIASIS,4.568636235841013,DNA topoisomerase,<rdkit.Chem.rdchem.Mol object at 0x0000021ACD7BF610>,[0 0 0 ... 0 0 0],O=C(Nc1ccccc1OCc1cccc(C(=O)N2CCCCC2)c1)c1ccc[nH]1,537.8750000000003,5.4463200000000045,3,4,100.44999999999999,6,False
CHEMBL5412114,Cl.NCCNC(=O)c1cccc(COc2ccccc2NC(=O)c2cc([N+](=O)[O-])c[nH]2)c1,LEISHMANIASIS,4.0,DNA topoisomerase,<rdkit.Chem.rdchem.Mol object at 0x0000021ACD7BF5A0>,[0 0 0 ... 0 0 0],O=C(Nc1ccccc1OCc1ccccc1)c1ccc[nH]1,459.89000000000016,2.8645000000000005,4,6,152.38,9,True
CHEMBL5407144,CCc1nnc(NC(=S)NS(=O)(=O)c2ccc(C)cc2)s1,LEISHMANIASIS,4.107237765384183,DNA topoisomerase,<rdkit.Chem.rdchem.Mol object at 0x0000021ACD7BF530>,[0 0 0 ... 0 0 0],O=S(=O)(NC(=S)Nc1nncs1)c1ccccc1,342.47100000000006,2.08422,2,6,83.97999999999999,4,True
CHEMBL5408119,Cc1[nH]c(C(=O)Nc2ccccc2OCc2cccc(C(=O)NCCN)c2)cc1F.Cl,LEISHMANIASIS,4.0,DNA topoisomerase,<rdkit.Chem.rdchem.Mol object at 0x0000021ACD7BF4C0>,[0 0 0 ... 0 0 0],O=C(Nc1ccccc1OCc1ccccc1)c1ccc[nH]1,446.91000000000014,3.403820000000001,4,4,109.24,8,True
CHEMBL5412859,COc1ccc(NC(=O)c2[nH]c(C)c(Cl)c2Cl)c(C(=O)NCc2ccc(C(=O)O)cc2)c1,LEISHMANIASIS,4.173925197299174,DNA topoisomerase,<rdkit.Chem.rdchem.Mol object at 0x0000021ACD7BF450>,[0 0 0 ... 0 0 0],O=C(Nc1ccccc1C(=O)NCc1ccccc1)c1ccc[nH]1,476.31600000000026,4.519020000000002,4,4,120.52,7,True
CHEMBL5414105,C[N+]1(CCCc2ccccc2)CCN(C(=O)N(Cc2ccc(C(=O)NCCc3ccc(F)cc3)o2)c2ccc(F)cc2)CC1.[I-],LEISHMANIASIS,4.973941724725001,Trypanothione reductase,<rdkit.Chem.rdchem.Mol object at 0x0000021ACD7BF3E0>,[0 0 0 ... 0 0 0],O=C(NCCc1ccccc1)c1ccc(CN(C(=O)N2CC[NH+](CCCc3ccccc3)CC2)c2ccccc2)o1,728.6220000000002,3.055900000000002,1,3,65.79,11,False
CHEMBL5414329,CCc1nc2nc(Nc3ccc4nc(OCCN5CCOCC5)ccc4c3)nc(NC(C)(C)C)c2[nH]1,LEISHMANIASIS,6.136677139879544,DNA topoisomerase,<rdkit.Chem.rdchem.Mol object at 0x0000021ACD7BF370>,[0 0 0 ... 0 0 0],c1nc2nc(Nc3ccc4nc(OCCN5CCOCC5)ccc4c3)ncc2[nH]1,490.6120000000003,4.1285000000000025,3,9,113.11000000000001,8,True
CHEMBL5408150,Cc1[nH]c(C(=O)Nc2ccc(C(N)=O)cc2OCc2ccc(C(=O)NCCN)cc2)c(Cl)c1Cl.Cl.Cl,LEISHMANIASIS,6.173925197299173,DNA topoisomerase,<rdkit.Chem.rdchem.Mol object at 0x0000021ACD7BF300>,[0 0 0 ... 0 0 0],O=C(Nc1ccccc1OCc1ccccc1)c1ccc[nH]1,577.2960000000003,4.092220000000004,5,5,152.33,9,False
CHEMBL5413609,Cc1[nH]c(C(=O)Nc2ccccc2OC2CCNC2)c(Cl)c1Cl.Cl,LEISHMANIASIS,4.455931955649724,DNA topoisomerase,<rdkit.Chem.rdchem.Mol object at 0x0000021ACD7BF290>,[0 0 0 ... 0 0 0],O=C(Nc1ccccc1OC1CCNC1)c1ccc[nH]1,390.69800000000004,4.0447200000000025,3,3,66.15,4,True
CHEMBL1452390,Cc1cccc(-n2c(-c3cccs3)nc3ccccc3c2=O)c1,LEISHMANIASIS,5.0,Cysteine protease,<rdkit.Chem.rdchem.Mol object at 0x0000021ACD7BF220>,[0 0 0 ... 0 0 0],O=c1c2ccccc2nc(-c2cccs2)n1-c1ccccc1,318.4010000000001,4.422620000000003,0,4,34.89,2,True
CHEMBL5407977,COc1ccc(-c2nc3ccccc3c3nc4ccccn4c23)cc1OC,LEISHMANIASIS,5.101236395654944,DNA topoisomerase,<rdkit.Chem.rdchem.Mol object at 0x0000021ACD7BF1B0>,[0 0 0 ... 0 0 0],c1ccc(-c2nc3ccccc3c3nc4ccccn4c23)cc1,355.3970000000001,4.719900000000004,0,5,48.650000000000006,3,True
CHEMBL5410535,Cc1[nH]c(C(=O)Nc2ccc(C(N)=O)cc2NC(C)C)c(Cl)c1Cl,LEISHMANIASIS,4.886056647693163,DNA topoisomerase,<rdkit.Chem.rdchem.Mol object at 0x0000021ACD7BF140>,[0 1 0 ... 0 0 0],O=C(Nc1ccccc1)c1ccc[nH]1,369.25200000000007,3.801420000000001,4,3,100.00999999999999,5,True
CHEMBL5416410,Cc1nc(Nc2ncc(C(=O)Nc3c(C)cccc3Cl)s2)cc(N2CCN(CCO)CC2)n1.O,LEISHMANIASIS,4.522878745280337,DNA topoisomerase,<rdkit.Chem.rdchem.Mol object at 0x0000021ACD7BF0D0>,[0 0 0 ... 0 0 0],O=C(Nc1ccccc1)c1cnc(Nc2cc(N3CCNCC3)ncn2)s1,506.0320000000004,2.4888400000000006,3,9,138.01,7,False
CHEMBL5411284,Cc1[nH]c(C(=O)Nc2cc(C(N)=O)ccc2OC2CCNCC2)c(Cl)c1Cl.Cl,LEISHMANIASIS,5.4089353929735005,DNA topoisomerase,<rdkit.Chem.rdchem.Mol object at 0x0000021ACD7BF060>,[0 0 0 ... 0 0 0],O=C(Nc1ccccc1OC1CCNCC1)c1ccc[nH]1,447.75000000000017,3.533720000000002,4,4,109.24,5,True
CHEMBL5416555,Cc1ccc(C(=O)Nc2ccccc2OCc2cccc(C(=O)NCCN)c2)[nH]1.Cl,LEISHMANIASIS,4.0,DNA topoisomerase,<rdkit.Chem.rdchem.Mol object at 0x0000021ACD7BEFF0>,[0 0 0 ... 0 0 0],O=C(Nc1ccccc1OCc1ccccc1)c1ccc[nH]1,428.92000000000013,3.26472,4,4,109.23999999999998,8,True
CHEMBL5417086,Cc1[nH]c(C(=O)Nc2cc(C(N)=O)ccc2OCCN)c(Cl)c1Cl.Cl,LEISHMANIASIS,4.7447274948966935,DNA topoisomerase,<rdkit.Chem.rdchem.Mol object at 0x0000021ACD7BEF80>,[0 0 0 ... 0 0 0],O=C(Nc1ccccc1)c1ccc[nH]1,407.685,2.7404200000000007,4,4,123.22999999999999,6,True
CHEMBL5406118,Cc1[nH]c(C(=O)Nc2ccc(O)cc2C(=O)NCc2ccc(C(=O)O)cc2)c(Cl)c1Cl,LEISHMANIASIS,4.619788758288394,DNA topoisomerase,<rdkit.Chem.rdchem.Mol object at 0x0000021ACD7BEF10>,[0 0 0 ... 0 0 0],O=C(Nc1ccccc1C(=O)NCc1ccccc1)c1ccc[nH]1,462.2890000000002,4.216020000000002,5,4,131.51999999999998,6,True
CHEMBL5281995,CN1CCN(c2cc3c(cc2F)C(=O)C(/C=C2\CN(C4CC4)c4cc(N5CCNCC5)c(F)cc4C2=O)CN3C2CC2)CC1,LEISHMANIASIS,5.795880017344075,DNA topoisomerase,<rdkit.Chem.rdchem.Mol object at 0x0000021ACD7BEEA0>,[0 0 0 ... 0 0 0],O=C1C(=CC2CN(C3CC3)c3cc(N4CCNCC4)ccc3C2=O)CN(C2CC2)c2cc(N3CCNCC3)ccc21,602.73,3.699200000000003,1,8,62.370000000000005,5,False
CHEMBL5282398,COc1ccc(C2c3c([nH]c(=O)[nH]c3=O)Oc3ncn(C(=S)Nc4ccccc4)c(=N)c32)cc1,LEISHMANIASIS,6.101823516502323,DNA topoisomerase,<rdkit.Chem.rdchem.Mol object at 0x0000021ACD7BEE30>,[0 0 0 ... 0 0 0],N=c1c2c(ncn1C(=S)Nc1ccccc1)Oc1[nH]c(=O)[nH]c(=O)c1C2c1ccccc1,474.50200000000007,2.2787699999999997,4,8,137.88,3,True
CHEMBL5275080,CC[n+]1nn(-c2ccc(-c3nc(CCc4ccc(-c5ccccc5)cc4)cs3)c(OCCN3CCNC3=O)c2)cc1CCCCN.O=C(O)C(F)(F)F.O=S(=O)([O-])C(F)(F)F,LEISHMANIASIS,4.826911563289215,Trypanothione reductase,<rdkit.Chem.rdchem.Mol object at 0x0000021ACD7BEDC0>,[0 0 0 ... 0 0 0],O=C1NCCN1CCOc1cc(-n2cc[nH+]n2)ccc1-c1nc(CCc2ccc(-c3ccccc3)cc2)cs1,899.9370000000001,6.125500000000005,3,11,196.67999999999998,15,False
CHEMBL5278754,C[n+]1nn(-c2ccc(-c3nc(-c4ccccc4)c(-c4ccccc4)s3)c(OCCN3CCNC3=O)c2)cc1CCCCN.O=C(O)C(F)(F)F.O=S(=O)([O-])C(F)(F)F,LEISHMANIASIS,4.7669370647909,Trypanothione reductase,<rdkit.Chem.rdchem.Mol object at 0x0000021ACD7BED50>,[0 0 0 ... 0 0 0],O=C1NCCN1CCOc1cc(-n2cc[nH+]n2)ccc1-c1nc(-c2ccccc2)c(-c2ccccc2)s1,857.8560000000002,5.5244000000000035,3,11,196.67999999999998,12,False
CHEMBL5280860,C[n+]1nn(-c2ccc(-c3nc(CCC4Cc5ccccc5O4)cs3)c(OCCN3CCNC3=O)c2)cc1CCCCN.O=C(O)C(F)(F)F.O=S(=O)([O-])C(F)(F)F,LEISHMANIASIS,4.696272488392665,Trypanothione reductase,<rdkit.Chem.rdchem.Mol object at 0x0000021ACD7BECE0>,[0 0 0 ... 0 0 0],O=C1NCCN1CCOc1cc(-n2cc[nH+]n2)ccc1-c1nc(CCC2Cc3ccccc3O2)cs1,851.8490000000003,4.126700000000002,3,12,205.91,13,False
CHEMBL5280891,CCCNCCCNC(=O)CNC(=O)[C@H](CC(Br)C(Br)C[C@H](NC(=O)OCc1ccccc1)C(=O)NCC(=O)NCCCNCCC)NC(=O)OCc1ccccc1,LEISHMANIASIS,4.798602875679548,Trypanothione reductase,<rdkit.Chem.rdchem.Mol object at 0x0000021ACD7BEC70>,[0 1 0 ... 0 0 0],O=C(NCCCCCCNC(=O)OCc1ccccc1)OCc1ccccc1,940.7759999999995,3.1278000000000077,8,10,217.11999999999998,29,False
CHEMBL5276918,C[n+]1nn(-c2ccc(-c3nc(-c4ccc(-c5ccccc5)cc4)c(-c4ccccc4)s3)c(OCCN3CCNC3=O)c2)cc1CCCCN.O=C(O)C(F)(F)F.O=S(=O)([O-])C(F)(F)F,LEISHMANIASIS,4.761439372640169,Trypanothione reductase,<rdkit.Chem.rdchem.Mol object at 0x0000021ACD7BEC00>,[0 0 0 ... 0 0 0],O=C1NCCN1CCOc1cc(-n2cc[nH+]n2)ccc1-c1nc(-c2ccc(-c3ccccc3)cc2)c(-c2ccccc2)s1,933.9540000000002,7.191400000000008,3,11,196.67999999999998,13,False
CHEMBL5277812,CC(=O)N(CCCN)CCCCN,LEISHMANIASIS,2.6989700043360187,Trypanothione reductase,<rdkit.Chem.rdchem.Mol object at 0x0000021ACD7BEB90>,[0 0 0 ... 0 0 0],,187.28699999999998,-0.07739999999999825,2,3,72.35,7,True
CHEMBL5275333,COc1ccc(C2c3c([nH]c(=O)[nH]c3=O)Oc3ncn(-c4ccccc4O)c(=N)c32)cc1,LEISHMANIASIS,6.110138278741812,DNA topoisomerase,<rdkit.Chem.rdchem.Mol object at 0x0000021ACD7BEB20>,[0 0 0 ... 0 0 0],N=c1c2c(ncn1-c1ccccc1)Oc1[nH]c(=O)[nH]c(=O)c1C2c1ccccc1,431.4080000000001,1.7284699999999997,4,8,146.08,3,True
CHEMBL5282990,C[n+]1nn(-c2ccc(-c3nc(CCc4ccccc4)cs3)c(OCCC3CCNCC3)c2)cc1CCCCN.O=C(O)C(F)(F)F.O=C(O)C(F)(F)F.O=S(=O)([O-])C(F)(F)F,LEISHMANIASIS,4.891258027893047,Trypanothione reductase,<rdkit.Chem.rdchem.Mol object at 0x0000021ACD7BEAB0>,[0 0 0 ... 0 0 0],c1ccc(CCc2csc(-c3ccc(-n4cc[nH+]n4)cc3OCCC3CCNCC3)n2)cc1,922.8900000000007,5.973400000000004,4,12,213.67,13,False
CHEMBL1431536,CN(C)c1ccc(-c2nnn(Cc3ccccc3Br)n2)cc1,LEISHMANIASIS,4.87942606879415,Cysteine protease,<rdkit.Chem.rdchem.Mol object at 0x0000021ACD7BEA40>,[0 0 0 ... 0 0 0],c1ccc(Cn2nnc(-c3ccccc3)n2)cc1,358.243,3.2169000000000016,0,5,46.84,4,True
CHEMBL5278650,COc1cc(-n2cc(CCCCN)[n+](C)n2)ccc1-c1nc(CCc2ccccc2)cs1.O=C(O)C(F)(F)F.O=S(=O)([O-])C(F)(F)F,LEISHMANIASIS,4.431243823438935,Trypanothione reductase,<rdkit.Chem.rdchem.Mol object at 0x0000021ACD7BE9D0>,[0 0 0 ... 0 0 0],c1ccc(CCc2csc(-c3ccc(-n4cc[nH+]n4)cc3)n2)cc1,711.7070000000006,4.580200000000003,2,10,164.34,10,False
CHEMBL5279607,CSc1nnc(-c2cc3c([nH]c4ccccc43)c(-c3cccc(O)c3)n2)o1,LEISHMANIASIS,5.107905397309519,DNA topoisomerase,<rdkit.Chem.rdchem.Mol object at 0x0000021ACD7BE960>,[0 0 0 ... 0 0 0],c1ccc(-c2nc(-c3nnco3)cc3c2[nH]c2ccccc23)cc1,374.4250000000001,4.860600000000003,2,6,87.83,3,True
CHEMBL5281063,C[n+]1nn(-c2ccc(-c3nc(-c4ccc(Oc5ccccc5)cc4)c(-c4ccccc4)s3)c(OCCN3CCNC3=O)c2)cc1CCCCN.O=C(O)C(F)(F)F.O=S(=O)([O-])C(F)(F)F,LEISHMANIASIS,4.7508447231052,Trypanothione reductase,<rdkit.Chem.rdchem.Mol object at 0x0000021ACD7BE8F0>,[0 0 0 ... 0 0 0],O=C1NCCN1CCOc1cc(-n2cc[nH+]n2)ccc1-c1nc(-c2ccc(Oc3ccccc3)cc2)c(-c2ccccc2)s1,949.953,7.316700000000008,3,12,205.91,14,False
CHEMBL5279478,COc1cc(-n2cc(CCCCN)[n+](C)n2)ccc1-c1nc(CCc2ccc(-c3ccccc3)cc2)cs1.O=C(O)C(F)(F)F.O=S(=O)([O-])C(F)(F)F,LEISHMANIASIS,4.692288023557028,Trypanothione reductase,<rdkit.Chem.rdchem.Mol object at 0x0000021ACD7BE880>,[0 0 0 ... 0 0 0],c1ccc(-c2ccc(CCc3csc(-c4ccc(-n5cc[nH+]n5)cc4)n3)cc2)cc1,787.8050000000006,6.247200000000006,2,10,164.34,11,False
CHEMBL5275527,N#CC1=C(N)Oc2ccccc2C1c1cc2ccccc2n2nnnc12,LEISHMANIASIS,6.555955204081924,DNA topoisomerase,<rdkit.Chem.rdchem.Mol object at 0x0000021ACD7BE810>,[0 0 0 ... 0 0 0],C1=CC(c2cc3ccccc3n3nnnc23)c2ccccc2O1,340.34600000000006,2.49568,1,7,102.12,1,True
CHEMBL5282818,N#CC1=C(N)Oc2c(ccc3ccccc23)C1c1cc2ccccc2n2nnnc12,LEISHMANIASIS,6.555955204081924,DNA topoisomerase,<rdkit.Chem.rdchem.Mol object at 0x0000021ACD7BE7A0>,[0 0 0 ... 0 0 0],C1=CC(c2cc3ccccc3n3nnnc23)c2ccc3ccccc3c2O1,390.4060000000001,3.648880000000002,1,7,102.12,1,True
CHEMBL5281282,CC1CCN(S(=O)(=O)c2ccc(-c3ccno3)cc2)CC1,LEISHMANIASIS,4.555955204081924,DNA topoisomerase,<rdkit.Chem.rdchem.Mol object at 0x0000021ACD7BE730>,[0 0 0 ... 0 0 0],O=S(=O)(c1ccc(-c2ccno2)cc1)N1CCCCC1,306.38700000000006,2.762200000000001,0,4,63.410000000000004,3,True
CHEMBL5282364,NCCNCc1cncn1-c1ccc(-c2nc(CCc3ccc4ccccc4c3)cs2)c(OCCN2CNCC2=O)c1,LEISHMANIASIS,5.292429823902063,Trypanothione reductase,<rdkit.Chem.rdchem.Mol object at 0x0000021ACD7BE6C0>,[0 0 0 ... 0 0 0],O=C1CNCN1CCOc1cc(-n2ccnc2)ccc1-c1nc(CCc2ccc3ccccc3c2)cs1,581.7460000000002,3.750600000000002,3,9,110.32999999999998,13,False
CHEMBL1437990,Nc1nc(SCCc2ccccc2)c2nc[nH]c2n1,LEISHMANIASIS,4.070581074285707,DNA topoisomerase,<rdkit.Chem.rdchem.Mol object at 0x0000021ACD7BE650>,[0 0 0 ... 0 0 0],c1ccc(CCSc2ncnc3[nH]cnc23)cc1,271.34900000000005,2.2699,2,5,80.48,4,True
CHEMBL5277682,C[n+]1nn(-c2ccc(-c3nc(CCc4ccc(-c5ccccc5)cc4)c(-c4ccccc4)s3)c(OCCN3CCNC3=O)c2)cc1CCCCN.O=C(O)C(F)(F)F.O=S(=O)([O-])C(F)(F)F,LEISHMANIASIS,4.646214911951032,Trypanothione reductase,<rdkit.Chem.rdchem.Mol object at 0x0000021ACD7BE5E0>,[0 0 0 ... 0 0 0],O=C1NCCN1CCOc1cc(-n2cc[nH+]n2)ccc1-c1nc(CCc2ccc(-c3ccccc3)cc2)c(-c2ccccc2)s1,962.0079999999999,7.309600000000007,3,11,196.67999999999998,15,False
CHEMBL5280255,CCCCN(CCCC)CCCNC(=O)CCCC1=C(CCCC(=O)NCCCN(CCCC)CCCC)C(=O)c2c(O)cccc2C1=O,LEISHMANIASIS,6.221848749616356,Trypanothione reductase,<rdkit.Chem.rdchem.Mol object at 0x0000021ACD7BE570>,[0 0 0 ... 0 0 0],O=C1C=CC(=O)c2ccccc21,682.9910000000003,7.2254000000000085,3,7,119.05000000000001,28,False
CHEMBL1422978,Fc1ccc(C2c3[nH]c4ccccc4c3CCN2Cc2cccn2-c2ncccn2)cc1,LEISHMANIASIS,4.767003889607846,Cysteine protease,<rdkit.Chem.rdchem.Mol object at 0x0000021ACD7BE500>,[0 0 0 ... 0 0 0],c1ccc(C2c3[nH]c4ccccc4c3CCN2Cc2cccn2-c2ncccn2)cc1,423.49500000000006,5.035400000000004,1,4,49.74,4,False
CHEMBL5419071,COc1ccc(NC(=O)c2[nH]c(C)c(Br)c2Br)c(C(=O)NCCc2ccc(C(=O)O)cc2)c1,LEISHMANIASIS,4.6020599913279625,DNA topoisomerase,<rdkit.Chem.rdchem.Mol object at 0x0000021ACD7BE490>,[0 0 0 ... 0 0 0],O=C(Nc1ccccc1C(=O)NCCc1ccccc1)c1ccc[nH]1,579.2450000000003,4.779720000000003,4,4,120.52,8,False
CHEMBL1427943,Cc1cccc(NC(S)=NNC(=O)c2csc3c2CCCC3)c1,LEISHMANIASIS,4.950781977329818,Cysteine protease,<rdkit.Chem.rdchem.Mol object at 0x0000021ACD7BE420>,[0 0 0 ... 0 0 0],O=C(NN=CNc1ccccc1)c1csc2c1CCCC2,345.4930000000002,3.9780200000000026,3,3,53.49,3,True
CHEMBL5420445,Cl.NCCNC(=O)c1cccc(COc2ccccc2NC(=O)c2cc(Br)c(Br)[nH]2)c1,LEISHMANIASIS,4.346787486224656,DNA topoisomerase,<rdkit.Chem.rdchem.Mol object at 0x0000021ACD7BE3B0>,[0 0 0 ... 0 0 0],O=C(Nc1ccccc1OCc1ccccc1)c1ccc[nH]1,572.6850000000001,4.481300000000003,4,4,109.23999999999998,8,False
CHEMBL5422628,Clc1ccc(-c2nc3ccccc3c3nc4ccccn4c23)cc1,LEISHMANIASIS,5.0695604052333,DNA topoisomerase,<rdkit.Chem.rdchem.Mol object at 0x0000021ACD7BE340>,[0 0 0 ... 0 0 0],c1ccc(-c2nc3ccccc3c3nc4ccccn4c23)cc1,329.7900000000001,5.356100000000003,0,3,30.19,1,False
CHEMBL5423477,c1ccc2c(c1)ncc1c2nc2ccccn21,LEISHMANIASIS,5.0,DNA topoisomerase,<rdkit.Chem.rdchem.Mol object at 0x0000021ACD7BE2D0>,[0 0 0 ... 0 0 0],c1ccc2c(c1)ncc1c2nc2ccccn21,219.24699999999999,3.035700000000001,0,3,30.19,0,True
CHEMBL5283195,CCCCCCCCCCCCCC(=O)NCCCC(=O)N(CC(=O)Nc1cccc(Sc2ccc(Br)cc2NC(=O)CCN2CCN(C)CC2)c1)C(=O)Nc1ccccc1Sc1ccc(Br)cc1NC(=O)CCN1CCN(C)CC1,LEISHMANIASIS,6.698970004336019,Trypanothione reductase,<rdkit.Chem.rdchem.Mol object at 0x0000021ACD7BE260>,[0 0 0 ... 0 0 0],O=C(CNC(=O)Nc1ccccc1Sc1ccccc1NC(=O)CCN1CCNCC1)Nc1cccc(Sc2ccccc2NC(=O)CCN2CCNCC2)c1,1277.349,12.262699999999988,5,12,178.77,32,False
CHEMBL5424300,O=C(/C=C/c1ccccc1)Nc1ccc(-c2ccc3cc(O)ccc3c2)cc1,LEISHMANIASIS,5.0655015487564325,DNA topoisomerase,<rdkit.Chem.rdchem.Mol object at 0x0000021ACD7BE1F0>,[0 0 0 ... 0 0 0],O=C(C=Cc1ccccc1)Nc1ccc(-c2ccc3ccccc3c2)cc1,365.4320000000001,5.8643000000000045,2,2,49.33,4,False
CHEMBL5424689,Cc1[nH]c(C(=O)Nc2ccc(C(N)=O)cc2N2CCOC(C)C2)c(Cl)c1Cl,LEISHMANIASIS,4.0,DNA topoisomerase,<rdkit.Chem.rdchem.Mol object at 0x0000021ACD7BE180>,[0 0 0 ... 0 0 0],O=C(Nc1ccccc1N1CCOCC1)c1ccc[nH]1,411.2890000000002,3.206220000000002,3,4,100.44999999999999,4,True
CHEMBL5419490,Cc1ccc(S(=O)(=O)NC(=S)Nc2nncs2)cc1,LEISHMANIASIS,4.16992483357025,DNA topoisomerase,<rdkit.Chem.rdchem.Mol object at 0x0000021ACD7BE110>,[0 0 0 ... 0 0 0],O=S(=O)(NC(=S)Nc1nncs1)c1ccccc1,314.41700000000003,1.52182,2,6,83.98,3,True
CHEMBL5420754,CCc1cnc(C(=O)Nc2ccc(C(N)=O)cc2OC(C)C)[nH]1,LEISHMANIASIS,4.0,DNA topoisomerase,<rdkit.Chem.rdchem.Mol object at 0x0000021ACD7BE0A0>,[0 1 0 ... 0 0 0],O=C(Nc1ccccc1)c1ncc[nH]1,316.36100000000005,2.1105,3,4,110.10000000000002,6,True
CHEMBL5425013,Cc1[nH]c(C(=O)Nc2ccc(C(=O)NCC3CCNCC3)cc2OC(C)C)c(Cl)c1Cl.Cl,LEISHMANIASIS,5.537602002101044,DNA topoisomerase,<rdkit.Chem.rdchem.Mol object at 0x0000021ACD7BE030>,[0 1 0 ... 0 0 0],O=C(NCC1CCNCC1)c1ccc(NC(=O)c2ccc[nH]2)cc1,503.8580000000001,4.820620000000004,4,4,95.25,7,False
CHEMBL1432309,CCC(CC)C1=NN2C(=N)/C(=C\c3cc(C)n(-c4cccc(C)c4)c3C)C(=O)N=C2S1,LEISHMANIASIS,4.804100347590766,Cysteine protease,<rdkit.Chem.rdchem.Mol object at 0x0000021ACD7BDFC0>,[0 1 0 ... 0 0 0],N=C1C(=Cc2ccn(-c3ccccc3)c2)C(=O)N=C2SC=NN12,433.5810000000002,5.457930000000005,1,5,73.81,5,False
CHEMBL5417828,O=C(NCCc1ccc(F)cc1)c1ccc(CN(C(=O)N2CCN(CCCc3ccccc3)CC2)c2ccc(F)cc2)o1,LEISHMANIASIS,4.262807357295262,Trypanothione reductase,<rdkit.Chem.rdchem.Mol object at 0x0000021ACD7BDF50>,[0 0 0 ... 0 0 0],O=C(NCCc1ccccc1)c1ccc(CN(C(=O)N2CCN(CCCc3ccccc3)CC2)c2ccccc2)o1,586.6830000000004,5.907300000000006,1,4,69.03,11,False
CHEMBL5418790,O=C(/C=C/c1ccccc1)Nc1ccc(/C=C/c2cc(O)cc(O)c2)cc1,LEISHMANIASIS,4.245040036421162,DNA topoisomerase,<rdkit.Chem.rdchem.Mol object at 0x0000021ACD7BDEE0>,[0 0 0 ... 0 0 0],O=C(C=Cc1ccccc1)Nc1ccc(C=Cc2ccccc2)cc1,357.4090000000001,4.920100000000005,3,3,69.56,5,True
CHEMBL1433039,CCCc1cc(O)nc(SCc2cc(Cl)ccc2OC(F)F)n1,LEISHMANIASIS,5.044793462458058,Cysteine protease,<rdkit.Chem.rdchem.Mol object at 0x0000021ACD7BDE70>,[0 1 0 ... 0 0 0],c1ccc(CSc2ncccn2)cc1,360.813,4.681800000000003,1,5,55.24000000000001,7,True
CHEMBL5421247,Cc1[nH]c(C(=O)Nc2ccc(C(N)=O)cc2OCc2cccc(C(=O)NCCN)c2)c(Cl)c1Cl.Cl,LEISHMANIASIS,6.0,DNA topoisomerase,<rdkit.Chem.rdchem.Mol object at 0x0000021ACD7BDE00>,[0 0 0 ... 0 0 0],O=C(Nc1ccccc1OCc1ccccc1)c1ccc[nH]1,540.8350000000003,3.6704200000000022,5,5,152.33,9,False
CHEMBL5422204,CCCCCc1nnc(NC(=S)NS(=O)(=O)c2ccc(C)cc2)s1,LEISHMANIASIS,4.2693792021127175,DNA topoisomerase,<rdkit.Chem.rdchem.Mol object at 0x0000021ACD7BDD90>,[0 0 1 ... 0 0 0],O=S(=O)(NC(=S)Nc1nncs1)c1ccccc1,384.55200000000013,3.254520000000001,2,6,83.97999999999999,7,True
CHEMBL5431960,Cc1cccn2c1nc1c3ccccc3nc(-c3ccccc3)c12,LEISHMANIASIS,5.0325930211995,DNA topoisomerase,<rdkit.Chem.rdchem.Mol object at 0x0000021ACD7BDD20>,[0 0 0 ... 0 0 0],c1ccc(-c2nc3ccccc3c3nc4ccccn4c23)cc1,309.37200000000007,5.011120000000004,0,3,30.19,1,False
CHEMBL5432058,Cc1[nH]c(C(=O)Nc2ccccc2OC2CCN(C(=O)OC(C)(C)C)CC2)c(Cl)c1Cl,LEISHMANIASIS,4.0,DNA topoisomerase,<rdkit.Chem.rdchem.Mol object at 0x0000021ACD7BDCB0>,[0 0 0 ... 0 0 0],O=C(Nc1ccccc1OC1CCNCC1)c1ccc[nH]1,468.3810000000003,5.660520000000005,2,4,83.66000000000001,4,False
CHEMBL5427528,Cc1cccn2c1nc1c3ccccc3nc(-c3ccccn3)c12,LEISHMANIASIS,5.0,DNA topoisomerase,<rdkit.Chem.rdchem.Mol object at 0x0000021ACD7BDC40>,[0 0 0 ... 0 0 0],c1ccc(-c2nc3ccccc3c3nc4ccccn4c23)nc1,310.36000000000007,4.406120000000003,0,4,43.08,1,True
CHEMBL5431403,Brc1ccc2nc3c4ccccc4ncc3n2c1,LEISHMANIASIS,5.0,DNA topoisomerase,<rdkit.Chem.rdchem.Mol object at 0x0000021ACD7BDBD0>,[0 0 0 ... 0 0 0],c1ccc2c(c1)ncc1c2nc2ccccn21,298.14300000000003,3.7982000000000022,0,3,30.19,0,True
CHEMBL5433691,Cc1[nH]c(C(=O)Nc2ccccc2OCc2cccc(C(=O)NC3CCNC3)c2)c(Cl)c1Cl.Cl,LEISHMANIASIS,5.200659450546418,DNA topoisomerase,<rdkit.Chem.rdchem.Mol object at 0x0000021ACD7BDB60>,[0 0 0 ... 0 0 0],O=C(NC1CCNC1)c1cccc(COc2ccccc2NC(=O)c2ccc[nH]2)c1,523.8480000000003,4.974720000000004,4,4,95.25,7,False
CHEMBL5426888,Cc1[nH]c(C(=O)Nc2ccc(C(N)=O)cc2OC2CCNCC2)c(Cl)c1Cl.Cl,LEISHMANIASIS,5.119186407719209,DNA topoisomerase,<rdkit.Chem.rdchem.Mol object at 0x0000021ACD7BDAF0>,[0 0 0 ... 0 0 0],O=C(Nc1ccccc1OC1CCNCC1)c1ccc[nH]1,447.75000000000017,3.533720000000002,4,4,109.24,5,True
CHEMBL5427076,CCc1[nH]c(C(=O)Nc2ccccc2OCc2cccc(C(=O)NCCN)c2)nc1Cl.Cl,LEISHMANIASIS,4.431798275933005,DNA topoisomerase,<rdkit.Chem.rdchem.Mol object at 0x0000021ACD7BDA80>,[0 0 0 ... 0 0 0],O=C(Nc1ccccc1OCc1ccccc1)c1ncc[nH]1,478.38000000000017,3.567100000000002,4,5,122.13,9,True
CHEMBL5431666,Cc1[nH]c(C(=O)Nc2ccccc2OCc2cccc(C(=O)NCCN)c2)cc1Cl.Cl,LEISHMANIASIS,4.455931955649724,DNA topoisomerase,<rdkit.Chem.rdchem.Mol object at 0x0000021ACD7BDA10>,[0 0 0 ... 0 0 0],O=C(Nc1ccccc1OCc1ccccc1)c1ccc[nH]1,463.3650000000002,3.9181200000000023,4,4,109.24,8,True
CHEMBL5427724,Cc1cccn2c1nc1c3ccccc3nc(-c3ccc(Cl)cc3)c12,LEISHMANIASIS,5.08136364874885,DNA topoisomerase,<rdkit.Chem.rdchem.Mol object at 0x0000021ACD7BD9A0>,[0 0 0 ... 0 0 0],c1ccc(-c2nc3ccccc3c3nc4ccccn4c23)cc1,343.81700000000006,5.664520000000003,0,3,30.19,1,False
CHEMBL5429293,Cc1[nH]c(C(=O)Nc2cc(C(=O)O)ccc2OC2CCNCC2)c(Cl)c1Cl.Cl,LEISHMANIASIS,4.0,DNA topoisomerase,<rdkit.Chem.rdchem.Mol object at 0x0000021ACD7BD930>,[0 0 0 ... 0 0 0],O=C(Nc1ccccc1OC1CCNCC1)c1ccc[nH]1,448.7340000000002,4.133020000000003,4,4,103.45,5,True
CHEMBL5431450,Cc1[nH]c(C(=O)Nc2ccc(C(N)=O)cc2N2CCOCC2)c(Cl)c1Cl,LEISHMANIASIS,4.0,DNA topoisomerase,<rdkit.Chem.rdchem.Mol object at 0x0000021ACD7BD8C0>,[0 0 0 ... 0 0 0],O=C(Nc1ccccc1N1CCOCC1)c1ccc[nH]1,397.26200000000017,2.8177200000000013,3,4,100.44999999999999,4,True
CHEMBL5435906,Cc1[nH]c(C(=O)Nc2ccc(C(N)=O)cc2OC(C)C)c(Cl)c1Cl,LEISHMANIASIS,5.494850021680094,DNA topoisomerase,<rdkit.Chem.rdchem.Mol object at 0x0000021ACD7BD850>,[0 1 0 ... 0 0 0],O=C(Nc1ccccc1)c1ccc[nH]1,370.2360000000001,3.768320000000002,3,3,97.21,5,True
CHEMBL5426748,Cc1[nH]c(C(=O)Nc2nc3c(OC(C)c4ccccc4)cc(C(=O)O)cc3s2)c(Cl)c1Cl,LEISHMANIASIS,4.6020599913279625,DNA topoisomerase,<rdkit.Chem.rdchem.Mol object at 0x0000021ACD7BD7E0>,[0 1 0 ... 0 0 0],O=C(Nc1nc2c(OCc3ccccc3)cccc2s1)c1ccc[nH]1,490.36800000000017,6.330120000000003,3,5,104.31000000000002,6,False
CHEMBL5428175,Cc1ccc(-c2nc3ccccc3c3nc4ccccn4c23)cc1,LEISHMANIASIS,5.0,DNA topoisomerase,<rdkit.Chem.rdchem.Mol object at 0x0000021ACD7BD770>,[0 0 0 ... 0 0 0],c1ccc(-c2nc3ccccc3c3nc4ccccn4c23)cc1,309.37200000000007,5.011120000000004,0,3,30.19,1,False
CHEMBL5430015,CCNC(=O)Nc1ccc(OC2CCNCC2)c(NC(=O)c2[nH]c(C)c(Cl)c2Cl)c1,LEISHMANIASIS,4.42021640338319,DNA topoisomerase,<rdkit.Chem.rdchem.Mol object at 0x0000021ACD7BD700>,[0 0 0 ... 0 0 0],O=C(Nc1ccccc1OC1CCNCC1)c1ccc[nH]1,454.35800000000006,4.154420000000003,5,4,107.28,6,True
CHEMBL5432018,Cc1[nH]c(C(=O)Nc2ccccc2OC2CCNCC2)c(Cl)c1Cl.Cl,LEISHMANIASIS,4.561314327065112,DNA topoisomerase,<rdkit.Chem.rdchem.Mol object at 0x0000021ACD7BD690>,[0 0 0 ... 0 0 0],O=C(Nc1ccccc1OC1CCNCC1)c1ccc[nH]1,404.7250000000001,4.434820000000004,3,3,66.15,4,True
CHEMBL5435370,NS(=O)(=O)c1ccc(CNC(=O)c2cc(O)ccc2NC(=O)c2cc(Br)c(Br)[nH]2)cc1,LEISHMANIASIS,4.0,DNA topoisomerase,<rdkit.Chem.rdchem.Mol object at 0x0000021ACD7BD620>,[0 0 0 ... 0 0 0],O=C(Nc1ccccc1C(=O)NCc1ccccc1)c1ccc[nH]1,572.235,3.075,5,5,154.38,6,False
CHEMBL5429388,Cc1[nH]c(C(=O)Nc2ccc(C(N)=O)cc2NCCN)c(Cl)c1Cl.Cl,LEISHMANIASIS,4.0,DNA topoisomerase,<rdkit.Chem.rdchem.Mol object at 0x0000021ACD7BD5B0>,[0 0 0 ... 0 0 0],O=C(Nc1ccccc1)c1ccc[nH]1,406.7010000000001,2.77352,5,4,126.02999999999999,6,True
CHEMBL5430260,Oc1cc(O)cc(/C=C/c2cc(-c3ccoc3)ccc2O)c1,LEISHMANIASIS,4.223298816011589,DNA topoisomerase,<rdkit.Chem.rdchem.Mol object at 0x0000021ACD7BD540>,[0 0 0 ... 0 0 0],C(=Cc1cccc(-c2ccoc2)c1)c1ccccc1,294.306,4.233800000000003,3,4,73.83,3,True
CHEMBL5426441,O=C(NCCc1ccc(F)cc1)c1ccc(CN(C(=O)N2CCN(CCCN3c4ccccc4Sc4ccc(Cl)cc43)CC2)c2ccc(F)cc2)o1,LEISHMANIASIS,4.663540266151471,Trypanothione reductase,<rdkit.Chem.rdchem.Mol object at 0x0000021ACD7BD4D0>,[0 0 0 ... 0 0 0],O=C(NCCc1ccccc1)c1ccc(CN(C(=O)N2CCN(CCCN3c4ccccc4Sc4ccccc43)CC2)c2ccccc2)o1,742.2920000000001,8.620900000000004,1,6,72.27000000000001,11,False
CHEMBL5433775,Cc1[nH]c(C(=O)Nc2ccccc2OCc2cccc(C(=O)NCCN)c2)c(Cl)c1Cl.Cl,LEISHMANIASIS,5.580575454631372,DNA topoisomerase,<rdkit.Chem.rdchem.Mol object at 0x0000021ACD7BD460>,[0 0 0 ... 0 0 0],O=C(Nc1ccccc1OCc1ccccc1)c1ccc[nH]1,497.81000000000023,4.571520000000003,4,4,109.24,8,True
CHEMBL5434098,Cc1ccn2c(c1)nc1c3ccccc3ncc12,LEISHMANIASIS,5.0,DNA topoisomerase,<rdkit.Chem.rdchem.Mol object at 0x0000021ACD7BD3F0>,[0 0 0 ... 0 0 0],c1ccc2c(c1)ncc1c2nc2ccccn21,233.27400000000003,3.344120000000001,0,3,30.19,0,True
CHEMBL5427017,Cc1[nH]c(C(=O)Nc2ccc(C(=O)NC3CCCNC3)cc2OC(C)C)c(Cl)c1Cl.Cl,LEISHMANIASIS,5.886056647693163,DNA topoisomerase,<rdkit.Chem.rdchem.Mol object at 0x0000021ACD7BD380>,[0 1 0 ... 0 0 0],O=C(NC1CCCNC1)c1ccc(NC(=O)c2ccc[nH]2)cc1,489.8310000000001,4.573020000000004,4,4,95.25,6,True
CHEMBL5434616,Cc1[nH]c(C(=O)Nc2ccc(C(=O)N3CCCC(N)C3)cc2OC(C)C)c(Cl)c1Cl.Cl,LEISHMANIASIS,4.494850021680094,DNA topoisomerase,<rdkit.Chem.rdchem.Mol object at 0x0000021ACD7BD310>,[0 1 0 ... 0 0 0],O=C(Nc1ccc(C(=O)N2CCCCC2)cc1)c1ccc[nH]1,489.8310000000002,4.654520000000004,3,4,100.45,5,True
CHEMBL5427814,Cc1ccc(S(=O)(=O)NC(=S)Nc2nnc(CCC(C)C)s2)cc1,LEISHMANIASIS,4.175743962370317,DNA topoisomerase,<rdkit.Chem.rdchem.Mol object at 0x0000021ACD7BD2A0>,[0 1 0 ... 0 0 0],O=S(=O)(NC(=S)Nc1nncs1)c1ccccc1,384.5520000000002,3.110420000000002,2,6,83.98,6,True
CHEMBL1504918,O=C1OC(c2cccs2)=N/C1=C\c1ccc(-c2cccc(Cl)c2)o1,LEISHMANIASIS,4.8297382846050425,Cysteine protease,<rdkit.Chem.rdchem.Mol object at 0x0000021ACD7BD230>,[0 0 0 ... 0 0 0],O=C1OC(c2cccs2)=NC1=Cc1ccc(-c2ccccc2)o1,355.802,5.006000000000003,0,5,51.8,3,False
CHEMBL1487183,CCCCC(CC)CN=C(N)N=C(N)NCCCCCCNC(N)=NC(N)=NCC(CC)CCCC.Cl,LEISHMANIASIS,5.410050398674292,Cysteine protease,<rdkit.Chem.rdchem.Mol object at 0x0000021ACD7BD1C0>,[0 1 0 ... 0 0 0],,545.2650000000004,3.8394000000000053,6,2,177.57999999999998,19,False
CHEMBL5434165,Cc1[nH]c(C(=O)Nc2ccccc2OCc2cccc(C(=O)NC3CCCNC3)c2)c(Cl)c1Cl.Cl,LEISHMANIASIS,5.113509274827518,DNA topoisomerase,<rdkit.Chem.rdchem.Mol object at 0x0000021ACD7BD150>,[0 0 0 ... 0 0 0],O=C(NC1CCCNC1)c1cccc(COc2ccccc2NC(=O)c2ccc[nH]2)c1,537.8750000000003,5.364820000000004,4,4,95.25,7,False
CHEMBL5428401,Cc1[nH]c(C(=O)Nc2cc(C(N)=O)ccc2OC(C)C)c(Cl)c1Cl,LEISHMANIASIS,4.0,DNA topoisomerase,<rdkit.Chem.rdchem.Mol object at 0x0000021ACD7BD0E0>,[0 1 0 ... 0 0 0],O=C(Nc1ccccc1)c1ccc[nH]1,370.2360000000001,3.768320000000002,3,3,97.21,5,True
CHEMBL5434027,Cc1ccc(-c2nc3ccccc3c3nc4c(C)cccn4c23)cc1,LEISHMANIASIS,4.980918510782162,DNA topoisomerase,<rdkit.Chem.rdchem.Mol object at 0x0000021ACD7BD070>,[0 0 0 ... 0 0 0],c1ccc(-c2nc3ccccc3c3nc4ccccn4c23)cc1,323.39900000000006,5.319540000000004,0,3,30.19,1,False
CHEMBL5435880,Cc1[nH]c(C(=O)Nc2ccc(C(N)=O)cc2OCc2cccc(C(=O)NCC(=O)O)c2)c(Cl)c1Cl,LEISHMANIASIS,5.455931955649724,DNA topoisomerase,<rdkit.Chem.rdchem.Mol object at 0x0000021ACD7BD000>,[0 0 0 ... 0 0 0],O=C(Nc1ccccc1OCc1ccccc1)c1ccc[nH]1,519.3410000000002,3.3745200000000013,5,5,163.60999999999999,9,False
CHEMBL5430320,Cc1ccn2c(c1)nc1c3ccccc3nc(-c3ccccc3)c12,LEISHMANIASIS,5.0,DNA topoisomerase,<rdkit.Chem.rdchem.Mol object at 0x0000021ACD7BCF90>,[0 0 0 ... 0 0 0],c1ccc(-c2nc3ccccc3c3nc4ccccn4c23)cc1,309.37200000000007,5.011120000000004,0,3,30.19,1,False
CHEMBL5427519,Cc1[nH]c(C(=O)Nc2ccc(C(=O)NCCN)cc2OC(C)C)c(Cl)c1Cl.Cl,LEISHMANIASIS,5.387345359137068,DNA topoisomerase,<rdkit.Chem.rdchem.Mol object at 0x0000021ACD7BCF20>,[0 1 0 ... 0 0 0],O=C(Nc1ccccc1)c1ccc[nH]1,449.76600000000013,3.7797200000000024,4,4,109.24,7,True
CHEMBL1488830,CC1CC(C)CN(C(=O)c2ccc(C(=O)c3ccccc3)cc2)C1,LEISHMANIASIS,4.966576244513051,Cysteine protease,<rdkit.Chem.rdchem.Mol object at 0x0000021ACD7BCEB0>,[0 0 0 ... 0 0 0],O=C(c1ccccc1)c1ccc(C(=O)N2CCCCC2)cc1,321.4200000000001,4.035700000000003,0,2,37.38,3,True
CHEMBL1500327,S=C(NCc1ccccc1)Nc1cccc(Cl)c1,LEISHMANIASIS,4.876148359032914,Cysteine protease,<rdkit.Chem.rdchem.Mol object at 0x0000021ACD7BCE40>,[0 0 0 ... 0 0 0],S=C(NCc1ccccc1)Nc1ccccc1,276.79200000000003,3.8266000000000018,2,1,24.06,3,True
CHEMBL5437872,Cc1[nH]c(C(=O)Nc2ccccc2OCc2cccc(C(=O)O)c2)c(Cl)c1Cl,LEISHMANIASIS,4.537602002101044,DNA topoisomerase,<rdkit.Chem.rdchem.Mol object at 0x0000021ACD7BCDD0>,[0 0 0 ... 0 0 0],O=C(Nc1ccccc1OCc1ccccc1)c1ccc[nH]1,419.2640000000001,5.159420000000003,3,3,91.42,6,False
CHEMBL1484992,COC(=O)c1ccc(C(=O)N2CCCC(Nc3ccc(C(C)C)cc3)C2)nc1,LEISHMANIASIS,4.747146969020107,Cysteine protease,<rdkit.Chem.rdchem.Mol object at 0x0000021ACD7BCD60>,[0 1 0 ... 0 0 0],O=C(c1ccccn1)N1CCCC(Nc2ccccc2)C1,381.4760000000001,3.708300000000003,1,5,71.53,5,True
CHEMBL1486981,O=C(CCCN1C(=O)/C(=C/c2ccccc2Cl)SC1=S)NNC(=O)c1ccccc1,LEISHMANIASIS,4.779891911959945,Cysteine protease,<rdkit.Chem.rdchem.Mol object at 0x0000021ACD7BCCF0>,[0 0 0 ... 1 0 0],O=C(CCCN1C(=O)C(=Cc2ccccc2)SC1=S)NNC(=O)c1ccccc1,459.98000000000013,3.782600000000002,2,5,78.51,6,True
CHEMBL5314933,Cn1cncc1-c1c(F)cncc1NC(=O)c1c(N)nn2cc(F)cnc12,LEISHMANIASIS,7.198970004336019,DNA topoisomerase,<rdkit.Chem.rdchem.Mol object at 0x0000021ACD7BCC80>,[0 0 0 ... 0 0 0],O=C(Nc1cnccc1-c1cnc[nH]1)c1cnn2cccnc12,370.3230000000001,1.6374999999999997,2,8,116.02,3,True
CHEMBL5315124,C[C@H]1COc2c(N3CCN(C)CC3)c(F)cc3c(=O)c(C(=O)O)cn1c23.C[C@H]1COc2c(N3CCN(C)CC3)c(F)cc3c(=O)c(C(=O)O)cn1c23.O,LEISHMANIASIS,3.552841968657781,DNA topoisomerase,<rdkit.Chem.rdchem.Mol object at 0x0000021ACD7BCC10>,[0 0 0 ... 1 0 0],O=c1ccn2c3c(c(N4CCNCC4)ccc13)OCC2.O=c1ccn2c3c(c(N4CCNCC4)ccc13)OCC2,740.7610000000001,2.263300000000001,2,12,181.51999999999998,4,False
CHEMBL1487870,CC(/C=C1\SC(=S)N(CCCC(=O)Nc2ccc(C(=O)O)cc2)C1=O)=C\c1ccccc1,LEISHMANIASIS,5.164309428507575,Cysteine protease,<rdkit.Chem.rdchem.Mol object at 0x0000021ACD7BCBA0>,[0 0 0 ... 1 0 0],O=C(CCCN1C(=O)C(=CC=Cc2ccccc2)SC1=S)Nc1ccccc1,466.5840000000002,4.951200000000004,2,5,86.71000000000001,8,True
CHEMBL5437744,O=C(O)c1ccc(CCNC(=O)c2cc(O)ccc2NC(=O)c2cc(Br)c(Br)[nH]2)cc1,LEISHMANIASIS,4.657577319177793,DNA topoisomerase,<rdkit.Chem.rdchem.Mol object at 0x0000021ACD7BCB30>,[0 0 0 ... 0 0 0],O=C(Nc1ccccc1C(=O)NCCc1ccccc1)c1ccc[nH]1,551.1910000000001,4.168300000000001,5,4,131.52,7,False
CHEMBL5438988,COc1ccc(NC(=O)c2cc(Br)c(Br)[nH]2)c(C(=O)NCc2ccc(C(=O)O)cc2)c1,LEISHMANIASIS,4.4089353929735005,DNA topoisomerase,<rdkit.Chem.rdchem.Mol object at 0x0000021ACD7BCAC0>,[0 0 0 ... 0 0 0],O=C(Nc1ccccc1C(=O)NCc1ccccc1)c1ccc[nH]1,551.1910000000003,4.4288000000000025,4,4,120.52,7,False
CHEMBL5314360,CCN1C[C@]2(COC)[C@H](O)C[C@H](OC)[C@@]34[C@@H]5C[C@@]6(O)[C@H](OC(=O)c7ccccc7)[C@@H]5[C@@](OC(C)=O)([C@@H]([C@H](OC)[C@H]23)[C@@H]14)[C@@H](O)[C@@H]6OC,LEISHMANIASIS,6.3979400086720375,DNA topoisomerase,<rdkit.Chem.rdchem.Mol object at 0x0000021ACD7BCA50>,[0 0 0 ... 0 0 0],O=C(OC1C2CCC3C4CC5C6CCCC5(C(C2)C31)C4NC6)c1ccccc1,645.7460000000003,0.6481000000000035,3,12,153.45000000000002,9,False
CHEMBL1486491,Cc1cccc(N2CCN(C(=O)C3CCN(c4ncnc5c4nc4n5CCCCC4)CC3)CC2C)c1,LEISHMANIASIS,4.815308569182401,Cysteine protease,<rdkit.Chem.rdchem.Mol object at 0x0000021ACD7BC9E0>,[0 0 1 ... 0 0 0],O=C(C1CCN(c2ncnc3c2nc2n3CCCCC2)CC1)N1CCN(c2ccccc2)CC1,487.65200000000044,3.8148200000000028,0,7,70.39000000000001,3,True
CHEMBL5440611,Cc1[nH]c(C(=O)Nc2ccccc2OCc2cccc(C(N)=O)c2)c(Cl)c1Cl,LEISHMANIASIS,4.0,DNA topoisomerase,<rdkit.Chem.rdchem.Mol object at 0x0000021ACD7BC970>,[0 0 0 ... 0 0 0],O=C(Nc1ccccc1OCc1ccccc1)c1ccc[nH]1,418.2800000000002,4.560120000000002,3,3,97.21000000000001,6,True
CHEMBL1441485,Oc1ccc(N=Nc2nc(-c3ccccc3)c(-c3ccccc3)[nH]2)cc1,LEISHMANIASIS,5.039529222465701,Cysteine protease,<rdkit.Chem.rdchem.Mol object at 0x0000021ACD7BC900>,[0 0 0 ... 0 0 0],c1ccc(N=Nc2nc(-c3ccccc3)c(-c3ccccc3)[nH]2)cc1,340.386,5.864700000000004,2,4,73.63,4,False
CHEMBL1485315,CC(=C\c1ccccc1)/C=C1/SC(=S)N(CCCC(=O)O)C1=O,LEISHMANIASIS,4.767003889607846,Cysteine protease,<rdkit.Chem.rdchem.Mol object at 0x0000021ACD7BC890>,[0 0 0 ... 1 0 0],O=C1NC(=S)SC1=CC=Cc1ccccc1,347.4610000000001,3.698900000000002,1,4,57.61000000000001,6,True
CHEMBL1443982,Clc1cccc(Cl)c1CNc1ccc(N2CCCC2)cc1,LEISHMANIASIS,4.924453038607469,Cysteine protease,<rdkit.Chem.rdchem.Mol object at 0x0000021ACD7BC820>,[0 0 0 ... 0 0 0],c1ccc(CNc2ccc(N3CCCC3)cc2)cc1,321.2510000000001,5.205700000000004,1,2,15.27,4,False
CHEMBL1446422,C=CCn1c(SCc2cc(C(C)=O)ccc2OCC)nc2ccccc2c1=O,LEISHMANIASIS,5.292429823902063,Cysteine protease,<rdkit.Chem.rdchem.Mol object at 0x0000021ACD7BC7B0>,[0 0 0 ... 0 0 0],O=c1[nH]c(SCc2ccccc2)nc2ccccc12,394.49600000000015,4.476100000000004,0,6,61.190000000000005,8,True
CHEMBL5564484,CCNC(=S)NNC(=O)c1cc2c([nH]c3ccccc32)c(-c2cccc(O)c2)n1,LEISHMANIASIS,4.548213564475709,DNA topoisomerase,<rdkit.Chem.rdchem.Mol object at 0x0000021ACD7BC740>,[0 0 0 ... 0 0 0],c1ccc(-c2nccc3c2[nH]c2ccccc23)cc1,405.4830000000001,3.217500000000001,5,4,102.07,3,True
CHEMBL1458390,COc1ccc(-c2ccc(C#N)c(SCC(=O)Nc3sc4c(c3C#N)CCC4)n2)cc1OC,LEISHMANIASIS,5.26440110030182,Cysteine protease,<rdkit.Chem.rdchem.Mol object at 0x0000021ACD7BC6D0>,[0 0 0 ... 0 0 0],O=C(CSc1cccc(-c2ccccc2)n1)Nc1cc2c(s1)CCC2,476.58300000000025,4.790160000000005,1,8,108.03,7,True
CHEMBL1460092,O=C(O)C(c1ccccc1)N1C(=O)/C(=C\c2ccc(-c3cccc(Cl)c3)o2)SC1=S,LEISHMANIASIS,5.355561410532162,Cysteine protease,<rdkit.Chem.rdchem.Mol object at 0x0000021ACD7BC660>,[0 1 0 ... 0 0 0],O=C1C(=Cc2ccc(-c3ccccc3)o2)SC(=S)N1Cc1ccccc1,455.94400000000013,5.627100000000003,1,5,70.75,5,False
CHEMBL1441848,CCc1nnc(NS(=O)(=O)c2ccc(N/C=C\C(=O)c3ccc4ccccc4c3)cc2)s1,LEISHMANIASIS,4.954677021213342,Cysteine protease,<rdkit.Chem.rdchem.Mol object at 0x0000021ACD7BC5F0>,[0 0 0 ... 0 0 0],O=C(C=CNc1ccc(S(=O)(=O)Nc2nncs2)cc1)c1ccc2ccccc2c1,464.5720000000002,4.863000000000004,2,7,101.05000000000001,8,True
CHEMBL1442995,CCC(C)N(C(=O)COc1ccc(Br)cc1C=O)C1CCS(=O)(=O)C1,LEISHMANIASIS,4.995678626217358,Cysteine protease,<rdkit.Chem.rdchem.Mol object at 0x0000021ACD7BC580>,[0 1 0 ... 0 0 0],O=C(COc1ccccc1)NC1CCS(=O)(=O)C1,432.33600000000024,2.4546,0,5,80.75,7,True
CHEMBL1463659,Cn1nc(-c2ccccn2)nc2c(=O)n(C)c(=O)nc1-2,LEISHMANIASIS,5.684029654543083,Cysteine protease,<rdkit.Chem.rdchem.Mol object at 0x0000021ACD7BC510>,[0 0 0 ... 0 0 0],O=c1nc2[nH]nc(-c3ccccn3)nc-2c(=O)[nH]1,270.25199999999995,-0.5642,0,8,95.55999999999999,1,True
CHEMBL1479309,Cc1cc(C)c(CN2CCC(Oc3ccc(C(=O)N4CCCC4)cc3)CC2)cc1C,LEISHMANIASIS,4.798602875679548,Cysteine protease,<rdkit.Chem.rdchem.Mol object at 0x0000021ACD7BC4A0>,[0 0 0 ... 0 0 0],O=C(c1ccc(OC2CCN(Cc3ccccc3)CC2)cc1)N1CCCC1,406.57000000000033,4.891260000000005,0,3,32.78,5,True
CHEMBL1520133,CN(c1ccccc1)c1ccc(/C=C(\CCC(=O)O)c2nc3ccccc3s2)cc1[N+](=O)[O-],LEISHMANIASIS,5.3655227298392685,Cysteine protease,<rdkit.Chem.rdchem.Mol object at 0x0000021ACD7BC430>,[0 0 0 ... 0 0 0],C(=Cc1nc2ccccc2s1)c1ccc(Nc2ccccc2)cc1,459.5270000000001,6.377800000000004,1,6,96.57000000000001,8,False
CHEMBL1477862,CC(C)c1ccc(NC2CCCN(C(=O)c3[nH]nc4c3CCC4)C2)cc1,LEISHMANIASIS,4.928117992693875,Cysteine protease,<rdkit.Chem.rdchem.Mol object at 0x0000021ACD7BC3C0>,[0 1 0 ... 0 0 0],O=C(c1[nH]nc2c1CCC2)N1CCCC(Nc2ccccc2)C1,352.48200000000014,3.738500000000003,2,3,61.02,4,True
CHEMBL1478848,Cc1ccc(C(=O)NC(=S)Nc2ccccc2C(F)(F)F)cc1C,LEISHMANIASIS,4.835647144215563,Cysteine protease,<rdkit.Chem.rdchem.Mol object at 0x0000021ACD7BC350>,[0 0 0 ... 0 0 0],O=C(NC(=S)Nc1ccccc1)c1ccccc1,352.3810000000001,4.449040000000003,2,2,41.13,2,True
CHEMBL1480968,Cc1sc2nc(C(C)C)nc(SCC(=O)NCc3ccco3)c2c1C,LEISHMANIASIS,4.954677021213342,Cysteine protease,<rdkit.Chem.rdchem.Mol object at 0x0000021ACD7BC2E0>,[0 1 0 ... 0 0 0],O=C(CSc1ncnc2sccc12)NCc1ccco1,375.5190000000002,4.433040000000004,1,6,68.02000000000001,6,True
CHEMBL5743174,CN1CCN(C(=O)C2CCN(c3c(F)cncc3NC(=O)c3c(N)nn4cc(F)cnc34)CC2)CC1,LEISHMANIASIS,7.198970004336019,DNA topoisomerase,<rdkit.Chem.rdchem.Mol object at 0x0000021ACD7BC270>,[0 0 0 ... 0 0 0],O=C(Nc1cnccc1N1CCC(C(=O)N2CCNCC2)CC1)c1cnn2cccnc12,499.5260000000003,1.2274,2,9,124.99,4,True
CHEMBL5745750,Nc1nn2cc(F)cnc2c1C(=O)Nc1cncc(F)c1N1CCN(C2COC2)CC1,LEISHMANIASIS,7.198970004336019,DNA topoisomerase,<rdkit.Chem.rdchem.Mol object at 0x0000021ACD7BC200>,[0 0 0 ... 0 0 0],O=C(Nc1cnccc1N1CCN(C2COC2)CC1)c1cnn2cccnc12,430.4190000000003,0.7577999999999996,2,9,113.91,4,True
CHEMBL1481493,Cc1ccccc1NC(=O)CN1C(=O)S/C(=C\c2ccc(-c3cc(C(=O)O)ccc3C)o2)C1=O,LEISHMANIASIS,5.688246138944246,Cysteine protease,<rdkit.Chem.rdchem.Mol object at 0x0000021ACD7BC190>,[0 0 0 ... 0 0 0],O=C(CN1C(=O)SC(=Cc2ccc(-c3ccccc3)o2)C1=O)Nc1ccccc1,476.5100000000003,4.936640000000004,2,6,116.92000000000002,6,True
CHEMBL1496397,Cc1sc2nc(C3CCCCC3)nc(SCC(=O)N3CC(=O)Nc4ccccc43)c2c1C,LEISHMANIASIS,6.5003129173815966,Cysteine protease,<rdkit.Chem.rdchem.Mol object at 0x0000021ACD7BC120>,[0 0 1 ... 0 0 0],O=C1CN(C(=O)CSc2nc(C3CCCCC3)nc3sccc23)c2ccccc2N1,466.6320000000002,5.433240000000004,1,6,75.19,4,False
CHEMBL1490712,O=C(Cn1cccc1C(=O)c1ccccc1)NCCC1=CCCCC1,LEISHMANIASIS,4.696803942579511,Cysteine protease,<rdkit.Chem.rdchem.Mol object at 0x0000021ACD7BC0B0>,[0 0 0 ... 0 0 0],O=C(Cn1cccc1C(=O)c1ccccc1)NCCC1=CCCCC1,336.4350000000002,3.725800000000003,1,3,51.1,7,True
CHEMBL1497153,O=C(O)c1[nH]c2ccccc2c1C(c1cc(Cl)cc([N+](=O)[O-])c1O)c1c(C(=O)O)[nH]c2ccccc12,LEISHMANIASIS,5.460923901207224,Cysteine protease,<rdkit.Chem.rdchem.Mol object at 0x0000021ACD7BC040>,[0 1 0 ... 0 0 0],c1ccc(C(c2c[nH]c3ccccc23)c2c[nH]c3ccccc23)cc1,505.87000000000023,5.493000000000004,5,5,169.54999999999998,6,False
CHEMBL1493277,CC(Sc1ccc(Cl)cc1)C(=O)Nc1ccccc1-c1ccccc1,LEISHMANIASIS,4.303643611266668,Cysteine protease,<rdkit.Chem.rdchem.Mol object at 0x0000021ACD7BBF40>,[0 1 0 ... 0 0 0],O=C(CSc1ccccc1)Nc1ccccc1-c1ccccc1,367.90100000000007,6.126300000000005,1,2,29.1,5,False
CHEMBL1494802,O=C(Nc1cccc(Cl)c1N1CCCC1)c1cccc(-c2cc3ccccc3oc2=O)c1,LEISHMANIASIS,6.060480747381382,Cysteine protease,<rdkit.Chem.rdchem.Mol object at 0x0000021ACD7BBED0>,[0 0 0 ... 0 0 0],O=C(Nc1ccccc1N1CCCC1)c1cccc(-c2cc3ccccc3oc2=O)c1,444.9180000000001,5.965900000000005,1,4,62.550000000000004,4,False
CHEMBL1498006,CC(C)(C)C(=O)Nc1nnc(CSCc2ccccc2F)s1,LEISHMANIASIS,5.052566278112949,Cysteine protease,<rdkit.Chem.rdchem.Mol object at 0x0000021ACD7BBE60>,[0 0 0 ... 0 0 0],c1ccc(CSCc2nncs2)cc1,339.461,4.095200000000003,1,5,54.88,5,True
CHEMBL1497428,O=C(c1ccc(-n2c(SCc3cc(F)ccc3F)nc3ccccc3c2=O)cc1)N1CCOCC1,LEISHMANIASIS,5.060480747381382,Cysteine protease,<rdkit.Chem.rdchem.Mol object at 0x0000021ACD7BBDF0>,[0 0 0 ... 0 0 0],O=C(c1ccc(-n2c(SCc3ccccc3)nc3ccccc3c2=O)cc1)N1CCOCC1,493.5350000000003,4.428600000000005,0,6,64.43,5,True
CHEMBL1479888,O=C(O)CCn1cc(/C=C\C(=O)c2ccc(Cl)cc2)c(-c2cccc(Br)c2)n1,LEISHMANIASIS,4.804100347590766,Cysteine protease,<rdkit.Chem.rdchem.Mol object at 0x0000021ACD7BBD80>,[0 0 0 ... 0 0 0],O=C(C=Cc1c[nH]nc1-c1ccccc1)c1ccccc1,459.7270000000001,5.336800000000003,1,4,72.19,7,False
CHEMBL1497387,Cc1ccc(CN2C3CCCC2CC(N=C(S)NCc2ccccc2)C3)cc1,LEISHMANIASIS,4.806875401645539,Cysteine protease,<rdkit.Chem.rdchem.Mol object at 0x0000021ACD7BBD10>,[0 0 0 ... 0 0 0],C(=NC1CC2CCCC(C1)N2Cc1ccccc1)NCc1ccccc1,393.60000000000014,4.956120000000005,2,2,27.63,5,True
CHEMBL1505219,O=S(=O)(Nc1nc2ccccc2nc1N1CCc2ccccc2C1)c1ccc(Cl)cc1,LEISHMANIASIS,5.037157318798758,Cysteine protease,<rdkit.Chem.rdchem.Mol object at 0x0000021ACD7BBCA0>,[0 0 0 ... 0 0 0],O=S(=O)(Nc1nc2ccccc2nc1N1CCc2ccccc2C1)c1ccccc1,450.95100000000014,4.646700000000004,1,5,75.19,4,True
CHEMBL1500909,O=c1oc(-c2ccccc2)nc2sc3c(c12)CCC3,LEISHMANIASIS,5.247951552180561,Cysteine protease,<rdkit.Chem.rdchem.Mol object at 0x0000021ACD7BBC30>,[0 0 0 ... 0 0 0],O=c1oc(-c2ccccc2)nc2sc3c(c12)CCC3,269.325,3.4052000000000024,0,4,43.1,1,True
CHEMBL1503919,Cc1ccccc1NC(=O)/C(=C/c1ccccc1)c1ccccc1,LEISHMANIASIS,4.966576244513051,Cysteine protease,<rdkit.Chem.rdchem.Mol object at 0x0000021ACD7BBBC0>,[0 0 0 ... 0 0 0],O=C(Nc1ccccc1)C(=Cc1ccccc1)c1ccccc1,313.40000000000003,5.174320000000004,1,1,29.1,4,False
CHEMBL5549803,Cc1ccc(NC(=S)NNC(=O)c2cc3c([nH]c4ccccc43)c(-c3cccc(O)c3)n2)cc1,LEISHMANIASIS,4.55129368009492,DNA topoisomerase,<rdkit.Chem.rdchem.Mol object at 0x0000021ACD7BBB50>,[0 0 0 ... 0 0 0],O=C(NNC(=S)Nc1ccccc1)c1cc2c([nH]c3ccccc32)c(-c2ccccc2)n1,467.5540000000002,5.028520000000004,5,4,102.07,3,False
CHEMBL1503793,CC(C(=O)Nc1ccc(C(=O)O)c(O)c1)N1C(=O)/C(=C\c2ccco2)SC1=S,LEISHMANIASIS,4.958607314841775,Cysteine protease,<rdkit.Chem.rdchem.Mol object at 0x0000021ACD7BBAE0>,[0 1 0 ... 0 0 0],O=C(CN1C(=O)C(=Cc2ccco2)SC1=S)Nc1ccccc1,418.4520000000001,2.9118000000000013,3,7,120.08,5,True
CHEMBL1506013,O=C1Nc2cc(Cl)c(Cl)cc2N(O)N1c1cc(Cl)cc(Cl)c1,LEISHMANIASIS,4.838631997765025,Cysteine protease,<rdkit.Chem.rdchem.Mol object at 0x0000021ACD7BBA70>,[0 0 0 ... 0 0 0],O=C1Nc2ccccc2NN1c1ccccc1,379.0300000000001,5.462900000000001,2,3,55.81000000000001,1,False
CHEMBL1501247,CCOc1cc(/C=C2/SC(=O)N(CC(=O)N3CCc4ccccc4C3)C2=O)ccc1OCC(=O)O,LEISHMANIASIS,4.823908740944319,Cysteine protease,<rdkit.Chem.rdchem.Mol object at 0x0000021ACD7BBA00>,[0 0 0 ... 0 0 0],O=C(CN1C(=O)SC(=Cc2ccccc2)C1=O)N1CCc2ccccc2C1,496.5410000000003,3.169900000000002,1,7,113.45,8,True
CHEMBL1505015,COc1ccc(Nc2nc(N)nc(CSC(=S)N3CCOCC3)n2)cc1,LEISHMANIASIS,3.640164517660112,DNA topoisomerase,<rdkit.Chem.rdchem.Mol object at 0x0000021ACD7BB990>,[0 0 0 ... 0 0 0],S=C(SCc1ncnc(Nc2ccccc2)n1)N1CCOCC1,392.5100000000002,2.0563000000000002,2,9,98.42,5,True
CHEMBL1502665,NC(=O)/C(=C\c1ccccc1)NC(=O)/C=C/c1ccccc1,LEISHMANIASIS,4.718966632752273,Cysteine protease,<rdkit.Chem.rdchem.Mol object at 0x0000021ACD7BB920>,[0 0 0 ... 0 0 0],O=C(C=Cc1ccccc1)NC=Cc1ccccc1,292.338,2.3424000000000005,2,2,72.19,5,True
CHEMBL1505993,CC(C)Oc1ccc(C(CC(=O)NCc2ccco2)c2ccccc2)cc1,LEISHMANIASIS,4.785156151952302,Cysteine protease,<rdkit.Chem.rdchem.Mol object at 0x0000021ACD7BB8B0>,[0 1 0 ... 0 0 0],O=C(CC(c1ccccc1)c1ccccc1)NCc1ccco1,363.45700000000005,4.905200000000004,1,3,51.47,8,True
CHEMBL1506609,CN(C)S(=O)(=O)c1ccc2[nH]cc(/C=C/c3nc4ccccc4c(=O)n3-c3ccccc3)c2c1,LEISHMANIASIS,4.730487055782084,Cysteine protease,<rdkit.Chem.rdchem.Mol object at 0x0000021ACD7BB840>,[0 0 0 ... 0 0 0],O=c1c2ccccc2nc(C=Cc2c[nH]c3ccccc23)n1-c1ccccc1,470.5540000000002,4.287700000000004,1,5,88.06,5,True
CHEMBL1510714,COc1cc(OC)cc(-c2nc3ccccc3c(=O)n2OC(=O)c2ccc(Br)cc2)c1,LEISHMANIASIS,5.600326278518962,Cysteine protease,<rdkit.Chem.rdchem.Mol object at 0x0000021ACD7BB7D0>,[0 0 0 ... 0 0 0],O=C(On1c(-c2ccccc2)nc2ccccc2c1=O)c1ccccc1,481.30200000000013,4.112200000000003,0,7,79.65,5,True
CHEMBL1511348,COCCNC(=O)/C(C#N)=C/c1c(N2CCN(c3ccccc3)CC2)nc2c(C)cccn2c1=O,LEISHMANIASIS,4.832682665251824,Cysteine protease,<rdkit.Chem.rdchem.Mol object at 0x0000021ACD7BB760>,[0 0 0 ... 0 0 0],O=c1cc(N2CCN(c3ccccc3)CC2)nc2ccccn12,472.5490000000002,1.9990999999999997,1,8,102.97,7,True
CHEMBL1540038,COc1ccc(-c2[nH]nc(C(F)(F)F)c2-c2cc3ccccc3o2)c(O)c1,LEISHMANIASIS,5.025949097207122,Cysteine protease,<rdkit.Chem.rdchem.Mol object at 0x0000021ACD7BB6F0>,[0 0 0 ... 0 0 0],c1ccc(-c2[nH]ncc2-c2cc3ccccc3o2)cc1,374.31800000000004,5.2229000000000045,2,4,71.28,3,False
CHEMBL1537344,CN(C)[C@@H]1C(=O)C(C(N)=O)=C(O)[C@@]2(O)C(O)=C3C(=O)c4c(O)ccc(Cl)c4[C@@](C)(O)C3C[C@@H]12.Cl,LEISHMANIASIS,5.211831628858833,Cysteine protease,<rdkit.Chem.rdchem.Mol object at 0x0000021ACD7BB680>,[0 0 0 ... 0 0 0],O=C1C=CC2C=C3C(=O)c4ccccc4CC3CC2C1,515.3460000000002,0.8608000000000005,6,9,181.61999999999998,2,False
CHEMBL1539918,CC1CC(C)CN(C(=O)C2CCN(S(=O)(=O)c3ccc4c(c3)CC(C)N4C(=O)C3CC3)CC2)C1,LEISHMANIASIS,4.838631997765025,Cysteine protease,<rdkit.Chem.rdchem.Mol object at 0x0000021ACD7BB610>,[0 0 0 ... 0 0 0],O=C(C1CCN(S(=O)(=O)c2ccc3c(c2)CCN3C(=O)C2CC2)CC1)N1CCCCC1,487.6660000000004,3.2794000000000016,0,4,78.0,4,True
CHEMBL1540150,CCOc1ccc(C(=O)Nc2cnn(Cc3ccc(Cl)c(Cl)c3)c2)cc1,LEISHMANIASIS,4.166852888087215,Cysteine protease,<rdkit.Chem.rdchem.Mol object at 0x0000021ACD7BB5A0>,[0 0 0 ... 0 0 0],O=C(Nc1cnn(Cc2ccccc2)c1)c1ccccc1,390.2700000000001,4.889200000000004,1,4,56.15,6,True
CHEMBL1533308,CC(C)C(Sc1nc(-c2ccccc2)cc(-c2ccccc2)c1C#N)C(=O)O,LEISHMANIASIS,4.94692155651658,Cysteine protease,<rdkit.Chem.rdchem.Mol object at 0x0000021ACD7BB530>,[0 1 0 ... 0 0 0],c1ccc(-c2ccnc(-c3ccccc3)c2)cc1,388.49200000000013,5.488580000000004,1,4,73.98,6,False
CHEMBL1538079,COc1ccc(C(C)=O)cc1CSc1nc2ccccc2c(=O)n1-c1cccc(C)c1,LEISHMANIASIS,6.29929628285498,Cysteine protease,<rdkit.Chem.rdchem.Mol object at 0x0000021ACD7BB4C0>,[0 0 0 ... 0 0 0],O=c1c2ccccc2nc(SCc2ccccc2)n1-c1ccccc1,430.52900000000017,5.197620000000004,0,6,61.19,6,False
CHEMBL5840966,CN1CCN(S(=O)(=O)C2CCN(c3c(F)cncc3NC(=O)c3c(N)nn4cc(F)cnc34)CC2)CC1,LEISHMANIASIS,7.198970004336019,DNA topoisomerase,<rdkit.Chem.rdchem.Mol object at 0x0000021ACD7BB450>,[0 0 0 ... 0 0 0],O=C(Nc1cnccc1N1CCC(S(=O)(=O)N2CCNCC2)CC1)c1cnn2cccnc12,535.5810000000001,0.7829999999999999,2,10,142.06,5,False
CHEMBL1525161,CC(C)(C)c1ccc2c(c1)C(=O)c1ccccc1C2=O,LEISHMANIASIS,5.023650020996727,Cysteine protease,<rdkit.Chem.rdchem.Mol object at 0x0000021ACD7BB3E0>,[0 1 0 ... 0 0 0],O=C1c2ccccc2C(=O)c2ccccc21,264.324,3.7595000000000027,0,2,34.14,0,True
CHEMBL1528102,O=C(CSc1nnc(COc2ccc(Cl)cc2)n1Cc1ccco1)c1ccccc1F,LEISHMANIASIS,5.627087997029894,Cysteine protease,<rdkit.Chem.rdchem.Mol object at 0x0000021ACD7BB370>,[0 0 0 ... 0 0 0],O=C(CSc1nnc(COc2ccccc2)n1Cc1ccco1)c1ccccc1,457.91400000000016,5.265900000000004,0,7,70.15,9,False
CHEMBL5874726,Nc1nn2cc(F)cnc2c1C(=O)Nc1cncc(F)c1N1CCC(C(=O)N2CCNCC2)CC1,LEISHMANIASIS,7.198970004336019,DNA topoisomerase,<rdkit.Chem.rdchem.Mol object at 0x0000021ACD7BB300>,[0 0 0 ... 0 0 0],O=C(Nc1cnccc1N1CCC(C(=O)N2CCNCC2)CC1)c1cnn2cccnc12,485.4990000000004,0.8851999999999993,3,9,133.77999999999997,4,True
CHEMBL1526958,Cc1onc(-c2ccccc2)c1CNC(=O)Nc1cccc(Cl)c1,LEISHMANIASIS,4.823908740944319,Cysteine protease,<rdkit.Chem.rdchem.Mol object at 0x0000021ACD7BB290>,[0 0 0 ... 0 0 0],O=C(NCc1conc1-c1ccccc1)Nc1ccccc1,341.798,4.625120000000003,2,3,67.16,4,True
CHEMBL5876246,Nc1nn2cc(Cl)cnc2c1C(=O)Nc1cnccc1N1CCN(C2COC2)CC1,LEISHMANIASIS,7.198970004336019,DNA topoisomerase,<rdkit.Chem.rdchem.Mol object at 0x0000021ACD7BB220>,[0 0 0 ... 0 0 0],O=C(Nc1cnccc1N1CCN(C2COC2)CC1)c1cnn2cccnc12,428.88400000000036,1.1329999999999993,2,9,113.91,4,True
CHEMBL1523011,COc1ccc(/C=C2\CCc3ccccc3C2=O)c(OC)c1OC,LEISHMANIASIS,4.413412695328245,Cysteine protease,<rdkit.Chem.rdchem.Mol object at 0x0000021ACD7BB1B0>,[0 0 0 ... 0 0 0],O=C1C(=Cc2ccccc2)CCc2ccccc21,324.3760000000001,3.9249000000000027,0,4,44.760000000000005,4,True
CHEMBL1523577,Cc1ccc(N2C(=O)/C(=C\Nc3ccccc3-c3nnc(S)nc3O)c3ccccc3C2=O)c(C)c1,LEISHMANIASIS,4.853871964321762,Cysteine protease,<rdkit.Chem.rdchem.Mol object at 0x0000021ACD7BB140>,[0 0 0 ... 0 0 0],O=C1C(=CNc2ccccc2-c2cncnn2)c2ccccc2C(=O)N1c1ccccc1,495.56400000000025,4.789740000000004,3,8,108.31,4,True
CHEMBL1521940,O=C(NCc1cccc(C(F)(F)F)c1)N1CCN(S(=O)(=O)c2ccccc2F)CC1,LEISHMANIASIS,4.903089986991944,Cysteine protease,<rdkit.Chem.rdchem.Mol object at 0x0000021ACD7BB0D0>,[0 0 0 ... 0 0 0],O=C(NCc1ccccc1)N1CCN(S(=O)(=O)c2ccccc2)CC1,445.4380000000001,3.0606000000000018,1,3,69.72,4,True
CHEMBL5903432,Nc1nn2cc(F)cnc2c1C(=O)Nc1cncc(F)c1N1CCC(C(=O)N2CCN3CCC2CC3)CC1,LEISHMANIASIS,7.698970004336019,DNA topoisomerase,<rdkit.Chem.rdchem.Mol object at 0x0000021ACD7BB060>,[0 0 0 ... 0 0 0],O=C(Nc1cnccc1N1CCC(C(=O)N2CCN3CCC2CC3)CC1)c1cnn2cccnc12,525.5640000000004,1.7599999999999998,2,9,124.98999999999998,4,False
CHEMBL1518580,CN(C)c1cccc(C(=O)n2cc(C(=O)c3cc(F)ccc3O)cn2)c1,LEISHMANIASIS,5.11975822410452,Cysteine protease,<rdkit.Chem.rdchem.Mol object at 0x0000021ACD7BAFF0>,[0 0 0 ... 0 0 0],O=C(c1ccccc1)c1cnn(C(=O)c2ccccc2)c1,353.353,2.7133000000000003,1,6,75.43,4,True
CHEMBL1520424,Cc1noc(C)c1CSc1nc2ccccc2c(=O)n1-c1ccccc1,LEISHMANIASIS,4.716698771296451,Cysteine protease,<rdkit.Chem.rdchem.Mol object at 0x0000021ACD7BAF80>,[0 0 0 ... 0 0 0],O=c1c2ccccc2nc(SCc2cnoc2)n1-c1ccccc1,363.4420000000001,4.282840000000003,0,6,60.92,4,True
CHEMBL1521669,COc1ccc(/C=C2/SC(=O)N(CCCCCC(=O)Nc3ccccc3C(=O)O)C2=S)cc1,LEISHMANIASIS,4.838631997765025,Cysteine protease,<rdkit.Chem.rdchem.Mol object at 0x0000021ACD7BAF10>,[0 0 0 ... 0 0 0],O=C(CCCCCN1C(=O)SC(=Cc2ccccc2)C1=S)Nc1ccccc1,484.5990000000001,5.429600000000004,2,6,95.94000000000001,10,False
CHEMBL1520654,Cc1ccc(-c2cc(C(=O)N3CCc4ccccc4C3)no2)cc1,LEISHMANIASIS,4.876148359032914,Cysteine protease,<rdkit.Chem.rdchem.Mol object at 0x0000021ACD7BAEA0>,[0 0 0 ... 0 0 0],O=C(c1cc(-c2ccccc2)on1)N1CCc2ccccc2C1,318.37600000000003,3.8485200000000024,0,3,46.34,2,True
CHEMBL1518606,Nc1nn(-c2ccccc2)c(N)c1N=Nc1ccccc1,LEISHMANIASIS,4.924453038607469,Cysteine protease,<rdkit.Chem.rdchem.Mol object at 0x0000021ACD7BAE30>,[0 0 0 ... 0 0 0],c1ccc(N=Nc2cnn(-c3ccccc3)c2)cc1,278.31899999999996,3.4521000000000015,2,6,94.58,3,True
CHEMBL5920711,CN1CCN(C(=O)c2ccc(-c3c(F)cncc3NC(=O)c3c(N)nn4cc(F)cnc34)cc2)CC1,LEISHMANIASIS,7.198970004336019,DNA topoisomerase,<rdkit.Chem.rdchem.Mol object at 0x0000021ACD7BADC0>,[0 0 0 ... 0 0 0],O=C(Nc1cnccc1-c1ccc(C(=O)N2CCNCC2)cc1)c1cnn2cccnc12,492.49000000000024,2.2916,2,8,121.74999999999999,4,True
CHEMBL1523232,Cc1cccc(N=C(S)Nc2ccc(Oc3ccccc3)cc2)n1,LEISHMANIASIS,4.647817481888637,Cysteine protease,<rdkit.Chem.rdchem.Mol object at 0x0000021ACD7BAD50>,[0 0 0 ... 0 0 0],C(=Nc1ccccn1)Nc1ccc(Oc2ccccc2)cc1,335.4320000000001,5.211720000000003,2,3,46.510000000000005,4,False
CHEMBL1511427,O=C(Oc1c(-c2ccccc2)c(=O)n2c3c(cccc13)CC2)c1ccc(F)cc1,LEISHMANIASIS,4.85078088734462,Cysteine protease,<rdkit.Chem.rdchem.Mol object at 0x0000021ACD7BACE0>,[0 0 0 ... 0 0 0],O=C(Oc1c(-c2ccccc2)c(=O)n2c3c(cccc13)CC2)c1ccccc1,385.3940000000001,4.582900000000003,0,4,48.300000000000004,3,True
CHEMBL1559660,CSc1nnc2nc3c(c(O)n12)C1(CCCCC1)Cc1ccccc1-3,LEISHMANIASIS,5.149353764816934,Cysteine protease,<rdkit.Chem.rdchem.Mol object at 0x0000021ACD7BAC70>,[0 0 1 ... 0 0 0],c1ccc2c(c1)CC1(CCCCC1)c1cn3cnnc3nc1-2,352.4630000000001,3.9768000000000026,1,6,63.31,1,True
CHEMBL5930297,Cc1nnccc1-c1ccncc1NC(=O)c1c(N)nn2cc(F)cnc12,LEISHMANIASIS,7.198970004336019,DNA topoisomerase,<rdkit.Chem.rdchem.Mol object at 0x0000021ACD7BAC00>,[0 0 0 ... 0 0 0],O=C(Nc1cnccc1-c1ccnnc1)c1cnn2cccnc12,364.34400000000005,1.8633199999999996,2,8,123.98,3,True
CHEMBL1564133,CCOc1ccc(C(=O)C2CCN(CC(=O)Nc3ccccc3N3CCOCC3)CC2)cc1,LEISHMANIASIS,4.87942606879415,Cysteine protease,<rdkit.Chem.rdchem.Mol object at 0x0000021ACD7BAB90>,[0 0 0 ... 0 0 0],O=C(CN1CCC(C(=O)c2ccccc2)CC1)Nc1ccccc1N1CCOCC1,451.5670000000003,3.455300000000002,1,6,71.11,8,True
CHEMBL1564057,COC(=O)c1sc(N(C)C)c(C#N)c1-c1ccccc1,LEISHMANIASIS,4.906578314837765,Cysteine protease,<rdkit.Chem.rdchem.Mol object at 0x0000021ACD7BAB20>,[0 0 0 ... 0 0 0],c1ccc(-c2ccsc2)cc1,286.356,3.139380000000002,0,5,53.33,3,True
CHEMBL5952674,CN1CCN(C(=O)c2ccc(-c3ccncc3NC(=O)c3c(N)nn4cc(F)cnc34)cc2)CC1,LEISHMANIASIS,7.198970004336019,DNA topoisomerase,<rdkit.Chem.rdchem.Mol object at 0x0000021ACD7BAAB0>,[0 0 0 ... 0 0 0],O=C(Nc1cnccc1-c1ccc(C(=O)N2CCNCC2)cc1)c1cnn2cccnc12,474.5000000000002,2.1525,2,8,121.74999999999999,4,True
CHEMBL1541554,CC1=Nc2cc(C(=O)NCc3ccco3)ccc2Sc2ccc(C)cc21,LEISHMANIASIS,4.110698297493689,Cysteine protease,<rdkit.Chem.rdchem.Mol object at 0x0000021ACD7BAA40>,[0 0 0 ... 0 0 0],O=C(NCc1ccco1)c1ccc2c(c1)N=Cc1ccccc1S2,362.45400000000006,5.123320000000004,1,4,54.6,3,False
CHEMBL1562767,O=C(O)c1ccc(C[n+]2c(-c3ccccc3)csc2Nc2ccccc2)cc1.[Br-],LEISHMANIASIS,4.82102305270683,Cysteine protease,<rdkit.Chem.rdchem.Mol object at 0x0000021ACD7BA9D0>,[0 0 0 ... 0 0 0],c1ccc(C[n+]2c(-c3ccccc3)csc2Nc2ccccc2)cc1,467.3880000000001,2.1967,2,3,53.21,6,True
CHEMBL1564502,COc1cnc(SCc2c(Cl)cccc2Cl)nc1Cl,LEISHMANIASIS,5.110138278741812,Cysteine protease,<rdkit.Chem.rdchem.Mol object at 0x0000021ACD7BA960>,[0 0 0 ... 0 0 0],c1ccc(CSc2ncccn2)cc1,335.64300000000003,4.737700000000002,0,4,35.010000000000005,4,True
CHEMBL5967774,COC1CN(C(=O)C2CCN(c3c(F)cncc3NC(=O)c3c(N)nn4cc(F)cnc34)CC2)C1,LEISHMANIASIS,7.198970004336019,DNA topoisomerase,<rdkit.Chem.rdchem.Mol object at 0x0000021ACD7BA8F0>,[0 0 0 ... 0 0 0],O=C(Nc1cnccc1N1CCC(C(=O)N2CCC2)CC1)c1cnn2cccnc12,486.4830000000003,1.3106,2,9,130.98000000000002,5,True
CHEMBL1547641,O=C1NC(=O)/C(=C\c2ccccc2OCc2ccccc2)S1,LEISHMANIASIS,4.97061622231479,Cysteine protease,<rdkit.Chem.rdchem.Mol object at 0x0000021ACD7BA880>,[0 0 0 ... 0 0 0],O=C1NC(=O)C(=Cc2ccccc2OCc2ccccc2)S1,311.36199999999997,3.589500000000002,1,4,55.400000000000006,4,True
CHEMBL5995348,CC(=O)N1CCN(c2c(F)cncc2NC(=O)c2c(N)nn3cc(F)cnc23)CC1,LEISHMANIASIS,7.198970004336019,DNA topoisomerase,<rdkit.Chem.rdchem.Mol object at 0x0000021ACD7BA810>,[0 0 0 ... 0 0 0],O=C(Nc1cnccc1N1CCNCC1)c1cnn2cccnc12,416.3920000000002,0.9054999999999995,2,8,121.75,3,True
CHEMBL1548451,COc1ccc(-c2nnc(CSc3nc4ccccc4c(=O)n3CC(C)C)o2)cc1OC,LEISHMANIASIS,5.206209615309182,Cysteine protease,<rdkit.Chem.rdchem.Mol object at 0x0000021ACD7BA7A0>,[0 1 0 ... 0 0 0],O=c1[nH]c(SCc2nnc(-c3ccccc3)o2)nc2ccccc12,452.5360000000003,4.4120000000000035,0,9,92.27000000000001,8,True
CHEMBL1546793,CCOC(=O)C1CCCN(C(=O)c2ccc3c(=O)n(Cc4ccccc4OC)c(=S)[nH]c3c2)C1,LEISHMANIASIS,4.707743928643524,Cysteine protease,<rdkit.Chem.rdchem.Mol object at 0x0000021ACD7BA730>,[0 0 1 ... 0 0 0],O=C(c1ccc2c(=O)n(Cc3ccccc3)c(=S)[nH]c2c1)N1CCCCC1,481.57400000000024,3.531290000000002,1,7,93.63,6,True
CHEMBL1573569,Cc1cccc2c1N(CCOc1ccc(C(C)(C)C)cc1)C(=O)C2=O,LEISHMANIASIS,5.239577516576788,Cysteine protease,<rdkit.Chem.rdchem.Mol object at 0x0000021ACD7BA6C0>,[0 0 0 ... 0 0 0],O=C1C(=O)N(CCOc2ccccc2)c2ccccc21,337.4190000000001,3.900820000000003,0,3,46.61,4,True
CHEMBL1568915,C/C(=C/CCC(C)[C@H]1CC[C@@]2(C)C3=C(CC[C@]12C)[C@@]1(C)CCC(=O)C(C)(C)[C@@H]1CC3)C(=O)O,LEISHMANIASIS,5.263603497723357,Cysteine protease,<rdkit.Chem.rdchem.Mol object at 0x0000021ACD7BA650>,[0 1 0 ... 0 0 0],O=C1CCC2C3=C(CCC2C1)C1CCCC1CC3,454.6950000000003,7.752000000000008,1,2,54.370000000000005,5,False
CHEMBL1572028,Cc1cc(C=C2C(=O)c3ccccc3C2=O)c(C)n1-c1ccccc1,LEISHMANIASIS,4.958607314841775,Cysteine protease,<rdkit.Chem.rdchem.Mol object at 0x0000021ACD7BA5E0>,[0 1 0 ... 0 0 0],O=C1C(=Cc2ccn(-c3ccccc3)c2)C(=O)c2ccccc21,327.38300000000004,4.556740000000003,0,3,39.07,2,True
CHEMBL1566180,S=C(Nc1ccccc1)NC1CCN(Cc2ccccc2)CC1,LEISHMANIASIS,4.481486060122113,Trypanothione reductase,<rdkit.Chem.rdchem.Mol object at 0x0000021ACD7BA570>,[0 0 0 ... 0 0 0],S=C(Nc1ccccc1)NC1CCN(Cc2ccccc2)CC1,325.48100000000005,3.6376000000000026,2,2,27.299999999999997,4,True
CHEMBL1573487,O=C(NC(=S)NCCC1=CCCCC1)c1ccc(Br)o1,LEISHMANIASIS,4.798602875679548,Cysteine protease,<rdkit.Chem.rdchem.Mol object at 0x0000021ACD7BA500>,[0 0 0 ... 0 0 0],O=C(NC(=S)NCCC1=CCCCC1)c1ccco1,357.27299999999997,3.536900000000002,2,3,54.27,4,True
CHEMBL1569505,O=C(Nc1ccccc1N1CCN(c2ccccc2)CC1)c1ccccc1,LEISHMANIASIS,5.032920265855503,Cysteine protease,<rdkit.Chem.rdchem.Mol object at 0x0000021ACD7BA490>,[0 0 0 ... 0 0 0],O=C(Nc1ccccc1N1CCN(c2ccccc2)CC1)c1ccccc1,357.4570000000001,4.265500000000004,1,3,35.580000000000005,4,True
CHEMBL1568747,Cc1ccc(C(=O)CC(=O)c2cc(Cl)ccc2O)cc1,LEISHMANIASIS,4.954677021213342,Cysteine protease,<rdkit.Chem.rdchem.Mol object at 0x0000021ACD7BA420>,[0 0 0 ... 0 0 0],O=C(CC(=O)c1ccccc1)c1ccccc1,288.73,3.809720000000002,1,3,54.370000000000005,4,True
CHEMBL1569063,Fc1ccc(CCN=C(S)Nc2ccc(F)c(Cl)c2)cc1,LEISHMANIASIS,4.906578314837765,Cysteine protease,<rdkit.Chem.rdchem.Mol object at 0x0000021ACD7BA3B0>,[0 0 0 ... 0 0 0],C(=NCCc1ccccc1)Nc1ccccc1,326.79900000000004,4.558600000000002,2,1,24.39,4,True
CHEMBL1566994,COc1cc(NS(=O)(=O)c2ccc(NC(=S)NC(=O)/C=C/c3ccco3)cc2)ncn1,LEISHMANIASIS,5.221848749616356,Cysteine protease,<rdkit.Chem.rdchem.Mol object at 0x0000021ACD7BA340>,[0 0 0 ... 0 0 0],O=C(C=Cc1ccco1)NC(=S)Nc1ccc(S(=O)(=O)Nc2ccncn2)cc1,459.5090000000001,2.4054,3,8,135.45,7,True
CHEMBL1566254,COC(=O)/C=C1\SC(Nc2ccc(Cl)c(Cl)c2)=NC1=O,LEISHMANIASIS,4.772113295386326,Cysteine protease,<rdkit.Chem.rdchem.Mol object at 0x0000021ACD7BA2D0>,[0 0 0 ... 0 0 0],C=C1SC(Nc2ccccc2)=NC1=O,331.18000000000006,3.0916000000000015,1,5,67.75999999999999,2,True
CHEMBL1571467,Cc1ccc(/C=C2\SC(=S)N(C(Cc3ccccc3)C(=O)O)C2=O)cc1,LEISHMANIASIS,5.039053804266168,Cysteine protease,<rdkit.Chem.rdchem.Mol object at 0x0000021ACD7BA260>,[0 1 0 ... 0 0 0],O=C1C(=Cc2ccccc2)SC(=S)N1CCc1ccccc1,383.49400000000014,3.892120000000002,1,4,57.61000000000001,5,True
CHEMBL1566389,CC1=Nc2ccc(Br)cc2C(c2ccccc2)N1CC(=O)NN,LEISHMANIASIS,4.823908740944319,Trypanothione reductase,<rdkit.Chem.rdchem.Mol object at 0x0000021ACD7BA1F0>,[0 0 0 ... 0 0 0],C1=Nc2ccccc2C(c2ccccc2)N1,373.2540000000001,2.893900000000002,2,4,70.72,3,True
CHEMBL6046159,Nc1nn2cc(F)cnc2c1C(=O)Nc1cnccc1N1CCN(C2COC2)CC1,LEISHMANIASIS,7.198970004336019,DNA topoisomerase,<rdkit.Chem.rdchem.Mol object at 0x0000021ACD7BA180>,[0 0 0 ... 0 0 0],O=C(Nc1cnccc1N1CCN(C2COC2)CC1)c1cnn2cccnc12,412.4290000000003,0.6186999999999996,2,9,113.91,4,True
CHEMBL1560072,CCCC(=O)NC(=S)Nc1cccc(Cl)c1N1CCCCC1,LEISHMANIASIS,5.040481623027001,Cysteine protease,<rdkit.Chem.rdchem.Mol object at 0x0000021ACD7BA110>,[0 0 1 ... 0 0 0],c1ccc(N2CCCCC2)cc1,339.8920000000002,3.9434000000000022,2,3,44.370000000000005,4,True
CHEMBL1558180,CC(=O)Nc1ccc(C(=O)Nc2nc(-c3cc(C)n(Cc4ccccc4)c3C)cs2)cc1,LEISHMANIASIS,4.991399828238082,Cysteine protease,<rdkit.Chem.rdchem.Mol object at 0x0000021ACD7BA0A0>,[0 0 0 ... 0 0 0],O=C(Nc1nc(-c2ccn(Cc3ccccc3)c2)cs1)c1ccccc1,444.5600000000001,5.487440000000005,2,5,76.02000000000001,6,False
CHEMBL1556345,Br.COc1cc(NS(=O)(=O)c2ccc(Nc3nc(-c4cccc([N+](=O)[O-])c4)cs3)cc2)nc(OC)n1,LEISHMANIASIS,4.94692155651658,Cysteine protease,<rdkit.Chem.rdchem.Mol object at 0x0000021ACD7BA030>,[0 0 0 ... 0 0 0],O=S(=O)(Nc1ccncn1)c1ccc(Nc2nc(-c3ccccc3)cs2)cc1,595.4570000000001,4.647800000000003,2,11,158.47000000000003,9,False
CHEMBL1553969,O=C(O)c1cc(-c2ccc(-c3c(-c4ccc5c(c4)OCO5)noc3-c3ccsc3)cc2)nc2ccccc12,LEISHMANIASIS,5.166852888087215,Cysteine protease,<rdkit.Chem.rdchem.Mol object at 0x0000021ACD7B9FC0>,[0 0 0 ... 0 0 0],c1ccc2nc(-c3ccc(-c4c(-c5ccc6c(c5)OCO6)noc4-c4ccsc4)cc3)ccc2c1,518.5500000000002,7.3792000000000035,1,7,94.68,5,False
CHEMBL6059558,Nc1nn2cc(F)cnc2c1C(=O)Nc1cncc(F)c1N1CCNCC1,LEISHMANIASIS,7.198970004336019,DNA topoisomerase,<rdkit.Chem.rdchem.Mol object at 0x0000021ACD7B9F50>,[0 0 0 ... 0 0 0],O=C(Nc1cnccc1N1CCNCC1)c1cnn2cccnc12,374.3550000000002,0.6465999999999996,3,8,113.47,3,True
CHEMBL1561248,Nc1nn(-c2ccccc2)c(N)c1N=Nc1ccc2c(c1)OCO2,LEISHMANIASIS,4.798602875679548,Cysteine protease,<rdkit.Chem.rdchem.Mol object at 0x0000021ACD7B9EE0>,[0 0 0 ... 0 0 0],c1ccc(-n2cc(N=Nc3ccc4c(c3)OCO4)cn2)cc1,322.3280000000001,3.1808000000000005,2,8,113.04,3,True
CHEMBL6063952,Nc1nn2cc(F)cnc2c1C(=O)Nc1cncc(F)c1N1CCC(C(=O)N2CCC3CCC2CN3)CC1,LEISHMANIASIS,6.698970004336019,DNA topoisomerase,<rdkit.Chem.rdchem.Mol object at 0x0000021ACD7B9E70>,[0 0 0 ... 0 0 0],O=C(Nc1cnccc1N1CCC(C(=O)N2CCC3CCC2CN3)CC1)c1cnn2cccnc12,525.5640000000004,1.8062999999999996,3,9,133.77999999999997,4,False
CHEMBL6056667,Nc1nn2cc(F)cnc2c1C(=O)Nc1cncc(F)c1N1CCN2C(=O)CC[C@@H]2C1,LEISHMANIASIS,7.198970004336019,DNA topoisomerase,<rdkit.Chem.rdchem.Mol object at 0x0000021ACD7B9E00>,[0 0 0 ... 0 0 0],O=C(Nc1cnccc1N1CCN2C(=O)CCC2C1)c1cnn2cccnc12,428.4030000000003,1.0479999999999996,2,8,121.75,3,True
CHEMBL1556531,O=C(CN1C(=O)/C(=C/c2ccco2)SC1=S)Nc1ccc(C(=O)O)c(O)c1,LEISHMANIASIS,5.161780778092374,Cysteine protease,<rdkit.Chem.rdchem.Mol object at 0x0000021ACD7B9D90>,[0 0 0 ... 0 0 0],O=C(CN1C(=O)C(=Cc2ccco2)SC1=S)Nc1ccccc1,404.4250000000001,2.5233,3,7,120.08000000000001,5,True
CHEMBL1576198,COc1cccc(-c2nc(SCC(=O)Nc3nc(-c4ccccc4)c(C)s3)nc(O)c2C#N)c1,LEISHMANIASIS,4.826813731587726,Cysteine protease,<rdkit.Chem.rdchem.Mol object at 0x0000021ACD7B9D20>,[0 0 0 ... 0 0 0],O=C(CSc1nccc(-c2ccccc2)n1)Nc1nc(-c2ccccc2)cs1,489.5820000000002,4.892200000000003,2,9,121.02000000000001,7,True
CHEMBL1576175,Cc1ccccc1S(=O)(=O)Nc1nc2ccccc2nc1N1CCc2ccccc2C1,LEISHMANIASIS,4.52432881167557,Cysteine protease,<rdkit.Chem.rdchem.Mol object at 0x0000021ACD7B9CB0>,[0 0 0 ... 0 0 0],O=S(=O)(Nc1nc2ccccc2nc1N1CCc2ccccc2C1)c1ccccc1,430.53300000000024,4.301720000000003,1,5,75.19,4,True
CHEMBL1575914,O=c1c2ccccc2nc(-c2ccoc2)n1CCc1ccccc1,LEISHMANIASIS,4.844663962534939,Cysteine protease,<rdkit.Chem.rdchem.Mol object at 0x0000021ACD7B9C40>,[0 0 0 ... 0 0 0],O=c1c2ccccc2nc(-c2ccoc2)n1CCc1ccccc1,316.35999999999996,3.899200000000002,0,4,48.03,4,True
CHEMBL1601754,Cc1sc(NC(=O)c2ccccc2)c(C(=O)c2ccccc2)c1C,LEISHMANIASIS,4.815308569182401,Cysteine protease,<rdkit.Chem.rdchem.Mol object at 0x0000021ACD7B9BD0>,[0 1 0 ... 0 0 0],O=C(Nc1sccc1C(=O)c1ccccc1)c1ccccc1,335.42800000000005,4.848240000000003,1,3,46.17,4,True
CHEMBL1601426,O=C(NN=C1CCCCCC1)c1cn(-c2ccccc2)nc1-c1ccccc1,LEISHMANIASIS,4.860120913598763,Cysteine protease,<rdkit.Chem.rdchem.Mol object at 0x0000021ACD7B9B60>,[0 0 1 ... 0 0 0],O=C(NN=C1CCCCCC1)c1cn(-c2ccccc2)nc1-c1ccccc1,372.4720000000001,4.979300000000005,1,4,59.28,4,True
CHEMBL1600974,COC(=O)C(C)N(C(=O)c1ccc(C(=O)c2ccccc2)cc1)c1c(C)cccc1C,LEISHMANIASIS,5.009661145212399,Cysteine protease,<rdkit.Chem.rdchem.Mol object at 0x0000021ACD7B9AF0>,[0 1 0 ... 0 0 0],O=C(Nc1ccccc1)c1ccc(C(=O)c2ccccc2)cc1,415.48900000000015,4.742740000000005,0,4,63.68,6,True
CHEMBL1603896,O=C(c1ccc(Cl)c(S(=O)(=O)Nc2ccccc2C(=O)N2CCc3ccccc3C2)c1)N1CCc2ccccc2C1,LEISHMANIASIS,4.806875401645539,Cysteine protease,<rdkit.Chem.rdchem.Mol object at 0x0000021ACD7B9A80>,[0 0 0 ... 0 0 0],O=C(c1cccc(S(=O)(=O)Nc2ccccc2C(=O)N2CCc3ccccc3C2)c1)N1CCc2ccccc2C1,586.1130000000004,5.537800000000004,1,4,86.78999999999999,5,False
CHEMBL1601975,CN(C)Cc1ccc(F)cc1Sc1cc(Cl)ccc1Cl.Cl,LEISHMANIASIS,4.772113295386326,Cysteine protease,<rdkit.Chem.rdchem.Mol object at 0x0000021ACD7B9A10>,[0 0 0 ... 0 0 0],c1ccc(Sc2ccccc2)cc1,366.71599999999995,5.767100000000004,0,2,3.24,4,False
CHEMBL1604142,Cc1ccc(C(=O)Nc2nc(-c3ccco3)c(-c3ccco3)s2)o1,LEISHMANIASIS,5.034798298974088,Cysteine protease,<rdkit.Chem.rdchem.Mol object at 0x0000021ACD7B99A0>,[0 0 0 ... 0 0 0],O=C(Nc1nc(-c2ccco2)c(-c2ccco2)s1)c1ccco1,340.36000000000007,4.8168200000000025,1,6,81.41000000000001,4,True
CHEMBL1597967,CC(C)c1ccccc1OCC(=O)NC1CCCc2ccccc21,LEISHMANIASIS,4.913640169325252,Cysteine protease,<rdkit.Chem.rdchem.Mol object at 0x0000021ACD7B9930>,[0 1 0 ... 0 0 0],O=C(COc1ccccc1)NC1CCCc2ccccc21,323.436,4.382600000000004,1,2,38.33,5,True
CHEMBL1598704,CC(C)c1ccc2nc3sc(C(=O)N4CCc5ccccc5C4)c(N)c3cc2c1,LEISHMANIASIS,5.149966742310231,Cysteine protease,<rdkit.Chem.rdchem.Mol object at 0x0000021ACD7B98C0>,[0 1 0 ... 0 0 0],O=C(c1cc2cc3ccccc3nc2s1)N1CCc2ccccc2C1,401.53500000000014,5.353600000000004,1,4,59.22,2,False
CHEMBL1599509,Fc1ccc(CN=C(S)NCc2ccc(F)cc2)cc1,LEISHMANIASIS,4.910094888560602,Cysteine protease,<rdkit.Chem.rdchem.Mol object at 0x0000021ACD7B9850>,[0 0 0 ... 0 0 0],C(=NCc1ccccc1)NCc1ccccc1,292.35400000000004,3.5404000000000018,2,1,24.39,4,True
CHEMBL1597430,O=C(O)COc1ccccc1C=NNc1ccc([N+](=O)[O-])cc1S(=O)(=O)Nc1ccc(Cl)cc1,LEISHMANIASIS,4.97469413473523,Cysteine protease,<rdkit.Chem.rdchem.Mol object at 0x0000021ACD7B97E0>,[0 0 0 ... 0 0 0],O=S(=O)(Nc1ccccc1)c1ccccc1NN=Cc1ccccc1,504.90800000000024,3.958400000000002,3,8,160.23,10,False
CHEMBL1597544,COc1ccc(Nc2nc(N)nc(CSC(=S)N3CCCCC3)n2)cc1,LEISHMANIASIS,3.0,DNA topoisomerase,<rdkit.Chem.rdchem.Mol object at 0x0000021ACD7B9770>,[0 0 1 ... 0 0 0],S=C(SCc1ncnc(Nc2ccccc2)n1)N1CCCCC1,390.53800000000024,3.2100000000000017,2,8,89.19,5,True
CHEMBL1583199,N#Cc1c(N2CCCC2)nc(N)c2c(N)nc(N3CCCC3)cc12,LEISHMANIASIS,5.785156151952302,Cysteine protease,<rdkit.Chem.rdchem.Mol object at 0x0000021ACD7B9700>,[0 0 0 ... 0 0 0],c1nc(N2CCCC2)cc2cc(N3CCCC3)ncc12,323.40400000000017,1.8662799999999997,2,7,108.08999999999999,2,True
CHEMBL1584985,CCCC1=Nc2cc(C(=O)NCCCOCC)ccc2Sc2ccccc21,LEISHMANIASIS,4.309803919971486,Cysteine protease,<rdkit.Chem.rdchem.Mol object at 0x0000021ACD7B9690>,[0 0 0 ... 0 0 0],C1=Nc2ccccc2Sc2ccccc21,382.52900000000005,5.228500000000005,1,4,50.69,8,False
CHEMBL1584095,Cc1cc(NC(=O)Cn2nnc(-c3ccccc3NC(=O)c3ccccc3F)n2)no1,LEISHMANIASIS,5.175874166083451,Cysteine protease,<rdkit.Chem.rdchem.Mol object at 0x0000021ACD7B9620>,[0 0 0 ... 0 0 0],O=C(Cn1nnc(-c2ccccc2NC(=O)c2ccccc2)n1)Nc1ccon1,421.39200000000017,2.66662,2,8,127.83,6,True
CHEMBL1583879,COc1ccc2c(c1OC)C(=O)OC2Nc1nc(-c2ccc(-c3ccccc3)cc2)cs1,LEISHMANIASIS,5.08196966321512,Cysteine protease,<rdkit.Chem.rdchem.Mol object at 0x0000021ACD7B95B0>,[0 0 0 ... 0 0 0],O=C1OC(Nc2nc(-c3ccc(-c4ccccc4)cc3)cs2)c2ccccc21,444.5120000000001,5.775400000000004,1,7,69.68,6,False
CHEMBL1589556,Cc1cccc(C)c1OCC(=O)Nc1cccc(NC(=O)c2ccco2)c1,LEISHMANIASIS,4.798602875679548,Cysteine protease,<rdkit.Chem.rdchem.Mol object at 0x0000021ACD7B9540>,[0 0 0 ... 0 0 0],O=C(COc1ccccc1)Nc1cccc(NC(=O)c2ccco2)c1,364.4010000000001,4.166240000000003,2,4,80.57000000000001,6,True
CHEMBL1585162,Cc1c(Cl)c([N+](=O)[O-])nn1Cc1ccc(C(=O)Nc2ccc(Cl)cn2)o1,LEISHMANIASIS,4.647817481888637,Cysteine protease,<rdkit.Chem.rdchem.Mol object at 0x0000021ACD7B94D0>,[0 0 0 ... 0 0 0],O=C(Nc1ccccn1)c1ccc(Cn2cccn2)o1,396.1900000000001,3.695120000000002,1,7,116.09,5,True
CHEMBL1583918,O=C(O)c1cc([N+](=O)[O-])ccc1NCc1ccccc1Cl,LEISHMANIASIS,4.924453038607469,Cysteine protease,<rdkit.Chem.rdchem.Mol object at 0x0000021ACD7B9460>,[0 0 0 ... 0 0 0],c1ccc(CNc2ccccc2)cc1,306.70500000000004,3.5585000000000013,2,4,92.47,5,True
CHEMBL1587708,N#Cc1c(-c2cccc(Br)c2)cc(-c2ccco2)nc1O,LEISHMANIASIS,5.110138278741812,Cysteine protease,<rdkit.Chem.rdchem.Mol object at 0x0000021ACD7B93F0>,[0 0 0 ... 0 0 0],c1ccc(-c2ccnc(-c3ccco3)c2)cc1,341.16400000000004,4.348380000000002,1,4,70.05,2,True
CHEMBL1583535,COc1cc(OC)cc(-c2nc3ccccc3c(=O)n2OC(=O)c2ccccc2C)c1,LEISHMANIASIS,4.669586226650809,Cysteine protease,<rdkit.Chem.rdchem.Mol object at 0x0000021ACD7B9380>,[0 0 0 ... 0 0 0],O=C(On1c(-c2ccccc2)nc2ccccc2c1=O)c1ccccc1,416.43300000000016,3.658120000000003,0,7,79.65,5,True
CHEMBL1612983,Cc1cc(/C=C2\C(=O)NC(=O)N(c3ccc(Cl)cc3)C2=O)c(C)n1-c1sc2c(c1C#N)CCCC2,LEISHMANIASIS,4.832682665251824,Cysteine protease,<rdkit.Chem.rdchem.Mol object at 0x0000021ACD7B9310>,[0 0 0 ... 0 0 0],O=C1NC(=O)N(c2ccccc2)C(=O)C1=Cc1ccn(-c2cc3c(s2)CCCC3)c1,504.9990000000004,5.225920000000004,1,6,95.19999999999999,3,False
CHEMBL1393256,C=CC#CC[N+]1(CC#Cc2ccccc2)CCOCC1.[Br-],LEISHMANIASIS,5.254925208417943,Cysteine protease,<rdkit.Chem.rdchem.Mol object at 0x0000021ACD7B92A0>,[0 0 0 ... 0 0 0],C(#Cc1ccccc1)C[NH+]1CCOCC1,346.26800000000003,-0.9214999999999975,0,1,9.23,2,True
CHEMBL1613080,Oc1cc(O)c2sc3nc(C(F)(F)F)c4c(c3c2n1)CCCCC4,LEISHMANIASIS,4.954677021213342,Cysteine protease,<rdkit.Chem.rdchem.Mol object at 0x0000021ACD7B9230>,[0 0 1 ... 0 0 0],c1cnc2c(c1)sc1ncc3c(c12)CCCCC3,354.3530000000002,4.543400000000002,2,5,66.24000000000001,0,True
CHEMBL1426966,Cc1ccc(CSc2nc(O)c(C#N)c(-c3ccccc3)n2)cc1,LEISHMANIASIS,5.1180450286604,Cysteine protease,<rdkit.Chem.rdchem.Mol object at 0x0000021ACD7B91C0>,[0 0 0 ... 0 0 0],c1ccc(CSc2nccc(-c3ccccc3)n2)cc1,333.41600000000005,4.321600000000004,1,5,69.80000000000001,4,True
CHEMBL1333407,O=C(COC(=O)c1cc(Cl)ccc1[N+](=O)[O-])NCc1ccc(Cl)cc1Cl,LEISHMANIASIS,4.787812395596042,Cysteine protease,<rdkit.Chem.rdchem.Mol object at 0x0000021ACD7B9150>,[0 0 0 ... 0 0 0],O=C(COC(=O)c1ccccc1)NCc1ccccc1,417.63200000000006,4.028200000000002,1,5,98.54,6,True
CHEMBL1608106,O=C(O)CCn1cc(/C=C/C(=O)c2ccc(Cl)cc2)c(-c2cccc(Br)c2)n1,LEISHMANIASIS,4.8696662315049934,Cysteine protease,<rdkit.Chem.rdchem.Mol object at 0x0000021ACD7B90E0>,[0 0 0 ... 0 0 0],O=C(C=Cc1c[nH]nc1-c1ccccc1)c1ccccc1,459.7270000000001,5.336800000000003,1,4,72.19,7,False
CHEMBL1377368,COc1ccc(Cl)cc1-n1c(=S)sc2c(O)nc(SCC(=O)NCCC(C)C)nc21,LEISHMANIASIS,4.709965388637482,Cysteine protease,<rdkit.Chem.rdchem.Mol object at 0x0000021ACD7B9070>,[0 1 0 ... 0 0 0],S=c1sc2cncnc2n1-c1ccccc1,485.05600000000027,4.833490000000003,2,9,89.27,8,True
CHEMBL1612433,CCOc1cc(/C=C2\SC(=O)N(CC(=O)Nc3ccccc3F)C2=O)cc([N+](=O)[O-])c1O,LEISHMANIASIS,5.03810452633215,Cysteine protease,<rdkit.Chem.rdchem.Mol object at 0x0000021ACD7B9000>,[0 0 0 ... 0 0 0],O=C(CN1C(=O)SC(=Cc2ccccc2)C1=O)Nc1ccccc1,461.42700000000013,3.5132000000000025,2,8,139.08,7,True
CHEMBL1645462,Cc1c(NC(=O)OC[C@@H]2COCCN2)cn2ncnc(Nc3ccc4c(cnn4Cc4cccc(F)c4)c3)c12,LEISHMANIASIS,4.522878745280337,DNA topoisomerase,<rdkit.Chem.rdchem.Mol object at 0x0000021ACD7B8F90>,[0 0 0 ... 0 1 0],O=C(Nc1cc2c(Nc3ccc4c(cnn4Cc4ccccc4)c3)ncnn2c1)OCC1COCCN1,530.5640000000002,3.8553200000000016,3,10,119.63,7,False
CHEMBL1631256,O=C(O)c1ccc2[nH]c(C[n+]3ccccc3)nc2c1.[Cl-],LEISHMANIASIS,4.769551078621726,DNA topoisomerase,<rdkit.Chem.rdchem.Mol object at 0x0000021ACD7B8F20>,[0 0 0 ... 0 0 0],c1cc[n+](Cc2nc3ccccc3[nH]2)cc1,289.722,-1.3990999999999991,2,2,69.86,3,True
CHEMBL1614710,O=C(Nc1ccc(OC(F)(F)F)cc1)c1sccc1NCc1ccnc2ccccc12,LEISHMANIASIS,4.522878745280337,DNA topoisomerase,<rdkit.Chem.rdchem.Mol object at 0x0000021ACD7B8EB0>,[0 0 0 ... 0 0 0],O=C(Nc1ccccc1)c1sccc1NCc1ccnc2ccccc12,443.4500000000001,6.059300000000004,2,5,63.25,6,False
CHEMBL1614701,Cn1cnc2c(F)c(Nc3ccc(Br)cc3Cl)c(C(=O)NOCCO)cc21,LEISHMANIASIS,4.522878745280337,DNA topoisomerase,<rdkit.Chem.rdchem.Mol object at 0x0000021ACD7B8E40>,[0 0 0 ... 0 0 0],c1ccc(Nc2ccc3[nH]cnc3c2)cc1,457.68700000000024,3.5256000000000016,3,6,88.41000000000001,6,True
CHEMBL1614707,FC(F)(F)c1ccc(/C=C/c2nc(COc3ccc(CCCCn4ccnn4)cc3)co2)cc1,LEISHMANIASIS,4.522878745280337,DNA topoisomerase,<rdkit.Chem.rdchem.Mol object at 0x0000021ACD7B8DD0>,[0 0 0 ... 0 0 0],C(=Cc1nc(COc2ccc(CCCCn3ccnn3)cc2)co1)c1ccccc1,468.47900000000027,6.057200000000006,0,6,65.97,10,False
CHEMBL1614713,c1cc(OCCN2CCCCC2)cc(-c2n[nH]c3ccc(-c4nnc[nH]4)cc23)c1,LEISHMANIASIS,4.522878745280337,DNA topoisomerase,<rdkit.Chem.rdchem.Mol object at 0x0000021ACD7B8D60>,[0 0 1 ... 0 0 0],c1cc(OCCN2CCCCC2)cc(-c2n[nH]c3ccc(-c4nnc[nH]4)cc23)c1,388.4750000000001,3.8797000000000024,2,5,82.72,6,True
CHEMBL1630442,COc1cc(/C=C2/NC(=O)NC2=O)cc(OC)c1OC,LEISHMANIASIS,4.0,DNA topoisomerase,<rdkit.Chem.rdchem.Mol object at 0x0000021ACD7B8CF0>,[0 0 0 ... 0 0 0],O=C1NC(=O)C(=Cc2ccccc2)N1,278.264,0.8926999999999999,2,5,85.89000000000001,4,True
CHEMBL1628076,Cc1c2cnccc2c(C)c2c1c1ccccc1n2CC(=O)NCCCCCCNC(=O)C[C@]1(O)CC[C@H]2[C@@H]3CCc4cc(O)ccc4[C@H]3CC[C@@]21C,LEISHMANIASIS,3.6989700043360183,DNA topoisomerase,<rdkit.Chem.rdchem.Mol object at 0x0000021ACD7B8C80>,[0 0 0 ... 0 0 0],O=C(CC1CCC2C1CCC1c3ccccc3CCC12)NCCCCCCNC(=O)Cn1c2ccccc2c2cc3cnccc3cc21,714.9510000000001,8.13544000000001,4,6,116.48000000000002,11,False
CHEMBL1627911,Cc1c2c(c(C)c3c1[nH]c1ccccc13)CN(C(=O)NCCCCCCNC(=O)C[C@]1(O)CC[C@H]3[C@@H]4CCc5cc(O)ccc5[C@H]4CC[C@@]31C)C=C2,LEISHMANIASIS,4.617982957425132,DNA topoisomerase,<rdkit.Chem.rdchem.Mol object at 0x0000021ACD7B8C10>,[0 0 0 ... 0 0 0],O=C(CC1CCC2C1CCC1c3ccccc3CCC12)NCCCCCCNC(=O)N1C=Cc2cc3[nH]c4ccccc4c3cc2C1,702.9400000000002,8.493540000000007,5,4,117.69000000000001,9,False
CHEMBL1627914,Cc1c2ccncc2c(C)c2c1[nH]c1ccc(C(=O)NCCCCCCNC(=O)C[C@]3(O)CC[C@H]4[C@@H]5CCc6cc(O)ccc6[C@H]5CC[C@@]43C)cc12,LEISHMANIASIS,3.6989700043360183,DNA topoisomerase,<rdkit.Chem.rdchem.Mol object at 0x0000021ACD7B8BA0>,[0 0 0 ... 0 0 0],O=C(CC1CCC2C1CCC1c3ccccc3CCC12)NCCCCCCNC(=O)c1ccc2[nH]c3cc4ccncc4cc3c2c1,700.9240000000002,8.275640000000008,5,5,127.34,10,False
CHEMBL1582301,CCN(CC(=O)N1CCc2ccccc2C1)S(=O)(=O)c1ccc2ccccc2c1,LEISHMANIASIS,4.6252516539898965,Cysteine protease,<rdkit.Chem.rdchem.Mol object at 0x0000021ACD7B8B30>,[0 0 0 ... 0 0 0],O=C(CNS(=O)(=O)c1ccc2ccccc2c1)N1CCc2ccccc2C1,408.52300000000014,3.4353000000000025,0,3,57.690000000000005,5,True
CHEMBL1367539,CCCCCC(=O)Nc1ccccc1N1CCN(c2ccccc2)CC1,LEISHMANIASIS,5.241088107602026,Cysteine protease,<rdkit.Chem.rdchem.Mol object at 0x0000021ACD7B8AC0>,[0 0 0 ... 0 0 0],c1ccc(N2CCN(c3ccccc3)CC2)cc1,351.49400000000014,4.532000000000004,1,3,35.580000000000005,7,True
CHEMBL1243199,COc1ccc2c(c1)/C(=N\OCCCN(C)C)c1c-2c(O)nc2ccccc12,LEISHMANIASIS,4.0,DNA topoisomerase,<rdkit.Chem.rdchem.Mol object at 0x0000021ACD7B8A50>,[0 0 0 ... 0 0 0],N=C1c2ccccc2-c2cnc3ccccc3c21,377.444,3.650100000000003,1,6,67.18,6,True
CHEMBL1575468,NC(=O)CSc1nc2cc([N+](=O)[O-])ccc2[nH]1,LEISHMANIASIS,4.906578314837765,Cysteine protease,<rdkit.Chem.rdchem.Mol object at 0x0000021ACD7B89E0>,[0 0 0 ... 0 0 0],c1ccc2[nH]cnc2c1,252.25500000000002,1.0485,2,5,114.91,4,True
CHEMBL1614725,CC(C)(O)CC(=O)NCCn1ccc2ncnc(Nc3ccc(Oc4cccc(C(F)(F)F)c4)c(Cl)c3)c21,LEISHMANIASIS,4.522878745280337,DNA topoisomerase,<rdkit.Chem.rdchem.Mol object at 0x0000021ACD7B8970>,[0 0 0 ... 0 0 0],c1ccc(Oc2ccc(Nc3ncnc4cc[nH]c34)cc2)cc1,547.9650000000001,5.916600000000003,3,7,101.30000000000001,9,False
CHEMBL1615025,Cn1c(=O)c(F)c(Nc2ccc(I)cc2F)c2c(=O)n(C[C@@H](O)CO)cnc21,LEISHMANIASIS,4.522878745280337,DNA topoisomerase,<rdkit.Chem.rdchem.Mol object at 0x0000021ACD7B8900>,[0 1 0 ... 0 0 0],O=c1cc(Nc2ccccc2)c2c(=O)[nH]cnc2[nH]1,504.2310000000003,1.0747999999999998,3,8,109.38000000000001,5,False
CHEMBL1714002,COC1=C(Br)C(=O)c2ncccc2C1=O,LEISHMANIASIS,5.452225294612178,Cysteine protease,<rdkit.Chem.rdchem.Mol object at 0x0000021ACD7B8890>,[0 0 0 ... 0 0 0],O=C1C=CC(=O)c2ncccc21,268.066,1.7134999999999998,0,4,56.26,1,True
CHEMBL1720735,O=C1NC(=S)S/C1=C\c1cc(Cl)cc(Cl)c1O,LEISHMANIASIS,5.459670525209126,Cysteine protease,<rdkit.Chem.rdchem.Mol object at 0x0000021ACD7B8820>,[0 0 0 ... 0 0 0],O=C1NC(=S)SC1=Cc1ccccc1,306.19500000000005,3.1877999999999997,2,4,49.33,1,True
CHEMBL1652416,CC(=O)OC1(C#N)CN2CCC1CC2,LEISHMANIASIS,4.2839966563652006,Trypanothione reductase,<rdkit.Chem.rdchem.Mol object at 0x0000021ACD7B87B0>,[0 0 0 ... 0 0 0],C1CN2CCC1CC2,194.23399999999998,0.5374800000000002,0,4,53.330000000000005,1,True
CHEMBL1652419,O=C(Nc1cccnc1)NC1CCN(Cc2ccccc2)CC1,LEISHMANIASIS,4.0,Trypanothione reductase,<rdkit.Chem.rdchem.Mol object at 0x0000021ACD7B8740>,[0 0 0 ... 0 0 0],O=C(Nc1cccnc1)NC1CCN(Cc2ccccc2)CC1,310.40100000000007,2.867700000000001,2,3,57.260000000000005,4,True
CHEMBL1652422,CCc1ccc2c(C)nc(NC3=NC(C)(C)CC(C)=N3)nc2c1,LEISHMANIASIS,4.494850021680094,Trypanothione reductase,<rdkit.Chem.rdchem.Mol object at 0x0000021ACD7B86D0>,[0 0 0 ... 0 0 0],C1=NC(Nc2ncc3ccccc3n2)=NCC1,309.417,3.9117200000000025,1,5,62.53,2,True
CHEMBL1652417,CN1/C(=C/C=C2\C=Nc3ccccc32)C=Cc2ccccc21,LEISHMANIASIS,4.638272163982407,Trypanothione reductase,<rdkit.Chem.rdchem.Mol object at 0x0000021ACD7B8660>,[0 0 0 ... 0 0 0],C1=Cc2ccccc2NC1=CC=C1C=Nc2ccccc21,284.362,4.833000000000004,0,2,15.6,1,True
CHEMBL1651446,O=C(CCl)N1c2ccccc2Sc2ccccc21,LEISHMANIASIS,5.031517051446065,Trypanothione reductase,<rdkit.Chem.rdchem.Mol object at 0x0000021ACD7B85F0>,[0 0 0 ... 0 0 0],c1ccc2c(c1)Nc1ccccc1S2,275.76000000000005,4.054700000000002,0,2,20.310000000000002,1,True
CHEMBL1652427,Cc1cc(C)c2nc(NC(=N)N)nc(C)c2c1,LEISHMANIASIS,4.0,Trypanothione reductase,<rdkit.Chem.rdchem.Mol object at 0x0000021ACD7B8580>,[0 0 0 ... 0 0 0],c1ccc2ncncc2c1,229.287,1.8604299999999998,3,3,87.68,1,True
CHEMBL1699206,O=C(N/N=C/c1ccc(-c2ccc(S(=O)(=O)Nc3ncccn3)cc2)o1)c1cc2ccccc2cc1O,LEISHMANIASIS,5.223298816011589,Cysteine protease,<rdkit.Chem.rdchem.Mol object at 0x0000021ACD7B8510>,[0 0 0 ... 0 0 0],O=C(NN=Cc1ccc(-c2ccc(S(=O)(=O)Nc3ncccn3)cc2)o1)c1ccc2ccccc2c1,513.5350000000002,4.1601000000000035,3,8,146.78,7,False
CHEMBL1652425,Cc1cc(C)c2c(C)nc(Nc3nc(C)cc(C)n3)nc2c1,LEISHMANIASIS,4.0,Trypanothione reductase,<rdkit.Chem.rdchem.Mol object at 0x0000021ACD7B84A0>,[0 0 0 ... 0 0 0],c1cnc(Nc2ncc3ccccc3n2)nc1,293.374,3.7055000000000016,1,5,63.59,2,True
CHEMBL1652426,Cc1ccc2nc(Nc3nc(C)cc(C)n3)nc(C)c2c1,LEISHMANIASIS,4.0,Trypanothione reductase,<rdkit.Chem.rdchem.Mol object at 0x0000021ACD7B8430>,[0 0 0 ... 0 0 0],c1cnc(Nc2ncc3ccccc3n2)nc1,279.34700000000004,3.3970800000000017,1,5,63.59,2,True
CHEMBL1652415,S=C(Nc1cccnc1)NC1CCN(Cc2ccccc2)CC1,LEISHMANIASIS,5.698970004336019,Trypanothione reductase,<rdkit.Chem.rdchem.Mol object at 0x0000021ACD7B83C0>,[0 0 0 ... 0 0 0],S=C(Nc1cccnc1)NC1CCN(Cc2ccccc2)CC1,326.46900000000005,3.0326000000000013,2,3,40.190000000000005,4,True
CHEMBL1652418,CCCNC(=S)NC1CCN(Cc2ccccc2)CC1,LEISHMANIASIS,4.0,Trypanothione reductase,<rdkit.Chem.rdchem.Mol object at 0x0000021ACD7B8350>,[0 0 0 ... 0 0 0],c1ccc(CN2CCCCC2)cc1,291.46400000000006,2.5251,2,2,27.299999999999997,5,True
CHEMBL1652420,CCN1CCC(NC(=S)Nc2cccnc2)CC1,LEISHMANIASIS,4.0,Trypanothione reductase,<rdkit.Chem.rdchem.Mol object at 0x0000021ACD7B82E0>,[0 0 0 ... 0 0 0],S=C(Nc1cccnc1)NC1CCNCC1,264.398,1.8522999999999998,2,3,40.19,3,True
CHEMBL1652421,CSc1nncc(-c2cnc(SC)c3c2CCCC3)n1,LEISHMANIASIS,4.0,Trypanothione reductase,<rdkit.Chem.rdchem.Mol object at 0x0000021ACD7B8270>,[0 0 0 ... 0 0 0],c1nncc(-c2cncc3c2CCCC3)n1,304.44400000000013,3.2562000000000015,0,6,51.56,3,True
CHEMBL1652423,CCOc1ccc2c(C)nc(NC3=NC(C)(C)CC(C)=N3)nc2c1,LEISHMANIASIS,4.552841968657781,Trypanothione reductase,<rdkit.Chem.rdchem.Mol object at 0x0000021ACD7B8200>,[0 0 0 ... 0 0 0],C1=NC(Nc2ncc3ccccc3n2)=NCC1,325.41600000000005,3.748020000000002,1,6,71.75999999999999,3,True
CHEMBL1652424,Cc1cc(C)c2nc(Nc3nc(C)c(C)c(O)n3)nc(C)c2c1,LEISHMANIASIS,4.0,Trypanothione reductase,<rdkit.Chem.rdchem.Mol object at 0x0000021ACD7B8190>,[0 0 0 ... 0 0 0],c1cnc(Nc2ncc3ccccc3n2)nc1,309.37300000000005,3.411100000000002,2,6,83.82000000000001,2,True
CHEMBL1689603,CC(C)CCNC(=O)[C@H](CC(C)C)NC=C1C(=O)Nc2ccccc21,LEISHMANIASIS,4.301029995663981,Cysteine protease,<rdkit.Chem.rdchem.Mol object at 0x0000021ACD7B8120>,[0 1 0 ... 0 0 0],C=C1C(=O)Nc2ccccc21,343.471,3.1462000000000003,3,3,70.23,8,True
CHEMBL1689604,CC(C)CCNC(=O)[C@H](CC(C)C)NC=C1C(=O)Nc2ccc(Cl)cc21,LEISHMANIASIS,4.301029995663981,Cysteine protease,<rdkit.Chem.rdchem.Mol object at 0x0000021ACD7B80B0>,[0 1 0 ... 0 0 0],C=C1C(=O)Nc2ccccc21,377.916,3.7996000000000016,3,3,70.23,8,True
CHEMBL1689605,CC(C)CCNC(=O)[C@H](CC(C)C)NC=C1C(=O)Nc2cc(Cl)ccc21,LEISHMANIASIS,4.301029995663981,Cysteine protease,<rdkit.Chem.rdchem.Mol object at 0x0000021ACD7B8040>,[0 1 0 ... 0 0 0],C=C1C(=O)Nc2ccccc21,377.916,3.7996000000000016,3,3,70.23,8,True
CHEMBL1689606,CC(C)CCNC(=O)[C@H](CC(C)C)NC=C1C(=O)Nc2c(Cl)cccc21,LEISHMANIASIS,4.301029995663981,Cysteine protease,<rdkit.Chem.rdchem.Mol object at 0x0000021ACD7B7F40>,[0 1 0 ... 0 0 0],C=C1C(=O)Nc2ccccc21,377.916,3.7996000000000025,3,3,70.23,8,True
CHEMBL1689607,CC(C)CCNC(=O)[C@H](CC(C)C)NC=C1C(=O)N(C)c2ccccc21,LEISHMANIASIS,4.301029995663981,Cysteine protease,<rdkit.Chem.rdchem.Mol object at 0x0000021ACD7B7ED0>,[0 1 0 ... 0 0 0],C=C1C(=O)Nc2ccccc21,357.49800000000005,3.1705000000000014,2,3,61.440000000000005,8,True
CHEMBL1689608,CC(C)CCNC(=O)CNC=C1C(=O)Nc2ccccc21,LEISHMANIASIS,4.301029995663981,Cysteine protease,<rdkit.Chem.rdchem.Mol object at 0x0000021ACD7B7E60>,[0 1 0 ... 0 0 0],C=C1C(=O)Nc2ccccc21,287.36300000000006,1.7314999999999996,3,3,70.23,6,True
CHEMBL1700402,COc1ccc(C(CC(=O)NCc2ccccc2)C(C)C)cc1,LEISHMANIASIS,5.089375595110798,Cysteine protease,<rdkit.Chem.rdchem.Mol object at 0x0000021ACD7B7DF0>,[0 1 0 ... 0 0 0],O=C(CCc1ccccc1)NCc1ccccc1,311.42500000000007,4.141300000000004,1,2,38.33,7,True
CHEMBL1689609,CC(C)CCNC(=O)[C@H](CCc1ccccc1)NC=C1C(=O)Nc2ccccc21,LEISHMANIASIS,4.301029995663981,Cysteine protease,<rdkit.Chem.rdchem.Mol object at 0x0000021ACD7B7D80>,[0 1 0 ... 0 0 0],O=C1Nc2ccccc2C1=CNCCCc1ccccc1,391.5150000000001,3.7329000000000017,3,3,70.23,9,True
CHEMBL1689610,CC(C)CCNC(=O)[C@H](Cc1ccccc1)NC=C1C(=O)Nc2ccc(Cl)cc21,LEISHMANIASIS,4.301029995663981,Cysteine protease,<rdkit.Chem.rdchem.Mol object at 0x0000021ACD7B7D10>,[0 1 0 ... 0 0 0],O=C1Nc2ccccc2C1=CNCCc1ccccc1,411.93300000000016,3.9962000000000026,3,3,70.23,8,True
CHEMBL1689611,CC(C)CCNC(=O)[C@H](CCc1ccccc1)NC=C1C(=O)Nc2c(Cl)cccc21,LEISHMANIASIS,4.301029995663981,Cysteine protease,<rdkit.Chem.rdchem.Mol object at 0x0000021ACD7B7CA0>,[0 1 0 ... 0 0 0],O=C1Nc2ccccc2C1=CNCCCc1ccccc1,425.9600000000001,4.386300000000003,3,3,70.23,9,True
CHEMBL1701401,CCCCCCCCCCCCCCCC(O)C[N+](C)(C)CCO.[I-],LEISHMANIASIS,5.120330794367947,Cysteine protease,<rdkit.Chem.rdchem.Mol object at 0x0000021ACD7B7C30>,[0 1 0 ... 0 0 0],,471.50800000000004,1.9013000000000004,2,2,40.46,18,True
CHEMBL1715183,CCCCCCCCCCCCCCCCCCNc1ccn(C2OC(COP(=O)(O)OCC3OC(n4cc(F)c(=O)[nH]c4=O)CC3O)C(O)C2O)c(=O)n1,LEISHMANIASIS,4.966576244513051,Cysteine protease,<rdkit.Chem.rdchem.Mol object at 0x0000021ACD7B7BC0>,[0 0 0 ... 0 0 0],O=c1ccn(C2CCC(CO[PH](=O)OCC3CCC(n4cccnc4=O)O3)O2)c(=O)[nH]1,803.863,4.007200000000004,6,15,236.68999999999994,26,False
CHEMBL1713454,CCCCCCCCCCCCCCCC[N+](C)(C)CCl.[Cl-],LEISHMANIASIS,5.074687908500351,Cysteine protease,<rdkit.Chem.rdchem.Mol object at 0x0000021ACD7B7B50>,[0 0 0 ... 0 0 0],,354.44999999999993,3.7444000000000024,0,0,0.0,16,True
CHEMBL1700257,Cc1ccccc1S(=O)(=O)N1[C@@H](c2ccc(Br)cc2)C(C(=O)O)=CC[C@H]1c1ccc(Cl)cc1,LEISHMANIASIS,5.112945621949043,Cysteine protease,<rdkit.Chem.rdchem.Mol object at 0x0000021ACD7B7AE0>,[0 0 0 ... 0 0 0],O=S(=O)(c1ccccc1)N1C(c2ccccc2)C=CCC1c1ccccc1,546.8700000000002,6.298920000000005,1,3,74.68,5,False
CHEMBL1667969,O=c1[nH]ccc2cc(OC3CCNCC3)ccc12,LEISHMANIASIS,4.522878745280337,DNA topoisomerase,<rdkit.Chem.rdchem.Mol object at 0x0000021ACD7B7A70>,[0 0 0 ... 0 0 0],O=c1[nH]ccc2cc(OC3CCNCC3)ccc12,244.29399999999995,1.6588999999999998,2,3,54.120000000000005,2,True
CHEMBL1765797,O=C1NC(=S)NC(=O)C1C(=O)Nc1ccccc1,LEISHMANIASIS,4.3979400086720375,DNA topoisomerase,<rdkit.Chem.rdchem.Mol object at 0x0000021ACD7B7A00>,[0 0 0 ... 0 0 0],O=C1NC(=S)NC(=O)C1C(=O)Nc1ccccc1,263.278,-0.22780000000000045,3,4,87.30000000000001,2,True
CHEMBL1765796,S=C(NCc1ccccc1)N/N=C/c1ccccn1,LEISHMANIASIS,4.0,DNA topoisomerase,<rdkit.Chem.rdchem.Mol object at 0x0000021ACD7B7990>,[0 0 0 ... 0 0 0],S=C(NCc1ccccc1)NN=Cc1ccccn1,270.36100000000005,2.0797999999999996,2,3,49.31,4,True
CHEMBL1765791,CNC(=S)N/N=C/c1ccccn1,LEISHMANIASIS,4.119186407719209,DNA topoisomerase,<rdkit.Chem.rdchem.Mol object at 0x0000021ACD7B7920>,[0 0 0 ... 0 0 0],c1ccncc1,194.26300000000003,0.5094,2,3,49.31,2,True
CHEMBL1736506,O=C(c1ccc(OC2CCN(C/C=C/c3ccc(F)cc3)CC2)cc1)N1CCCC1,LEISHMANIASIS,4.928117992693875,Cysteine protease,<rdkit.Chem.rdchem.Mol object at 0x0000021ACD7B78B0>,[0 0 0 ... 0 0 0],O=C(c1ccc(OC2CCN(CC=Cc3ccccc3)CC2)cc1)N1CCCC1,408.5170000000003,4.618300000000004,0,3,32.78,6,True
CHEMBL1765795,S=C(N/N=C/c1ccccn1)N1CCCC1,LEISHMANIASIS,4.0,DNA topoisomerase,<rdkit.Chem.rdchem.Mol object at 0x0000021ACD7B7840>,[0 0 0 ... 0 0 0],S=C(NN=Cc1ccccn1)N1CCCC1,234.32799999999995,1.3858,1,3,40.52,2,True
CHEMBL1708195,O=C(CNCCc1ccc(Cl)cc1Cl)NCc1ccco1,LEISHMANIASIS,4.728158393463501,Cysteine protease,<rdkit.Chem.rdchem.Mol object at 0x0000021ACD7B77D0>,[0 0 0 ... 0 0 0],O=C(CNCCc1ccccc1)NCc1ccco1,327.2110000000001,3.0349000000000013,2,3,54.27,7,True
CHEMBL1711530,O=C(O)c1cc2c(cc1NC(=O)c1ccccc1OC(F)F)OCCCO2,LEISHMANIASIS,5.0195421077239,Cysteine protease,<rdkit.Chem.rdchem.Mol object at 0x0000021ACD7B7760>,[0 1 0 ... 0 0 0],O=C(Nc1ccc2c(c1)OCCCO2)c1ccccc1,379.3150000000001,3.3998000000000017,2,5,94.09000000000002,5,True
CHEMBL1782155,CCCNCC(O)COc1cc(O)c2c(=O)c3ccccc3oc2c1,LEISHMANIASIS,4.982966660701219,DNA topoisomerase,<rdkit.Chem.rdchem.Mol object at 0x0000021ACD7B76F0>,[0 1 0 ... 0 0 0],O=c1c2ccccc2oc2ccccc12,343.3790000000001,2.3911,3,6,91.92999999999999,7,True
CHEMBL1765792,CCNC(=S)N/N=C/c1ccccn1,LEISHMANIASIS,4.026872146400302,DNA topoisomerase,<rdkit.Chem.rdchem.Mol object at 0x0000021ACD7B7680>,[0 0 0 ... 0 0 0],c1ccncc1,208.29000000000005,0.8995000000000003,2,3,49.31,3,True
CHEMBL1765793,CC(C)NC(=S)N/N=C/c1ccccn1,LEISHMANIASIS,4.0,DNA topoisomerase,<rdkit.Chem.rdchem.Mol object at 0x0000021ACD7B7610>,[0 1 0 ... 0 0 0],c1ccncc1,222.317,1.2879999999999998,2,3,49.31,3,True
CHEMBL1765794,C=CCNC(=S)N/N=C/c1ccccn1,LEISHMANIASIS,4.0,DNA topoisomerase,<rdkit.Chem.rdchem.Mol object at 0x0000021ACD7B75A0>,[0 0 0 ... 0 0 0],c1ccncc1,220.30100000000002,1.0655999999999999,2,3,49.31,4,True
CHEMBL1721885,Cc1[nH]c(/C=C2\C(=O)Nc3ccc(F)cc32)c(C)c1C(=O)NC[C@H](O)CN1CCOCC1,LEISHMANIASIS,4.522878745280337,DNA topoisomerase,<rdkit.Chem.rdchem.Mol object at 0x0000021ACD7B7530>,[0 1 0 ... 0 0 0],O=C1Nc2ccccc2C1=Cc1cc(C(=O)NCCCN2CCOCC2)c[nH]1,442.49100000000027,1.68624,4,5,106.69,6,True
CHEMBL1726134,O=C1C(=C(I)I)c2ccccc2-c2ccccc21,LEISHMANIASIS,5.146910470148135,Cysteine protease,<rdkit.Chem.rdchem.Mol object at 0x0000021ACD7B74C0>,[0 1 0 ... 0 0 0],C=C1C(=O)c2ccccc2-c2ccccc21,458.0360000000001,5.088500000000003,0,1,17.07,0,False
CHEMBL1709730,N#Cc1c(N)[nH]c2ccc(Sc3ccccc3)cc12,LEISHMANIASIS,4.939302159646388,Cysteine protease,<rdkit.Chem.rdchem.Mol object at 0x0000021ACD7B7450>,[0 0 0 ... 0 0 0],c1ccc(Sc2ccc3[nH]ccc3c2)cc1,265.341,3.7729800000000013,2,3,65.6,2,True
CHEMBL1727832,COC(=O)CN1C(C)=Nc2ccc(C)cc2C1c1ccccc1,LEISHMANIASIS,4.2970708003411815,Trypanothione reductase,<rdkit.Chem.rdchem.Mol object at 0x0000021ACD7B73E0>,[0 0 0 ... 0 0 0],C1=Nc2ccccc2C(c2ccccc2)N1,308.38100000000003,3.6229200000000024,0,4,41.9,3,True
CHEMBL1724038,COC(=O)CN1C(CN2CCOCC2)=Nc2ccc(Br)cc2C1c1ccccc1,LEISHMANIASIS,4.050609993355087,Trypanothione reductase,<rdkit.Chem.rdchem.Mol object at 0x0000021ACD7B7370>,[0 0 0 ... 0 0 0],c1ccc(C2NC(CN3CCOCC3)=Nc3ccccc32)cc1,458.35600000000005,3.389300000000002,0,6,54.370000000000005,5,True
CHEMBL1902171,CCCCN(CCC(=O)O)c1ccc(/C=C/c2ccnc3ccccc23)cc1,LEISHMANIASIS,4.102372908709558,Cysteine protease,<rdkit.Chem.rdchem.Mol object at 0x0000021ACD7B7300>,[0 0 0 ... 0 0 0],C(=Cc1ccnc2ccccc12)c1ccccc1,374.4840000000001,5.486400000000005,1,3,53.43000000000001,9,False
CHEMBL1879463,Cn1c(=O)n(-c2ccc(C(C)(C)C#N)cc2)c2c3cc(-c4cnc5ccccc5c4)ccc3ncc21,LEISHMANIASIS,4.522878745280337,DNA topoisomerase,<rdkit.Chem.rdchem.Mol object at 0x0000021ACD7B7290>,[0 0 0 ... 0 0 0],O=c1[nH]c2cnc3ccc(-c4cnc5ccccc5c4)cc3c2n1-c1ccccc1,469.5480000000002,5.893780000000005,0,6,76.5,3,False
CHEMBL1731352,CC(C)c1ccc(NC2CCCN(C(=O)c3cnn(C(C)C)c3)C2)cc1,LEISHMANIASIS,5.043831569524636,Cysteine protease,<rdkit.Chem.rdchem.Mol object at 0x0000021ACD7B7220>,[0 1 0 ... 0 0 0],O=C(c1cn[nH]c1)N1CCCC(Nc2ccccc2)C1,354.49800000000005,4.304100000000004,1,4,50.160000000000004,5,True
CHEMBL1730686,CCCCCCCCCCCCCCC(O)C[N+](C)(CCO)CCO.[Cl-],LEISHMANIASIS,5.08460016478773,Cysteine protease,<rdkit.Chem.rdchem.Mol object at 0x0000021ACD7B71B0>,[0 1 0 ... 0 0 0],,396.05600000000015,0.8737000000000021,3,3,60.69,19,True
CHEMBL296588,CC(C)CC(=O)N[C@H](C(=O)N[C@H](C(=O)N[C@@H](CC(C)C)[C@@H](O)CC(=O)N[C@@H](C)C(=O)N[C@@H](CC(C)C)[C@@H](O)CC(=O)O)C(C)C)C(C)C,LEISHMANIASIS,6.795880017344075,Cysteine protease,<rdkit.Chem.rdchem.Mol object at 0x0000021ACD7B7140>,[0 1 0 ... 0 0 0],,685.9040000000002,1.467200000000006,8,8,223.26,22,False
CHEMBL124660,COc1cc2c(N3CCN(C(=O)Nc4ccc(OC(C)C)cc4)CC3)ncnc2cc1OCCCN1CCCCC1,LEISHMANIASIS,4.522878745280337,DNA topoisomerase,<rdkit.Chem.rdchem.Mol object at 0x0000021ACD7B70D0>,[0 1 1 ... 0 0 0],O=C(Nc1ccccc1)N1CCN(c2ncnc3cc(OCCCN4CCCCC4)ccc23)CC1,562.7150000000001,5.034500000000005,1,8,92.29,10,False
CHEMBL1738797,CCc1cc2c(cc1N1CCC(N3CCOCC3)CC1)C(C)(C)c1[nH]c3cc(C#N)ccc3c1C2=O,LEISHMANIASIS,4.522878745280337,DNA topoisomerase,<rdkit.Chem.rdchem.Mol object at 0x0000021ACD7B7060>,[0 0 0 ... 0 0 0],O=C1c2ccc(N3CCC(N4CCOCC4)CC3)cc2Cc2[nH]c3ccccc3c21,482.62800000000027,4.773280000000004,1,5,72.36,3,True
CHEMBL1728280,COC1=CC(=O)c2c(ccc3ncnc(N)c23)C1=O,LEISHMANIASIS,5.166852888087215,Cysteine protease,<rdkit.Chem.rdchem.Mol object at 0x0000021ACD7B6FF0>,[0 0 0 ... 0 0 0],O=C1C=CC(=O)c2c1ccc1ncncc21,255.23299999999998,1.1213,1,6,95.16999999999999,1,True
CHEMBL1730774,COC(=O)c1c(NC(=O)C2Cc3ccccc3C(=O)O2)sc2c1CCCC2,LEISHMANIASIS,5.790484985457369,Cysteine protease,<rdkit.Chem.rdchem.Mol object at 0x0000021ACD7B6F80>,[0 0 0 ... 0 0 0],O=C1OC(C(=O)Nc2cc3c(s2)CCCC3)Cc2ccccc21,385.44100000000026,3.133700000000002,1,6,81.7,3,True
CHEMBL1738757,CNC(=O)c1cc(Oc2ccc(NC(=O)Nc3cc(C(C)(C)C)nn3-c3ccc4ncccc4c3)c(F)c2)ccn1,LEISHMANIASIS,4.522878745280337,DNA topoisomerase,<rdkit.Chem.rdchem.Mol object at 0x0000021ACD7B6F10>,[0 0 0 ... 0 0 0],O=C(Nc1ccc(Oc2ccncc2)cc1)Nc1ccnn1-c1ccc2ncccc2c1,553.5980000000003,6.048000000000005,3,7,123.06,6,False
CHEMBL1739417,Nc1ccc(/N=N/c2ccccc2)c(N)c1,LEISHMANIASIS,3.903089986991944,DNA topoisomerase,<rdkit.Chem.rdchem.Mol object at 0x0000021ACD7B6EA0>,[0 0 0 ... 0 0 0],c1ccc(N=Nc2ccccc2)cc1,212.25600000000003,3.2664,2,4,76.75999999999999,2,True
CHEMBL1922094,Cc1c(CN2CCN(C(=O)[C@H](C)O)CC2)sc2c(N3CCOCC3)nc(-c3cnc(N)nc3)nc12,LEISHMANIASIS,4.522878745280337,DNA topoisomerase,<rdkit.Chem.rdchem.Mol object at 0x0000021ACD7B6E30>,[0 1 0 ... 0 0 0],c1ncc(-c2nc(N3CCOCC3)c3sc(CN4CCNCC4)cc3n2)cn1,498.61300000000034,0.9005200000000009,2,11,133.82999999999998,5,False
CHEMBL1914951,CC(C)(C)Nc1c(-c2ccc(C(=O)O)cc2)nc2ccccn12,LEISHMANIASIS,4.201728940919125,DNA topoisomerase,<rdkit.Chem.rdchem.Mol object at 0x0000021ACD7B6DC0>,[0 0 0 ... 0 0 0],c1ccc(-c2cn3ccccc3n2)cc1,309.369,3.9099000000000013,2,4,66.63,3,True
CHEMBL1946917,O=c1oc2cc(O)ccc2c2c1[nH]c1ccc(O)cc12,LEISHMANIASIS,7.414539270491499,DNA topoisomerase,<rdkit.Chem.rdchem.Mol object at 0x0000021ACD7B6D50>,[0 0 0 ... 0 0 0],O=c1oc2ccccc2c2c1[nH]c1ccccc12,267.24,2.8387000000000002,3,4,86.46,0,True
CHEMBL1944698,CN1C/C=C/CCOc2cccc(c2)-c2ccnc(n2)Nc2cccc(c2)C1,LEISHMANIASIS,4.522878745280337,DNA topoisomerase,<rdkit.Chem.rdchem.Mol object at 0x0000021ACD7B6CE0>,[0 0 0 ... 0 0 0],C1=CCNCc2cccc(c2)Nc2nccc(n2)-c2cccc(c2)OCC1,372.4720000000001,4.657700000000004,1,5,50.28,0,True
CHEMBL1929194,C[C@@H]1O[C@@H](Oc2cc(O)c3c(=O)c(O[C@H]4OC[C@@](O)(CO)[C@@H]4O)c(-c4ccc(O)cc4)oc3c2)[C@H](O)[C@H](O)[C@H]1O,LEISHMANIASIS,3.2596373105057563,DNA topoisomerase,<rdkit.Chem.rdchem.Mol object at 0x0000021ACD7B6C70>,[0 0 0 ... 0 0 0],O=c1c(OC2CCCO2)c(-c2ccccc2)oc2cc(OC3CCCCO3)ccc12,564.4960000000003,-1.1031000000000004,8,14,228.96999999999994,6,False
CHEMBL1946170,CNC(=O)c1cc(Oc2ccc(NC(=O)Nc3ccc(Cl)c(C(F)(F)F)c3)c(F)c2)ccn1,LEISHMANIASIS,4.522878745280337,DNA topoisomerase,<rdkit.Chem.rdchem.Mol object at 0x0000021ACD7B6C00>,[0 0 0 ... 0 0 0],O=C(Nc1ccccc1)Nc1ccc(Oc2ccncc2)cc1,482.82100000000014,5.688800000000002,3,4,92.35000000000001,5,False
CHEMBL1929192,C[C@@H]1O[C@@H](Oc2cc(O)c3c(=O)c(O[C@@H]4O[C@H](CO)[C@H](O)[C@H](O)[C@H]4O)c(-c4ccc(O)cc4)oc3c2)[C@H](O)[C@H](O)[C@H]1O,LEISHMANIASIS,3.744727494896694,DNA topoisomerase,<rdkit.Chem.rdchem.Mol object at 0x0000021ACD7B6B90>,[0 0 0 ... 0 0 0],O=c1c(OC2CCCCO2)c(-c2ccccc2)oc2cc(OC3CCCCO3)ccc12,594.5220000000004,-1.743800000000001,9,15,249.19999999999996,6,False
CHEMBL1929025,CC(=O)OC[C@]1(O)CO[C@H](Oc2c(-c3ccc(O)cc3)oc3cc(O[C@@H]4O[C@@H](C)[C@H](O)[C@@H](O)[C@H]4O)cc(O)c3c2=O)[C@H]1O,LEISHMANIASIS,3.721848749616356,DNA topoisomerase,<rdkit.Chem.rdchem.Mol object at 0x0000021ACD7B6B20>,[0 0 0 ... 0 0 0],O=c1c(OC2CCCO2)c(-c2ccccc2)oc2cc(OC3CCCCO3)ccc12,606.5330000000002,-0.5323000000000007,7,15,235.03999999999996,7,False
CHEMBL1836506,O=c1nc(SCc2ccccc2)nc(SCc2ccc(Cl)cc2)[nH]1,LEISHMANIASIS,3.658961368322477,DNA topoisomerase,<rdkit.Chem.rdchem.Mol object at 0x0000021ACD7B6AB0>,[0 0 0 ... 0 0 0],O=c1nc(SCc2ccccc2)nc(SCc2ccccc2)[nH]1,375.90600000000006,4.4029000000000025,1,5,58.64,6,True
CHEMBL1836574,CC1=Nc2ccc(I)cc2C(c2ccccc2)N1CCN1CCCCC1,LEISHMANIASIS,6.455931955649724,Trypanothione reductase,<rdkit.Chem.rdchem.Mol object at 0x0000021ACD7B6A40>,[0 0 1 ... 0 0 0],C1=Nc2ccccc2C(c2ccccc2)N1CCN1CCCCC1,459.37500000000034,5.232000000000006,0,3,18.84,4,False
CHEMBL1836366,CC1=Nc2ccc(Cl)cc2C(c2ccccc2)N1CCc1ccccc1,LEISHMANIASIS,5.698970004336019,Trypanothione reductase,<rdkit.Chem.rdchem.Mol object at 0x0000021ACD7B69D0>,[0 0 0 ... 0 0 0],C1=Nc2ccccc2C(c2ccccc2)N1CCc1ccccc1,360.88800000000015,6.037600000000006,0,2,15.6,4,False
CHEMBL449392,O=C(O[C@@H]1O[C@@H]2COC(=O)c3cc(O)c(O)c(O)c3-c3c(cc(O)c(O)c3O)C(=O)O[C@H]([C@H]1O)[C@@H]2O)c1cc(O)c(O)c(O)c1,LEISHMANIASIS,4.3979400086720375,DNA topoisomerase,<rdkit.Chem.rdchem.Mol object at 0x0000021ACD7B6960>,[0 0 0 ... 0 0 0],O=C(OC1CC2CC(COC(=O)c3ccccc3-c3ccccc3C(=O)O2)O1)c1ccccc1,634.4550000000004,-0.29650000000000065,11,18,310.65999999999997,2,False
CHEMBL1836527,COc1ccc(CCNc2nc(Cl)nc(Cl)n2)cc1OC,LEISHMANIASIS,3.0,DNA topoisomerase,<rdkit.Chem.rdchem.Mol object at 0x0000021ACD7B68F0>,[0 0 0 ... 0 0 0],c1ccc(CCNc2ncncn2)cc1,329.18700000000007,2.850200000000001,1,6,69.16,6,True
CHEMBL1095004,CC(C)=CCC[C@](C)(O[C@@H]1O[C@H](CO[C@@H]2OC[C@H](O)[C@H](O)[C@H]2O)[C@@H](O)[C@H](O)[C@H]1O)[C@H]1CC[C@]2(C)[C@@H]1[C@H](O)C[C@@H]1[C@@]3(C)CC[C@H](O)C(C)(C)[C@@H]3[C@@H](O)C[C@]12C,LEISHMANIASIS,3.6020599913279625,DNA topoisomerase,<rdkit.Chem.rdchem.Mol object at 0x0000021ACD7B6880>,[0 0 0 ... 0 0 0],C1CCC(OCC2CCCC(OCC3CCC4C3CCC3C5CCCCC5CCC34)O2)OC1,770.9979999999999,1.7589000000000021,9,13,218.98999999999998,9,False
CHEMBL772,COC(=O)[C@H]1[C@H]2C[C@@H]3c4[nH]c5cc(OC)ccc5c4CCN3C[C@H]2C[C@@H](OC(=O)c2cc(OC)c(OC)c(OC)c2)[C@@H]1OC,LEISHMANIASIS,3.795880017344075,DNA topoisomerase,<rdkit.Chem.rdchem.Mol object at 0x0000021ACD7B6810>,[0 0 0 ... 0 0 0],O=C(OC1CCC2CC3c4[nH]c5ccccc5c4CCN3CC2C1)c1ccccc1,608.6880000000004,4.171100000000004,1,10,117.78000000000003,8,False
CHEMBL1908391,Cc1ccc(NC(=O)c2ccc(CN3CCN(C)CC3)cc2)cc1Nc1nc(-c2cccnc2)cs1,LEISHMANIASIS,4.522878745280337,DNA topoisomerase,<rdkit.Chem.rdchem.Mol object at 0x0000021ACD7B67A0>,[0 0 0 ... 0 0 0],O=C(Nc1cccc(Nc2nc(-c3cccnc3)cs2)c1)c1ccc(CN2CCNCC2)cc1,498.6560000000002,5.256820000000005,2,7,73.39000000000001,7,False
CHEMBL1915761,C[C@H](CCC=C(CO)CO)[C@H]1CC[C@@]2(C)C3=CC[C@H]4C(C)(C)C(=O)CC[C@]4(C)C3=CC[C@]12C,LEISHMANIASIS,4.372122606678477,DNA topoisomerase,<rdkit.Chem.rdchem.Mol object at 0x0000021ACD7B6730>,[0 1 0 ... 0 0 0],O=C1CCC2C3=CCC4CCCC4C3=CCC2C1,454.69500000000033,6.408100000000007,2,3,57.53,6,False
CHEMBL501302,C[C@H]1[C@H](C)CC[C@]2(C(=O)O[C@@H]3O[C@H](CO)[C@@H](O)[C@H](O)[C@H]3O)CC[C@]3(C(=O)O)C(=CC[C@@H]4[C@@]5(C)CC[C@H](O[C@@H]6O[C@H](CO)[C@@H](O)[C@H](O)[C@H]6O)C(C)(C)[C@@H]5CC[C@]43C)[C@H]12,LEISHMANIASIS,3.6020599913279625,DNA topoisomerase,<rdkit.Chem.rdchem.Mol object at 0x0000021ACD7B66C0>,[0 0 0 ... 0 0 0],O=C(OC1CCCCO1)C12CCCCC1C1=CCC3C4CCC(OC5CCCCO5)CC4CCC3C1CC2,810.9750000000004,1.2369000000000028,9,14,253.12999999999994,7,False
CHEMBL1094682,C/C=C(/C)C(=O)O[C@H]1[C@H](OC(=O)C(C)C)[C@]2(CO)[C@H](O)C[C@]3(C)C(=CC[C@@H]4[C@@]5(C)CC[C@H](O)[C@](C)(CO)[C@@H]5CC[C@]43C)[C@@H]2CC1(C)C,LEISHMANIASIS,3.6020599913279625,DNA topoisomerase,<rdkit.Chem.rdchem.Mol object at 0x0000021ACD7B6650>,[0 1 0 ... 0 0 0],C1=C2C3CCCCC3CCC2C2CCC3CCCCC3C2C1,658.917,5.750100000000006,4,8,133.52,6,False
CHEMBL2029013,CC12CN3CC(C)(C1)C[N+](Cc1cccc(Br)c1)(C3)C2,LEISHMANIASIS,4.0,Trypanothione reductase,<rdkit.Chem.rdchem.Mol object at 0x0000021ACD7B65E0>,[0 0 0 ... 0 0 0],c1ccc(C[N+]23CC4CC(CN(C4)C2)C3)cc1,336.2970000000001,3.4689000000000023,0,1,3.24,2,True
CHEMBL1908394,C[C@@H](Oc1cc(-n2cnc3ccc(CN4CCN(C)CC4)cc32)sc1C(N)=O)c1ccccc1C(F)(F)F,LEISHMANIASIS,4.522878745280337,DNA topoisomerase,<rdkit.Chem.rdchem.Mol object at 0x0000021ACD7B6570>,[0 1 0 ... 0 0 0],c1ccc(COc2csc(-n3cnc4ccc(CN5CCNCC5)cc43)c2)cc1,543.6150000000004,5.092100000000005,1,7,76.62,7,False
CHEMBL1908397,O=C(c1ccc(/C=C/c2n[nH]c3ccccc23)cc1)N1CCNCC1,LEISHMANIASIS,4.522878745280337,DNA topoisomerase,<rdkit.Chem.rdchem.Mol object at 0x0000021ACD7B6500>,[0 0 0 ... 0 0 0],O=C(c1ccc(C=Cc2n[nH]c3ccccc23)cc1)N1CCNCC1,332.40700000000015,2.7787000000000006,2,3,61.02,3,True
CHEMBL1095006,CC(C)=CCC[C@@](C)(O)[C@H]1CC[C@]2(C)[C@@H]1[C@H](O)C[C@@H]1[C@@]3(C)CC[C@H](O)C(C)(C)[C@@H]3[C@@H](O[C@@H]3O[C@H](CO)[C@@H](O)[C@H](O)[C@H]3O[C@H]3O[C@@H](C)[C@H](O)[C@@H](O)[C@H]3O)C[C@]12C,LEISHMANIASIS,3.6020599913279625,DNA topoisomerase,<rdkit.Chem.rdchem.Mol object at 0x0000021ACD7B6490>,[0 0 0 ... 0 0 0],C1CCC(OC2CCCOC2OC2CC3C4CCCC4CCC3C3CCCCC23)OC1,785.0250000000005,2.147400000000002,9,13,218.98999999999995,9,False
CHEMBL1908360,CO[C@H]1C[C@@H]2CC[C@@H](C)[C@@](O)(O2)C(=O)C(=O)N2CCCC[C@H]2C(=O)O[C@H]([C@H](C)C[C@@H]2CC[C@@H](OCCO)[C@H](OC)C2)CC(=O)[C@H](C)/C=C(\C)[C@@H](O)[C@@H](OC)C(=O)[C@H](C)C[C@H](C)/C=C/C=C/C=C/1C,LEISHMANIASIS,4.522878745280337,DNA topoisomerase,<rdkit.Chem.rdchem.Mol object at 0x0000021ACD7B6420>,[0 1 0 ... 0 0 0],O=C1CCC=CCC(=O)CC(CCC2CCCCC2)OC(=O)C2CCCCN2C(=O)C(=O)C2CCCC(CCC=CC=CC=CCCC1)O2,958.2400000000001,6.197200000000008,3,14,204.65999999999994,9,False
CHEMBL1976040,C=CCn1c(=O)c2cnc(Nc3ccc(N4CCN(C)CC4)cc3)nc2n1-c1cccc(C(C)(C)O)n1,LEISHMANIASIS,4.522878745280337,DNA topoisomerase,<rdkit.Chem.rdchem.Mol object at 0x0000021ACD7B63B0>,[0 0 0 ... 0 0 0],O=c1[nH]n(-c2ccccn2)c2nc(Nc3ccc(N4CCNCC4)cc3)ncc12,500.60700000000026,2.8860000000000015,2,10,104.34,7,False
CHEMBL1094690,C/C=C(/C)C(=O)O[C@H]1[C@H](O)[C@]2(COC(C)=O)[C@H](O)C[C@]3(C)C(=CC[C@@H]4[C@@]5(C)CC[C@H](O[C@@H]6O[C@H](C(=O)O)[C@@H](O)[C@H](O[C@@H]7O[C@@H](CO)[C@H](O)[C@H]7O)[C@H]6O[C@@H]6O[C@H](CO)[C@@H](O)[C@H](O)[C@H]6O)[C@](C)(CO)[C@@H]5CC[C@]43C)[C@@H]2CC1(C)C,LEISHMANIASIS,3.925549281045409,DNA topoisomerase,<rdkit.Chem.rdchem.Mol object at 0x0000021ACD7B6340>,[0 0 0 ... 0 0 0],C1=C2C3CCCCC3CCC2C2CCC3CC(OC4OCCC(OC5CCCO5)C4OC4CCCCO4)CCC3C2C1,1101.2430000000004,-0.6819999999999877,12,22,367.81000000000006,14,False
CHEMBL611773,CN1CCN(C2=NC(=O)CC(C(=O)Nc3cccc(Cl)c3)N2)CC1,LEISHMANIASIS,4.0,Trypanothione reductase,<rdkit.Chem.rdchem.Mol object at 0x0000021ACD7B62D0>,[0 0 0 ... 0 0 0],O=C1CC(C(=O)Nc2ccccc2)NC(N2CCNCC2)=N1,349.8220000000001,0.7703999999999996,2,5,77.03999999999999,2,True
CHEMBL1929193,C[C@@H]1O[C@@H](Oc2cc(O)c3c(=O)c(O[C@@H]4O[C@H](CO)[C@@H](O)[C@H](O)[C@H]4O)c(-c4ccc(O)cc4)oc3c2)[C@H](O)[C@H](O)[C@H]1O,LEISHMANIASIS,3.5902280322290654,DNA topoisomerase,<rdkit.Chem.rdchem.Mol object at 0x0000021ACD7B6260>,[0 0 0 ... 0 0 0],O=c1c(OC2CCCCO2)c(-c2ccccc2)oc2cc(OC3CCCCO3)ccc12,594.5220000000004,-1.743800000000001,9,15,249.19999999999996,6,False
CHEMBL1095352,C[C@H]1[C@H](C)CC[C@]2(C(=O)O[C@@H]3O[C@H](CO)[C@@H](O)[C@H](O)[C@H]3O)CC[C@]3(C(=O)O)C(=CC[C@@H]4[C@@]5(C)CC[C@H](O[C@@H]6O[C@H](CO)[C@@H](O[C@H]7O[C@@H](C)[C@H](O)[C@@H](O)[C@H]7O)[C@H](O)[C@H]6O)C(C)(C)[C@@H]5CC[C@]43C)[C@H]12,LEISHMANIASIS,3.6020599913279625,DNA topoisomerase,<rdkit.Chem.rdchem.Mol object at 0x0000021ACD7B61F0>,[0 0 0 ... 0 0 0],O=C(OC1CCCCO1)C12CCCCC1C1=CCC3C4CCC(OC5CCC(OC6CCCCO6)CO5)CC4CCC3C1CC2,957.1170000000005,0.08870000000000755,11,18,312.04999999999995,9,False
CHEMBL1926685,C[C@@H]1O[C@@H](Oc2cc(O)c3c(=O)c(O[C@@H]4O[C@H](CO)[C@H](O)[C@H](O)[C@H]4O[C@@H]4O[C@@H](C)[C@H](O)[C@@H](O)[C@H]4O)c(-c4ccc(O)cc4)oc3c2)[C@H](O)[C@H](O)[C@H]1O,LEISHMANIASIS,3.585026652029182,DNA topoisomerase,<rdkit.Chem.rdchem.Mol object at 0x0000021ACD7B6180>,[0 0 0 ... 0 0 0],O=c1c(OC2OCCCC2OC2CCCCO2)c(-c2ccccc2)oc2cc(OC3CCCCO3)ccc12,740.6640000000003,-2.8919999999999964,11,19,308.12,8,False
CHEMBL1950289,O[C@H]1CC[C@H](Nc2ncc3nc(Nc4c(F)cc(F)cc4F)n([C@H]4CCOC4)c3n2)CC1,LEISHMANIASIS,4.522878745280337,DNA topoisomerase,<rdkit.Chem.rdchem.Mol object at 0x0000021ACD7B6110>,[0 0 0 ... 0 0 0],c1ccc(Nc2nc3cnc(NC4CCCCC4)nc3n2C2CCOC2)cc1,448.4490000000003,3.6640000000000024,3,8,97.12,5,True
CHEMBL1939368,CCc1nnc(NC(=O)CCc2ccc(S(=O)(=O)Nc3ccc(F)cc3)cc2)s1,LEISHMANIASIS,5.154901959985743,Cysteine protease,<rdkit.Chem.rdchem.Mol object at 0x0000021ACD7B60A0>,[0 0 0 ... 0 0 0],O=C(CCc1ccc(S(=O)(=O)Nc2ccccc2)cc1)Nc1nncs1,434.51800000000003,3.6117000000000026,2,6,101.05000000000001,8,True
CHEMBL1929026,C[C@@H]1O[C@@H](Oc2cc(O)c3c(=O)c(O[C@@H]4OC[C@H](O)[C@H](O)[C@H]4O)c(-c4ccc(O)cc4)oc3c2)[C@H](O)[C@H](O)[C@H]1O,LEISHMANIASIS,3.5417730257250373,DNA topoisomerase,<rdkit.Chem.rdchem.Mol object at 0x0000021ACD7B6030>,[0 0 0 ... 0 0 0],O=c1c(OC2CCCCO2)c(-c2ccccc2)oc2cc(OC3CCCCO3)ccc12,564.4960000000003,-1.1047000000000007,8,14,228.96999999999994,5,False
CHEMBL1929027,C[C@@H]1O[C@@H](Oc2cc(O)c3c(=O)c(O[C@@H]4O[C@H](CO)[C@@H](O)[C@H](O)[C@H]4O[C@@H]4O[C@@H](C)[C@H](O)[C@@H](O)[C@H]4O)c(-c4ccc(O)cc4)oc3c2)[C@H](O)[C@H](O)[C@H]1O,LEISHMANIASIS,3.657577319177794,DNA topoisomerase,<rdkit.Chem.rdchem.Mol object at 0x0000021ACD7B5FC0>,[0 0 0 ... 0 0 0],O=c1c(OC2OCCCC2OC2CCCCO2)c(-c2ccccc2)oc2cc(OC3CCCCO3)ccc12,740.6640000000003,-2.8919999999999964,11,19,308.12,8,False
CHEMBL1983268,CN1CCN(c2ccc(C(=O)Nc3n[nH]c4ccc(Cc5cc(F)cc(F)c5)cc34)c(NC3CCOCC3)c2)CC1,LEISHMANIASIS,4.522878745280337,DNA topoisomerase,<rdkit.Chem.rdchem.Mol object at 0x0000021ACD7B5F50>,[0 0 0 ... 0 0 0],O=C(Nc1n[nH]c2ccc(Cc3ccccc3)cc12)c1ccc(N2CCNCC2)cc1NC1CCOCC1,560.6490000000001,5.026900000000005,3,6,85.52,7,False
CHEMBL1990772,C/C(=N/NC(=O)c1cc2ccccc2cc1O)C1C(=O)c2ccccc2C1=O,LEISHMANIASIS,5.265200170411153,Cysteine protease,<rdkit.Chem.rdchem.Mol object at 0x0000021ACD7B5EE0>,[0 0 0 ... 0 0 0],O=C(NN=CC1C(=O)c2ccccc2C1=O)c1ccc2ccccc2c1,372.3800000000001,3.3465000000000016,2,5,95.82999999999998,3,True
CHEMBL1991046,O=C1Nc2cccc3cc(NCC(O)CCl)cc1c23,LEISHMANIASIS,3.946327167263952,Cysteine protease,<rdkit.Chem.rdchem.Mol object at 0x0000021ACD7B5E70>,[0 1 0 ... 0 0 0],O=C1Nc2cccc3cccc1c23,276.723,2.4171000000000005,3,3,61.36,4,True
CHEMBL1964644,O=C(NCc1ccccc1)Nc1ncc([N+](=O)[O-])s1,LEISHMANIASIS,5.769551078621726,Cysteine protease,<rdkit.Chem.rdchem.Mol object at 0x0000021ACD7B5E00>,[0 0 0 ... 0 0 0],O=C(NCc1ccccc1)Nc1nccs1,278.293,2.373,2,5,97.16,4,True
CHEMBL1989223,COc1cccc2c1C(=O)C=CC2=O,LEISHMANIASIS,4.318758762624412,DNA topoisomerase,<rdkit.Chem.rdchem.Mol object at 0x0000021ACD7B5D90>,[0 0 0 ... 0 0 0],O=C1C=CC(=O)c2ccccc21,188.182,1.6304,0,3,43.370000000000005,1,True
CHEMBL1989234,COc1cc(/C=C2\S/C(=N\c3ccccc3)N(CCc3c[nH]c4ccccc34)C2=O)ccc1OC(C)C(=O)O,LEISHMANIASIS,5.089909454405932,Cysteine protease,<rdkit.Chem.rdchem.Mol object at 0x0000021ACD7B5D20>,[0 1 0 ... 0 0 0],O=C1C(=Cc2ccccc2)SC(=Nc2ccccc2)N1CCc1c[nH]c2ccccc12,541.6290000000004,5.875100000000006,2,6,104.22000000000001,9,False
CHEMBL1968273,Oc1c(Br)cc(Br)c(/C=N/n2c(S)nnc2-c2ccccc2)c1Br,LEISHMANIASIS,5.113509274827518,Cysteine protease,<rdkit.Chem.rdchem.Mol object at 0x0000021ACD7B5CB0>,[0 0 0 ... 0 0 0],C(=Nn1cnnc1-c1ccccc1)c1ccccc1,533.0430000000001,5.109100000000003,2,6,63.300000000000004,3,False
CHEMBL1974450,Cc1cc(/C=N/n2c(COc3ccccc3)nc3ccccc3c2=O)c(O)c([N+](=O)[O-])c1,LEISHMANIASIS,4.703268353045999,Cysteine protease,<rdkit.Chem.rdchem.Mol object at 0x0000021ACD7B5C40>,[0 0 0 ... 0 0 0],O=c1c2ccccc2nc(COc2ccccc2)n1N=Cc1ccccc1,430.42000000000024,3.7799200000000024,1,8,119.85,6,True
CHEMBL1978651,C=C(C)Cn1c(SCC(=O)N/N=C/c2c(O)ccc3ccccc23)nc2ccccc2c1=O,LEISHMANIASIS,4.876148359032914,Cysteine protease,<rdkit.Chem.rdchem.Mol object at 0x0000021ACD7B5BD0>,[0 0 0 ... 0 0 0],O=C(CSc1nc2ccccc2c(=O)[nH]1)NN=Cc1cccc2ccccc12,458.5430000000002,4.073800000000003,2,7,96.58000000000001,7,True
CHEMBL1969593,Cc1ccccc1/C=N/Nc1ccnc2cc(Cl)ccc12,LEISHMANIASIS,4.832682665251824,Cysteine protease,<rdkit.Chem.rdchem.Mol object at 0x0000021ACD7B5B60>,[0 0 0 ... 0 0 0],C(=NNc1ccnc2ccccc12)c1ccccc1,295.7730000000001,4.642620000000003,1,3,37.28,3,True
CHEMBL1972739,Cc1cccc(/N=C/c2cc(Br)cc(Cl)c2O)c1,LEISHMANIASIS,5.0695604052333,Cysteine protease,<rdkit.Chem.rdchem.Mol object at 0x0000021ACD7B5AF0>,[0 0 0 ... 0 0 0],C(=Nc1ccccc1)c1ccccc1,324.605,4.867120000000003,1,2,32.59,2,True
CHEMBL1952329,CN1CCC(CNc2ccc3ncc(-c4cccc(OC(F)(F)F)c4)n3n2)CC1,LEISHMANIASIS,4.522878745280337,DNA topoisomerase,<rdkit.Chem.rdchem.Mol object at 0x0000021ACD7B5A80>,[0 0 0 ... 0 0 0],c1ccc(-c2cnc3ccc(NCC4CCNCC4)nn23)cc1,405.4240000000001,4.048600000000003,1,6,54.69,5,True
CHEMBL1982888,O=C(O)c1ccc(-c2ccc(/C=c3/sc4nc5ccccc5n4c3=O)o2)cc1Cl,LEISHMANIASIS,4.913640169325252,Cysteine protease,<rdkit.Chem.rdchem.Mol object at 0x0000021ACD7B5A10>,[0 0 0 ... 0 0 0],O=c1c(=Cc2ccc(-c3ccccc3)o2)sc2nc3ccccc3n12,422.84900000000016,4.068500000000002,1,6,84.80999999999999,3,True
CHEMBL1994668,Cc1ccc(-n2c(SCC(=O)N/N=C/c3c(C)nn(-c4ccccc4)c3C)nc3ccccc3c2=O)cc1,LEISHMANIASIS,4.847711655616943,Cysteine protease,<rdkit.Chem.rdchem.Mol object at 0x0000021ACD7B59A0>,[0 0 0 ... 0 0 0],O=C(CSc1nc2ccccc2c(=O)n1-c1ccccc1)NN=Cc1cnn(-c2ccccc2)c1,522.6340000000002,4.739060000000004,1,8,94.17000000000002,7,False
CHEMBL1999630,Cc1ccccc1NC1=C/C(=N\S(=O)(=O)c2ccc(C(=O)O)cc2)c2ccccc2C1=O,LEISHMANIASIS,5.232844133917819,Cysteine protease,<rdkit.Chem.rdchem.Mol object at 0x0000021ACD7B5930>,[0 1 0 ... 0 0 0],O=C1C(Nc2ccccc2)=CC(=NS(=O)(=O)c2ccccc2)c2ccccc21,446.4840000000002,4.063520000000002,2,5,112.9,5,True
CHEMBL1996572,O=C(N/N=C/c1ccccc1Cl)c1nc(O)c2cc([N+](=O)[O-])ccc2n1,LEISHMANIASIS,4.995678626217358,Cysteine protease,<rdkit.Chem.rdchem.Mol object at 0x0000021ACD7B58C0>,[0 0 0 ... 0 0 0],O=C(NN=Cc1ccccc1)c1ncc2ccccc2n1,371.74000000000007,2.6609000000000007,2,7,130.61,4,True
CHEMBL1998302,O=C(O)c1ccc(NC2=C/C(=N/S(=O)(=O)c3ccccc3)c3ccccc3C2=O)cc1,LEISHMANIASIS,4.995678626217358,Cysteine protease,<rdkit.Chem.rdchem.Mol object at 0x0000021ACD7B5850>,[0 1 0 ... 0 0 0],O=C1C(Nc2ccccc2)=CC(=NS(=O)(=O)c2ccccc2)c2ccccc21,432.4570000000001,3.7551000000000023,2,5,112.89999999999998,5,True
CHEMBL2017974,Nc1cc(C(F)(F)F)c(-c2cc(N3CCOCC3)nc(N3CCOCC3)n2)cn1,LEISHMANIASIS,4.522878745280337,DNA topoisomerase,<rdkit.Chem.rdchem.Mol object at 0x0000021ACD7B57E0>,[0 0 0 ... 0 0 0],c1cncc(-c2cc(N3CCOCC3)nc(N3CCOCC3)n2)c1,410.4000000000002,1.8128000000000002,1,8,89.63,3,True
CHEMBL2009956,O=C(NCCCCNCCCNC(=O)C(F)(F)F)C(F)(F)F,LEISHMANIASIS,2.6989700043360187,Trypanothione reductase,<rdkit.Chem.rdchem.Mol object at 0x0000021ACD7B5770>,[0 0 0 ... 0 0 0],,337.26399999999995,1.103299999999999,3,3,70.23,9,True
CHEMBL2008816,CC(=O)NCCCCNCCCNC(C)=O,LEISHMANIASIS,2.6989700043360187,Trypanothione reductase,<rdkit.Chem.rdchem.Mol object at 0x0000021ACD7B5700>,[0 0 0 ... 0 0 0],,229.32399999999998,0.018500000000001127,3,3,70.23,9,True
CHEMBL2028663,CC(C)(C)c1nc(-c2cccc(NS(=O)(=O)c3c(F)cccc3F)c2F)c(-c2ccnc(N)n2)s1,LEISHMANIASIS,4.522878745280337,DNA topoisomerase,<rdkit.Chem.rdchem.Mol object at 0x0000021ACD7B5690>,[0 0 0 ... 0 0 0],O=S(=O)(Nc1cccc(-c2ncsc2-c2ccncn2)c1)c1ccccc1,519.5740000000002,5.364900000000003,2,7,110.86,5,False
CHEMBL1939412,O=C(O)c1ccc(Nc2ncnc3[nH]cnc23)cc1,LEISHMANIASIS,4.356547323513812,DNA topoisomerase,<rdkit.Chem.rdchem.Mol object at 0x0000021ACD7B5620>,[0 0 0 ... 0 0 0],c1ccc(Nc2ncnc3[nH]cnc23)cc1,255.23700000000002,1.7946999999999997,3,5,103.79,3,True
CHEMBL2029060,O=C1c2c(c3c4ccc(O)cc4n([C@@H]4O[C@H](CO)[C@@H](O[C@H]5O[C@H](CO)[C@@H](O)[C@H](O)[C@H]5O)[C@H](O)[C@H]4O)c3c3[nH]c4cc(O)ccc4c23)C(=O)N1NC(CO)CO,LEISHMANIASIS,4.911954370472159,DNA topoisomerase,<rdkit.Chem.rdchem.Mol object at 0x0000021ACD7B55B0>,[0 1 0 ... 0 0 0],O=C1NC(=O)c2c1c1c3ccccc3[nH]c1c1c2c2ccccc2n1C1CCC(OC2CCCCO2)CO1,770.701,-2.9093999999999984,13,18,320.34999999999997,9,False
CHEMBL2001019,OCCn1cc(-c2cnc3nnn(Cc4ccc5ncccc5c4)c3n2)cn1,LEISHMANIASIS,4.522878745280337,DNA topoisomerase,<rdkit.Chem.rdchem.Mol object at 0x0000021ACD7B5540>,[0 0 0 ... 0 0 0],c1cnc2ccc(Cn3nnc4ncc(-c5cn[nH]c5)nc43)cc2c1,372.39200000000005,1.6735999999999995,1,9,107.42999999999999,5,True
CHEMBL2002459,Nc1ccc2c(c1)Oc1c(F)c(F)cc3c(=O)c(C(=O)O)cn-2c13,LEISHMANIASIS,3.3010299956639813,DNA topoisomerase,<rdkit.Chem.rdchem.Mol object at 0x0000021ACD7B54D0>,[0 0 0 ... 0 0 0],O=c1ccn2c3c(cccc13)Oc1ccccc1-2,330.24600000000004,2.6550000000000002,2,5,94.55000000000001,1,True
CHEMBL1986418,Oc1ccc2ccccc2c1/C=N/Nc1nnc(-c2ncc[nH]2)c2ccccc12,LEISHMANIASIS,5.432242859500607,Cysteine protease,<rdkit.Chem.rdchem.Mol object at 0x0000021ACD7B5460>,[0 0 0 ... 0 0 0],C(=NNc1nnc(-c2ncc[nH]2)c2ccccc12)c1cccc2ccccc12,380.41100000000006,4.324700000000002,3,6,99.08000000000001,4,True
CHEMBL2029988,COc1cc2ncnc(Oc3cccc(NC(=O)Nc4cc(C(C)(C)C(F)(F)F)on4)c3)c2cc1OC,LEISHMANIASIS,4.522878745280337,DNA topoisomerase,<rdkit.Chem.rdchem.Mol object at 0x0000021ACD7B53F0>,[0 0 0 ... 0 0 0],O=C(Nc1cccc(Oc2ncnc3ccccc23)c1)Nc1ccon1,517.4640000000002,5.911200000000004,2,8,120.63000000000001,7,False
CHEMBL2030402,O=c1[nH]c([C@@H]2CCCN2)nc2c1oc1ccc(Cl)cc12,LEISHMANIASIS,4.522878745280337,DNA topoisomerase,<rdkit.Chem.rdchem.Mol object at 0x0000021ACD7B5380>,[0 0 0 ... 0 0 0],O=c1[nH]c(C2CCCN2)nc2c1oc1ccccc12,289.72200000000004,2.747200000000001,2,4,70.92,1,True
CHEMBL2036339,O=C1/C(=C/c2ccncc2)CC/C1=C\c1ccncc1,LEISHMANIASIS,4.0,Trypanothione reductase,<rdkit.Chem.rdchem.Mol object at 0x0000021ACD7B5310>,[0 0 0 ... 0 0 0],O=C1C(=Cc2ccncc2)CCC1=Cc1ccncc1,262.31199999999995,3.3065000000000015,0,3,42.85,2,True
CHEMBL2048872,N[C@@H]1CCCN(c2c(/C=C3\SC(=O)NC3=O)cccc2-c2ccccc2)C1,LEISHMANIASIS,4.522878745280337,DNA topoisomerase,<rdkit.Chem.rdchem.Mol object at 0x0000021ACD7B52A0>,[0 0 0 ... 0 0 0],O=C1NC(=O)C(=Cc2cccc(-c3ccccc3)c2N2CCCCC2)S1,379.4850000000001,3.605000000000002,2,5,75.43,3,True
CHEMBL2079588,CNC(=O)c1cc(COc2nnc(Nc3ccc(Cl)cc3)c3ccoc23)ccn1,LEISHMANIASIS,4.522878745280337,DNA topoisomerase,<rdkit.Chem.rdchem.Mol object at 0x0000021ACD7B5230>,[0 0 0 ... 0 0 0],c1ccc(Nc2nnc(OCc3ccncc3)c3occc23)cc1,409.83300000000014,3.953400000000002,2,7,102.17,6,True
CHEMBL3991927,COc1ccc(S(=O)(=O)N(C(C)=O)c2ccccc2/C=C/c2cc[n+]([O-])cc2)cc1,LEISHMANIASIS,4.522878745280337,DNA topoisomerase,<rdkit.Chem.rdchem.Mol object at 0x0000021ACD7B51C0>,[0 0 0 ... 0 0 0],O=S(=O)(Nc1ccccc1C=Cc1cc[nH+]cc1)c1ccccc1,424.4780000000001,3.240800000000002,0,5,90.62,6,True
CHEMBL3991932,Cc1ccc(-n2nc(C(C)(C)C)cc2NC(=O)NCc2cc(F)ccc2Oc2ccc3c(cnn3CCO)c2)cc1,LEISHMANIASIS,4.522878745280337,DNA topoisomerase,<rdkit.Chem.rdchem.Mol object at 0x0000021ACD7B5150>,[0 0 0 ... 0 0 0],O=C(NCc1ccccc1Oc1ccc2[nH]ncc2c1)Nc1ccnn1-c1ccccc1,556.6420000000004,6.073320000000007,3,7,106.23,8,False
CHEMBL2035187,C1=N/C2=N/c3ccc(OCCN4CCCC4)c(c3)COC/C=C/COCc3cccc(c3)C(=C1)N2,LEISHMANIASIS,4.522878745280337,DNA topoisomerase,<rdkit.Chem.rdchem.Mol object at 0x0000021ACD7B50E0>,[0 0 0 ... 0 0 0],C1=CCOCc2cc(ccc2OCCN2CCCC2)N=C2N=CC=C(N2)c2cccc(c2)COC1,472.58900000000017,4.466800000000004,1,7,67.68,4,True
CHEMBL2041933,NC(=O)Nc1cc(-c2cccc(F)c2)sc1C(=O)N[C@H]1CCCNC1,LEISHMANIASIS,4.522878745280337,DNA topoisomerase,<rdkit.Chem.rdchem.Mol object at 0x0000021ACD7B5070>,[0 0 0 ... 0 0 0],O=C(NC1CCCNC1)c1ccc(-c2ccccc2)s1,362.4300000000001,2.5266,4,4,96.25,4,True
CHEMBL2087361,C#Cc1cccc(Nc2ncnc3cc4c(cc23)OCCOCCOCCO4)c1,LEISHMANIASIS,4.522878745280337,DNA topoisomerase,<rdkit.Chem.rdchem.Mol object at 0x0000021ACD7B5000>,[0 0 0 ... 0 0 0],c1ccc(Nc2ncnc3cc4c(cc23)OCCOCCOCCO4)cc1,391.4270000000003,3.1591000000000014,1,7,74.73000000000002,2,True
CHEMBL359744,COc1cccc2c1C(=O)c1c(O)c3c(c(O)c1C2=O)C[C@@](O)(C(=O)CO)C[C@@H]3O[C@H]1C[C@H](N)[C@H](O)[C@H](C)O1.Cl,LEISHMANIASIS,6.026872146400302,DNA topoisomerase,<rdkit.Chem.rdchem.Mol object at 0x0000021ACD7B4F90>,[0 0 0 ... 0 0 0],O=C1c2ccccc2C(=O)c2cc3c(cc21)CCCC3OC1CCCCO1,579.9860000000003,0.4230999999999994,6,12,206.07,5,False
CHEMBL2180604,Cc1cc(C(=O)Nc2cc(Oc3ccc4nc(NC(=O)C5CC5)cn4n3)ccc2C)n(C)n1,LEISHMANIASIS,4.522878745280337,DNA topoisomerase,<rdkit.Chem.rdchem.Mol object at 0x0000021ACD7B4F20>,[0 0 0 ... 0 0 0],O=C(Nc1cccc(Oc2ccc3nc(NC(=O)C4CC4)cn3n2)c1)c1ccn[nH]1,445.48300000000023,3.4727400000000017,2,8,115.43999999999998,6,True
CHEMBL2165191,Cc1cc([C@@H](C)Nc2ccccc2C(=O)O)c2nc(N3CCOCC3)cc(=O)n2c1,LEISHMANIASIS,4.522878745280337,DNA topoisomerase,<rdkit.Chem.rdchem.Mol object at 0x0000021ACD7B4EB0>,[0 1 0 ... 0 0 0],O=c1cc(N2CCOCC2)nc2c(CNc3ccccc3)cccn12,408.45800000000025,2.710820000000001,2,7,96.16999999999999,5,True
CHEMBL2146883,O=C(c1ccc(F)c(F)c1Nc1ccc(I)cc1F)N1CC(O)([C@@H]2CCCCN2)C1,LEISHMANIASIS,4.522878745280337,DNA topoisomerase,<rdkit.Chem.rdchem.Mol object at 0x0000021ACD7B4E40>,[0 0 0 ... 0 0 0],O=C(c1ccccc1Nc1ccccc1)N1CC(C2CCCCN2)C1,531.3160000000003,3.781100000000002,3,4,64.60000000000001,4,False
CHEMBL2205004,CC(=O)O[C@H]1C[C@H]([C@H](C)CC/C=C(\C)C(=O)O)[C@@]2(C)CC=C3C(=CC[C@H]4C(C)(C)[C@@H](O)CC[C@]34C)[C@]12C,LEISHMANIASIS,4.430848650916859,DNA topoisomerase,<rdkit.Chem.rdchem.Mol object at 0x0000021ACD7B4DD0>,[0 1 0 ... 0 0 0],C1=C2C(=CCC3CCCCC23)C2CCCC2C1,512.7310000000003,6.861400000000009,2,4,83.83000000000001,6,False
CHEMBL2103875,CC(=O)Nc1cccc(-n2c(=O)n(C3CC3)c(=O)c3c(Nc4ccc(I)cc4F)n(C)c(=O)c(C)c32)c1,LEISHMANIASIS,4.522878745280337,DNA topoisomerase,<rdkit.Chem.rdchem.Mol object at 0x0000021ACD7B4D60>,[0 0 0 ... 0 1 0],O=c1cc2c(c(Nc3ccccc3)[nH]1)c(=O)n(C1CC1)c(=O)n2-c1ccccc1,615.4029999999999,3.940120000000002,2,8,107.13,5,False
CHEMBL2103882,O=C1NC(=O)[C@@H](c2cn3c4c(cccc24)CCC3)[C@@H]1c1c[nH]c2ccccc12,LEISHMANIASIS,4.522878745280337,DNA topoisomerase,<rdkit.Chem.rdchem.Mol object at 0x0000021ACD7B4CF0>,[0 0 0 ... 0 0 0],O=C1NC(=O)C(c2cn3c4c(cccc24)CCC3)C1c1c[nH]c2ccccc12,369.42400000000004,3.592600000000002,2,3,66.89,2,True
CHEMBL2103830,COc1cc(Nc2ncc(F)c(Nc3ccc4c(n3)N(COP(=O)(O)O)C(=O)C(C)(C)O4)n2)cc(OC)c1OC,LEISHMANIASIS,4.522878745280337,DNA topoisomerase,<rdkit.Chem.rdchem.Mol object at 0x0000021ACD7B4C80>,[0 0 0 ... 0 0 0],O=C1COc2ccc(Nc3ccnc(Nc4ccccc4)n3)nc2N1,580.4660000000002,3.094500000000001,4,12,186.71999999999997,10,False
CHEMBL2103842,C[C@@H]1COC(Nc2ccc3ncnc(Nc4ccc(OCc5nccs5)c(Cl)c4)c3c2)=N1,LEISHMANIASIS,4.522878745280337,DNA topoisomerase,<rdkit.Chem.rdchem.Mol object at 0x0000021ACD7B4C10>,[0 0 0 ... 0 0 0],c1csc(COc2ccc(Nc3ncnc4ccc(NC5=NCCO5)cc34)cc2)n1,466.9540000000002,5.2489000000000035,2,9,93.55,6,False
CHEMBL2103851,S=C(NCc1ccc2c(c1)OCO2)N1CCN(c2ncnc3c2oc2ccccc23)CC1,LEISHMANIASIS,4.522878745280337,DNA topoisomerase,<rdkit.Chem.rdchem.Mol object at 0x0000021ACD7B4BA0>,[0 0 0 ... 0 0 0],S=C(NCc1ccc2c(c1)OCO2)N1CCN(c2ncnc3c2oc2ccccc23)CC1,447.5200000000002,3.301400000000002,1,7,75.89,3,True
CHEMBL2103839,CO[C@H]1C[C@@H]2CC[C@@H](C)[C@@](O)(O2)C(=O)C(=O)N2CCCC[C@H]2C(=O)O[C@H]([C@H](C)C[C@@H]2CC[C@@H](OP(C)(C)=O)[C@H](OC)C2)CC(=O)[C@H](C)/C=C(\C)[C@@H](O)[C@@H](OC)C(=O)[C@H](C)C[C@H](C)/C=C/C=C/C=C/1C,LEISHMANIASIS,4.522878745280337,DNA topoisomerase,<rdkit.Chem.rdchem.Mol object at 0x0000021ACD7B4B30>,[0 1 0 ... 0 0 0],O=C1CCC=CCC(=O)CC(CCC2CCCCC2)OC(=O)C2CCCCN2C(=O)C(=O)C2CCCC(CCC=CC=CC=CCCC1)O2,990.222,7.742600000000009,2,14,201.49999999999994,8,False
CHEMBL2103840,CCc1cnn2c(NCc3ccc[n+]([O-])c3)cc(N3CCCC[C@H]3CCO)nc12,LEISHMANIASIS,4.522878745280337,DNA topoisomerase,<rdkit.Chem.rdchem.Mol object at 0x0000021ACD7B4AC0>,[0 0 0 ... 0 0 0],c1c[nH+]cc(CNc2cc(N3CCCCC3)nc3ccnn23)c1,396.4950000000003,2.2785000000000006,2,7,92.63,7,True
CHEMBL2105728,CC1(COc2ccc3c(c2)ncn3-c2ccc3cccc(N4CCC(N)CC4)c3n2)COC1,LEISHMANIASIS,4.522878745280337,DNA topoisomerase,<rdkit.Chem.rdchem.Mol object at 0x0000021ACD7B4A50>,[0 0 0 ... 0 0 0],c1cc(N2CCCCC2)c2nc(-n3cnc4cc(OCC5COC5)ccc43)ccc2c1,443.5510000000004,3.916500000000001,1,7,78.43,5,True
CHEMBL2105759,CCS(=O)(=O)N1CC(CC#N)(n2cc(-c3ncnc4[nH]ccc34)cn2)C1,LEISHMANIASIS,4.522878745280337,DNA topoisomerase,<rdkit.Chem.rdchem.Mol object at 0x0000021ACD7B49E0>,[0 0 0 ... 0 0 0],c1nc(-c2cnn(C3CNC3)c2)c2cc[nH]c2n1,371.4260000000001,1.09568,1,7,120.55999999999999,5,True
CHEMBL2105717,COc1cc2nccc(Oc3ccc(NC(=O)C4(C(=O)Nc5ccc(F)cc5)CC4)cc3)c2cc1OC,LEISHMANIASIS,4.522878745280337,DNA topoisomerase,<rdkit.Chem.rdchem.Mol object at 0x0000021ACD7B4970>,[0 0 0 ... 0 0 0],O=C(Nc1ccccc1)C1(C(=O)Nc2ccc(Oc3ccnc4ccccc34)cc2)CC1,501.51400000000024,5.5408000000000035,2,6,98.78000000000002,8,False
CHEMBL2107832,O=C(NC[C@H](O)CO)c1ccncc1Nc1ccc(I)cc1F,LEISHMANIASIS,4.522878745280337,DNA topoisomerase,<rdkit.Chem.rdchem.Mol object at 0x0000021ACD7B4900>,[0 1 0 ... 0 0 0],c1ccc(Nc2cccnc2)cc1,431.20500000000004,1.6518999999999995,4,5,94.48,6,True
CHEMBL2110732,COc1cc2ncnc(Nc3ccc(F)c(Cl)c3)c2cc1NC(=O)/C=C/CN1CCCCC1,LEISHMANIASIS,4.522878745280337,DNA topoisomerase,<rdkit.Chem.rdchem.Mol object at 0x0000021ACD7B4890>,[0 0 1 ... 0 0 0],O=C(C=CCN1CCCCC1)Nc1ccc2ncnc(Nc3ccccc3)c2c1,469.9480000000004,5.1551000000000045,2,6,79.38000000000001,7,False
CHEMBL2220486,CNC(=O)c1cccc2cc(Oc3ccnc4cc(OCC5(N)CC5)c(OC)cc34)ccc12,LEISHMANIASIS,4.522878745280337,DNA topoisomerase,<rdkit.Chem.rdchem.Mol object at 0x0000021ACD7B4820>,[0 0 0 ... 0 0 0],c1ccc2cc(Oc3ccnc4cc(OCC5CC5)ccc34)ccc2c1,443.5030000000003,4.418600000000003,2,6,95.7,7,True
CHEMBL2216870,CC[C@H](Nc1ncnc2[nH]cnc12)c1nc2cccc(F)c2c(=O)n1-c1ccccc1,LEISHMANIASIS,4.522878745280337,DNA topoisomerase,<rdkit.Chem.rdchem.Mol object at 0x0000021ACD7B47B0>,[0 1 0 ... 0 0 0],O=c1c2ccccc2nc(CNc2ncnc3[nH]cnc23)n1-c1ccccc1,415.43200000000013,3.7543000000000015,2,7,101.38000000000002,5,True
CHEMBL2219422,Cn1ncc(Cl)c1-c1cc(C(=O)N[C@H](CN)Cc2cccc(F)c2)sc1Cl,LEISHMANIASIS,4.522878745280337,DNA topoisomerase,<rdkit.Chem.rdchem.Mol object at 0x0000021ACD7B4740>,[0 1 0 ... 0 0 0],O=C(NCCc1ccccc1)c1cc(-c2ccn[nH]2)cs1,427.3320000000001,3.894300000000002,2,5,72.94,6,True
CHEMBL2180182,CC(=O)N1c2ccccc2Oc2ccccc21,LEISHMANIASIS,4.0,Trypanothione reductase,<rdkit.Chem.rdchem.Mol object at 0x0000021ACD7B46D0>,[0 0 0 ... 0 0 0],c1ccc2c(c1)Nc1ccccc1O2,225.24699999999999,3.4769000000000014,0,2,29.540000000000003,0,True
CHEMBL2138625,C=CC(=O)Nc1cc2c(Nc3ccc(F)c(Cl)c3)ncnc2cc1C#CC(C)(C)N1CCN(C)CC1,LEISHMANIASIS,4.522878745280337,DNA topoisomerase,<rdkit.Chem.rdchem.Mol object at 0x0000021ACD7B4660>,[0 0 0 ... 0 0 0],C(#Cc1ccc2c(Nc3ccccc3)ncnc2c1)CN1CCNCC1,507.0130000000004,4.667900000000004,2,6,73.38999999999999,5,False
CHEMBL2140408,Cc1csc(-c2nnc(Nc3ccc(Oc4ncccc4-c4ccnc(N)n4)cc3)c3ccccc23)c1,LEISHMANIASIS,5.054203397825518,DNA topoisomerase,<rdkit.Chem.rdchem.Mol object at 0x0000021ACD7B45F0>,[0 0 0 ... 0 0 0],c1csc(-c2nnc(Nc3ccc(Oc4ncccc4-c4ccncn4)cc3)c3ccccc23)c1,503.59100000000024,6.6368200000000055,2,9,111.73,6,False
CHEMBL2133806,Cn1cc(-c2ccc3nnc(C(F)(F)c4ccc5ncccc5c4)n3n2)cn1,LEISHMANIASIS,4.522878745280337,DNA topoisomerase,<rdkit.Chem.rdchem.Mol object at 0x0000021ACD7B4580>,[0 0 0 ... 0 0 0],c1cnc2ccc(Cc3nnc4ccc(-c5cn[nH]c5)nn34)cc2c1,377.358,3.2131000000000016,0,7,73.79,3,True
CHEMBL2152855,CCNC(=O)Nc1nc2cc(-c3cnc(C(C)(C)O)nc3)c(F)c([C@H]3CCCO3)c2[nH]1.CS(=O)(=O)O,LEISHMANIASIS,7.920818753952375,DNA topoisomerase,<rdkit.Chem.rdchem.Mol object at 0x0000021ACD7B4510>,[0 0 0 ... 0 0 0],c1ncc(-c2cc(C3CCCO3)c3[nH]cnc3c2)cn1,524.5750000000003,2.8833,5,8,179.42,5,False
CHEMBL2153501,CCCCCCCCCCCC#CC(=O)O,LEISHMANIASIS,4.168770306132936,DNA topoisomerase,<rdkit.Chem.rdchem.Mol object at 0x0000021ACD7B44A0>,[0 0 0 ... 0 0 0],,224.34399999999997,3.995300000000002,1,1,37.3,9,True
CHEMBL2158050,COc1ccc2ncc(F)c([C@@H](O)CC[C@@H]3CCN(CCSc4cccs4)C[C@@H]3C(=O)O)c2c1,LEISHMANIASIS,5.201152407037244,DNA topoisomerase,<rdkit.Chem.rdchem.Mol object at 0x0000021ACD7B4430>,[0 1 0 ... 0 0 0],c1csc(SCCN2CCC(CCCc3ccnc4ccccc34)CC2)c1,504.6490000000002,5.072600000000004,2,7,82.89,10,False
CHEMBL2179000,NCCCCCNCc1ccc(OC2=CC(=O)c3cc4ccccc4cc3C2=O)cc1.O=C(O)C(F)(F)F,LEISHMANIASIS,5.468521082957745,Trypanothione reductase,<rdkit.Chem.rdchem.Mol object at 0x0000021ACD7B43C0>,[0 0 0 ... 0 0 0],O=C1C=C(Oc2ccccc2)C(=O)c2cc3ccccc3cc21,528.5270000000003,5.033600000000004,3,6,118.71999999999998,9,False
CHEMBL2153502,CCCCCCCCCCCCCCCC#CC(=O)O,LEISHMANIASIS,5.275724130399211,DNA topoisomerase,<rdkit.Chem.rdchem.Mol object at 0x0000021ACD7B4350>,[0 0 0 ... 0 0 0],,280.45199999999994,5.555700000000005,1,1,37.3,13,False
CHEMBL2152856,CCNC(=O)Nc1nc2cc(-c3cnc(C(C)(C)OP(=O)([O-])[O-])nc3)c(F)c([C@H]3CCCO3)c2[nH]1.[Na+].[Na+],LEISHMANIASIS,7.173393743112328,DNA topoisomerase,<rdkit.Chem.rdchem.Mol object at 0x0000021ACD7B42E0>,[0 0 0 ... 0 0 0],c1ncc(-c2cc(C3CCCO3)c3[nH]cnc3c2)cn1,552.4110000000003,-3.759699999999996,3,9,177.24,7,False
CHEMBL2178999,NCCCCCNCc1ccc(OC2=CC(=O)c3ccccc3C2=O)cc1.O=C(O)C(F)(F)F,LEISHMANIASIS,5.445042068488103,Trypanothione reductase,<rdkit.Chem.rdchem.Mol object at 0x0000021ACD7B4270>,[0 1 0 ... 0 0 0],O=C1C=C(Oc2ccccc2)C(=O)c2ccccc21,478.46700000000016,3.8804000000000025,3,6,118.71999999999998,9,True
CHEMBL2313314,O=C(NCc1ccccc1)c1ccc([N+](=O)[O-])o1,LEISHMANIASIS,4.214670164989233,Trypanothione reductase,<rdkit.Chem.rdchem.Mol object at 0x0000021ACD7B4200>,[0 0 0 ... 0 0 0],O=C(NCc1ccccc1)c1ccco1,246.22199999999998,2.1178,1,4,85.38,4,True
CHEMBL2323775,Cn1cc(-c2cnc3ccc4ccc(CS(=O)(=O)NCc5ccccn5)cc4c(=O)c3c2)cn1,LEISHMANIASIS,4.522878745280337,DNA topoisomerase,<rdkit.Chem.rdchem.Mol object at 0x0000021ACD7B4190>,[0 0 0 ... 0 0 0],O=c1c2cc(CS(=O)(=O)NCc3ccccn3)ccc2ccc2ncc(-c3cn[nH]c3)cc12,471.5420000000002,3.1633000000000013,1,7,106.83999999999999,6,True
CHEMBL2325741,NC1(C(=O)N[C@@H](CCO)c2ccc(Cl)cc2)CCN(c2nc[nH]c3nccc2-3)CC1,LEISHMANIASIS,4.522878745280337,DNA topoisomerase,<rdkit.Chem.rdchem.Mol object at 0x0000021ACD7B4120>,[0 1 0 ... 0 0 0],O=C(NCc1ccccc1)C1CCN(c2nc[nH]c3nccc2-3)CC1,428.9240000000002,2.1004999999999994,4,6,120.16000000000001,6,True
CHEMBL599924,CCn1nc(/C=C/c2ccccc2)nc2c(=O)n(C)c(=O)nc1-2,LEISHMANIASIS,6.185086818724926,Cysteine protease,<rdkit.Chem.rdchem.Mol object at 0x0000021ACD7B40B0>,[0 0 0 ... 0 0 0],O=c1nc2[nH]nc(C=Cc3ccccc3)nc-2c(=O)[nH]1,309.32900000000006,1.0271,0,7,82.67,3,True
CHEMBL536151,O=C(Nc1cc(C(F)(F)F)cc(C(F)(F)F)c1)c1cc(Cl)ccc1O,LEISHMANIASIS,4.522878745280337,DNA topoisomerase,<rdkit.Chem.rdchem.Mol object at 0x0000021ACD7B4040>,[0 0 0 ... 0 0 0],O=C(Nc1ccccc1)c1ccccc1,383.67500000000007,5.335500000000002,2,2,49.33,2,False
CHEMBL2364611,Cc1cccc(-c2nn3c(c2-c2ccnc4ccc(C(N)=O)cc24)CCC3)n1,LEISHMANIASIS,4.522878745280337,DNA topoisomerase,<rdkit.Chem.rdchem.Mol object at 0x0000021ACD7B3F40>,[0 0 0 ... 0 0 0],c1ccc(-c2nn3c(c2-c2ccnc4ccccc24)CCC3)nc1,369.4280000000002,3.513820000000001,1,5,86.69000000000001,3,True
CHEMBL612060,NC(=O)C1(N2CCCCC2)CCN(CC(=O)Nc2ccccc2Sc2ccccc2)CC1,LEISHMANIASIS,4.0,Trypanothione reductase,<rdkit.Chem.rdchem.Mol object at 0x0000021ACD7B3ED0>,[0 0 1 ... 0 0 0],O=C(CN1CCC(N2CCCCC2)CC1)Nc1ccccc1Sc1ccccc1,452.62400000000014,3.5821000000000023,2,5,78.67000000000002,7,True
CHEMBL2336325,CNC(=O)c1cccc(-c2ccc3c(N4CCOC[C@@H]4C)nc(N4CCOC[C@@H]4C)nc3n2)c1,LEISHMANIASIS,4.522878745280337,DNA topoisomerase,<rdkit.Chem.rdchem.Mol object at 0x0000021ACD7B3E60>,[0 0 0 ... 0 0 0],c1ccc(-c2ccc3c(N4CCOCC4)nc(N4CCOCC4)nc3n2)cc1,462.5540000000002,2.5016,1,8,92.71000000000001,4,True
CHEMBL2369239,CCCCCCOc1ccc(N2C(=O)CC(SC(=N)N/N=C(\C)c3cccs3)C2=O)cc1,LEISHMANIASIS,5.024108863598207,Cysteine protease,<rdkit.Chem.rdchem.Mol object at 0x0000021ACD7B3DF0>,[0 0 0 ... 0 0 0],N=C(NN=Cc1cccs1)SC1CC(=O)N(c2ccccc2)C1=O,472.63600000000014,5.020870000000004,2,7,94.85,10,False
CHEMBL3989914,COCCNCc1ccc(-c2cc3nccc(Oc4ccc(NC(=S)NC(=O)Cc5ccc(F)cc5)cc4F)c3s2)nc1,LEISHMANIASIS,4.522878745280337,DNA topoisomerase,<rdkit.Chem.rdchem.Mol object at 0x0000021ACD7B3D80>,[0 0 0 ... 0 0 0],O=C(Cc1ccccc1)NC(=S)Nc1ccc(Oc2ccnc3cc(-c4ccccn4)sc23)cc1,619.7190000000002,6.220500000000005,3,8,97.39999999999999,11,False
CHEMBL542357,Cc1cc(-c2c(F)cc3c(=O)c(C(=O)O)cn4c3c2OCC4)cc(C)n1.Cl,LEISHMANIASIS,3.2518119729937998,DNA topoisomerase,<rdkit.Chem.rdchem.Mol object at 0x0000021ACD7B3D10>,[0 0 0 ... 0 0 0],O=c1ccn2c3c(c(-c4ccncc4)ccc13)OCC2,390.7980000000002,3.331840000000002,1,5,81.42,2,True
CHEMBL2376648,C[C@@H](Oc1cc(C(=O)Nc2ccc(C(=O)N3CCN(C)CC3)cc2)nnc1N)c1c(Cl)ccc(F)c1Cl,LEISHMANIASIS,4.522878745280337,DNA topoisomerase,<rdkit.Chem.rdchem.Mol object at 0x0000021ACD7B3CA0>,[0 1 0 ... 0 0 0],O=C(Nc1ccc(C(=O)N2CCNCC2)cc1)c1cc(OCc2ccccc2)cnn1,547.4180000000002,4.284600000000003,2,7,113.68,6,False
CHEMBL2396661,Cc1nc(NC(=O)N2CCC[C@H]2C(N)=O)sc1-c1ccnc(C(C)(C)C(F)(F)F)c1,LEISHMANIASIS,4.522878745280337,DNA topoisomerase,<rdkit.Chem.rdchem.Mol object at 0x0000021ACD7B3C30>,[0 0 0 ... 0 0 0],O=C(Nc1ncc(-c2ccncc2)s1)N1CCCC1,441.4790000000001,3.835020000000002,2,5,101.21,4,True
CHEMBL2408045,CNC(=O)CN1CCC(Oc2cc3c(Nc4cccc(Cl)c4F)ncnc3cc2OC)CC1,LEISHMANIASIS,4.522878745280337,DNA topoisomerase,<rdkit.Chem.rdchem.Mol object at 0x0000021ACD7B3BC0>,[0 0 0 ... 0 0 0],c1ccc(Nc2ncnc3ccc(OC4CCNCC4)cc23)cc1,473.9360000000002,3.763700000000002,2,7,88.61000000000001,7,True
CHEMBL2386889,Cn1cc(-c2cnn3c(N)c(Br)c([C@@H]4CCCNC4)nc23)cn1,LEISHMANIASIS,4.522878745280337,DNA topoisomerase,<rdkit.Chem.rdchem.Mol object at 0x0000021ACD7B3B50>,[0 0 0 ... 0 0 0],c1n[nH]cc1-c1cnn2ccc(C3CCCNC3)nc12,376.26200000000017,1.9414999999999998,2,7,86.06,2,True
CHEMBL2402203,C[C@H](NC(=O)[C@H](Cc1ccccc1)NC(=O)OCc1ccccc1)C(=O)CF,LEISHMANIASIS,5.058595479303779,Cysteine protease,<rdkit.Chem.rdchem.Mol object at 0x0000021ACD7B3AE0>,[0 1 0 ... 0 0 0],O=C(NCCc1ccccc1)OCc1ccccc1,386.4230000000001,2.567400000000001,2,4,84.5,9,True
CHEMBL2403108,Cc1cc(Nc2ncc(Cl)c(Nc3ccccc3S(=O)(=O)C(C)C)n2)c(OC(C)C)cc1C1CCNCC1,LEISHMANIASIS,4.522878745280337,DNA topoisomerase,<rdkit.Chem.rdchem.Mol object at 0x0000021ACD7B3A70>,[0 1 0 ... 0 0 0],c1ccc(Nc2ccnc(Nc3ccc(C4CCNCC4)cc3)n2)cc1,558.1480000000001,6.361920000000006,3,8,105.24000000000001,9,False
CHEMBL2424901,CCCCCc1ccc(-c2cn(C3COC4=C(Br)C(=O)C(=O)c5cccc3c54)nn2)cc1,LEISHMANIASIS,6.036212172654444,DNA topoisomerase,<rdkit.Chem.rdchem.Mol object at 0x0000021ACD7B3A00>,[0 0 0 ... 0 0 0],O=C1C=C2OCC(n3cc(-c4ccccc4)nn3)c3cccc(c32)C1=O,492.37300000000016,5.126300000000005,0,6,74.08,6,False
CHEMBL2420958,COc1cc(/C=N/n2cnc3c(cnn3Cc3ccccc3)c2=O)ccc1O,LEISHMANIASIS,4.332547047110047,DNA topoisomerase,<rdkit.Chem.rdchem.Mol object at 0x0000021ACD7B3990>,[0 0 0 ... 0 0 0],O=c1c2cnn(Cc3ccccc3)c2ncn1N=Cc1ccccc1,375.3880000000001,2.2377000000000007,1,8,94.53,5,True
CHEMBL2435185,O=C(CCCCCC(=O)Oc1c(-c2ccc(O)c(O)c2)oc2cc(O)cc(O)c2c1=O)NCC(=O)Nc1ccccc1,LEISHMANIASIS,3.826813731587726,DNA topoisomerase,<rdkit.Chem.rdchem.Mol object at 0x0000021ACD7B3920>,[0 0 0 ... 0 0 0],O=C(CCCCCC(=O)Oc1c(-c2ccccc2)oc2ccccc2c1=O)NCC(=O)Nc1ccccc1,576.5580000000003,3.893200000000003,6,10,195.63,11,False
CHEMBL2443297,N=c1c2c(=S)n(-c3ccccc3)c(=S)n(-c3ccccc3)c2nc(NCc2cccnc2)n1-c1ccccc1,LEISHMANIASIS,5.522878745280337,DNA topoisomerase,<rdkit.Chem.rdchem.Mol object at 0x0000021ACD7B38B0>,[0 0 0 ... 0 0 0],N=c1c2c(=S)n(-c3ccccc3)c(=S)n(-c3ccccc3)c2nc(NCc2cccnc2)n1-c1ccccc1,545.6970000000002,6.552450000000006,2,9,76.45000000000002,6,False
CHEMBL2443298,N=c1c2c(=S)n(-c3ccccc3)c(=S)n(-c3ccccc3)c2nc(NCCc2ccc(Cl)cc2)n1-c1ccccc1,LEISHMANIASIS,5.698970004336019,DNA topoisomerase,<rdkit.Chem.rdchem.Mol object at 0x0000021ACD7B3840>,[0 0 0 ... 0 0 0],N=c1c2c(=S)n(-c3ccccc3)c(=S)n(-c3ccccc3)c2nc(NCCc2ccccc2)n1-c1ccccc1,593.1810000000002,7.853350000000006,2,8,63.56,7,False
CHEMBL2440360,CN(C)CCNc1nc2c(c(=N)n1-c1ccccc1)c(=S)n(-c1ccccc1)c(=S)n2-c1ccccc1,LEISHMANIASIS,4.0,DNA topoisomerase,<rdkit.Chem.rdchem.Mol object at 0x0000021ACD7B37D0>,[0 0 0 ... 0 0 0],N=c1c2c(=S)n(-c3ccccc3)c(=S)n(-c3ccccc3)c2ncn1-c1ccccc1,525.7070000000002,5.518850000000005,2,9,66.80000000000001,7,False
CHEMBL2443287,Cl.N=c1c2c(=S)n(-c3ccccc3)c(=S)n(-c3ccccc3)c2nc(NCCc2ccc(Cl)cc2)n1-c1ccccc1,LEISHMANIASIS,5.698970004336019,DNA topoisomerase,<rdkit.Chem.rdchem.Mol object at 0x0000021ACD7B3760>,[0 0 0 ... 0 0 0],N=c1c2c(=S)n(-c3ccccc3)c(=S)n(-c3ccccc3)c2nc(NCCc2ccccc2)n1-c1ccccc1,629.6420000000002,8.275150000000005,2,8,63.56,7,False
CHEMBL2443288,Cl.N=c1c2c(=S)n(-c3ccccc3)c(=S)n(-c3ccccc3)c2nc(NCc2cccnc2)n1-c1ccccc1,LEISHMANIASIS,5.522878745280337,DNA topoisomerase,<rdkit.Chem.rdchem.Mol object at 0x0000021ACD7B36F0>,[0 0 0 ... 0 0 0],N=c1c2c(=S)n(-c3ccccc3)c(=S)n(-c3ccccc3)c2nc(NCc2cccnc2)n1-c1ccccc1,582.1580000000002,6.974250000000006,2,9,76.45000000000002,6,False
CHEMBL2440361,CCN(CC)CCNc1nc2c(c(=N)n1-c1ccccc1)c(=S)n(-c1ccccc1)c(=S)n2-c1ccccc1,LEISHMANIASIS,4.0,DNA topoisomerase,<rdkit.Chem.rdchem.Mol object at 0x0000021ACD7B3680>,[0 0 0 ... 0 0 0],N=c1c2c(=S)n(-c3ccccc3)c(=S)n(-c3ccccc3)c2ncn1-c1ccccc1,553.7610000000002,6.299050000000006,2,9,66.80000000000001,9,False
CHEMBL2443289,CN1CCN(CCCNc2nc3c(c(=N)n2-c2ccccc2)c(=S)n(-c2ccccc2)c(=S)n3-c2ccccc2)CC1.Cl,LEISHMANIASIS,4.455931955649724,DNA topoisomerase,<rdkit.Chem.rdchem.Mol object at 0x0000021ACD7B3610>,[0 0 0 ... 0 0 0],N=c1c2c(=S)n(-c3ccccc3)c(=S)n(-c3ccccc3)c2nc(NCCCN2CCNCC2)n1-c1ccccc1,631.2750000000001,6.016550000000006,2,10,70.03999999999999,8,False
CHEMBL2443290,Cl.N=c1c2c(=S)n(-c3ccccc3)c(=S)n(-c3ccccc3)c2nc(NCCN2CCCCC2)n1-c1ccccc1,LEISHMANIASIS,5.522878745280337,DNA topoisomerase,<rdkit.Chem.rdchem.Mol object at 0x0000021ACD7B35A0>,[0 0 1 ... 0 0 0],N=c1c2c(=S)n(-c3ccccc3)c(=S)n(-c3ccccc3)c2nc(NCCN2CCCCC2)n1-c1ccccc1,602.2330000000004,6.8649500000000065,2,9,66.80000000000001,7,False
CHEMBL2443291,CCCCN(CCCC)CCCNc1nc2c(c(=N)n1-c1ccccc1)c(=S)n(-c1ccccc1)c(=S)n2-c1ccccc1.Cl,LEISHMANIASIS,4.494850021680094,DNA topoisomerase,<rdkit.Chem.rdchem.Mol object at 0x0000021ACD7B3530>,[0 0 0 ... 0 0 0],N=c1c2c(=S)n(-c3ccccc3)c(=S)n(-c3ccccc3)c2ncn1-c1ccccc1,660.357,8.671350000000002,2,9,66.80000000000001,14,False
CHEMBL2448070,CN(CCOC(=O)CCCCC(=O)OCCN(C)CCn1nc2c3c(cccc31)C(=O)c1c(Cl)cccc1-2)CCn1nc2c3c(cccc31)C(=O)c1c(Cl)cccc1-2.Cl.Cl,LEISHMANIASIS,5.075720713938118,DNA topoisomerase,<rdkit.Chem.rdchem.Mol object at 0x0000021ACD7B34C0>,[0 0 0 ... 0 0 0],O=C(CCCCC(=O)OCCNCCn1nc2c3c(cccc31)C(=O)c1ccccc1-2)OCCNCCn1nc2c3c(cccc31)C(=O)c1ccccc1-2,894.6839999999997,8.169800000000004,0,12,128.86,17,False
CHEMBL2443299,N=c1c2c(=S)n(-c3ccccc3)c(=S)n(-c3ccccc3)c2nc(NCCc2ccccn2)n1-c1ccccc1,LEISHMANIASIS,4.0,DNA topoisomerase,<rdkit.Chem.rdchem.Mol object at 0x0000021ACD7B3450>,[0 0 0 ... 0 0 0],N=c1c2c(=S)n(-c3ccccc3)c(=S)n(-c3ccccc3)c2nc(NCCc2ccccn2)n1-c1ccccc1,559.7240000000003,6.594950000000006,2,9,76.45000000000002,7,False
CHEMBL2443300,N=c1c2c(=S)n(-c3ccccc3)c(=S)n(-c3ccccc3)c2nc(NCCc2ccncc2)n1-c1ccccc1,LEISHMANIASIS,4.0,DNA topoisomerase,<rdkit.Chem.rdchem.Mol object at 0x0000021ACD7B33E0>,[0 0 0 ... 0 0 0],N=c1c2c(=S)n(-c3ccccc3)c(=S)n(-c3ccccc3)c2nc(NCCc2ccncc2)n1-c1ccccc1,559.7240000000003,6.594950000000006,2,9,76.45000000000002,7,False
CHEMBL2443292,CN(C)CCCNc1nc2c(c(=N)n1-c1ccccc1)c(=S)n(-c1ccccc1)c(=S)n2-c1ccccc1,LEISHMANIASIS,4.0,DNA topoisomerase,<rdkit.Chem.rdchem.Mol object at 0x0000021ACD7B3370>,[0 0 0 ... 0 0 0],N=c1c2c(=S)n(-c3ccccc3)c(=S)n(-c3ccccc3)c2ncn1-c1ccccc1,539.7340000000003,5.908950000000005,2,9,66.80000000000001,8,False
CHEMBL2443296,N=c1c2c(=S)n(-c3ccccc3)c(=S)n(-c3ccccc3)c2nc(NCc2ccccn2)n1-c1ccccc1,LEISHMANIASIS,4.0,DNA topoisomerase,<rdkit.Chem.rdchem.Mol object at 0x0000021ACD7B3300>,[0 0 0 ... 0 0 0],N=c1c2c(=S)n(-c3ccccc3)c(=S)n(-c3ccccc3)c2nc(NCc2ccccn2)n1-c1ccccc1,545.6970000000002,6.552450000000006,2,9,76.45000000000002,6,False
CHEMBL2436126,CCCCNCC(O)COc1cc(O)c2c(=O)c3ccccc3oc2c1,LEISHMANIASIS,4.522878745280337,DNA topoisomerase,<rdkit.Chem.rdchem.Mol object at 0x0000021ACD7B3290>,[0 1 0 ... 0 0 0],O=c1c2ccccc2oc2ccccc12,357.406,2.781200000000001,3,6,91.92999999999999,8,True
CHEMBL2436127,CCCCCNCC(O)COc1cc(O)c2c(=O)c3ccccc3oc2c1,LEISHMANIASIS,4.785156151952302,DNA topoisomerase,<rdkit.Chem.rdchem.Mol object at 0x0000021ACD7B3220>,[0 1 0 ... 0 0 0],O=c1c2ccccc2oc2ccccc12,371.4330000000001,3.1713000000000013,3,6,91.92999999999999,9,True
CHEMBL2436122,CCCNCC(O)COc1cc(O)c2c(=O)c3cccc(OC)c3oc2c1,LEISHMANIASIS,4.920818753952375,DNA topoisomerase,<rdkit.Chem.rdchem.Mol object at 0x0000021ACD7B31B0>,[0 1 0 ... 0 0 0],O=c1c2ccccc2oc2ccccc12,373.40500000000014,2.3997,3,7,101.16,8,True
CHEMBL2436123,CCCCNCC(O)COc1cc(O)c2c(=O)c3cccc(OC)c3oc2c1,LEISHMANIASIS,4.950781977329818,DNA topoisomerase,<rdkit.Chem.rdchem.Mol object at 0x0000021ACD7B3140>,[0 1 0 ... 0 0 0],O=c1c2ccccc2oc2ccccc12,387.4320000000001,2.7898000000000005,3,7,101.16,9,True
CHEMBL2436124,CCCCCNCC(O)COc1cc(O)c2c(=O)c3cccc(OC)c3oc2c1,LEISHMANIASIS,4.860120913598763,DNA topoisomerase,<rdkit.Chem.rdchem.Mol object at 0x0000021ACD7B30D0>,[0 1 0 ... 0 0 0],O=c1c2ccccc2oc2ccccc12,401.4590000000002,3.1799000000000017,3,7,101.16,10,True
CHEMBL2436125,CCCCCCNCC(O)COc1cc(O)c2c(=O)c3cccc(OC)c3oc2c1,LEISHMANIASIS,4.860120913598763,DNA topoisomerase,<rdkit.Chem.rdchem.Mol object at 0x0000021ACD7B3060>,[0 1 0 ... 0 0 0],O=c1c2ccccc2oc2ccccc12,415.48600000000016,3.570000000000002,3,7,101.16,11,True
CHEMBL2435180,COC(=O)CCCCCCCCC(=O)Oc1c(-c2ccc(O)c(O)c2)oc2cc(O)cc(O)c2c1=O,LEISHMANIASIS,3.6989700043360183,DNA topoisomerase,<rdkit.Chem.rdchem.Mol object at 0x0000021ACD7B2FF0>,[0 0 0 ... 0 0 0],O=c1cc(-c2ccccc2)oc2ccccc12,500.50000000000017,4.4816000000000065,4,10,163.73000000000002,11,False
CHEMBL2435181,O=C(CCCCCC(=O)Oc1c(-c2ccc(O)c(O)c2)oc2cc(O)cc(O)c2c1=O)NCC(=O)Nc1ccc(O)c(CO)c1,LEISHMANIASIS,4.102922996790579,DNA topoisomerase,<rdkit.Chem.rdchem.Mol object at 0x0000021ACD7B2F80>,[0 0 0 ... 0 0 0],O=C(CCCCCC(=O)Oc1c(-c2ccccc2)oc2ccccc2c1=O)NCC(=O)Nc1ccccc1,622.5830000000003,3.0911000000000017,8,12,236.08999999999997,12,False
CHEMBL2436128,CCCCCCNCC(O)COc1cc(O)c2c(=O)c3ccccc3oc2c1,LEISHMANIASIS,4.705533773838407,DNA topoisomerase,<rdkit.Chem.rdchem.Mol object at 0x0000021ACD7B2F10>,[0 1 0 ... 0 0 0],O=c1c2ccccc2oc2ccccc12,385.4600000000001,3.5614000000000017,3,6,91.92999999999999,10,True
CHEMBL2296490,COC1=C(CCNC(C)=O)c2nc3ccccc3c3ccnc(c23)C1=O,LEISHMANIASIS,6.87942606879415,DNA topoisomerase,<rdkit.Chem.rdchem.Mol object at 0x0000021ACD7B2EA0>,[0 0 0 ... 0 0 0],O=C1C=Cc2nc3ccccc3c3ccnc1c23,347.3740000000001,2.8630000000000013,1,5,81.18,4,True
CHEMBL2296491,CCC(=O)NCCC1=C(SC)C(=O)c2nccc3c2c1nc1ccccc13,LEISHMANIASIS,7.119186407719209,DNA topoisomerase,<rdkit.Chem.rdchem.Mol object at 0x0000021ACD7B2E30>,[0 0 0 ... 0 0 0],O=C1C=Cc2nc3ccccc3c3ccnc1c23,377.4690000000001,3.9697000000000022,1,5,71.95,5,True
CHEMBL2296492,COc1cc(CCNC(=O)C=C(C)C)c2c3c(ccnc13)-c1ccccc1N2,LEISHMANIASIS,6.903089986991944,DNA topoisomerase,<rdkit.Chem.rdchem.Mol object at 0x0000021ACD7B2DC0>,[0 0 0 ... 0 0 0],c1ccc2c(c1)Nc1cccc3nccc-2c13,373.4560000000001,4.5923000000000025,2,4,63.25,5,True
CHEMBL2435182,O=C(O)Cc1ccc(NC(=O)CNC(=O)CCCCCC(=O)Oc2c(-c3ccc(O)c(O)c3)oc3cc(O)cc(O)c3c2=O)cc1,LEISHMANIASIS,3.6989700043360183,DNA topoisomerase,<rdkit.Chem.rdchem.Mol object at 0x0000021ACD7B2D50>,[0 0 0 ... 0 0 0],O=C(CCCCCC(=O)Oc1c(-c2ccccc2)oc2ccccc2c1=O)NCC(=O)Nc1ccccc1,634.5940000000004,3.5203000000000024,7,11,232.92999999999995,13,False
CHEMBL2435183,O=C(CCCCCC(=O)Oc1c(-c2ccc(O)c(O)c2)oc2cc(O)cc(O)c2c1=O)NCC(=O)Nc1ccc(CO)cc1,LEISHMANIASIS,3.6989700043360183,DNA topoisomerase,<rdkit.Chem.rdchem.Mol object at 0x0000021ACD7B2CE0>,[0 0 0 ... 0 0 0],O=C(CCCCCC(=O)Oc1c(-c2ccccc2)oc2ccccc2c1=O)NCC(=O)Nc1ccccc1,606.5840000000003,3.385500000000002,7,11,215.85999999999999,12,False
CHEMBL2435184,O=C(CCCCCC(=O)Oc1c(-c2ccc(O)c(O)c2)oc2cc(O)cc(O)c2c1=O)NCC(=O)Nc1ccc(O)cc1,LEISHMANIASIS,3.6989700043360183,DNA topoisomerase,<rdkit.Chem.rdchem.Mol object at 0x0000021ACD7B2C70>,[0 0 0 ... 0 0 0],O=C(CCCCCC(=O)Oc1c(-c2ccccc2)oc2ccccc2c1=O)NCC(=O)Nc1ccccc1,592.5570000000004,3.5988000000000024,7,11,215.85999999999999,11,False
CHEMBL2296493,C/C=C(\C)C(=O)C(CNCC(=O)O)C1=CC(=O)c2nccc3c2c1nc1ccccc13,LEISHMANIASIS,5.426084559578449,DNA topoisomerase,<rdkit.Chem.rdchem.Mol object at 0x0000021ACD7B2C00>,[0 1 0 ... 0 0 0],O=C1C=Cc2nc3ccccc3c3ccnc1c23,415.4490000000001,3.1884000000000015,2,6,109.25,7,True
CHEMBL2296494,CC(C)(O)CC(=O)C(CNCC=O)C1=CC(=O)c2nccc3c2c1nc1ccccc13,LEISHMANIASIS,6.1944991418416,DNA topoisomerase,<rdkit.Chem.rdchem.Mol object at 0x0000021ACD7B2B90>,[0 1 0 ... 0 0 0],O=C1C=Cc2nc3ccccc3c3ccnc1c23,417.46500000000015,2.4975000000000005,2,7,109.25,8,True
CHEMBL2296495,CC(C)=CC(=O)C(CNCC(=O)O)C1=CC(=O)c2nccc3c2c1nc1ccccc13,LEISHMANIASIS,5.958607314841775,DNA topoisomerase,<rdkit.Chem.rdchem.Mol object at 0x0000021ACD7B2B20>,[0 1 0 ... 0 0 0],O=C1C=Cc2nc3ccccc3c3ccnc1c23,415.4490000000001,3.1884000000000015,2,6,109.25,7,True
CHEMBL2296496,C/C=C(\C)C(=O)C(CNCC=O)C1=CC(=O)c2nccc3c2c1nc1ccccc13,LEISHMANIASIS,6.22767829327708,DNA topoisomerase,<rdkit.Chem.rdchem.Mol object at 0x0000021ACD7B2AB0>,[0 1 0 ... 0 0 0],O=C1C=Cc2nc3ccccc3c3ccnc1c23,399.4500000000001,3.3027000000000015,1,6,89.02,7,True
CHEMBL2296497,CC(C)=CC(=O)C(CNCC=O)C1=CC(=O)c2nccc3c2c1nc1ccccc13,LEISHMANIASIS,6.22767829327708,DNA topoisomerase,<rdkit.Chem.rdchem.Mol object at 0x0000021ACD7B2A40>,[0 1 0 ... 0 0 0],O=C1C=Cc2nc3ccccc3c3ccnc1c23,399.4500000000001,3.3027000000000015,1,6,89.02,7,True
CHEMBL3039513,CC[C@@](C)(Nc1ccnc(-c2c[nH]c3ncccc23)n1)C(=O)NCC(F)(F)F,LEISHMANIASIS,7.0117791553105775,DNA topoisomerase,<rdkit.Chem.rdchem.Mol object at 0x0000021ACD7B29D0>,[0 0 0 ... 0 0 0],c1cnc(-c2c[nH]c3ncccc23)nc1,392.38500000000005,3.279000000000001,3,5,95.59,6,True
CHEMBL3039517,Cc1cnc(NC(=O)Nc2cc(Br)c(C)cc2OC[C@@H]2CNCCO2)cn1,LEISHMANIASIS,4.522878745280337,DNA topoisomerase,<rdkit.Chem.rdchem.Mol object at 0x0000021ACD7B2960>,[0 0 0 ... 0 0 0],O=C(Nc1cnccn1)Nc1ccccc1OCC1CNCCO1,436.31000000000023,2.86714,3,6,97.4,5,True
CHEMBL3039525,CN1CCN(C2CCN(C(=O)Nc3cc(Oc4ccc(NC(=O)C5(C(=O)Nc6ccc(F)cc6)CC5)c(F)c4)ccn3)CC2)CC1,LEISHMANIASIS,4.522878745280337,DNA topoisomerase,<rdkit.Chem.rdchem.Mol object at 0x0000021ACD7B28F0>,[0 0 0 ... 0 0 0],O=C(Nc1cc(Oc2ccc(NC(=O)C3(C(=O)Nc4ccccc4)CC3)cc2)ccn1)N1CCC(N2CCNCC2)CC1,633.6999999999999,4.753200000000003,3,7,119.14,8,False
CHEMBL3104703,O=C1/C(=C/c2ccc[nH]2)CCC/C1=C\c1ccc[nH]1,LEISHMANIASIS,4.0,Trypanothione reductase,<rdkit.Chem.rdchem.Mol object at 0x0000021ACD7B2880>,[0 0 0 ... 0 0 0],O=C1C(=Cc2ccc[nH]2)CCCC1=Cc1ccc[nH]1,252.31699999999998,3.562800000000002,2,1,48.65,2,True
CHEMBL3104704,O=C1/C(=C/c2ccc(Cn3cc(CCO)nn3)cc2)CC/C1=C\c1ccc(Cn2cc(CCO)nn2)cc1,LEISHMANIASIS,4.0,Trypanothione reductase,<rdkit.Chem.rdchem.Mol object at 0x0000021ACD7B2810>,[0 0 0 ... 0 0 0],O=C1C(=Cc2ccc(Cn3ccnn3)cc2)CCC1=Cc1ccc(Cn2ccnn2)cc1,510.59800000000035,2.8657000000000012,2,9,118.95,10,False
CHEMBL3104705,O=C1/C(=C/c2ccc(Cn3cc(-c4ccccc4)nn3)cc2)CC/C1=C\c1ccc(Cn2cc(-c3ccccc3)nn2)cc1,LEISHMANIASIS,4.0,Trypanothione reductase,<rdkit.Chem.rdchem.Mol object at 0x0000021ACD7B27A0>,[0 0 0 ... 0 0 0],O=C1C(=Cc2ccc(Cn3cc(-c4ccccc4)nn3)cc2)CCC1=Cc1ccc(Cn2cc(-c3ccccc3)nn2)cc1,574.6880000000002,7.130100000000007,0,7,78.49,8,False
CHEMBL3104697,O=C1/C(=C/c2ccc([N+](=O)[O-])cc2)CC/C1=C\c1ccc([N+](=O)[O-])cc1,LEISHMANIASIS,4.0,Trypanothione reductase,<rdkit.Chem.rdchem.Mol object at 0x0000021ACD7B2730>,[0 0 0 ... 0 0 0],O=C1C(=Cc2ccccc2)CCC1=Cc1ccccc1,350.33000000000004,4.332900000000003,0,5,103.35,4,True
CHEMBL3104698,O=C1/C(=C/c2ccnc3ccccc23)CC/C1=C\c1ccnc2ccccc12,LEISHMANIASIS,4.0,Trypanothione reductase,<rdkit.Chem.rdchem.Mol object at 0x0000021ACD7B26C0>,[0 0 0 ... 0 0 0],O=C1C(=Cc2ccnc3ccccc23)CCC1=Cc1ccnc2ccccc12,362.4320000000001,5.612900000000005,0,3,42.85,2,False
CHEMBL3104699,O=C1/C(=C/c2ccnc3ccccc23)CCC/C1=C\c1ccnc2ccccc12,LEISHMANIASIS,4.0,Trypanothione reductase,<rdkit.Chem.rdchem.Mol object at 0x0000021ACD7B2650>,[0 0 0 ... 0 0 0],O=C1C(=Cc2ccnc3ccccc23)CCCC1=Cc1ccnc2ccccc12,376.45900000000006,6.003000000000005,0,3,42.85,2,False
CHEMBL3104706,[N-]=[N+]=NCc1ccc(/C=C2\CC/C(=C\c3ccc(CN=[N+]=[N-])cc3)C2=O)cc1,LEISHMANIASIS,4.0,Trypanothione reductase,<rdkit.Chem.rdchem.Mol object at 0x0000021ACD7B25E0>,[0 0 0 ... 0 0 0],O=C1C(=Cc2ccccc2)CCC1=Cc1ccccc1,370.416,6.137100000000005,0,3,114.59,6,False
CHEMBL3104229,O=C1NC(=S)N/C1=C/c1ccc(-c2cccnc2)s1,LEISHMANIASIS,4.5583048643592825,DNA topoisomerase,<rdkit.Chem.rdchem.Mol object at 0x0000021ACD7B2570>,[0 0 0 ... 0 0 0],O=C1NC(=S)NC1=Cc1ccc(-c2cccnc2)s1,287.369,2.1553000000000004,2,4,54.02,2,True
CHEMBL3104700,O=C1/C(=C/c2cccc3cnccc23)CC/C1=C\c1cccc2cnccc12,LEISHMANIASIS,4.0,Trypanothione reductase,<rdkit.Chem.rdchem.Mol object at 0x0000021ACD7B2500>,[0 0 0 ... 0 0 0],O=C1C(=Cc2cccc3cnccc23)CCC1=Cc1cccc2cnccc12,362.432,5.612900000000005,0,3,42.85,2,False
CHEMBL3104701,O=C1/C(=C/c2cccc3cnccc23)CCC/C1=C\c1cccc2cnccc12,LEISHMANIASIS,4.0,Trypanothione reductase,<rdkit.Chem.rdchem.Mol object at 0x0000021ACD7B2490>,[0 0 0 ... 0 0 0],O=C1C(=Cc2cccc3cnccc23)CCCC1=Cc1cccc2cnccc12,376.45900000000006,6.003000000000005,0,3,42.85,2,False
CHEMBL3104696,Cc1ccc(/C=C2\CC/C(=C\c3ccc(C)cc3)C2=O)cc1,LEISHMANIASIS,4.0,Trypanothione reductase,<rdkit.Chem.rdchem.Mol object at 0x0000021ACD7B2420>,[0 0 0 ... 0 0 0],O=C1C(=Cc2ccccc2)CCC1=Cc1ccccc1,288.39000000000004,5.133340000000005,0,1,17.07,2,False
CHEMBL3104702,O=C1/C(=C/c2ccc[nH]2)CC/C1=C\c1ccc[nH]1,LEISHMANIASIS,4.0,Trypanothione reductase,<rdkit.Chem.rdchem.Mol object at 0x0000021ACD7B23B0>,[0 0 0 ... 0 0 0],O=C1C(=Cc2ccc[nH]2)CCC1=Cc1ccc[nH]1,238.29,3.1727000000000007,2,1,48.65,2,True
CHEMBL3120829,O=C(CO)[C@H](CCc1ccccc1)NC(=O)[C@@H]1CCCN1C(=O)OCc1ccccc1,LEISHMANIASIS,4.301029995663981,Cysteine protease,<rdkit.Chem.rdchem.Mol object at 0x0000021ACD7B2340>,[0 1 0 ... 0 0 0],O=C(NCCCc1ccccc1)C1CCCN1C(=O)OCc1ccccc1,424.49700000000024,2.4665999999999997,2,5,95.94000000000001,9,True
CHEMBL3120830,O=C(CSCCCc1ccccc1)[C@H](CCc1ccccc1)NC(=O)[C@@H]1CCCN1C(=O)OCc1ccccc1,LEISHMANIASIS,4.301029995663981,Cysteine protease,<rdkit.Chem.rdchem.Mol object at 0x0000021ACD7B22D0>,[0 1 0 ... 0 0 0],O=C(CSCCCc1ccccc1)C(CCc1ccccc1)NC(=O)C1CCCN1C(=O)OCc1ccccc1,558.7440000000004,5.840300000000006,1,5,75.71000000000001,14,False
CHEMBL3120831,CC(=O)SCC(=O)[C@H](CCc1ccccc1)NC(=O)[C@@H]1CCCN1C(=O)OCc1ccccc1,LEISHMANIASIS,4.43937612545007,Cysteine protease,<rdkit.Chem.rdchem.Mol object at 0x0000021ACD7B2260>,[0 1 0 ... 0 0 0],O=C(NCCCc1ccccc1)C1CCCN1C(=O)OCc1ccccc1,482.6020000000004,3.754000000000003,1,6,92.78000000000002,10,True
CHEMBL3120832,CC(=O)OCC(=O)[C@H](CCc1ccccc1)NC(=O)[C@@H]1COC(C)(C)N1C(=O)OCc1ccccc1,LEISHMANIASIS,4.301029995663981,Cysteine protease,<rdkit.Chem.rdchem.Mol object at 0x0000021ACD7B21F0>,[0 1 0 ... 0 0 0],O=C(NCCCc1ccccc1)C1COCN1C(=O)OCc1ccccc1,496.56000000000034,3.009900000000001,1,7,111.24,10,True
CHEMBL3120833,CC1(C)OC[C@@H](C(=O)N[C@@H](CCc2ccccc2)C(=O)CO)N1C(=O)OCc1ccccc1,LEISHMANIASIS,4.301029995663981,Cysteine protease,<rdkit.Chem.rdchem.Mol object at 0x0000021ACD7B2180>,[0 1 0 ... 0 0 0],O=C(NCCCc1ccccc1)C1COCN1C(=O)OCc1ccccc1,454.52300000000025,2.4391,2,6,105.17,9,True
CHEMBL3120835,O=C(N[C@@H]1CCCC[C@@H]1C(=O)N[C@@H](CCc1ccccc1)C(=O)CO)OCc1ccccc1,LEISHMANIASIS,6.040958607678906,Cysteine protease,<rdkit.Chem.rdchem.Mol object at 0x0000021ACD7B2110>,[0 1 0 ... 0 0 0],O=C(NC1CCCCC1C(=O)NCCCc1ccccc1)OCc1ccccc1,452.5510000000002,3.1506000000000016,3,5,104.73000000000002,10,True
CHEMBL3120836,O=C(N[C@H]1CC=CC[C@H]1C(=O)N[C@@H](CCc1ccccc1)C(=O)CO)OCc1ccccc1,LEISHMANIASIS,4.695078838099108,Cysteine protease,<rdkit.Chem.rdchem.Mol object at 0x0000021ACD7B20A0>,[0 1 0 ... 0 0 0],O=C(NC1CC=CCC1C(=O)NCCCc1ccccc1)OCc1ccccc1,450.5350000000002,2.9266000000000014,3,5,104.73000000000002,10,True
CHEMBL3120837,O=C(N[C@H]1CCC[C@H]1C(=O)N[C@@H](CCc1ccccc1)C(=O)CO)OCc1ccccc1,LEISHMANIASIS,4.621602099051862,Cysteine protease,<rdkit.Chem.rdchem.Mol object at 0x0000021ACD7B2030>,[0 1 0 ... 0 0 0],O=C(NC1CCCC1C(=O)NCCCc1ccccc1)OCc1ccccc1,438.5240000000002,2.7605000000000013,3,5,104.73000000000002,10,True
CHEMBL3120838,CC(=O)OCC(=O)[C@H](CCc1ccccc1)NC(=O)[C@@H]1Cc2ccccc2CN1C(=O)OCc1ccccc1,LEISHMANIASIS,4.301029995663981,Cysteine protease,<rdkit.Chem.rdchem.Mol object at 0x0000021ACD7B1FC0>,[0 1 0 ... 0 0 0],O=C(NCCCc1ccccc1)C1Cc2ccccc2CN1C(=O)OCc1ccccc1,528.6050000000004,3.999900000000003,1,6,102.01,10,False
CHEMBL3120839,O=C(CO)[C@H](CCc1ccccc1)NC(=O)[C@@H]1Cc2ccccc2CN1C(=O)OCc1ccccc1,LEISHMANIASIS,4.301029995663981,Cysteine protease,<rdkit.Chem.rdchem.Mol object at 0x0000021ACD7B1F50>,[0 1 0 ... 0 0 0],O=C(NCCCc1ccccc1)C1Cc2ccccc2CN1C(=O)OCc1ccccc1,486.56800000000027,3.4291000000000027,2,5,95.94000000000001,9,True
CHEMBL3120841,CC(=O)OCC(=O)[C@H](CCc1ccccc1)NC(=O)C1(NC(=O)OCc2ccccc2)CCSCC1,LEISHMANIASIS,4.301029995663981,Cysteine protease,<rdkit.Chem.rdchem.Mol object at 0x0000021ACD7B1EE0>,[0 1 0 ... 0 0 0],O=C(NC1(C(=O)NCCCc2ccccc2)CCSCC1)OCc1ccccc1,512.6280000000004,3.4284000000000017,2,7,110.8,11,False
CHEMBL3120842,O=C(NC1(C(=O)N[C@@H](CCc2ccccc2)C(=O)CO)CCSCC1)OCc1ccccc1,LEISHMANIASIS,5.0851281824599495,Cysteine protease,<rdkit.Chem.rdchem.Mol object at 0x0000021ACD7B1E70>,[0 1 0 ... 0 0 0],O=C(NC1(C(=O)NCCCc2ccccc2)CCSCC1)OCc1ccccc1,470.59100000000035,2.8576000000000006,3,6,104.73000000000002,10,True
CHEMBL3120843,CC(=O)OCC(=O)[C@H](CCc1ccccc1)NC(=O)[C@H](CCc1ccccc1)NC(=O)OCc1ccccc1,LEISHMANIASIS,4.301029995663981,Cysteine protease,<rdkit.Chem.rdchem.Mol object at 0x0000021ACD7B1E00>,[0 1 0 ... 0 0 0],O=C(NC(CCc1ccccc1)C(=O)NCCCc1ccccc1)OCc1ccccc1,530.6210000000003,4.164000000000003,2,6,110.8,14,False
CHEMBL3120844,O=C(N[C@@H](CCc1ccccc1)C(=O)N[C@@H](CCc1ccccc1)C(=O)CO)OCc1ccccc1,LEISHMANIASIS,4.924088238517222,Cysteine protease,<rdkit.Chem.rdchem.Mol object at 0x0000021ACD7B1D90>,[0 1 0 ... 0 0 0],O=C(NC(CCc1ccccc1)C(=O)NCCCc1ccccc1)OCc1ccccc1,488.58400000000023,3.593200000000003,3,5,104.73000000000002,13,True
CHEMBL3120845,CC(=O)OCC(=O)[C@H](CCc1ccccc1)NC(=O)C1C2C=CC(C2)C1NC(=O)OCc1ccccc1,LEISHMANIASIS,4.301029995663981,Cysteine protease,<rdkit.Chem.rdchem.Mol object at 0x0000021ACD7B1D20>,[0 1 0 ... 0 0 0],O=C(NC1C2C=CC(C2)C1C(=O)NCCCc1ccccc1)OCc1ccccc1,504.58300000000025,3.3533000000000017,2,6,110.8,11,False
CHEMBL3120847,O=C(CO)[C@H](CCc1ccccc1)NC(=O)[C@@H]1C[C@@H](O)CN1C(=O)OCc1ccccc1,LEISHMANIASIS,7.221848749616356,Cysteine protease,<rdkit.Chem.rdchem.Mol object at 0x0000021ACD7B1CB0>,[0 1 0 ... 0 0 0],O=C(NCCCc1ccccc1)C1CCCN1C(=O)OCc1ccccc1,440.4960000000002,1.437399999999999,3,6,116.17,9,True
CHEMBL3120848,O=C(CSCCCc1ccccc1)[C@H](CCc1ccccc1)NC(=O)[C@@H]1C[C@@H](O)CN1C(=O)OCc1ccccc1,LEISHMANIASIS,6.2839966563652006,Cysteine protease,<rdkit.Chem.rdchem.Mol object at 0x0000021ACD7B1C40>,[0 1 0 ... 0 0 0],O=C(CSCCCc1ccccc1)C(CCc1ccccc1)NC(=O)C1CCCN1C(=O)OCc1ccccc1,574.7430000000004,4.811100000000004,2,6,95.94000000000001,14,False
CHEMBL3120849,CC(=O)SCC(=O)[C@H](CCc1ccccc1)NC(=O)[C@@H]1C[C@@H](O)CN1C(=O)OCc1ccccc1,LEISHMANIASIS,5.448550002027125,Cysteine protease,<rdkit.Chem.rdchem.Mol object at 0x0000021ACD7B1BD0>,[0 1 0 ... 0 0 0],O=C(NCCCc1ccccc1)C1CCCN1C(=O)OCc1ccccc1,498.60100000000034,2.7248,2,7,113.01,10,True
CHEMBL3120850,O=C(CN1CCOCC1)[C@H](CCc1ccccc1)NC(=O)[C@@H]1C[C@@H](O)CN1C(=O)OCc1ccccc1,LEISHMANIASIS,4.301029995663981,Cysteine protease,<rdkit.Chem.rdchem.Mol object at 0x0000021ACD7B1B60>,[0 1 0 ... 0 0 0],O=C(CN1CCOCC1)C(CCc1ccccc1)NC(=O)C1CCCN1C(=O)OCc1ccccc1,509.6030000000003,1.7773000000000008,2,7,108.41000000000001,10,False
CHEMBL3128043,Cc1nc(Nc2n[nH]c3c2CN(C(=O)N[C@H](CN(C)C)c2ccccc2)C3(C)C)c2sccc2n1,LEISHMANIASIS,4.522878745280337,DNA topoisomerase,<rdkit.Chem.rdchem.Mol object at 0x0000021ACD7B1AF0>,[0 1 0 ... 1 0 0],O=C(NCc1ccccc1)N1Cc2[nH]nc(Nc3ncnc4ccsc34)c2C1,490.6370000000002,4.529620000000004,3,7,102.07,6,True
CHEMBL3109738,COc1cc2ncnc3c2cc1OCCCCCN(C)Cc1ccc(Br)cc1N3,LEISHMANIASIS,4.522878745280337,DNA topoisomerase,<rdkit.Chem.rdchem.Mol object at 0x0000021ACD7B1A80>,[0 0 1 ... 0 0 0],c1ccc2c(c1)CNCCCCCOc1ccc3ncnc(c3c1)N2,457.37200000000007,5.139000000000005,1,6,59.51000000000001,1,False
CHEMBL3120215,COc1cccc2cc(-c3nc([C@H]4CC[C@H](C(=O)O)CC4)n4ncnc(N)c34)[nH]c12,LEISHMANIASIS,4.522878745280337,DNA topoisomerase,<rdkit.Chem.rdchem.Mol object at 0x0000021ACD7B1A10>,[0 0 0 ... 0 0 0],c1ccc2[nH]c(-c3nc(C4CCCCC4)n4ncncc34)cc2c1,406.44600000000014,3.2218,3,7,131.42,4,True
CHEMBL3120834,O=C(N[C@H]1CCCC[C@H]1C(=O)N[C@@H](CCc1ccccc1)C(=O)CO)OCc1ccccc1,LEISHMANIASIS,6.267606240177032,Cysteine protease,<rdkit.Chem.rdchem.Mol object at 0x0000021ACD7B19A0>,[0 1 0 ... 0 0 0],O=C(NC1CCCCC1C(=O)NCCCc1ccccc1)OCc1ccccc1,452.5510000000002,3.1506000000000016,3,5,104.73000000000002,10,True
CHEMBL3120840,O=C1CCC(NC(=O)OCc2ccccc2)(C(=O)N[C@@H](CCc2ccccc2)C(=O)CO)CC1,LEISHMANIASIS,4.3257820544233,Cysteine protease,<rdkit.Chem.rdchem.Mol object at 0x0000021ACD7B1930>,[0 1 0 ... 0 0 0],O=C1CCC(NC(=O)OCc2ccccc2)(C(=O)NCCCc2ccccc2)CC1,466.5340000000003,2.473700000000001,3,6,121.8,10,True
CHEMBL3120846,O=C(NC1C2C=CC(C2)C1C(=O)N[C@@H](CCc1ccccc1)C(=O)CO)OCc1ccccc1,LEISHMANIASIS,4.594482893023624,Cysteine protease,<rdkit.Chem.rdchem.Mol object at 0x0000021ACD7B18C0>,[0 1 0 ... 0 0 0],O=C(NC1C2C=CC(C2)C1C(=O)NCCCc1ccccc1)OCc1ccccc1,462.5460000000002,2.7825000000000006,3,5,104.73000000000002,10,True
CHEMBL2259876,COc1cc(/C=C/C(=O)CC(=O)/C=C/c2ccc(OC(=O)CNc3ccc(S(N)(=O)=O)cc3)c(OC)c2)ccc1OC(=O)CNc1ccc(S(N)(=O)=O)cc1,LEISHMANIASIS,5.522878745280337,DNA topoisomerase,<rdkit.Chem.rdchem.Mol object at 0x0000021ACD7B1850>,[0 1 0 ... 0 0 0],O=C(C=Cc1ccc(OC(=O)CNc2ccccc2)cc1)CC(=O)C=Cc1ccc(OC(=O)CNc2ccccc2)cc1,792.8450000000001,3.288500000000001,4,14,249.57999999999998,18,False
CHEMBL2259880,COc1cc(/C=C/C(=O)CC(=O)/C=C/c2ccc(OC(=O)c3cccs3)c(OC)c2)ccc1OC(=O)c1cccs1,LEISHMANIASIS,5.096910013008056,DNA topoisomerase,<rdkit.Chem.rdchem.Mol object at 0x0000021ACD7B17E0>,[0 0 0 ... 0 0 0],O=C(C=Cc1ccc(OC(=O)c2cccs2)cc1)CC(=O)C=Cc1ccc(OC(=O)c2cccs2)cc1,588.6590000000003,6.520100000000006,0,10,105.20000000000002,12,False
CHEMBL2259872,CCOc1cc(/C=C/C(=O)CC(=O)/C=C/c2ccc(OC(=O)CNCCN(CC)CC)c(OCC)c2)ccc1OC(=O)CNCCN(CC)CC,LEISHMANIASIS,5.0,DNA topoisomerase,<rdkit.Chem.rdchem.Mol object at 0x0000021ACD7B1770>,[0 1 0 ... 0 0 0],O=C(C=Cc1ccccc1)CC(=O)C=Cc1ccccc1,708.8969999999999,4.412500000000004,2,12,135.74000000000004,26,False
CHEMBL2259873,CCOc1cc(/C=C/C(=O)CC(=O)/C=C/c2ccc(OC(=O)CCNC34CC5CC(CC(C5)C3)C4)c(OCC)c2)ccc1OC(=O)CCNC12CC3CC(CC(C3)C1)C2,LEISHMANIASIS,5.6777807052660805,DNA topoisomerase,<rdkit.Chem.rdchem.Mol object at 0x0000021ACD7B1700>,[0 1 0 ... 0 0 0],O=C(C=Cc1ccc(OC(=O)CCNC23CC4CC(CC(C4)C2)C3)cc1)CC(=O)C=Cc1ccc(OC(=O)CCNC23CC4CC(CC(C4)C2)C3)cc1,807.0409999999998,8.446700000000007,2,10,129.26000000000002,20,False
CHEMBL2259875,CCOc1cc(/C=C/C(=O)CC(=O)/C=C/c2ccc(OC(=O)CCNCCN(CC)CC)c(OCC)c2)ccc1OC(=O)CCNCCN(CC)CC,LEISHMANIASIS,5.1487416512809245,DNA topoisomerase,<rdkit.Chem.rdchem.Mol object at 0x0000021ACD7B1690>,[0 1 0 ... 0 0 0],O=C(C=Cc1ccccc1)CC(=O)C=Cc1ccccc1,736.9509999999999,5.192700000000006,2,12,135.74000000000004,28,False
CHEMBL2259877,COc1cc(/C=C/C(=O)CC(=O)/C=C/c2ccc(OC(=O)C34CC5CC(CC(C5)C3)C4)c(OC)c2)ccc1OC(=O)C12CC3CC(CC(C3)C1)C2,LEISHMANIASIS,5.346787486224656,DNA topoisomerase,<rdkit.Chem.rdchem.Mol object at 0x0000021ACD7B1620>,[0 0 0 ... 0 0 0],O=C(C=Cc1ccc(OC(=O)C23CC4CC(CC(C4)C2)C3)cc1)CC(=O)C=Cc1ccc(OC(=O)C23CC4CC(CC(C4)C2)C3)cc1,692.849,8.202300000000008,0,8,105.20000000000002,12,False
CHEMBL2259878,CCCCCCC(=O)Oc1ccc(/C=C/C(=O)CC(=O)/C=C/c2ccc(OC(=O)CCCCCC)c(OC)c2)cc1OC,LEISHMANIASIS,5.537602002101044,DNA topoisomerase,<rdkit.Chem.rdchem.Mol object at 0x0000021ACD7B15B0>,[0 1 0 ... 0 0 0],O=C(C=Cc1ccccc1)CC(=O)C=Cc1ccccc1,592.7290000000004,7.710300000000009,0,8,105.20000000000002,20,False
CHEMBL2259879,CCCCCCC(=O)Oc1ccc(/C=C/C(=O)CC(=O)/C=C/c2ccc(OC(=O)CCCCCC)c(OCC)c2)cc1OCC,LEISHMANIASIS,5.522878745280337,DNA topoisomerase,<rdkit.Chem.rdchem.Mol object at 0x0000021ACD7B1540>,[0 1 0 ... 0 0 0],O=C(C=Cc1ccccc1)CC(=O)C=Cc1ccccc1,620.7830000000002,8.490500000000006,0,8,105.20000000000002,22,False
CHEMBL2260090,COc1cc(/C=C/C(=O)CC(=O)/C=C/c2ccc(OC(=O)CNCCCl)c(OC)c2)ccc1OC(=O)CNCCCl,LEISHMANIASIS,6.455931955649724,DNA topoisomerase,<rdkit.Chem.rdchem.Mol object at 0x0000021ACD7B14D0>,[0 1 0 ... 0 0 0],O=C(C=Cc1ccccc1)CC(=O)C=Cc1ccccc1,607.4870000000001,3.426300000000002,2,10,129.26000000000002,18,False
CHEMBL2260091,COc1cc(/C=C/C(=O)CC(=O)/C=C/c2ccc(OC(=O)CN(CCCl)CCCl)c(OC)c2)ccc1OC(=O)CN(CCCl)CCCl,LEISHMANIASIS,5.301029995663981,DNA topoisomerase,<rdkit.Chem.rdchem.Mol object at 0x0000021ACD7B1460>,[0 1 0 ... 0 0 0],O=C(C=Cc1ccccc1)CC(=O)C=Cc1ccccc1,732.4849999999999,5.328700000000006,0,10,111.68000000000002,22,False
CHEMBL2260092,COc1cc(/C=C/C(=O)CC(=O)/C=C/c2ccc(OC(=O)CNCCN(C)C)c(OC)c2)ccc1OC(=O)CNCCN(C)C,LEISHMANIASIS,4.795880017344075,DNA topoisomerase,<rdkit.Chem.rdchem.Mol object at 0x0000021ACD7B13F0>,[0 1 0 ... 0 0 0],O=C(C=Cc1ccccc1)CC(=O)C=Cc1ccccc1,624.735,2.0719000000000025,2,12,135.74000000000004,20,False
CHEMBL2260082,CCOc1cc(/C=C/C(=O)CC(=O)/C=C/c2ccc(OC(=O)CN(CCCl)CCCl)c(OCC)c2)ccc1OC(=O)CN(CCCl)CCCl,LEISHMANIASIS,5.468521082957745,DNA topoisomerase,<rdkit.Chem.rdchem.Mol object at 0x0000021ACD7B1380>,[0 1 0 ... 0 0 0],O=C(C=Cc1ccccc1)CC(=O)C=Cc1ccccc1,760.5389999999999,6.108900000000006,0,10,111.68000000000002,24,False
CHEMBL2260086,CCOc1cc(/C=C/C(=O)CC(=O)/C=C/c2ccc(OC(=O)CCCl)c(OCC)c2)ccc1OC(=O)CCCl,LEISHMANIASIS,4.698970004336019,DNA topoisomerase,<rdkit.Chem.rdchem.Mol object at 0x0000021ACD7B1310>,[0 1 0 ... 0 0 0],O=C(C=Cc1ccccc1)CC(=O)C=Cc1ccccc1,577.4570000000002,5.807500000000006,0,8,105.20000000000002,16,False
CHEMBL2260087,COc1cc(/C=C/C(=O)CC(=O)/C=C/c2ccc(OC(=O)CNC34CC5CC(CC(C5)C3)C4)c(OC)c2)ccc1OC(=O)CNC12CC3CC(CC(C3)C1)C2,LEISHMANIASIS,5.3979400086720375,DNA topoisomerase,<rdkit.Chem.rdchem.Mol object at 0x0000021ACD7B12A0>,[0 1 0 ... 0 0 0],O=C(C=Cc1ccc(OC(=O)CNC23CC4CC(CC(C4)C2)C3)cc1)CC(=O)C=Cc1ccc(OC(=O)CNC23CC4CC(CC(C4)C2)C3)cc1,750.933,6.886300000000008,2,10,129.26000000000002,16,False
CHEMBL2260088,COc1ccc2nc(NCC(=O)Oc3ccc(/C=C/C(=O)CC(=O)/C=C/c4ccc(OC(=O)CNc5nc6ccc(OC)cc6s5)c(OC)c4)cc3OC)sc2c1,LEISHMANIASIS,4.823908740944319,DNA topoisomerase,<rdkit.Chem.rdchem.Mol object at 0x0000021ACD7B1230>,[0 1 0 ... 0 0 0],O=C(C=Cc1ccc(OC(=O)CNc2nc3ccccc3s2)cc1)CC(=O)C=Cc1ccc(OC(=O)CNc2nc3ccccc3s2)cc1,808.8910000000002,7.230300000000007,2,16,173.49999999999997,18,False
CHEMBL2260074,COc1cc(/C=C/C(=O)CC(=O)/C=C/c2ccc(OC(=O)CCNC34CC5CC(CC(C5)C3)C4)c(OC)c2)ccc1OC(=O)CCNC12CC3CC(CC(C3)C1)C2,LEISHMANIASIS,4.7447274948966935,DNA topoisomerase,<rdkit.Chem.rdchem.Mol object at 0x0000021ACD7B11C0>,[0 1 0 ... 0 0 0],O=C(C=Cc1ccc(OC(=O)CCNC23CC4CC(CC(C4)C2)C3)cc1)CC(=O)C=Cc1ccc(OC(=O)CCNC23CC4CC(CC(C4)C2)C3)cc1,778.987,7.666500000000009,2,10,129.26000000000002,18,False
CHEMBL2260078,CCOc1cc(/C=C/C(=O)CC(=O)/C=C/c2ccc(OC(=O)CNC34CC5CC(CC(C5)C3)C4)c(OCC)c2)ccc1OC(=O)CNC12CC3CC(CC(C3)C1)C2,LEISHMANIASIS,5.468521082957745,DNA topoisomerase,<rdkit.Chem.rdchem.Mol object at 0x0000021ACD7B1150>,[0 1 0 ... 0 0 0],O=C(C=Cc1ccc(OC(=O)CNC23CC4CC(CC(C4)C2)C3)cc1)CC(=O)C=Cc1ccc(OC(=O)CNC23CC4CC(CC(C4)C2)C3)cc1,778.987,7.666500000000009,2,10,129.26000000000002,18,False
CHEMBL2260079,CCOc1cc(/C=C/C(=O)CC(=O)/C=C/c2ccc(OC(=O)CNc3nc4ccc(OC)cc4s3)c(OCC)c2)ccc1OC(=O)CNc1nc2ccc(OC)cc2s1,LEISHMANIASIS,4.920818753952375,DNA topoisomerase,<rdkit.Chem.rdchem.Mol object at 0x0000021ACD7B10E0>,[0 1 0 ... 0 0 0],O=C(C=Cc1ccc(OC(=O)CNc2nc3ccccc3s2)cc1)CC(=O)C=Cc1ccc(OC(=O)CNc2nc3ccccc3s2)cc1,836.9449999999999,8.010500000000006,2,16,173.50000000000003,20,False
CHEMBL2260080,CCOc1cc(/C=C/C(=O)CC(=O)/C=C/c2ccc(OC(=O)CNc3nnc(C)s3)c(OCC)c2)ccc1OC(=O)CNc1nnc(C)s1,LEISHMANIASIS,5.568636235841013,DNA topoisomerase,<rdkit.Chem.rdchem.Mol object at 0x0000021ACD7B1070>,[0 1 0 ... 0 0 0],O=C(C=Cc1ccc(OC(=O)CNc2nncs2)cc1)CC(=O)C=Cc1ccc(OC(=O)CNc2nncs2)cc1,706.803,5.093740000000004,2,16,180.82,18,False
CHEMBL2260081,CCOc1cc(/C=C/C(=O)CC(=O)/C=C/c2ccc(OC(=O)CNCCCl)c(OCC)c2)ccc1OC(=O)CNCCCl,LEISHMANIASIS,5.3872161432802645,DNA topoisomerase,<rdkit.Chem.rdchem.Mol object at 0x0000021ACD7B1000>,[0 1 0 ... 0 0 0],O=C(C=Cc1ccccc1)CC(=O)C=Cc1ccccc1,635.541,4.206500000000004,2,10,129.26000000000002,20,False
CHEMBL2260083,CCOc1cc(/C=C/C(=O)CC(=O)/C=C/c2ccc(OC(=O)CNCCN(C)C)c(OCC)c2)ccc1OC(=O)CNCCN(C)C,LEISHMANIASIS,5.3979400086720375,DNA topoisomerase,<rdkit.Chem.rdchem.Mol object at 0x0000021ACD7B0F90>,[0 1 0 ... 0 0 0],O=C(C=Cc1ccccc1)CC(=O)C=Cc1ccccc1,652.789,2.8521000000000027,2,12,135.74000000000004,22,False
CHEMBL2259642,CCOc1cc(/C=C/C(=O)CC(=O)/C=C/c2ccc(O)c(OCC)c2)ccc1O,LEISHMANIASIS,5.1249387366083,DNA topoisomerase,<rdkit.Chem.rdchem.Mol object at 0x0000021ACD7B0F20>,[0 0 0 ... 0 0 0],O=C(C=Cc1ccccc1)CC(=O)C=Cc1ccccc1,396.43900000000014,4.150100000000005,2,6,93.06000000000002,10,True
CHEMBL2260084,COc1cc(/C=C/C(=O)CC(=O)/C=C/c2ccc(OC(=O)CCl)c(OC)c2)ccc1OC(=O)CCl,LEISHMANIASIS,4.698970004336019,DNA topoisomerase,<rdkit.Chem.rdchem.Mol object at 0x0000021ACD7B0EB0>,[0 1 0 ... 0 0 0],O=C(C=Cc1ccccc1)CC(=O)C=Cc1ccccc1,521.3490000000003,4.247100000000003,0,8,105.20000000000002,12,False
CHEMBL2260085,CCOc1cc(/C=C/C(=O)CC(=O)/C=C/c2ccc(OC(=O)CCl)c(OCC)c2)ccc1OC(=O)CCl,LEISHMANIASIS,4.920818753952375,DNA topoisomerase,<rdkit.Chem.rdchem.Mol object at 0x0000021ACD7B0E40>,[0 1 0 ... 0 0 0],O=C(C=Cc1ccccc1)CC(=O)C=Cc1ccccc1,549.4030000000004,5.027300000000005,0,8,105.20000000000002,14,False
CHEMBL2260089,COc1cc(/C=C/C(=O)CC(=O)/C=C/c2ccc(OC(=O)CNc3nnc(C)s3)c(OC)c2)ccc1OC(=O)CNc1nnc(C)s1,LEISHMANIASIS,4.823908740944319,DNA topoisomerase,<rdkit.Chem.rdchem.Mol object at 0x0000021ACD7B0DD0>,[0 1 0 ... 0 0 0],O=C(C=Cc1ccc(OC(=O)CNc2nncs2)cc1)CC(=O)C=Cc1ccc(OC(=O)CNc2nncs2)cc1,678.749,4.313540000000002,2,16,180.82,16,False
CHEMBL2260072,CCOc1cc(/C=C/C(=O)CC(=O)/C=C/c2ccc(OC(=O)c3cccs3)c(OCC)c2)ccc1OC(=O)c1cccs1,LEISHMANIASIS,4.638272163982407,DNA topoisomerase,<rdkit.Chem.rdchem.Mol object at 0x0000021ACD7B0D60>,[0 0 0 ... 0 0 0],O=C(C=Cc1ccc(OC(=O)c2cccs2)cc1)CC(=O)C=Cc1ccc(OC(=O)c2cccs2)cc1,616.7130000000003,7.300300000000006,0,10,105.20000000000002,14,False
CHEMBL2260073,CCN(CC)CCNCC(=O)Oc1ccc(/C=C/C(=O)CC(=O)/C=C/c2ccc(OC(=O)CNCCN(CC)CC)c(OC)c2)cc1OC,LEISHMANIASIS,5.522878745280337,DNA topoisomerase,<rdkit.Chem.rdchem.Mol object at 0x0000021ACD7B0CF0>,[0 1 0 ... 0 0 0],O=C(C=Cc1ccccc1)CC(=O)C=Cc1ccccc1,680.8430000000002,3.6323000000000034,2,12,135.74,24,False
CHEMBL2260075,COc1ccc2nc(NCCC(=O)Oc3ccc(/C=C/C(=O)CC(=O)/C=C/c4ccc(OC(=O)CCNc5nc6ccc(OC)cc6s5)c(OC)c4)cc3OC)sc2c1,LEISHMANIASIS,4.721246399047171,DNA topoisomerase,<rdkit.Chem.rdchem.Mol object at 0x0000021ACD7B0C80>,[0 1 0 ... 0 0 0],O=C(C=Cc1ccc(OC(=O)CCNc2nc3ccccc3s2)cc1)CC(=O)C=Cc1ccc(OC(=O)CCNc2nc3ccccc3s2)cc1,836.945,8.010500000000008,2,16,173.49999999999997,20,False
CHEMBL2260076,COc1cc(/C=C/C(=O)CC(=O)/C=C/c2ccc(OC(=O)CCNc3nnc(C)s3)c(OC)c2)ccc1OC(=O)CCNc1nnc(C)s1,LEISHMANIASIS,5.522878745280337,DNA topoisomerase,<rdkit.Chem.rdchem.Mol object at 0x0000021ACD7B0C10>,[0 1 0 ... 0 0 0],O=C(C=Cc1ccc(OC(=O)CCNc2nncs2)cc1)CC(=O)C=Cc1ccc(OC(=O)CCNc2nncs2)cc1,706.803,5.093740000000004,2,16,180.82,18,False
CHEMBL2260077,COc1cc(/C=C/C(=O)CC(=O)/C=C/c2ccc(OC(=O)CCNCCCl)c(OC)c2)ccc1OC(=O)CCNCCCl,LEISHMANIASIS,5.537602002101044,DNA topoisomerase,<rdkit.Chem.rdchem.Mol object at 0x0000021ACD7B0BA0>,[0 1 0 ... 0 0 0],O=C(C=Cc1ccccc1)CC(=O)C=Cc1ccccc1,635.541,4.206500000000003,2,10,129.26000000000002,20,False
CHEMBL3137331,CNC(=O)c1ccc(Nc2ncc(C(F)(F)F)c(NCc3nccnc3N(C)S(C)(=O)=O)n2)cc1,LEISHMANIASIS,4.522878745280337,DNA topoisomerase,<rdkit.Chem.rdchem.Mol object at 0x0000021ACD7B0B30>,[0 0 0 ... 0 0 0],c1ccc(Nc2nccc(NCc3cnccn3)n2)cc1,510.5020000000002,2.3965000000000005,3,9,142.09999999999997,8,False
CHEMBL3137336,Cn1ncc(Cl)c1-c1cc(C(=O)N[C@H](CN)Cc2ccc(F)c(F)c2)oc1Cl,LEISHMANIASIS,4.522878745280337,DNA topoisomerase,<rdkit.Chem.rdchem.Mol object at 0x0000021ACD7B0AC0>,[0 1 0 ... 0 0 0],O=C(NCCc1ccccc1)c1cc(-c2ccn[nH]2)co1,429.25400000000013,3.5649000000000015,2,5,86.08,6,True
CHEMBL3134404,CCCCCc1cc(O)cc(O)c1C(=O)Oc1cc(CCCCC)c2c(c1)OC(C)(C)OC2=O,LEISHMANIASIS,3.15051499783199,DNA topoisomerase,<rdkit.Chem.rdchem.Mol object at 0x0000021ACD7B0A50>,[0 0 0 ... 0 0 0],O=C(Oc1ccc2c(c1)OCOC2=O)c1ccccc1,470.5620000000004,6.067700000000006,2,7,102.29000000000002,10,False
CHEMBL3134412,CCOc1ccc(C(=O)O)c(O)c1,LEISHMANIASIS,3.6020599913279625,DNA topoisomerase,<rdkit.Chem.rdchem.Mol object at 0x0000021ACD7B09E0>,[0 0 0 ... 0 0 0],c1ccccc1,182.17499999999998,1.4890999999999999,2,3,66.76,3,True
CHEMBL3134420,O=C(O)c1ccc(OC(=O)c2ccc(O)cc2O)cc1O,LEISHMANIASIS,3.0,DNA topoisomerase,<rdkit.Chem.rdchem.Mol object at 0x0000021ACD7B0970>,[0 0 0 ... 0 0 0],O=C(Oc1ccccc1)c1ccccc1,290.22700000000003,1.7208000000000003,4,6,124.29,3,True
CHEMBL3134417,O=C(OCc1ccccc1)c1ccc(OC(=O)c2ccc(OCc3ccccc3)cc2OCc2ccccc2)cc1O,LEISHMANIASIS,3.0,DNA topoisomerase,<rdkit.Chem.rdchem.Mol object at 0x0000021ACD7B0900>,[0 0 0 ... 0 0 0],O=C(OCc1ccccc1)c1ccc(OC(=O)c2ccc(OCc3ccccc3)cc2OCc2ccccc2)cc1,560.6020000000003,7.1264000000000065,1,7,91.29,11,False
CHEMBL3134411,O=C(O)c1ccc(OCc2ccccc2)cc1,LEISHMANIASIS,3.6020599913279625,DNA topoisomerase,<rdkit.Chem.rdchem.Mol object at 0x0000021ACD7B0890>,[0 0 0 ... 0 0 0],c1ccc(COc2ccccc2)cc1,228.247,2.963800000000001,1,2,46.53,4,True
CHEMBL3134413,O=C(O)c1ccc(NCc2cc(Cl)cc(Cl)c2O)cc1O,LEISHMANIASIS,3.6020599913279625,DNA topoisomerase,<rdkit.Chem.rdchem.Mol object at 0x0000021ACD7B0820>,[0 0 0 ... 0 0 0],c1ccc(CNc2ccccc2)cc1,328.15100000000007,3.7149000000000005,4,4,89.79,4,True
CHEMBL3134418,CCCCCc1cc(OC(=O)c2ccc(O)cc2O)cc(O)c1C(=O)O,LEISHMANIASIS,3.451544993495972,DNA topoisomerase,<rdkit.Chem.rdchem.Mol object at 0x0000021ACD7B07B0>,[0 0 0 ... 0 0 0],O=C(Oc1ccccc1)c1ccccc1,360.3620000000001,3.453500000000003,4,6,124.29,7,True
CHEMBL3134419,CCCCCc1cc(O)cc(O)c1C(=O)Oc1ccc(C(=O)O)c(O)c1,LEISHMANIASIS,3.752574989159953,DNA topoisomerase,<rdkit.Chem.rdchem.Mol object at 0x0000021ACD7B0740>,[0 0 0 ... 0 0 0],O=C(Oc1ccccc1)c1ccccc1,360.3620000000001,3.453500000000002,4,6,124.29000000000002,7,True
CHEMBL3134421,CCCCCc1cc(O)cc(OC(=O)c2c(O)cc(O)cc2CCCCC)c1,LEISHMANIASIS,3.451544993495972,DNA topoisomerase,<rdkit.Chem.rdchem.Mol object at 0x0000021ACD7B06D0>,[0 0 0 ... 0 0 0],O=C(Oc1ccccc1)c1ccccc1,386.4880000000002,5.488000000000006,3,5,86.99000000000001,10,False
CHEMBL3218372,CN(C=C(C#N)C#N)CC(O)C(O)C(O)C(O)CO,LEISHMANIASIS,4.323032185705242,DNA topoisomerase,<rdkit.Chem.rdchem.Mol object at 0x0000021ACD7B0660>,[0 1 0 ... 0 0 0],,271.273,-2.7148399999999993,5,8,151.97,7,True
CHEMBL3134405,O=C(Nc1cccc([N+](=O)[O-])c1)c1ccc([N+](=O)[O-])cc1Cl,LEISHMANIASIS,3.6020599913279625,DNA topoisomerase,<rdkit.Chem.rdchem.Mol object at 0x0000021ACD7B05F0>,[0 0 0 ... 0 0 0],O=C(Nc1ccccc1)c1ccccc1,321.67600000000004,3.4087000000000014,1,5,115.38,4,True
CHEMBL3134406,O=C(O)c1cc(/N=N/c2cccc([N+](=O)[O-])c2)ccc1O,LEISHMANIASIS,4.204119982655925,DNA topoisomerase,<rdkit.Chem.rdchem.Mol object at 0x0000021ACD7B0580>,[0 0 0 ... 0 0 0],c1ccc(N=Nc2ccccc2)cc1,287.23100000000005,3.414000000000001,2,6,125.39,4,True
CHEMBL3134414,CCCCCc1cc(O)cc(O)c1C(=O)O,LEISHMANIASIS,3.0,DNA topoisomerase,<rdkit.Chem.rdchem.Mol object at 0x0000021ACD7B0510>,[0 0 0 ... 0 0 0],c1ccccc1,224.25599999999997,2.528700000000001,3,3,77.76,5,True
CHEMBL3134415,CCCCCc1cc(OC(=O)c2c(CCCCC)cc(OCc3ccccc3)cc2OCc2ccccc2)cc(O)c1C(=O)OCc1ccccc1,LEISHMANIASIS,3.0,DNA topoisomerase,<rdkit.Chem.rdchem.Mol object at 0x0000021ACD7B04A0>,[0 0 0 ... 0 0 0],O=C(OCc1ccccc1)c1ccc(OC(=O)c2ccc(OCc3ccccc3)cc2OCc2ccccc2)cc1,700.8720000000002,10.591799999999992,1,7,91.29,19,False
CHEMBL3134416,CCCCCc1cc(OC(=O)c2c(O)cc(O)cc2CCCCC)cc(O)c1C(=O)O,LEISHMANIASIS,4.603979344643959,DNA topoisomerase,<rdkit.Chem.rdchem.Mol object at 0x0000021ACD7B0430>,[0 0 0 ... 0 0 0],O=C(Oc1ccccc1)c1ccccc1,430.4970000000003,5.186200000000005,4,6,124.29,11,False
CHEMBL3134407,CCCCCCCCCC(=O)N/N=C/c1ccc(OC(=O)c2cccc(Br)c2)cc1,LEISHMANIASIS,3.6020599913279625,DNA topoisomerase,<rdkit.Chem.rdchem.Mol object at 0x0000021ACD7B03C0>,[0 0 0 ... 0 0 0],O=C(Oc1ccccc1)c1ccccc1,473.4110000000002,6.259100000000006,1,4,67.75999999999999,12,False
CHEMBL3134408,CC(C)(C)CC(C)(C)c1ccc(OC(=O)c2ccccc2)cc1,LEISHMANIASIS,3.6020599913279625,DNA topoisomerase,<rdkit.Chem.rdchem.Mol object at 0x0000021ACD7B0350>,[0 0 0 ... 0 0 0],O=C(Oc1ccccc1)c1ccccc1,310.437,5.6196000000000055,0,2,26.3,4,False
CHEMBL3134409,Cc1ccc(C)c(/C=C/c2cc(C)ccc2C)c1,LEISHMANIASIS,3.6020599913279625,DNA topoisomerase,<rdkit.Chem.rdchem.Mol object at 0x0000021ACD7B02E0>,[0 0 0 ... 0 0 0],C(=Cc1ccccc1)c1ccccc1,236.358,5.090680000000004,0,0,0.0,2,False
CHEMBL3134410,COc1ccc(/C=C(\C#N)c2ccc([N+](=O)[O-])cc2)cc1,LEISHMANIASIS,3.6020599913279625,DNA topoisomerase,<rdkit.Chem.rdchem.Mol object at 0x0000021ACD7B0270>,[0 0 0 ... 0 0 0],C(=Cc1ccccc1)c1ccccc1,280.28299999999996,3.6675800000000027,0,4,76.16,4,True
CHEMBL3220041,CN(c1ccccc1)c1oc2ccccc2c(=O)c1C=O,LEISHMANIASIS,4.168386144690901,DNA topoisomerase,<rdkit.Chem.rdchem.Mol object at 0x0000021ACD7B0200>,[0 0 0 ... 0 0 0],O=c1cc(Nc2ccccc2)oc2ccccc12,279.29499999999996,3.373400000000002,0,4,50.52,3,True
CHEMBL3191531,COc1cc(C(=O)N/N=C/c2coc3ccc(Cl)cc3c2=O)ccc1O,LEISHMANIASIS,5.474955192963154,Cysteine protease,<rdkit.Chem.rdchem.Mol object at 0x0000021ACD7B0190>,[0 0 0 ... 0 0 0],O=C(NN=Cc1coc2ccccc2c1=O)c1ccccc1,372.7640000000001,2.9245000000000014,2,6,101.13000000000001,4,True
CHEMBL3192915,O=C(CC1SC(N/N=C/c2cccs2)=NC1=O)Nc1ccc(Cl)c(Cl)c1,LEISHMANIASIS,4.860120913598763,Cysteine protease,<rdkit.Chem.rdchem.Mol object at 0x0000021ACD7B0120>,[0 0 0 ... 0 0 0],O=C(CC1SC(NN=Cc2cccs2)=NC1=O)Nc1ccccc1,427.3380000000002,4.005200000000002,2,6,82.92,5,True
CHEMBL3193932,CCOC(=O)c1c(NC=C2C(=O)CC(C)(C)CC2=O)sc(C)c1C,LEISHMANIASIS,5.263603497723357,Cysteine protease,<rdkit.Chem.rdchem.Mol object at 0x0000021ACD7B00B0>,[0 0 0 ... 0 0 0],O=C1CCCC(=O)C1=CNc1cccs1,349.45200000000006,3.7956400000000032,1,6,72.47,4,True
CHEMBL3192732,CC(C)C[C@H](NC(=O)OC(C)(C)C)C(=O)N/N=C/C1=Cc2ccccc2OC1C,LEISHMANIASIS,4.430626090384954,Cysteine protease,<rdkit.Chem.rdchem.Mol object at 0x0000021ACD7B0040>,[0 1 0 ... 0 0 0],C1=Cc2ccccc2OC1,401.5070000000001,3.892300000000003,2,5,89.02,6,True
CHEMBL3194834,Cc1cc(C)nc(SCc2ccc(C(=O)N/N=C3\CC(C)CC(C)(C)C3)cc2)n1,LEISHMANIASIS,4.6439741428068775,Cysteine protease,<rdkit.Chem.rdchem.Mol object at 0x0000021ACD7AFF40>,[0 0 0 ... 0 0 0],O=C(NN=C1CCCCC1)c1ccc(CSc2ncccn2)cc1,410.5870000000003,5.317740000000005,1,5,67.24000000000001,5,False
CHEMBL3193909,O=C(O)c1cc(N/N=C2/CC(c3ccccc3)Oc3ccccc32)ccc1Cl,LEISHMANIASIS,5.123205023799299,Cysteine protease,<rdkit.Chem.rdchem.Mol object at 0x0000021ACD7AFED0>,[0 0 0 ... 0 0 0],c1ccc(NN=C2CC(c3ccccc3)Oc3ccccc32)cc1,392.8420000000001,5.378200000000003,2,4,70.92,4,False
CHEMBL3195142,Cc1c(Cl)c([N+](=O)[O-])nn1Cc1ccc(C(=O)N/N=C\c2cc(Cl)ccc2O)o1,LEISHMANIASIS,4.6777807052660805,Cysteine protease,<rdkit.Chem.rdchem.Mol object at 0x0000021ACD7AFE60>,[0 0 0 ... 0 0 0],O=C(NN=Cc1ccccc1)c1ccc(Cn2cccn2)o1,438.2270000000001,3.517320000000002,2,8,135.79000000000002,6,True
CHEMBL3194622,O=C(O)COc1ccccc1/C=C1\SC(=S)N(/N=C/c2ccccc2O)C1=O,LEISHMANIASIS,4.567030709125595,Cysteine protease,<rdkit.Chem.rdchem.Mol object at 0x0000021ACD7AFDF0>,[0 0 0 ... 0 0 0],O=C1C(=Cc2ccccc2)SC(=S)N1N=Cc1ccccc1,414.4640000000001,3.0909000000000018,2,7,99.43,6,True
CHEMBL3194663,O=[N+]([O-])c1cc2oc3c(c2c(/C=N/Cc2ccccc2)c1O)CCCC3,LEISHMANIASIS,5.892790030352131,Cysteine protease,<rdkit.Chem.rdchem.Mol object at 0x0000021ACD7AFD80>,[0 0 0 ... 0 0 0],C(=NCc1ccccc1)c1cccc2oc3c(c12)CCCC3,350.3740000000002,4.544500000000003,1,5,88.87,4,True
CHEMBL3218575,Cc1ccc(S(=O)(=O)Nc2nc3ccccc3nc2Nc2ccc3nsnc3c2)cc1,LEISHMANIASIS,4.522878745280337,DNA topoisomerase,<rdkit.Chem.rdchem.Mol object at 0x0000021ACD7AFD10>,[0 0 0 ... 0 0 0],O=S(=O)(Nc1nc2ccccc2nc1Nc1ccc2nsnc2c1)c1ccccc1,448.53300000000013,4.487320000000003,2,8,109.76,5,True
CHEMBL3221052,Cc1cc(C)c(CCCCN(CCCCc2c(C)cc(C)c(O)c2C)Cc2ccccc2)c(C)c1O,LEISHMANIASIS,3.986202894086887,Trypanothione reductase,<rdkit.Chem.rdchem.Mol object at 0x0000021ACD7AFCA0>,[0 0 0 ... 0 0 0],c1ccc(CCCCN(CCCCc2ccccc2)Cc2ccccc2)cc1,487.72800000000024,7.796120000000011,2,3,43.7,12,False
CHEMBL3218576,COc1c(OCCCN2CCOCC2)ccc2c1N=C(NC(=O)c1cnc(N)nc1)N1CCN=C21,LEISHMANIASIS,4.522878745280337,DNA topoisomerase,<rdkit.Chem.rdchem.Mol object at 0x0000021ACD7AFC30>,[0 0 0 ... 0 0 0],O=C(NC1=Nc2cc(OCCCN3CCOCC3)ccc2C2=NCCN12)c1cncnc1,480.5290000000002,0.661800000000002,2,11,139.79000000000002,7,False
CHEMBL3218578,COc1ccc(-c2ccc3ncc4c(c3c2)n(-c2ccc(N3CCNCC3)c(C(F)(F)F)c2)c(=O)n4C)cn1,LEISHMANIASIS,4.522878745280337,DNA topoisomerase,<rdkit.Chem.rdchem.Mol object at 0x0000021ACD7AFBC0>,[0 0 0 ... 0 0 0],O=c1[nH]c2cnc3ccc(-c4cccnc4)cc3c2n1-c1ccc(N2CCNCC2)cc1,534.5420000000003,4.376400000000004,1,8,77.21,4,False
CHEMBL3184679,COc1cc(CCc2cc(NC(=O)c3ccc(N4CC(C)NC(C)C4)cc3)n[nH]2)cc(OC)c1,LEISHMANIASIS,4.522878745280337,DNA topoisomerase,<rdkit.Chem.rdchem.Mol object at 0x0000021ACD7AFB50>,[0 0 0 ... 0 0 0],O=C(Nc1cc(CCc2ccccc2)[nH]n1)c1ccc(N2CCNCC2)cc1,463.58200000000016,3.6510000000000025,3,6,91.51,8,True
CHEMBL3138039,CC(C)CCC[C@@H](C)[C@H]1CC[C@H]2[C@@H]3CC[C@H]4C[C@@H](OC(O)CO)CC[C@]4(C)[C@H]3CC[C@]12C,LEISHMANIASIS,3.3010299956639813,DNA topoisomerase,<rdkit.Chem.rdchem.Mol object at 0x0000021ACD7AFAE0>,[0 1 0 ... 0 0 0],C1CCC2C(C1)CCC1C3CCCC3CCC21,448.7320000000003,6.80360000000001,2,3,49.69,8,False
CHEMBL3138325,C[C@@H](CCC(=O)O)[C@H]1CC[C@H]2[C@@H]3CC[C@]4(C)CC(O)CC[C@]4(C)[C@H]3CC[C@]12C,LEISHMANIASIS,4.207608310501746,DNA topoisomerase,<rdkit.Chem.rdchem.Mol object at 0x0000021ACD7AFA70>,[0 1 0 ... 0 0 0],C1CCC2C(C1)CCC1C3CCCC3CCC21,390.6080000000002,5.897200000000007,2,2,57.53,4,False
CHEMBL3138643,O=C1CC[C@]23/C=C/C(=O)NCCCCNCCCNC(=O)/C=C\c4ccc(c2c4)O[C@@H]3C1,LEISHMANIASIS,3.8416375079047502,Trypanothione reductase,<rdkit.Chem.rdchem.Mol object at 0x0000021ACD7AFA00>,[0 0 0 ... 0 0 0],O=C1CCC23C=CC(=O)NCCCCNCCCNC(=O)C=Cc4ccc(c2c4)OC3C1,437.5400000000001,2.0136999999999996,3,5,96.53000000000002,0,True
CHEMBL3138442,CC(C)CCC[C@@H](C)[C@H]1CC[C@H]2[C@@H]3CC[C@H]4C[C@@H](OCCO)CC[C@]4(C)[C@H]3CC[C@]12C,LEISHMANIASIS,3.3010299956639813,DNA topoisomerase,<rdkit.Chem.rdchem.Mol object at 0x0000021ACD7AF990>,[0 1 0 ... 0 0 0],C1CCC2C(C1)CCC1C3CCCC3CCC21,432.73300000000035,7.48520000000001,1,2,29.46,8,False
CHEMBL3182621,Cc1cc(C(=O)NOCCO)c(Nc2ccc(I)cc2F)n(C)c1=O,LEISHMANIASIS,4.522878745280337,DNA topoisomerase,<rdkit.Chem.rdchem.Mol object at 0x0000021ACD7AF920>,[0 0 0 ... 0 0 0],O=c1cccc(Nc2ccccc2)[nH]1,461.2310000000001,1.8347199999999997,3,6,92.59,6,True
CHEMBL3188267,CNC(=O)c1ccc(-c2cnc3ncc(Cc4ccc5ncccc5c4)n3n2)cc1F,LEISHMANIASIS,4.522878745280337,DNA topoisomerase,<rdkit.Chem.rdchem.Mol object at 0x0000021ACD7AF8B0>,[0 0 0 ... 0 0 0],c1ccc(-c2cnc3ncc(Cc4ccc5ncccc5c4)n3n2)cc1,412.42800000000005,3.429000000000002,1,6,85.07000000000001,4,True
CHEMBL3187723,Cn1cnc2c(F)c(Nc3ccc(Br)cc3F)c(C(=O)NOCCO)cc21,LEISHMANIASIS,4.522878745280337,DNA topoisomerase,<rdkit.Chem.rdchem.Mol object at 0x0000021ACD7AF840>,[0 0 0 ... 0 0 0],c1ccc(Nc2ccc3[nH]cnc3c2)cc1,441.2320000000002,3.0113000000000003,3,6,88.41000000000001,6,True
CHEMBL3189467,Oc1c(Cl)cc(Cl)cc1/C=N/c1ccc2c(c1)OCCO2,LEISHMANIASIS,5.136677139879544,Cysteine protease,<rdkit.Chem.rdchem.Mol object at 0x0000021ACD7AF7D0>,[0 0 0 ... 0 0 0],C(=Nc1ccc2c(c1)OCCO2)c1ccccc1,324.1630000000001,4.220800000000001,1,4,51.05000000000001,2,True
CHEMBL3189838,Cc1cccc(C)c1OCc1nc2ccccc2c(=O)n1/N=C/c1ccc(OCC(=O)O)cc1,LEISHMANIASIS,4.832682665251824,Cysteine protease,<rdkit.Chem.rdchem.Mol object at 0x0000021ACD7AF760>,[0 0 0 ... 0 0 0],O=c1c2ccccc2nc(COc2ccccc2)n1N=Cc1ccccc1,457.4860000000002,3.937940000000002,1,7,103.01,8,True
CHEMBL3189968,Cc1ccc(C(=O)O/N=C2\CCCc3ccccc32)cc1,LEISHMANIASIS,5.062983892535186,Cysteine protease,<rdkit.Chem.rdchem.Mol object at 0x0000021ACD7AF6F0>,[0 0 0 ... 0 0 0],O=C(ON=C1CCCc2ccccc21)c1ccccc1,279.339,3.892420000000003,0,3,38.66,2,True
CHEMBL3188551,Cc1c(Cn2c(C)nc3c(C(=O)O)cc(N4CCOCC4)cc32)cccc1C(F)(F)F,LEISHMANIASIS,4.522878745280337,DNA topoisomerase,<rdkit.Chem.rdchem.Mol object at 0x0000021ACD7AF680>,[0 0 0 ... 0 0 0],c1ccc(Cn2cnc3ccc(N4CCOCC4)cc32)cc1,433.4300000000001,4.255040000000003,1,5,67.59,4,True
CHEMBL3186534,N#CC1(c2ccc(NC(=O)c3cccnc3NCc3ccncc3)cc2)CCCC1,LEISHMANIASIS,4.522878745280337,DNA topoisomerase,<rdkit.Chem.rdchem.Mol object at 0x0000021ACD7AF610>,[0 0 0 ... 0 0 0],O=C(Nc1ccc(C2CCCC2)cc1)c1cccnc1NCc1ccncc1,397.4820000000002,4.6763800000000035,2,5,90.7,6,True
CHEMBL3197857,Oc1c(Br)cc(Br)cc1/C=N/n1c(S)nnc1-c1ccccc1,LEISHMANIASIS,5.092588639225414,Cysteine protease,<rdkit.Chem.rdchem.Mol object at 0x0000021ACD7AF5A0>,[0 0 0 ... 0 0 0],C(=Nn1cnnc1-c1ccccc1)c1ccccc1,454.1470000000001,4.346600000000002,2,6,63.300000000000004,3,True
CHEMBL3198285,COC(=O)N/N=C/c1cn(CCCOc2ccc(C)cc2)c2ccccc12,LEISHMANIASIS,4.987162775294828,Cysteine protease,<rdkit.Chem.rdchem.Mol object at 0x0000021ACD7AF530>,[0 0 0 ... 0 0 0],c1ccc(OCCCn2ccc3ccccc32)cc1,365.43300000000005,4.1087200000000035,1,5,64.85,7,True
CHEMBL3208530,Cc1ccc2nc(N/N=C/c3ccccc3F)nc(-c3ccccc3)c2c1,LEISHMANIASIS,4.747146969020107,Cysteine protease,<rdkit.Chem.rdchem.Mol object at 0x0000021ACD7AF4C0>,[0 0 0 ... 0 0 0],C(=NNc1nc(-c2ccccc2)c2ccccc2n1)c1ccccc1,356.4040000000001,5.190320000000003,1,4,50.17,4,False
CHEMBL3196472,CC1=Nc2ccccc2/C1=C\c1sc(Nc2ccc(C)cc2)nc1O,LEISHMANIASIS,4.51427857351842,Cysteine protease,<rdkit.Chem.rdchem.Mol object at 0x0000021ACD7AF450>,[0 0 0 ... 0 0 0],C1=Nc2ccccc2C1=Cc1cnc(Nc2ccccc2)s1,347.44300000000004,5.5473200000000045,2,5,57.510000000000005,3,False
CHEMBL3199268,Oc1c(Br)cc(Br)cc1/C=N/c1ccc2c(c1)OCO2,LEISHMANIASIS,5.3535962737769305,Cysteine protease,<rdkit.Chem.rdchem.Mol object at 0x0000021ACD7AF3E0>,[0 0 0 ... 0 0 0],C(=Nc1ccc2c(c1)OCO2)c1ccccc1,399.0380000000002,4.396500000000002,1,4,51.05000000000001,2,True
CHEMBL3199504,Cc1ccc(C(=O)O)cc1/N=C/c1cc(Br)cc(Br)c1O,LEISHMANIASIS,5.004803708402821,Cysteine protease,<rdkit.Chem.rdchem.Mol object at 0x0000021ACD7AF370>,[0 0 0 ... 0 0 0],C(=Nc1ccccc1)c1ccccc1,413.06500000000005,4.674420000000002,2,3,69.89,3,True
CHEMBL3199659,O=C(CSc1nc2ccccc2c(=O)n1-c1ccc(Cl)cc1)N/N=C/C=C/c1ccccc1[N+](=O)[O-],LEISHMANIASIS,5.049635145623877,Cysteine protease,<rdkit.Chem.rdchem.Mol object at 0x0000021ACD7AF300>,[0 0 0 ... 0 0 0],O=C(CSc1nc2ccccc2c(=O)n1-c1ccccc1)NN=CC=Cc1ccccc1,519.9700000000001,4.854800000000004,1,8,119.49000000000001,8,False
CHEMBL3214630,Cc1ccc(S(=O)(=O)Nc2ccccc2/C=N/c2nc3ccccc3n2C(C)C)cc1,LEISHMANIASIS,4.82102305270683,Cysteine protease,<rdkit.Chem.rdchem.Mol object at 0x0000021ACD7AF290>,[0 1 0 ... 0 0 0],O=S(=O)(Nc1ccccc1C=Nc1nc2ccccc2[nH]1)c1ccccc1,432.5490000000002,5.477020000000004,1,5,76.35,6,False
CHEMBL3235085,CCNC(=O)Nc1cc(-c2nc(C(F)(F)F)cs2)c(-c2cncc(C(=O)O)c2)cn1,LEISHMANIASIS,6.154901959985743,DNA topoisomerase,<rdkit.Chem.rdchem.Mol object at 0x0000021ACD7AF220>,[0 0 0 ... 0 0 0],c1cncc(-c2cnccc2-c2nccs2)c1,437.4030000000001,4.125500000000003,3,6,117.1,5,True
CHEMBL3211199,Cc1c(C)c(C)c(CO/N=C/c2cccs2)c(C)c1C,LEISHMANIASIS,4.7594507517174005,Cysteine protease,<rdkit.Chem.rdchem.Mol object at 0x0000021ACD7AF1B0>,[0 0 0 ... 0 0 0],C(=NOCc1ccccc1)c1cccs1,287.42800000000005,4.840900000000005,0,3,21.59,4,True
CHEMBL3211474,CC(C)(C)c1ccccc1/N=C/c1ccc2ccccc2n1,LEISHMANIASIS,4.847711655616943,Cysteine protease,<rdkit.Chem.rdchem.Mol object at 0x0000021ACD7AF140>,[0 0 0 ... 0 0 0],C(=Nc1ccccc1)c1ccc2ccccc2n1,288.394,5.282900000000005,0,2,25.25,2,False
CHEMBL3211239,O=C(O/N=C1/CCSc2ccccc21)c1ccccc1,LEISHMANIASIS,4.795880017344075,Cysteine protease,<rdkit.Chem.rdchem.Mol object at 0x0000021ACD7AF0D0>,[0 0 0 ... 0 0 0],O=C(ON=C1CCSc2ccccc21)c1ccccc1,283.35200000000003,3.7435000000000027,0,4,38.66,2,True
CHEMBL3211859,COc1cccc(/C=N/NC(=O)c2[nH]c(C)c(C(=O)N/N=C/c3cccc(OC)c3O)c2C)c1O,LEISHMANIASIS,5.153044674980176,Cysteine protease,<rdkit.Chem.rdchem.Mol object at 0x0000021ACD7AF060>,[0 0 0 ... 0 0 0],O=C(NN=Cc1ccccc1)c1c[nH]c(C(=O)NN=Cc2ccccc2)c1,479.4930000000002,2.5877400000000015,5,8,157.62999999999997,8,True
CHEMBL3212203,Cc1ccc(-n2c(SCC(=O)N/N=C/C=C/c3ccccc3[N+](=O)[O-])nc3ccccc3c2=O)cc1,LEISHMANIASIS,5.192464971931146,Cysteine protease,<rdkit.Chem.rdchem.Mol object at 0x0000021ACD7AEFF0>,[0 0 0 ... 0 0 0],O=C(CSc1nc2ccccc2c(=O)n1-c1ccccc1)NN=CC=Cc1ccccc1,499.55200000000025,4.509820000000003,1,8,119.49000000000001,8,True
CHEMBL3301622,CCc1nc(C(N)=O)c(Nc2ccc(N3CCC(N4CCN(C)CC4)CC3)c(OC)c2)nc1NC1CCOCC1,LEISHMANIASIS,4.522878745280337,DNA topoisomerase,<rdkit.Chem.rdchem.Mol object at 0x0000021ACD7AEF80>,[0 0 0 ... 0 0 0],c1cc(N2CCC(N3CCNCC3)CC2)ccc1Nc1cncc(NC2CCOCC2)n1,552.7240000000003,2.6972000000000014,3,10,121.10999999999999,9,False
CHEMBL3264002,CNS(=O)(=O)Nc1nccc(Cc2c(C)c3ccc(Oc4ncccn4)cc3oc2=O)c1F,LEISHMANIASIS,4.522878745280337,DNA topoisomerase,<rdkit.Chem.rdchem.Mol object at 0x0000021ACD7AEF10>,[0 0 0 ... 0 0 0],O=c1oc2cc(Oc3ncccn3)ccc2cc1Cc1ccncc1,471.4700000000002,2.6847200000000004,2,8,136.31,7,True
CHEMBL3398187,NCCN(CCN)C1c2ccccc2CCc2cccnc21,LEISHMANIASIS,4.554395796726403,Trypanothione reductase,<rdkit.Chem.rdchem.Mol object at 0x0000021ACD7AEEA0>,[0 0 0 ... 0 0 0],c1ccc2c(c1)CCc1cccnc1C2,296.418,1.489,2,4,68.17,5,True
CHEMBL3398188,NCCCN(CCCN)C1c2ccccc2CCc2ccccc21,LEISHMANIASIS,5.1180450286604,Trypanothione reductase,<rdkit.Chem.rdchem.Mol object at 0x0000021ACD7AEE30>,[0 0 0 ... 0 0 0],c1ccc2c(c1)CCc1ccccc1C2,323.48400000000004,2.874200000000002,2,3,55.28,7,True
CHEMBL3398186,CN(C)CCCNC1c2ccccc2CCc2ccccc21,LEISHMANIASIS,4.088309841246139,Trypanothione reductase,<rdkit.Chem.rdchem.Mol object at 0x0000021ACD7AEDC0>,[0 0 0 ... 0 0 0],c1ccc2c(c1)CCc1ccccc1C2,294.442,3.4159000000000024,1,2,15.27,5,True
CHEMBL3398189,NCCCN(CCCCN(CCCN)C1c2ccccc2CCc2ccccc21)C1c2ccccc2CCc2ccccc21,LEISHMANIASIS,6.5934598195660445,Trypanothione reductase,<rdkit.Chem.rdchem.Mol object at 0x0000021ACD7AED50>,[0 0 0 ... 0 0 0],c1ccc2c(c1)CCc1ccccc1C2NCCCCNC1c2ccccc2CCc2ccccc21,586.8680000000003,6.844600000000008,2,4,58.519999999999996,13,False
CHEMBL3408248,C[C@@H](Nc1cc(F)cc(F)c1)c1cc(C(=O)N(C)C)cc2c(=O)cc(N3CCOCC3)oc12,LEISHMANIASIS,5.275801448271116,DNA topoisomerase,<rdkit.Chem.rdchem.Mol object at 0x0000021ACD7AECE0>,[0 1 0 ... 0 0 0],O=c1cc(N2CCOCC2)oc2c(CNc3ccccc3)cccc12,457.4770000000003,3.782700000000003,1,6,75.02000000000001,5,True
CHEMBL3402762,CN1CCC(COc2cnc(-c3cccc(Cn4nc(-c5cccc(C#N)c5)ccc4=O)c3)nc2)CC1,LEISHMANIASIS,4.522878745280337,DNA topoisomerase,<rdkit.Chem.rdchem.Mol object at 0x0000021ACD7AEC70>,[0 0 0 ... 0 0 0],O=c1ccc(-c2ccccc2)nn1Cc1cccc(-c2ncc(OCC3CCNCC3)cn2)c1,492.58300000000025,4.007880000000003,0,8,96.92999999999999,7,True
CHEMBL3426918,CCCCCCCCCC/C=C\CC/C=C\CCCC(=O)O,LEISHMANIASIS,6.091514981121351,DNA topoisomerase,<rdkit.Chem.rdchem.Mol object at 0x0000021ACD7AEC00>,[0 0 0 ... 0 0 0],,308.50600000000003,6.664700000000007,1,1,37.3,16,False
CHEMBL3426919,O=C(O)CCC/C=C\CC/C=C\Cc1ccccc1,LEISHMANIASIS,6.173925197299173,DNA topoisomerase,<rdkit.Chem.rdchem.Mol object at 0x0000021ACD7AEB90>,[0 0 0 ... 0 0 0],c1ccccc1,258.361,4.376600000000004,1,1,37.3,9,True
CHEMBL3426621,C[C@H]1CNCCCN1S(=O)(=O)c1cccc2cncc(F)c12,LEISHMANIASIS,4.522878745280337,DNA topoisomerase,<rdkit.Chem.rdchem.Mol object at 0x0000021ACD7AEB20>,[0 0 0 ... 0 0 0],O=S(=O)(c1cccc2cnccc12)N1CCCNCC1,323.39300000000003,1.7463999999999993,1,4,62.300000000000004,2,True
CHEMBL3544932,CCS(=O)(=O)c1cccc(-c2cc(C(=O)NC3CCN(C)CC3)c(C)c3[nH]c4ncc(C)cc4c23)c1,LEISHMANIASIS,4.522878745280337,DNA topoisomerase,<rdkit.Chem.rdchem.Mol object at 0x0000021ACD7AEAB0>,[0 0 0 ... 0 0 0],O=C(NC1CCNCC1)c1cc(-c2ccccc2)c2c(c1)[nH]c1ncccc12,504.6560000000004,4.617540000000004,2,5,95.16000000000001,5,False
CHEMBL3544960,NC[C@@](O)(c1ccc(Cl)cc1)c1ccc(-c2cn[nH]c2)cc1,LEISHMANIASIS,4.522878745280337,DNA topoisomerase,<rdkit.Chem.rdchem.Mol object at 0x0000021ACD7AEA40>,[0 0 0 ... 0 0 0],c1ccc(Cc2ccc(-c3cn[nH]c3)cc2)cc1,313.78799999999995,2.9247000000000005,3,3,74.93,4,True
CHEMBL3544964,Cn1nccc1Nc1nccc(-c2ccn([C@H](CO)c3ccc(Cl)c(F)c3)c(=O)c2)n1,LEISHMANIASIS,4.522878745280337,DNA topoisomerase,<rdkit.Chem.rdchem.Mol object at 0x0000021ACD7AE9D0>,[0 1 0 ... 0 0 0],O=c1cc(-c2ccnc(Nc3ccn[nH]3)n2)ccn1Cc1ccccc1,440.8660000000001,3.156600000000002,2,8,97.86,6,True
CHEMBL3544966,O=C1NC(=O)/C(=C/c2ccc3nccc(-c4ccncc4)c3c2)S1,LEISHMANIASIS,4.522878745280337,DNA topoisomerase,<rdkit.Chem.rdchem.Mol object at 0x0000021ACD7AE960>,[0 0 0 ... 0 0 0],O=C1NC(=O)C(=Cc2ccc3nccc(-c4ccncc4)c3c2)S1,333.372,3.620700000000002,1,5,71.95,2,True
CHEMBL3544983,COc1cc2c(Nc3ccc(Cl)c(Cl)c3F)ncnc2cc1OC[C@@H]1C[C@@H]2CN(C)C[C@@H]2C1,LEISHMANIASIS,4.522878745280337,DNA topoisomerase,<rdkit.Chem.rdchem.Mol object at 0x0000021ACD7AE8F0>,[0 0 0 ... 0 0 0],c1ccc(Nc2ncnc3cc(OCC4CC5CNCC5C4)ccc23)cc1,491.39400000000035,5.7945000000000055,1,6,59.51,6,False
CHEMBL3545307,Cc1ccc(C(=O)Nc2ccc(Oc3cc4cnn(C)c4cc3-c3cn[nH]c3)c(F)c2)c(=O)n1-c1ccc(F)cc1,LEISHMANIASIS,4.522878745280337,DNA topoisomerase,<rdkit.Chem.rdchem.Mol object at 0x0000021ACD7AE880>,[0 0 0 ... 0 0 0],O=C(Nc1ccc(Oc2cc3cn[nH]c3cc2-c2cn[nH]c2)cc1)c1cccn(-c2ccccc2)c1=O,552.5410000000003,5.7455200000000035,2,7,106.82999999999998,6,False
CHEMBL3545308,C=CC(=O)Nc1cccc(Nc2nc(Nc3ccc(N4CCN(C(C)=O)CC4)cc3OC)ncc2C(F)(F)F)c1,LEISHMANIASIS,4.522878745280337,DNA topoisomerase,<rdkit.Chem.rdchem.Mol object at 0x0000021ACD7AE810>,[0 0 0 ... 0 0 0],c1ccc(Nc2ccnc(Nc3ccc(N4CCNCC4)cc3)n2)cc1,555.5610000000005,4.784200000000004,3,8,111.72,8,False
CHEMBL3545328,O=C(Nc1ccc(-c2ccnc(Nc3ccc(N4CCOCC4)cc3)n2)cc1)C1CCCN1,LEISHMANIASIS,4.522878745280337,DNA topoisomerase,<rdkit.Chem.rdchem.Mol object at 0x0000021ACD7AE7A0>,[0 0 0 ... 0 0 0],O=C(Nc1ccc(-c2ccnc(Nc3ccc(N4CCOCC4)cc3)n2)cc1)C1CCCN1,444.53900000000027,3.4143000000000017,3,7,91.41000000000001,6,True
CHEMBL3545360,COc1cc(N2CCC(N3CCN(C)CC3)CC2)ccc1Nc1ncnc(Nc2ccccc2S(=O)(=O)C(C)C)n1,LEISHMANIASIS,4.522878745280337,DNA topoisomerase,<rdkit.Chem.rdchem.Mol object at 0x0000021ACD7AE730>,[0 1 0 ... 0 0 0],c1ccc(Nc2ncnc(Nc3ccc(N4CCC(N5CCNCC5)CC4)cc3)n2)cc1,580.759,3.7657000000000016,2,11,115.82000000000001,9,False
CHEMBL3545076,Cn1cc(-c2ccc(F)c(C(F)(F)F)c2)nc1C1CCN(c2ncnc3[nH]ncc23)CC1,LEISHMANIASIS,4.522878745280337,DNA topoisomerase,<rdkit.Chem.rdchem.Mol object at 0x0000021ACD7AE6C0>,[0 0 0 ... 0 0 0],c1ccc(-c2c[nH]c(C3CCN(c4ncnc5[nH]ncc45)CC3)n2)cc1,445.4240000000002,4.295300000000003,1,6,75.52000000000001,3,True
CHEMBL3545085,CC(C)c1cc(CNc2nc(Nc3cc(C4CC4)[nH]n3)cc(N3CCN(C)CC3)n2)on1,LEISHMANIASIS,4.522878745280337,DNA topoisomerase,<rdkit.Chem.rdchem.Mol object at 0x0000021ACD7AE650>,[0 1 0 ... 0 0 0],c1cc(CNc2nc(Nc3cc(C4CC4)[nH]n3)cc(N3CCNCC3)n2)on1,437.55200000000025,3.296000000000001,3,9,111.02999999999999,8,True
CHEMBL3545366,CCn1c(=O)c(-c2cc[nH]n2)cc2c(C)nc(N)nc21,LEISHMANIASIS,4.522878745280337,DNA topoisomerase,<rdkit.Chem.rdchem.Mol object at 0x0000021ACD7AE5E0>,[0 0 0 ... 0 0 0],O=c1[nH]c2ncncc2cc1-c1cc[nH]n1,270.296,1.0921199999999998,2,6,102.48,2,True
CHEMBL3545110,CN(C)C(=O)c1cc2cnc(Nc3ccc(N4CCNCC4)cn3)nc2n1C1CCCC1,LEISHMANIASIS,4.522878745280337,DNA topoisomerase,<rdkit.Chem.rdchem.Mol object at 0x0000021ACD7AE570>,[0 0 0 ... 0 1 0],c1cc(Nc2ncc3ccn(C4CCCC4)c3n2)ncc1N1CCNCC1,434.54800000000023,2.7964,2,8,91.21000000000001,5,True
CHEMBL3545137,Cn1cc(C2=Nc3cc(NC(=O)C(N)C4CCCCC4)cc4c3C2=CNNC4=O)cn1,LEISHMANIASIS,4.522878745280337,DNA topoisomerase,<rdkit.Chem.rdchem.Mol object at 0x0000021ACD7AE500>,[0 1 1 ... 0 0 0],O=C(CC1CCCCC1)Nc1cc2c3c(c1)C(=O)NNC=C3C(c1cn[nH]c1)=N2,419.48900000000015,1.9894999999999996,4,7,126.42999999999999,4,True
CHEMBL3545154,C=CC(=O)N1CCC(Oc2cc3c(Nc4ccc(Cl)c(Cl)c4F)ncnc3cc2OC)CC1,LEISHMANIASIS,4.522878745280337,DNA topoisomerase,<rdkit.Chem.rdchem.Mol object at 0x0000021ACD7AE490>,[0 0 0 ... 0 0 0],c1ccc(Nc2ncnc3ccc(OC4CCNCC4)cc23)cc1,491.3500000000003,5.383700000000005,1,6,76.58,6,False
CHEMBL3545396,COc1cccc(Nc2ncnn3ccc(CN4CC[C@@H](N)[C@H](O)C4)c23)c1,LEISHMANIASIS,4.522878745280337,DNA topoisomerase,<rdkit.Chem.rdchem.Mol object at 0x0000021ACD7AE420>,[0 0 0 ... 0 0 0],c1ccc(Nc2ncnn3ccc(CN4CCCCC4)c23)cc1,368.44100000000014,1.3753999999999997,3,8,100.94000000000001,5,True
CHEMBL3545157,O=c1sn(-c2cccc3ccccc23)c(=O)n1Cc1ccccc1,LEISHMANIASIS,4.522878745280337,DNA topoisomerase,<rdkit.Chem.rdchem.Mol object at 0x0000021ACD7AE3B0>,[0 0 0 ... 0 0 0],O=c1sn(-c2cccc3ccccc23)c(=O)n1Cc1ccccc1,334.40000000000003,3.2622000000000018,0,5,44.0,3,True
CHEMBL3545215,CCn1c(C(=O)N(C2CC2)C2CC2)cc2c3c(ncn3C)c(Nc3cc(C)n(C)n3)nc21,LEISHMANIASIS,4.522878745280337,DNA topoisomerase,<rdkit.Chem.rdchem.Mol object at 0x0000021ACD7AE340>,[0 0 0 ... 0 0 0],O=C(c1cc2c(nc(Nc3cc[nH]n3)c3nc[nH]c32)[nH]1)N(C1CC1)C1CC1,432.53200000000015,3.495420000000002,1,8,85.8,6,True
CHEMBL3600464,COc1cc2c(cc1OC)CC(CC1CCN(CCCNc3c4c(nc5cc(Cl)ccc35)CC3C=C(C)CC4C3)CC1)C2,LEISHMANIASIS,5.311580177997289,Trypanothione reductase,<rdkit.Chem.rdchem.Mol object at 0x0000021ACD7AE2D0>,[0 0 0 ... 0 0 0],C1=CC2Cc3nc4ccccc4c(NCCCN4CCC(CC5Cc6ccccc6C5)CC4)c3C(C1)C2,600.2469999999998,8.220500000000008,1,5,46.620000000000005,9,False
CHEMBL3590106,CC(C)Nc1cc(-c2c[nH]c(C(=O)N[C@H](CO)c3cccc(Cl)c3)c2)c(Cl)cn1,LEISHMANIASIS,4.522878745280337,DNA topoisomerase,<rdkit.Chem.rdchem.Mol object at 0x0000021ACD7AE260>,[0 1 0 ... 0 0 0],O=C(NCc1ccccc1)c1cc(-c2ccncc2)c[nH]1,433.3390000000001,4.667200000000003,4,4,90.04,7,True
CHEMBL3593348,COc1nc(N[C@H](CCC(=O)OCc2ccccc2)C(=O)OCc2ccccc2)nc(OC)n1,LEISHMANIASIS,3.0,DNA topoisomerase,<rdkit.Chem.rdchem.Mol object at 0x0000021ACD7AE1F0>,[0 1 0 ... 0 0 0],O=C(CCC(Nc1ncncn1)C(=O)OCc1ccccc1)OCc1ccccc1,466.49400000000026,2.936300000000001,1,10,121.76000000000002,12,True
CHEMBL3593349,COc1nc(OC)nc(Sc2ccccc2C(=O)N[C@H](CCC(=O)OCc2ccccc2)C(=O)OCc2ccccc2)n1,LEISHMANIASIS,3.0,DNA topoisomerase,<rdkit.Chem.rdchem.Mol object at 0x0000021ACD7AE180>,[0 1 0 ... 0 0 0],O=C(CCC(NC(=O)c1ccccc1Sc1ncncn1)C(=O)OCc1ccccc1)OCc1ccccc1,602.6690000000003,4.405400000000004,1,11,138.83,14,False
CHEMBL3593350,COc1nc(Nc2ccccc2C(=O)N[C@@H](C)C(=O)OCc2ccccc2)nc(N[C@@H](C)C(=O)OCc2ccccc2)n1,LEISHMANIASIS,3.0,DNA topoisomerase,<rdkit.Chem.rdchem.Mol object at 0x0000021ACD7AE110>,[0 1 0 ... 0 0 0],O=C(CNC(=O)c1ccccc1Nc1ncnc(NCC(=O)OCc2ccccc2)n1)OCc1ccccc1,584.6330000000003,4.029300000000003,3,11,153.65999999999997,13,False
CHEMBL3600873,O=C(O)[C@]1(Cc2cccc(Nc3nccs3)n2)CC[C@@H](Oc2cccc(Cl)c2F)CC1,LEISHMANIASIS,4.522878745280337,DNA topoisomerase,<rdkit.Chem.rdchem.Mol object at 0x0000021ACD7AE0A0>,[0 0 0 ... 0 0 0],c1ccc(OC2CCC(Cc3cccc(Nc4nccs4)n3)CC2)cc1,461.94600000000025,5.709300000000003,2,6,84.34,7,False
CHEMBL3605908,N#Cc1ncn(Cc2ccccc2Cl)c1/N=C/c1cc(Cl)cc(Cl)c1O,LEISHMANIASIS,4.456801414362353,DNA topoisomerase,<rdkit.Chem.rdchem.Mol object at 0x0000021ACD7AE030>,[0 0 0 ... 0 0 0],C(=Nc1cncn1Cc1ccccc1)c1ccccc1,405.67200000000014,5.219480000000003,1,5,74.2,4,False
CHEMBL3594325,O=C(O)CSC1N=C(SCc2ccccc2)NC(=O)N1,LEISHMANIASIS,3.0,DNA topoisomerase,<rdkit.Chem.rdchem.Mol object at 0x0000021ACD7ADFC0>,[0 0 0 ... 0 0 0],O=C1NCN=C(SCc2ccccc2)N1,311.38800000000003,1.69,3,5,90.78999999999999,5,True
CHEMBL3594326,OCCc1ccccc1Nc1nc(Cl)nc(NCc2ccccc2)n1,LEISHMANIASIS,3.0,DNA topoisomerase,<rdkit.Chem.rdchem.Mol object at 0x0000021ACD7ADF50>,[0 0 0 ... 0 0 0],c1ccc(CNc2ncnc(Nc3ccccc3)n2)cc1,355.82900000000006,3.4155000000000006,3,6,82.96,7,True
CHEMBL3594324,O=C1NC(SCc2ccccc2)=NC(Sc2ccccc2)N1,LEISHMANIASIS,3.0,DNA topoisomerase,<rdkit.Chem.rdchem.Mol object at 0x0000021ACD7ADEE0>,[0 0 0 ... 0 0 0],O=C1NC(SCc2ccccc2)=NC(Sc2ccccc2)N1,329.45000000000005,3.664500000000002,2,4,53.49,4,True
CHEMBL3594328,Nc1ccc(-c2nc(=S)[nH]c(=O)[nH]2)cc1,LEISHMANIASIS,3.0,DNA topoisomerase,<rdkit.Chem.rdchem.Mol object at 0x0000021ACD7ADE70>,[0 0 0 ... 0 0 0],O=c1[nH]c(-c2ccccc2)nc(=S)[nH]1,220.25700000000003,1.0766900000000001,3,4,87.56,1,True
CHEMBL3594327,COc1ccc(CNc2nc(Cl)nc(Nc3ccccc3CCO)n2)cc1,LEISHMANIASIS,3.0,DNA topoisomerase,<rdkit.Chem.rdchem.Mol object at 0x0000021ACD7ADE00>,[0 0 0 ... 0 0 0],c1ccc(CNc2ncnc(Nc3ccccc3)n2)cc1,385.85500000000013,3.424100000000001,3,7,92.19,8,True
CHEMBL3600468,COc1cc2c(cc1OC)C(=O)C(CC1CCC(NCCCNc3c4c(nc5cc(Cl)ccc35)CCCC4)CC1)C2,LEISHMANIASIS,5.131355561605174,Trypanothione reductase,<rdkit.Chem.rdchem.Mol object at 0x0000021ACD7ADD90>,[0 0 0 ... 0 0 0],O=C1c2ccccc2CC1CC1CCC(NCCCNc2c3c(nc4ccccc24)CCCC3)CC1,576.181,7.179900000000007,2,6,72.48,10,False
CHEMBL3593347,CC(C)OC(=O)C(C)NC(=O)c1ccc(Nc2nc(Cl)nc(Cl)n2)cc1,LEISHMANIASIS,3.0,DNA topoisomerase,<rdkit.Chem.rdchem.Mol object at 0x0000021ACD7ADD20>,[0 1 0 ... 0 0 0],c1ccc(Nc2ncncn2)cc1,398.25000000000006,2.9919000000000002,2,7,106.1,6,True
CHEMBL3623270,COc1ccc(/C=C2/NC(=S)NC2=O)cc1,LEISHMANIASIS,4.0,DNA topoisomerase,<rdkit.Chem.rdchem.Mol object at 0x0000021ACD7ADCB0>,[0 0 0 ... 0 0 0],O=C1NC(=S)NC1=Cc1ccccc1,234.28,1.0404,2,3,50.36,2,True
CHEMBL3623271,Cc1ccc(/C=C2/NC(=S)NC2=O)cc1,LEISHMANIASIS,4.0,DNA topoisomerase,<rdkit.Chem.rdchem.Mol object at 0x0000021ACD7ADC40>,[0 0 0 ... 0 0 0],O=C1NC(=S)NC1=Cc1ccccc1,218.281,1.34022,2,2,41.129999999999995,1,True
CHEMBL3623272,COc1ccc(-c2ccc(/C=C3/NC(=O)NC3=O)s2)cn1,LEISHMANIASIS,4.0,DNA topoisomerase,<rdkit.Chem.rdchem.Mol object at 0x0000021ACD7ADBD0>,[0 0 0 ... 0 0 0],O=C1NC(=O)C(=Cc2ccc(-c3cccnc3)s2)N1,301.327,1.999,2,5,80.32000000000001,3,True
CHEMBL3623273,COc1ccc(-c2csc(/C=C3/NC(=O)NC3=O)c2)cn1,LEISHMANIASIS,4.0,DNA topoisomerase,<rdkit.Chem.rdchem.Mol object at 0x0000021ACD7ADB60>,[0 0 0 ... 0 0 0],O=C1NC(=O)C(=Cc2cc(-c3cccnc3)cs2)N1,301.327,1.9989999999999999,2,5,80.32000000000001,3,True
CHEMBL3623275,O=C1NC(=O)/C(=C\c2cc(Br)cs2)N1,LEISHMANIASIS,4.0,DNA topoisomerase,<rdkit.Chem.rdchem.Mol object at 0x0000021ACD7ADAF0>,[0 0 0 ... 0 0 0],O=C1NC(=O)C(=Cc2cccs2)N1,273.11099999999993,1.6908999999999998,2,3,58.2,1,True
CHEMBL3623276,Cc1cc(C)cc(/C=C2/NC(=O)NC2=O)c1,LEISHMANIASIS,4.0,DNA topoisomerase,<rdkit.Chem.rdchem.Mol object at 0x0000021ACD7ADA80>,[0 0 0 ... 0 0 0],O=C1NC(=O)C(=Cc2ccccc2)N1,216.23999999999998,1.48374,2,2,58.2,1,True
CHEMBL3623277,Cc1ccc(/C=C2/NC(=O)NC2=O)cc1,LEISHMANIASIS,4.0,DNA topoisomerase,<rdkit.Chem.rdchem.Mol object at 0x0000021ACD7ADA10>,[0 0 0 ... 0 0 0],O=C1NC(=O)C(=Cc2ccccc2)N1,202.21300000000002,1.17532,2,2,58.2,1,True
CHEMBL3623267,O=C1NC(=S)N/C1=C/c1ccc([N+](=O)[O-])cc1,LEISHMANIASIS,4.0,DNA topoisomerase,<rdkit.Chem.rdchem.Mol object at 0x0000021ACD7AD9A0>,[0 0 0 ... 0 0 0],O=C1NC(=S)NC1=Cc1ccccc1,249.251,0.9400000000000001,2,4,84.27,2,True
CHEMBL3623274,COc1ccc(/C=C2/NC(=O)NC2=O)cc1C,LEISHMANIASIS,4.0,DNA topoisomerase,<rdkit.Chem.rdchem.Mol object at 0x0000021ACD7AD930>,[0 0 0 ... 0 0 0],O=C1NC(=O)C(=Cc2ccccc2)N1,232.23899999999998,1.18392,2,3,67.43,2,True
CHEMBL3623261,Cn1cc(/C=C2/NC(=S)NC2=O)c2ccccc21,LEISHMANIASIS,4.310247303860844,DNA topoisomerase,<rdkit.Chem.rdchem.Mol object at 0x0000021ACD7AD8C0>,[0 0 0 ... 0 0 0],O=C1NC(=S)NC1=Cc1c[nH]c2ccccc12,257.31800000000004,1.5234999999999999,2,3,46.06,1,True
CHEMBL3623262,O=C1NC(=S)N/C1=C/c1cc(Br)cs1,LEISHMANIASIS,4.0,DNA topoisomerase,<rdkit.Chem.rdchem.Mol object at 0x0000021ACD7AD850>,[0 0 0 ... 0 0 0],O=C1NC(=S)NC1=Cc1cccs1,289.179,1.8558000000000001,2,3,41.13,1,True
CHEMBL3623263,COc1ccc(/C=C2/NC(=S)NC2=O)cc1OC,LEISHMANIASIS,4.0,DNA topoisomerase,<rdkit.Chem.rdchem.Mol object at 0x0000021ACD7AD7E0>,[0 0 0 ... 0 0 0],O=C1NC(=S)NC1=Cc1ccccc1,264.306,1.049,2,4,59.59,3,True
CHEMBL3623264,COc1cc(/C=C2/NC(=S)NC2=O)cc(OC)c1OC,LEISHMANIASIS,4.030584087646019,DNA topoisomerase,<rdkit.Chem.rdchem.Mol object at 0x0000021ACD7AD770>,[0 0 0 ... 0 0 0],O=C1NC(=S)NC1=Cc1ccccc1,294.33200000000005,1.0575999999999999,2,5,68.82000000000001,4,True
CHEMBL3623265,COc1ccc(-c2csc(/C=C3/NC(=S)NC3=O)c2)cn1,LEISHMANIASIS,4.517984423549288,DNA topoisomerase,<rdkit.Chem.rdchem.Mol object at 0x0000021ACD7AD700>,[0 0 0 ... 0 0 0],O=C1NC(=S)NC1=Cc1cc(-c2cccnc2)cs1,317.39500000000004,2.1639,2,5,63.25,3,True
CHEMBL3623266,COc1ccc(-c2ccc(/C=C3/NC(=S)NC3=O)s2)cn1,LEISHMANIASIS,4.996539467890494,DNA topoisomerase,<rdkit.Chem.rdchem.Mol object at 0x0000021ACD7AD690>,[0 0 0 ... 0 0 0],O=C1NC(=S)NC1=Cc1ccc(-c2cccnc2)s1,317.39500000000004,2.1639,2,5,63.25,3,True
CHEMBL3623268,COc1ccc(/C=C2/NC(=S)NC2=O)cc1C,LEISHMANIASIS,4.0,DNA topoisomerase,<rdkit.Chem.rdchem.Mol object at 0x0000021ACD7AD620>,[0 0 0 ... 0 0 0],O=C1NC(=S)NC1=Cc1ccccc1,248.307,1.3488200000000001,2,3,50.36,2,True
CHEMBL3623269,COc1cccc(/C=C2/NC(=S)NC2=O)c1,LEISHMANIASIS,4.0,DNA topoisomerase,<rdkit.Chem.rdchem.Mol object at 0x0000021ACD7AD5B0>,[0 0 0 ... 0 0 0],O=C1NC(=S)NC1=Cc1ccccc1,234.28,1.0404,2,3,50.36,2,True
CHEMBL3578326,CC(C)(C)Nc1c(-c2ccc(Cl)cc2)nc2ccc(-c3ccccc3)cn12,LEISHMANIASIS,4.256725476488066,DNA topoisomerase,<rdkit.Chem.rdchem.Mol object at 0x0000021ACD7AD540>,[0 0 0 ... 0 0 0],c1ccc(-c2ccc3nc(-c4ccccc4)cn3c2)cc1,375.9030000000001,6.532100000000005,1,3,29.330000000000002,3,False
CHEMBL3581010,C#CCCCCOc1ccc(-c2nc3ccc(-c4nc5ccc(N6CCN(C)CC6)cc5[nH]4)cc3[nH]2)cc1,LEISHMANIASIS,4.301029995663981,DNA topoisomerase,<rdkit.Chem.rdchem.Mol object at 0x0000021ACD7AD4D0>,[0 0 0 ... 0 0 0],c1ccc(-c2nc3ccc(-c4nc5ccc(N6CCNCC6)cc5[nH]4)cc3[nH]2)cc1,504.6380000000003,5.7073000000000045,2,5,73.07000000000001,8,False
CHEMBL3581011,C#CCCCCCCCCCOc1ccc(-c2nc3ccc(-c4nc5ccc(N6CCN(C)CC6)cc5[nH]4)cc3[nH]2)cc1,LEISHMANIASIS,4.301029995663981,DNA topoisomerase,<rdkit.Chem.rdchem.Mol object at 0x0000021ACD7AD460>,[0 0 0 ... 0 0 0],c1ccc(-c2nc3ccc(-c4nc5ccc(N6CCNCC6)cc5[nH]4)cc3[nH]2)cc1,574.7730000000004,7.65780000000001,2,5,73.07000000000001,13,False
CHEMBL3581012,C#CCOCCCCOc1ccc(-c2nc3ccc(-c4nc5ccc(N6CCN(C)CC6)cc5[nH]4)cc3[nH]2)cc1,LEISHMANIASIS,4.301029995663981,DNA topoisomerase,<rdkit.Chem.rdchem.Mol object at 0x0000021ACD7AD3F0>,[0 0 0 ... 0 0 0],c1ccc(-c2nc3ccc(-c4nc5ccc(N6CCNCC6)cc5[nH]4)cc3[nH]2)cc1,534.6640000000003,5.3338000000000045,2,6,82.30000000000001,10,False
CHEMBL3585376,CN(C)CCOc1cc2ccc(OC3=CC(=O)c4cc5ccccc5cc4C3=O)cc2oc1=O,LEISHMANIASIS,5.638272163982407,Trypanothione reductase,<rdkit.Chem.rdchem.Mol object at 0x0000021ACD7AD380>,[0 0 0 ... 0 0 0],O=C1C=C(Oc2ccc3ccc(=O)oc3c2)C(=O)c2cc3ccccc3cc21,455.46600000000024,4.228500000000003,0,7,86.05000000000001,6,True
CHEMBL3581009,C#CCOc1ccc(-c2nc3ccc(-c4nc5ccc(N6CCN(C)CC6)cc5[nH]4)cc3[nH]2)cc1,LEISHMANIASIS,4.44117281666121,DNA topoisomerase,<rdkit.Chem.rdchem.Mol object at 0x0000021ACD7AD310>,[0 0 0 ... 0 0 0],c1ccc(-c2nc3ccc(-c4nc5ccc(N6CCNCC6)cc5[nH]4)cc3[nH]2)cc1,462.55700000000024,4.5370000000000035,2,5,73.07000000000001,5,True
CHEMBL3633038,C[N+](C)(CCCNc1cc(F)ccc1Nc1ccc(S(F)(F)(F)(F)F)cc1)Cc1ccc(Cl)cc1Cl.[Cl-],LEISHMANIASIS,4.552841968657781,Trypanothione reductase,<rdkit.Chem.rdchem.Mol object at 0x0000021ACD7AD2A0>,[0 0 0 ... 0 0 0],c1ccc(C[NH2+]CCCNc2ccccc2Nc2ccccc2)cc1,608.907,6.616100000000005,2,2,24.06,10,False
CHEMBL3633037,C[N+](C)(CCCNc1cc(F)ccc1Nc1ccc(C(F)(F)F)cc1)Cc1ccc(Cl)cc1Cl.[Cl-],LEISHMANIASIS,4.619788758288394,Trypanothione reductase,<rdkit.Chem.rdchem.Mol object at 0x0000021ACD7AD230>,[0 0 0 ... 0 0 0],c1ccc(C[NH2+]CCCNc2ccccc2Nc2ccccc2)cc1,550.8550000000001,4.9775000000000045,2,2,24.06,9,False
CHEMBL3627832,O=c1c2ccc(Cl)cc2sc2c(N3CCNCC3)nc3ccccc3c12,LEISHMANIASIS,5.0,DNA topoisomerase,<rdkit.Chem.rdchem.Mol object at 0x0000021ACD7AD1C0>,[0 0 0 ... 0 0 0],O=c1c2ccccc2sc2c(N3CCNCC3)nc3ccccc3c12,381.88800000000015,4.025900000000003,1,5,45.230000000000004,1,True
CHEMBL3633036,CC(C)(C)c1ccc(Nc2ccc(F)cc2NCCC[N+](C)(C)Cc2ccc(Cl)cc2Cl)cc1.[Cl-],LEISHMANIASIS,4.075720713938118,Trypanothione reductase,<rdkit.Chem.rdchem.Mol object at 0x0000021ACD7AD150>,[0 0 0 ... 0 0 0],c1ccc(C[NH2+]CCCNc2ccccc2Nc2ccccc2)cc1,538.9660000000002,5.256200000000005,2,2,24.06,9,False
CHEMBL3688339,CC(=O)c1cnc2ccc(-c3cc(Cl)c(O)c(Cl)c3)nc2c1N[C@H]1CC[C@H](CN(C)C)CC1,LEISHMANIASIS,4.522878745280337,DNA topoisomerase,<rdkit.Chem.rdchem.Mol object at 0x0000021ACD7AD0E0>,[0 0 0 ... 0 0 0],c1ccc(-c2ccc3nccc(NC4CCCCC4)c3n2)cc1,487.43100000000027,6.044100000000006,2,6,78.35,6,False
CHEMBL3699142,CCNC(=O)C#Cc1ccc2c(c1)NC(=O)/C2=C(\Nc1ccc(CN(C)C)cc1)c1ccccc1,LEISHMANIASIS,4.522878745280337,DNA topoisomerase,<rdkit.Chem.rdchem.Mol object at 0x0000021ACD7AD070>,[0 0 0 ... 0 0 0],O=C1Nc2ccccc2C1=C(Nc1ccccc1)c1ccccc1,464.5690000000002,4.168300000000004,3,4,73.47,6,True
CHEMBL3702468,C[C@@H]1CN2c3c(cc4c(N5CCOC5=O)noc4c3F)CC3(C(=O)NC(=O)NC3=O)[C@H]2[C@H](C)O1,LEISHMANIASIS,3.6989700043360183,DNA topoisomerase,<rdkit.Chem.rdchem.Mol object at 0x0000021ACD7AD000>,[0 0 0 ... 0 0 0],O=C1NC(=O)C2(Cc3cc4c(N5CCOC5=O)noc4cc3N3CCOCC32)C(=O)N1,473.41700000000014,0.8142000000000001,2,9,143.30999999999997,1,True
CHEMBL3759668,CN(C)CCCCn1c(N)c(-c2nc3ccccc3[nH]2)c2nc(C#N)c(C#N)nc21,LEISHMANIASIS,5.414136773173384,DNA topoisomerase,<rdkit.Chem.rdchem.Mol object at 0x0000021ACD7ACF90>,[0 1 0 ... 0 0 0],c1ccc2[nH]c(-c3c[nH]c4nccnc34)nc2c1,399.46200000000016,2.641960000000001,2,8,136.22999999999996,6,True
CHEMBL3758242,O=C(CCl)N1c2ccccc2Oc2ccc(Cl)cc21,LEISHMANIASIS,5.119186407719209,Trypanothione reductase,<rdkit.Chem.rdchem.Mol object at 0x0000021ACD7ACF20>,[0 0 0 ... 0 0 0],c1ccc2c(c1)Nc1ccccc1O2,294.13700000000006,4.349200000000002,0,2,29.540000000000003,1,True
CHEMBL3758404,O=C(CCl)N1c2ccccc2COc2ccc(Cl)cc21,LEISHMANIASIS,5.142667503568732,Trypanothione reductase,<rdkit.Chem.rdchem.Mol object at 0x0000021ACD7ACEB0>,[0 0 0 ... 0 0 0],c1ccc2c(c1)COc1ccccc1N2,308.16400000000004,4.135900000000002,0,2,29.540000000000003,1,True
CHEMBL3752910,Cc1ccc(C(=O)Nc2cccc(C(F)(F)F)c2)cc1Nc1nc(-c2cccnc2)nc2c1cnn2C,LEISHMANIASIS,7.266802734893431,DNA topoisomerase,<rdkit.Chem.rdchem.Mol object at 0x0000021ACD7ACE40>,[0 0 0 ... 0 0 0],O=C(Nc1ccccc1)c1cccc(Nc2nc(-c3cccnc3)nc3[nH]ncc23)c1,503.48800000000017,5.748420000000004,2,7,97.62,5,False
CHEMBL3780229,Cc1c2cnccc2cc2c1c1ccccc1n2C,LEISHMANIASIS,4.3979400086720375,DNA topoisomerase,<rdkit.Chem.rdchem.Mol object at 0x0000021ACD7ACDD0>,[0 0 0 ... 0 0 0],c1ccc2c(c1)[nH]c1cc3ccncc3cc12,246.313,4.188120000000003,0,2,17.82,0,True
CHEMBL3780961,Cc1c2c[n+](C)ccc2cc2c1c1ccccc1n2C.[I-],LEISHMANIASIS,5.301029995663981,DNA topoisomerase,<rdkit.Chem.rdchem.Mol object at 0x0000021ACD7ACD60>,[0 0 0 ... 0 0 0],c1ccc2c(c1)[nH]c1cc3cc[nH+]cc3cc12,388.252,0.6216199999999994,0,1,8.809999999999999,0,True
CHEMBL3735942,COC(=O)c1cc2c([nH]c3ccccc32)c(C2Nc3ccccc3C(=O)N2c2ccc(F)cc2)n1,LEISHMANIASIS,5.4089353929735005,Trypanothione reductase,<rdkit.Chem.rdchem.Mol object at 0x0000021ACD7ACCF0>,[0 0 0 ... 0 0 0],O=C1c2ccccc2NC(c2nccc3c2[nH]c2ccccc23)N1c1ccccc1,466.47200000000015,5.412900000000003,2,5,87.32,3,False
CHEMBL3735109,COC(=O)c1cc2c([nH]c3ccccc32)c(C2Nc3ccccc3C(=O)N2Cc2ccc(OC)cc2)n1,LEISHMANIASIS,5.036212172654444,Trypanothione reductase,<rdkit.Chem.rdchem.Mol object at 0x0000021ACD7ACC80>,[0 0 0 ... 0 0 0],O=C1c2ccccc2NC(c2nccc3c2[nH]c2ccccc23)N1Cc1ccccc1,492.53500000000025,5.278000000000005,2,6,96.55,5,False
CHEMBL3736017,COC(=O)c1cc2c([nH]c3ccccc32)c(C2Nc3ccccc3C(=O)N2Cc2ccc(Cl)c(Cl)c2)n1,LEISHMANIASIS,5.431798275933005,Trypanothione reductase,<rdkit.Chem.rdchem.Mol object at 0x0000021ACD7ACC10>,[0 0 0 ... 0 0 0],O=C1c2ccccc2NC(c2nccc3c2[nH]c2ccccc23)N1Cc1ccccc1,531.3990000000002,6.576200000000004,2,5,87.32,4,False
CHEMBL3735035,CCCCCN1C(=O)c2ccccc2NC1c1nc(C(=O)OC)cc2c1[nH]c1ccccc12,LEISHMANIASIS,6.096910013008056,Trypanothione reductase,<rdkit.Chem.rdchem.Mol object at 0x0000021ACD7ACBA0>,[0 0 0 ... 0 0 0],O=C1NC(c2nccc3c2[nH]c2ccccc23)Nc2ccccc21,442.51900000000023,5.259400000000005,2,5,87.32,6,False
CHEMBL3735110,CCN1C(=O)c2ccccc2NC1c1nc(C(=O)OC)cc2c1[nH]c1ccccc12,LEISHMANIASIS,5.187086643357144,Trypanothione reductase,<rdkit.Chem.rdchem.Mol object at 0x0000021ACD7ACB30>,[0 0 0 ... 0 0 0],O=C1NC(c2nccc3c2[nH]c2ccccc23)Nc2ccccc21,400.4380000000001,4.089100000000003,2,5,87.32,3,True
CHEMBL3736154,COC(=O)c1cc2c([nH]c3ccccc32)c(C2Nc3ccccc3C(=O)N2c2ccc(Cl)cc2)n1,LEISHMANIASIS,5.142667503568732,Trypanothione reductase,<rdkit.Chem.rdchem.Mol object at 0x0000021ACD7ACAC0>,[0 0 0 ... 0 0 0],O=C1c2ccccc2NC(c2nccc3c2[nH]c2ccccc23)N1c1ccccc1,482.9270000000002,5.927200000000004,2,5,87.32,3,False
CHEMBL3810359,CCCn1c(=O)ccc2c(-c3cnc(-c4cccnc4)s3)n[nH]c21,LEISHMANIASIS,6.73754891026957,DNA topoisomerase,<rdkit.Chem.rdchem.Mol object at 0x0000021ACD7ACA50>,[0 1 0 ... 0 0 0],O=c1ccc2c(-c3cnc(-c4cccnc4)s3)n[nH]c2[nH]1,337.408,3.320100000000001,1,6,76.46000000000001,4,True
CHEMBL3809316,CCn1c(=O)ccc2c(-c3cnc(-c4cccnc4)s3)n[nH]c21,LEISHMANIASIS,6.127261172527331,DNA topoisomerase,<rdkit.Chem.rdchem.Mol object at 0x0000021ACD7AC9E0>,[0 1 0 ... 0 0 0],O=c1ccc2c(-c3cnc(-c4cccnc4)s3)n[nH]c2[nH]1,323.38100000000003,2.9300000000000006,1,6,76.46000000000001,3,True
CHEMBL3813873,FC(F)(F)c1ccc(CNc2ccc(Cc3c[nH]c4ncc(Cl)cc34)cn2)cn1,LEISHMANIASIS,4.522878745280337,DNA topoisomerase,<rdkit.Chem.rdchem.Mol object at 0x0000021ACD7AC970>,[0 0 0 ... 0 0 0],c1cncc(CNc2ccc(Cc3c[nH]c4ncccc34)cn2)c1,417.82200000000006,5.228000000000002,2,4,66.49000000000001,5,False
CHEMBL3883394,CCN(CC)CCOc1nc2ccccc2c2nc3ccccc3nc12,LEISHMANIASIS,4.0,DNA topoisomerase,<rdkit.Chem.rdchem.Mol object at 0x0000021ACD7AC900>,[0 0 0 ... 0 0 0],c1ccc2nc3c(cnc4ccccc43)nc2c1,346.4340000000001,4.051800000000004,0,5,51.14,6,True
CHEMBL3884650,CCN(CC)CCn1c(=O)c2nc3ccccc3nc2c2ccccc21,LEISHMANIASIS,4.057595059143893,DNA topoisomerase,<rdkit.Chem.rdchem.Mol object at 0x0000021ACD7AC890>,[0 0 0 ... 0 0 0],O=c1[nH]c2ccccc2c2nc3ccccc3nc12,346.4340000000001,3.439700000000002,0,5,51.02,5,True
CHEMBL3883473,Cc1cc2c(=O)n(CCCN(C)C)c3ccccc3c2nn1,LEISHMANIASIS,4.0,DNA topoisomerase,<rdkit.Chem.rdchem.Mol object at 0x0000021ACD7AC820>,[0 0 0 ... 0 0 0],O=c1[nH]c2ccccc2c2nnccc12,296.3740000000001,2.20482,0,5,51.02,4,True
CHEMBL3883595,c1ccc2nc3c(nc2c1)c(NCCN1CCOCC1)nc1ccccc13,LEISHMANIASIS,4.0,DNA topoisomerase,<rdkit.Chem.rdchem.Mol object at 0x0000021ACD7AC7B0>,[0 0 0 ... 0 0 0],c1ccc2nc3c(nc2c1)c(NCCN1CCOCC1)nc1ccccc13,359.43300000000005,3.0753000000000013,1,6,63.17,4,True
CHEMBL3884560,CN(C)CCCNc1nc2ccccc2c2nc3ccccc3nc12,LEISHMANIASIS,4.948847477552619,DNA topoisomerase,<rdkit.Chem.rdchem.Mol object at 0x0000021ACD7AC740>,[0 0 0 ... 0 0 0],c1ccc2nc3c(cnc4ccccc43)nc2c1,331.42300000000006,3.6948000000000025,1,5,53.94,5,True
CHEMBL3884562,CN(C)CCCCn1c(=O)c2nc3ccccc3nc2c2ccccc21,LEISHMANIASIS,4.46432619657425,DNA topoisomerase,<rdkit.Chem.rdchem.Mol object at 0x0000021ACD7AC6D0>,[0 0 0 ... 0 0 0],O=c1[nH]c2ccccc2c2nc3ccccc3nc12,346.4340000000001,3.439700000000002,0,5,51.02,5,True
CHEMBL3883967,CCN(CC)CCCNc1nc2ccccc2c2nc3ccccc3nc12,LEISHMANIASIS,4.856985199745905,DNA topoisomerase,<rdkit.Chem.rdchem.Mol object at 0x0000021ACD7AC660>,[0 0 0 ... 0 0 0],c1ccc2nc3c(cnc4ccccc43)nc2c1,359.4770000000001,4.475000000000003,1,5,53.94,7,True
CHEMBL3884054,Cc1cc2c(=O)n(CCN(C)C)c3ccccc3c2nn1,LEISHMANIASIS,4.0,DNA topoisomerase,<rdkit.Chem.rdchem.Mol object at 0x0000021ACD7AC5F0>,[0 0 0 ... 0 0 0],O=c1[nH]c2ccccc2c2nnccc12,282.347,1.8147199999999999,0,5,51.02,3,True
CHEMBL3883774,CN(C)CCNc1nc2ccccc2c2nc3ccccc3nc12,LEISHMANIASIS,4.709965388637482,DNA topoisomerase,<rdkit.Chem.rdchem.Mol object at 0x0000021ACD7AC580>,[0 0 0 ... 0 0 0],c1ccc2nc3c(cnc4ccccc43)nc2c1,317.3960000000001,3.3047000000000013,1,5,53.94,4,True
CHEMBL3885093,CN(C)CCSc1nc2ccccc2c2nc3ccccc3nc12,LEISHMANIASIS,4.750801642608887,DNA topoisomerase,<rdkit.Chem.rdchem.Mol object at 0x0000021ACD7AC510>,[0 0 0 ... 0 0 0],c1ccc2nc3c(cnc4ccccc43)nc2c1,334.4480000000001,3.984900000000003,0,5,41.910000000000004,4,True
CHEMBL3883370,CCN(CC)CCNc1nc2ccccc2c2nc3ccccc3nc12,LEISHMANIASIS,4.0,DNA topoisomerase,<rdkit.Chem.rdchem.Mol object at 0x0000021ACD7AC4A0>,[0 0 0 ... 0 0 0],c1ccc2nc3c(cnc4ccccc43)nc2c1,345.45000000000005,4.084900000000003,1,5,53.94,6,True
CHEMBL3883419,CN(C)CCCn1c(=O)c2nc3ccccc3nc2c2ccccc21,LEISHMANIASIS,4.0,DNA topoisomerase,<rdkit.Chem.rdchem.Mol object at 0x0000021ACD7AC430>,[0 0 0 ... 0 0 0],O=c1[nH]c2ccccc2c2nc3ccccc3nc12,332.4070000000001,3.0496000000000008,0,5,51.02,4,True
CHEMBL3883611,CN(C)CCCCNc1nc2ccccc2c2nc3ccccc3nc12,LEISHMANIASIS,5.289036881004725,DNA topoisomerase,<rdkit.Chem.rdchem.Mol object at 0x0000021ACD7AC3C0>,[0 0 0 ... 0 0 0],c1ccc2nc3c(cnc4ccccc43)nc2c1,345.45000000000005,4.084900000000003,1,5,53.94,6,True
CHEMBL3885280,c1ccc2nc3c(nc2c1)c(NCCN1CCCCC1)nc1ccccc13,LEISHMANIASIS,4.711303739409744,DNA topoisomerase,<rdkit.Chem.rdchem.Mol object at 0x0000021ACD7AC350>,[0 0 1 ... 0 0 0],c1ccc2nc3c(nc2c1)c(NCCN1CCCCC1)nc1ccccc13,357.461,4.229000000000004,1,5,53.940000000000005,4,True
CHEMBL3885393,O=c1c2nc3ccccc3nc2c2ccccc2n1CCN1CCOCC1,LEISHMANIASIS,4.0,DNA topoisomerase,<rdkit.Chem.rdchem.Mol object at 0x0000021ACD7AC2E0>,[0 0 0 ... 0 0 0],O=c1c2nc3ccccc3nc2c2ccccc2n1CCN1CCOCC1,360.41700000000026,2.4300999999999995,0,6,60.25,3,True
CHEMBL3883657,CN(C)CCn1c(=O)c2nc3ccccc3nc2c2ccccc21,LEISHMANIASIS,4.447940465812116,DNA topoisomerase,<rdkit.Chem.rdchem.Mol object at 0x0000021ACD7AC270>,[0 0 0 ... 0 0 0],O=c1[nH]c2ccccc2c2nc3ccccc3nc12,318.38000000000005,2.6595000000000004,0,5,51.02,3,True
CHEMBL3884844,CN(C)CCCOc1nc2ccccc2c2nc3ccccc3nc12,LEISHMANIASIS,4.62397081827182,DNA topoisomerase,<rdkit.Chem.rdchem.Mol object at 0x0000021ACD7AC200>,[0 0 0 ... 0 0 0],c1ccc2nc3c(cnc4ccccc43)nc2c1,332.40700000000004,3.6617000000000024,0,5,51.14,5,True
CHEMBL3883996,O=c1[nH]c2ccccc2c2nc3ccccc3nc12,LEISHMANIASIS,4.0,DNA topoisomerase,<rdkit.Chem.rdchem.Mol object at 0x0000021ACD7AC190>,[0 0 0 ... 0 0 0],O=c1[nH]c2ccccc2c2nc3ccccc3nc12,247.25699999999998,2.624500000000001,1,3,58.64,0,True
CHEMBL3883499,CN(CCCCCNc1nc2ccccc2c2nc3ccccc3nc12)Cc1ccccc1,LEISHMANIASIS,4.0,DNA topoisomerase,<rdkit.Chem.rdchem.Mol object at 0x0000021ACD7AC120>,[0 0 0 ... 0 0 0],c1ccc(CNCCCCCNc2nc3ccccc3c3nc4ccccc4nc23)cc1,435.57500000000016,6.045400000000006,1,5,53.94,9,False
CHEMBL3907479,Cc1nc2ccc(-n3ncc(C(=O)c4cc5ccccc5[nH]4)c3N)cc2[nH]1,LEISHMANIASIS,4.522878745280337,DNA topoisomerase,<rdkit.Chem.rdchem.Mol object at 0x0000021ACD7AC0B0>,[0 0 0 ... 0 0 0],O=C(c1cnn(-c2ccc3nc[nH]c3c2)c1)c1cc2ccccc2[nH]1,356.38900000000007,3.35152,3,5,105.38,3,True
CHEMBL3902093,C#CCOCCCCCCCCOc1ccc(-c2nc3ccc(-c4nc5ccc(N6CCN(C)CC6)cc5[nH]4)cc3[nH]2)cc1,LEISHMANIASIS,4.301029995663981,DNA topoisomerase,<rdkit.Chem.rdchem.Mol object at 0x0000021ACD7AC040>,[0 0 0 ... 0 0 0],c1ccc(-c2nc3ccc(-c4nc5ccc(N6CCNCC6)cc5[nH]4)cc3[nH]2)cc1,590.7720000000003,6.894200000000007,2,6,82.30000000000001,14,False
CHEMBL3953305,C#CCOCCCCCCCCCCCCOc1ccc(-c2nc3ccc(-c4nc5ccc(N6CCN(C)CC6)cc5[nH]4)cc3[nH]2)cc1,LEISHMANIASIS,4.301029995663981,DNA topoisomerase,<rdkit.Chem.rdchem.Mol object at 0x0000021ACD7ABF40>,[0 0 0 ... 0 0 0],c1ccc(-c2nc3ccc(-c4nc5ccc(N6CCNCC6)cc5[nH]4)cc3[nH]2)cc1,646.88,8.454600000000008,2,6,82.30000000000001,18,False
CHEMBL3973119,C#CCOCCCCCCCCCCOc1ccc(-c2nc3ccc(-c4nc5ccc(N6CCN(C)CC6)cc5[nH]4)cc3[nH]2)cc1,LEISHMANIASIS,4.301029995663981,DNA topoisomerase,<rdkit.Chem.rdchem.Mol object at 0x0000021ACD7ABED0>,[0 0 0 ... 0 0 0],c1ccc(-c2nc3ccc(-c4nc5ccc(N6CCNCC6)cc5[nH]4)cc3[nH]2)cc1,618.8260000000002,7.674400000000009,2,6,82.30000000000001,16,False
CHEMBL3991933,Cc1nc2cc(-c3nn(C(C)C)c4ncnc(N)c34)ccc2o1,LEISHMANIASIS,4.522878745280337,DNA topoisomerase,<rdkit.Chem.rdchem.Mol object at 0x0000021ACD7ABE60>,[0 1 0 ... 0 0 0],c1ncc2c(-c3ccc4ocnc4c3)n[nH]c2n1,308.345,3.106020000000001,1,7,95.65,2,True
CHEMBL3991934,COCc1c(-c2ccc(NC(=O)Nc3cc(C(F)(F)F)ccc3F)c(F)c2)c2c(N)ncnn2c1CN1CCOCC1,LEISHMANIASIS,4.522878745280337,DNA topoisomerase,<rdkit.Chem.rdchem.Mol object at 0x0000021ACD7ABDF0>,[0 0 0 ... 0 0 0],O=C(Nc1ccccc1)Nc1ccc(-c2cc(CN3CCOCC3)n3ncncc23)cc1,591.5409999999999,4.898100000000003,3,8,119.03999999999999,7,False
CHEMBL3991935,CN1CC[C@@H](c2c(O)cc(O)c3c(=O)cc(-c4ccccc4Cl)oc23)[C@@H]1CO.Cl,LEISHMANIASIS,4.522878745280337,DNA topoisomerase,<rdkit.Chem.rdchem.Mol object at 0x0000021ACD7ABD80>,[0 0 0 ... 0 0 0],O=c1cc(-c2ccccc2)oc2c(C3CCNC3)cccc12,438.3070000000001,3.7264000000000026,3,6,94.14,3,True
CHEMBL4065593,O=C1C(O)=C(C(c2ccc([N+](=O)[O-])cc2)c2c(O)c3ccccc3oc2=O)C(=O)c2ccccc21,LEISHMANIASIS,5.0,DNA topoisomerase,<rdkit.Chem.rdchem.Mol object at 0x0000021ACD7ABD10>,[0 1 0 ... 0 0 0],O=C1C=C(C(c2ccccc2)c2cc3ccccc3oc2=O)C(=O)c2ccccc21,469.4050000000002,4.430000000000003,2,8,147.95,4,True
CHEMBL4066762,CN(C)CCOc1ccc2ccc3c4c(nnc3c2c1)-c1ccccc1C4=O,LEISHMANIASIS,5.26440110030182,DNA topoisomerase,<rdkit.Chem.rdchem.Mol object at 0x0000021ACD7ABCA0>,[0 1 0 ... 0 0 0],O=C1c2ccccc2-c2nnc3c(ccc4ccccc43)c21,369.4240000000001,3.9348000000000027,0,5,55.32,4,True
CHEMBL4067449,CCCCC(NC(=O)[C@H](CCCCN)NC(=O)C(CCCC)NC(=O)[C@H](CO)NC(=O)[C@@H](NC(=O)CNC(=O)[C@H](CCCCN)NC(=O)[C@H](CO)NC(=O)[C@H](CCC(N)=O)NC(=O)[C@@H](NC(=O)[C@H](CCC(=O)O)NC(=O)[C@H](CCCCN)NC(=O)[C@@H]1CCCN1C(C)=O)[C@@H](C)CC)[C@@H](C)CC)C(N)=O,LEISHMANIASIS,4.1249387366083,Trypanothione reductase,<rdkit.Chem.rdchem.Mol object at 0x0000021ACD7ABC30>,[0 1 0 ... 0 0 0],C1CCNC1,1481.8039999999996,-5.093899999999958,20,21,611.51,55,False
CHEMBL4065223,Nc1ccc2c(c1)Oc1c(N3CCC(N4CCCCC4)CC3)c(F)cc3c(=O)c(C(=O)O)cn-2c13,LEISHMANIASIS,5.5338741295818,DNA topoisomerase,<rdkit.Chem.rdchem.Mol object at 0x0000021ACD7ABBC0>,[0 0 1 ... 0 0 0],O=c1ccn2c3c(c(N4CCC(N5CCCCC5)CC4)ccc13)Oc1ccccc1-2,478.5240000000003,3.970600000000003,2,7,101.03,3,True
CHEMBL4066587,CN(C)CCCNC(=O)c1ccc([N+](=O)[O-])o1,LEISHMANIASIS,3.9281179926938745,Trypanothione reductase,<rdkit.Chem.rdchem.Mol object at 0x0000021ACD7ABB50>,[0 0 0 ... 0 0 0],c1ccoc1,241.24699999999999,0.8693000000000002,1,5,88.62,6,True
CHEMBL4066307,CN1CCN(c2c(F)cc3c(=O)c(C(=O)O)cn4c3c2Oc2cc([N+](=O)[O-])ccc2-4)CC1,LEISHMANIASIS,3.6020599913279625,DNA topoisomerase,<rdkit.Chem.rdchem.Mol object at 0x0000021ACD7ABAE0>,[0 0 0 ... 0 0 0],O=c1ccn2c3c(c(N4CCNCC4)ccc13)Oc1ccccc1-2,440.3870000000003,2.593700000000001,1,8,118.15,3,True
CHEMBL4066988,CC[C@H](C)[C@H](NC(=O)[C@H](CCCCN)NC(=O)[C@@H](NC(=O)[C@H](CO)NC(=O)[C@H](CCC(N)=O)NC(=O)[C@H](CCC(=O)O)NC(=O)[C@@H](NC(=O)[C@H](CCCCN)NC(=O)[C@@H]1CCCN1C(C)=O)[C@@H](C)CC)C(C)C)C(N)=O,LEISHMANIASIS,4.324221658325915,Trypanothione reductase,<rdkit.Chem.rdchem.Mol object at 0x0000021ACD7ABA70>,[0 1 0 ... 0 0 0],C1CCNC1,1082.3119999999992,-3.510200000000017,14,15,448.85999999999984,37,False
CHEMBL3981132,C#CCOCCCCCCOc1ccc(-c2nc3ccc(-c4nc5ccc(N6CCN(C)CC6)cc5[nH]4)cc3[nH]2)cc1,LEISHMANIASIS,4.301029995663981,DNA topoisomerase,<rdkit.Chem.rdchem.Mol object at 0x0000021ACD7ABA00>,[0 0 0 ... 0 0 0],c1ccc(-c2nc3ccc(-c4nc5ccc(N6CCNCC6)cc5[nH]4)cc3[nH]2)cc1,562.7180000000003,6.114000000000006,2,6,82.30000000000001,12,False
CHEMBL3991931,C=CC(=O)N1CCC[C@H](n2c(=O)n(-c3ccc(Oc4ccccc4)cc3)c3c(N)ncnc32)C1,LEISHMANIASIS,4.522878745280337,DNA topoisomerase,<rdkit.Chem.rdchem.Mol object at 0x0000021ACD7AB990>,[0 0 0 ... 0 0 0],O=c1n(-c2ccc(Oc3ccccc3)cc2)c2cncnc2n1C1CCCNC1,456.5060000000002,3.3062000000000014,1,8,108.27,5,True
CHEMBL4060026,COc1ccc(C2([C@H]3C[C@@H](n4cc(C)c(=O)[nH]c4=O)O[C@@H]3CO[Si](C)(C)C(C)(C)C)SCCCS2)cc1OC,LEISHMANIASIS,4.732828271596986,DNA topoisomerase,<rdkit.Chem.rdchem.Mol object at 0x0000021ACD7AB920>,[0 0 0 ... 0 0 0],O=c1ccn(C2CC(C3(c4ccccc4)SCCCS3)CO2)c(=O)[nH]1,594.8720000000003,5.510820000000005,1,9,91.78000000000002,8,False
CHEMBL4061346,CN1CCN(c2c(F)cc3c(=O)c(C(=O)O)cn4c3c2Oc2cc(N)ccc2-4)CC1,LEISHMANIASIS,5.232844133917819,DNA topoisomerase,<rdkit.Chem.rdchem.Mol object at 0x0000021ACD7AB8B0>,[0 0 0 ... 0 0 0],O=c1ccn2c3c(c(N4CCNCC4)ccc13)Oc1ccccc1-2,410.40500000000026,2.2677000000000005,2,7,101.03,2,True
CHEMBL4064044,CN(C)CCNC(=O)c1ccc2nnc3c(c2c1)C(=O)c1ccccc1-3,LEISHMANIASIS,4.872895201635193,DNA topoisomerase,<rdkit.Chem.rdchem.Mol object at 0x0000021ACD7AB840>,[0 1 0 ... 0 0 0],O=C1c2ccccc2-c2nnc3ccccc3c21,346.3900000000001,2.1326,1,5,75.19,4,True
CHEMBL4064127,Nc1ccc2c(c1)Oc1c(N3CC[C@H](N)C3)c(F)cc3c(=O)c(C(=O)O)cn-2c13,LEISHMANIASIS,5.4089353929735005,DNA topoisomerase,<rdkit.Chem.rdchem.Mol object at 0x0000021ACD7AB7D0>,[0 0 0 ... 0 0 0],O=c1ccn2c3c(c(N4CCCC4)ccc13)Oc1ccccc1-2,396.3780000000001,2.0533,3,7,123.81,2,True
CHEMBL4062530,O=C(Nc1ccc(O)cc1)c1c(O)n(-c2ccccc2)c(=S)n(-c2ccccc2)c1=O,LEISHMANIASIS,3.823908740944319,DNA topoisomerase,<rdkit.Chem.rdchem.Mol object at 0x0000021ACD7AB760>,[0 0 0 ... 0 0 0],O=C(Nc1ccccc1)c1cn(-c2ccccc2)c(=S)n(-c2ccccc2)c1=O,431.4730000000001,4.021190000000002,3,7,96.49000000000001,4,True
CHEMBL4061636,COc1ccc(C[C@H]2C[C@H](n3cc(C)c(=O)[nH]c3=O)O[C@@H]2CO[Si](C)(C)C(C)(C)C)cc1OC,LEISHMANIASIS,4.003926345514724,DNA topoisomerase,<rdkit.Chem.rdchem.Mol object at 0x0000021ACD7AB6F0>,[0 0 0 ... 0 0 0],O=c1ccn(C2CC(Cc3ccccc3)CO2)c(=O)[nH]1,490.67300000000034,4.030420000000003,1,7,91.78000000000002,8,True
CHEMBL4062357,ClCc1ccc(-c2cc(-c3ccc4c(c3)OCO4)no2)cc1,LEISHMANIASIS,4.0,Trypanothione reductase,<rdkit.Chem.rdchem.Mol object at 0x0000021ACD7AB680>,[0 0 0 ... 0 0 0],c1ccc(-c2cc(-c3ccc4c(c3)OCO4)no2)cc1,313.74,4.476100000000002,0,4,44.49,3,True
CHEMBL4064356,CCCCNC(=O)c1ccc([N+](=O)[O-])o1,LEISHMANIASIS,3.5016894462104,Trypanothione reductase,<rdkit.Chem.rdchem.Mol object at 0x0000021ACD7AB610>,[0 0 0 ... 0 0 0],c1ccoc1,212.20499999999996,1.7177,1,4,85.38,5,True
CHEMBL4061646,CC(C)(C)NC(=O)c1ccc([N+](=O)[O-])o1,LEISHMANIASIS,3.504455662453552,Trypanothione reductase,<rdkit.Chem.rdchem.Mol object at 0x0000021ACD7AB5A0>,[0 0 0 ... 0 0 0],c1ccoc1,212.20499999999998,1.7161,1,4,85.38,2,True
CHEMBL4062965,CN(C)CCCCNC(=O)c1ccc2nnc3c(c2c1)C(=O)c1ccccc1-3,LEISHMANIASIS,5.149966742310231,DNA topoisomerase,<rdkit.Chem.rdchem.Mol object at 0x0000021ACD7AB530>,[0 1 0 ... 0 0 0],O=C1c2ccccc2-c2nnc3ccccc3c21,374.44400000000013,2.9128000000000016,1,5,75.19,6,True
CHEMBL4064565,O=C1C(O)=C(C(c2ccc(Cl)cc2)c2c(O)c3ccccc3oc2=O)C(=O)c2ccccc21,LEISHMANIASIS,5.0,DNA topoisomerase,<rdkit.Chem.rdchem.Mol object at 0x0000021ACD7AB4C0>,[0 1 0 ... 0 0 0],O=C1C=C(C(c2ccccc2)c2cc3ccccc3oc2=O)C(=O)c2ccccc21,458.8530000000002,5.175200000000005,2,6,104.81,3,False
CHEMBL4061116,Cl.Cl.NCCCNCC(O)COc1cc(O)c2c(=O)c3ccccc3oc2c1,LEISHMANIASIS,6.0,DNA topoisomerase,<rdkit.Chem.rdchem.Mol object at 0x0000021ACD7AB450>,[0 1 0 ... 0 0 0],O=c1c2ccccc2oc2ccccc12,431.3160000000002,2.1734999999999998,4,7,117.95,8,True
CHEMBL4061762,C#CCOC(=O)NCc1ccc(-c2ccnc(C)c2)c2cc(NC(=O)NCC)ncc12,LEISHMANIASIS,3.5917600346881504,DNA topoisomerase,<rdkit.Chem.rdchem.Mol object at 0x0000021ACD7AB3E0>,[0 0 0 ... 0 0 0],c1cc(-c2ccncc2)c2ccncc2c1,417.46900000000016,3.606020000000002,3,5,105.24,6,True
CHEMBL4064887,Nc1ccc2c(c1)Oc1c(N3CCNCC3)c(F)cc3c(=O)c(C(=O)O)cn-2c13,LEISHMANIASIS,5.5338741295818,DNA topoisomerase,<rdkit.Chem.rdchem.Mol object at 0x0000021ACD7AB370>,[0 0 0 ... 0 0 0],O=c1ccn2c3c(c(N4CCNCC4)ccc13)Oc1ccccc1-2,396.3780000000001,1.9255,3,7,109.82,2,True
CHEMBL4064888,COc1ccccc1CNCCCN1C(=O)c2ccc3c4c(ccc(c24)C1=O)C(=O)N(CCCCNCCCN)C3=O,LEISHMANIASIS,5.154901959985743,DNA topoisomerase,<rdkit.Chem.rdchem.Mol object at 0x0000021ACD7AB300>,[0 0 0 ... 0 0 0],O=C1NC(=O)c2ccc3c4c(ccc1c24)C(=O)N(CCCNCc1ccccc1)C3=O,571.6780000000002,2.9389000000000003,3,8,134.07,15,False
CHEMBL4071202,CCCCC(NC(=O)[C@H](CCCCN)NC(=O)[C@H](CCCCN)NC(=O)[C@H](CO)NC(=O)[C@@H](NC(=O)CNC(=O)[C@H](CCC(=O)O)NC(=O)[C@H](CO)NC(=O)[C@H](CCC(N)=O)NC(=O)[C@@H](NC(=O)[C@@H](NC(=O)[C@H](CCCCN)NC(=O)[C@@H]1CCCN1C(C)=O)[C@@H](C)CC)[C@@H](C)CC)[C@@H](C)CC)C(N)=O,LEISHMANIASIS,4.1249387366083,Trypanothione reductase,<rdkit.Chem.rdchem.Mol object at 0x0000021ACD7AB290>,[0 1 0 ... 0 0 0],C1CCNC1,1481.8039999999996,-5.2379999999999525,20,21,611.51,54,False
CHEMBL4070279,Nc1ccc(-c2ccc(-c3c4nc(c(-c5ccc(-c6ccc(N)cc6)cc5)c5ccc([nH]5)c(-c5ccncc5)c5nc(c(-c6ccncc6)c6ccc3[nH]6)C=C5)C=C4)cc2)cc1,LEISHMANIASIS,4.139889933268898,DNA topoisomerase,<rdkit.Chem.rdchem.Mol object at 0x0000021ACD7AB220>,[0 0 0 ... 0 0 0],C1=Cc2nc1c(-c1ccncc1)c1ccc([nH]1)c(-c1ccc(-c3ccccc3)cc1)c1nc(c(-c3ccc(-c4ccccc4)cc3)c3ccc([nH]3)c2-c2ccncc2)C=C1,798.954,12.611999999999984,4,6,135.18,6,False
CHEMBL4070811,Cl.Cl.Cl.Cl.NCCCNCCCCNCCCNCC(O)COc1cc(O)c2c(=O)c3ccccc3oc2c1,LEISHMANIASIS,5.5,DNA topoisomerase,<rdkit.Chem.rdchem.Mol object at 0x0000021ACD7AB1B0>,[0 1 0 ... 0 0 0],O=c1c2ccccc2oc2ccccc12,632.4570000000003,3.366600000000002,6,9,142.01,17,False
CHEMBL4069784,NCCCCNCCCNCC(O)COc1cc(O)c2c(=O)c3ccccc3oc2c1.O=C(O)C(F)(F)F.O=C(O)C(F)(F)F.O=C(O)C(F)(F)F,LEISHMANIASIS,5.0,DNA topoisomerase,<rdkit.Chem.rdchem.Mol object at 0x0000021ACD7AB140>,[0 1 0 ... 0 0 0],O=c1c2ccccc2oc2ccccc12,771.5830000000007,3.5996000000000015,8,11,241.87999999999997,13,False
CHEMBL4069708,COc1ccc(C2(C3CC(=O)O[C@@H]3CO)SCCCS2)cc1OC,LEISHMANIASIS,3.6989700043360183,DNA topoisomerase,<rdkit.Chem.rdchem.Mol object at 0x0000021ACD7AB0D0>,[0 0 0 ... 0 0 0],O=C1CC(C2(c3ccccc3)SCCCS2)CO1,370.49200000000013,2.6507000000000005,1,7,64.99000000000001,5,True
CHEMBL4072011,Nc1ccc2c(c1)Oc1c(NCCN3CCOCC3)c(F)cc3c(=O)c(C(=O)O)cn-2c13,LEISHMANIASIS,5.232844133917819,DNA topoisomerase,<rdkit.Chem.rdchem.Mol object at 0x0000021ACD7AB060>,[0 0 0 ... 0 0 0],O=c1ccn2c3c(c(NCCN4CCOCC4)ccc13)Oc1ccccc1-2,440.43100000000015,2.26,3,8,119.04999999999998,5,True
CHEMBL4071417,O=C(c1ccc([N+](=O)[O-])o1)N1CCCC1,LEISHMANIASIS,3.728158393463501,Trypanothione reductase,<rdkit.Chem.rdchem.Mol object at 0x0000021ACD7AAFF0>,[0 0 0 ... 0 0 0],O=C(c1ccco1)N1CCCC1,210.18899999999994,1.4237999999999997,0,4,76.58999999999999,2,True
CHEMBL4070159,CCCCC(NC(=O)[C@H](CCCCN)NC(=O)C(CCCC)NC(=O)[C@H](CO)NC(=O)[C@@H](NC(=O)[C@@H]1CCCCNC(=O)CC[C@H](NC(=O)[C@@H](NC(=O)[C@H](CCCCN)NC(=O)[C@@H]2CCCN2C(C)=O)[C@@H](C)CC)C(=O)N[C@@H](CCC(N)=O)C(=O)N[C@@H](CO)C(=O)N[C@@H](C(C)C)C(=O)N1)[C@@H](C)CC)C(N)=O,LEISHMANIASIS,5.058680819151981,Trypanothione reductase,<rdkit.Chem.rdchem.Mol object at 0x0000021ACD7AAF80>,[0 1 0 ... 0 0 0],O=C1CCC(NC(=O)CNC(=O)CNC(=O)C2CCCN2)C(=O)NCC(=O)NCC(=O)NCC(=O)NCCCCCN1,1505.8699999999994,-3.982799999999984,19,20,577.2899999999998,41,False
CHEMBL4074215,O=C1C(O)=C(C(c2ccc3c(c2)OCO3)c2c(O)c3ccccc3oc2=O)C(=O)c2ccccc21,LEISHMANIASIS,5.0,DNA topoisomerase,<rdkit.Chem.rdchem.Mol object at 0x0000021ACD7AAF10>,[0 1 0 ... 0 0 0],O=C1C=C(C(c2ccc3c(c2)OCO3)c2cc3ccccc3oc2=O)C(=O)c2ccccc21,468.4170000000002,4.250500000000002,2,8,123.27000000000001,3,True
CHEMBL4088684,CC[C@H](C)[C@H](NC(=O)[C@@H]1CCCCNC(=O)CC[C@H](NC(=O)[C@@H](NC(=O)[C@H](CCCCN)NC(=O)[C@@H]2CCCN2C(C)=O)[C@@H](C)CC)C(=O)N[C@@H](CCC(N)=O)C(=O)N[C@@H](CO)C(=O)N[C@@H](C(C)C)C(=O)N1)C(N)=O,LEISHMANIASIS,4.1249387366083,Trypanothione reductase,<rdkit.Chem.rdchem.Mol object at 0x0000021ACD7AAEA0>,[0 1 0 ... 0 0 0],O=C1CCC(NC(=O)CNC(=O)CNC(=O)C2CCCN2)C(=O)NCC(=O)NCC(=O)NCC(=O)NCCCCCN1,1064.2969999999996,-3.4237000000000197,13,14,414.63999999999993,22,False
CHEMBL4089751,COc1ccc(C[C@H]2CC(=O)O[C@@H]2CO[Si](C)(C)C(C)(C)C)cc1OC,LEISHMANIASIS,3.863279432843593,DNA topoisomerase,<rdkit.Chem.rdchem.Mol object at 0x0000021ACD7AAE30>,[0 0 0 ... 0 0 0],O=C1CC(Cc2ccccc2)CO1,380.55700000000013,4.199800000000003,0,5,53.99000000000001,7,True
CHEMBL4088260,COc1ccc(C2([C@H]3C[C@H](n4cc(C)c(=O)[nH]c4=O)O[C@@H]3CO)SCCCS2)cc1OC,LEISHMANIASIS,4.1904402853647325,DNA topoisomerase,<rdkit.Chem.rdchem.Mol object at 0x0000021ACD7AADC0>,[0 0 0 ... 0 0 0],O=c1ccn(C2CC(C3(c4ccccc4)SCCCS3)CO2)c(=O)[nH]1,480.6080000000003,2.48132,2,9,102.78000000000002,6,True
CHEMBL4086707,OCc1ccc(-c2cc(-c3ccc4c(c3)OCO4)no2)cc1,LEISHMANIASIS,4.0,Trypanothione reductase,<rdkit.Chem.rdchem.Mol object at 0x0000021ACD7AAD50>,[0 0 0 ... 0 0 0],c1ccc(-c2cc(-c3ccc4c(c3)OCO4)no2)cc1,295.294,3.2296000000000014,1,5,64.72,3,True
CHEMBL4089711,Cc1cn([C@H]2C[C@H](Cc3ccc(O)c(O)c3)[C@@H](CO)O2)c(=O)[nH]c1=O,LEISHMANIASIS,3.75448733218585,DNA topoisomerase,<rdkit.Chem.rdchem.Mol object at 0x0000021ACD7AACE0>,[0 0 0 ... 0 0 0],O=c1ccn(C2CC(Cc3ccccc3)CO2)c(=O)[nH]1,348.3550000000001,0.3949199999999998,4,7,124.78,4,True
CHEMBL4090510,COc1cccc(NC(=O)c2c(O)n(-c3ccccc3)c(=S)n(-c3ccccc3)c2=O)c1,LEISHMANIASIS,4.658026434624244,DNA topoisomerase,<rdkit.Chem.rdchem.Mol object at 0x0000021ACD7AAC70>,[0 0 0 ... 0 0 0],O=C(Nc1ccccc1)c1cn(-c2ccccc2)c(=S)n(-c2ccccc2)c1=O,445.5000000000001,4.324190000000003,2,7,85.49000000000001,5,True
CHEMBL4088638,CCN(CC)CCCNC(=O)c1ccc([N+](=O)[O-])o1,LEISHMANIASIS,3.892790030352132,Trypanothione reductase,<rdkit.Chem.rdchem.Mol object at 0x0000021ACD7AAC00>,[0 0 0 ... 0 0 0],c1ccoc1,269.301,1.6494999999999997,1,5,88.62,8,True
CHEMBL4090898,CN(C)CCCNC(=O)c1ccc2nnc3c(c2c1)C(=O)c1ccccc1-3,LEISHMANIASIS,5.311580177997289,DNA topoisomerase,<rdkit.Chem.rdchem.Mol object at 0x0000021ACD7AAB90>,[0 1 0 ... 0 0 0],O=C1c2ccccc2-c2nnc3ccccc3c21,360.4170000000001,2.5227000000000013,1,5,75.19,5,True
CHEMBL4086302,COc1ccc(C[C@H]2C[C@H](n3cc(C)c(=O)[nH]c3=O)O[C@@H]2CO)cc1OC,LEISHMANIASIS,3.6989700043360183,DNA topoisomerase,<rdkit.Chem.rdchem.Mol object at 0x0000021ACD7AAB20>,[0 0 0 ... 0 0 0],O=c1ccn(C2CC(Cc3ccccc3)CO2)c(=O)[nH]1,376.40900000000016,1.00092,2,7,102.78000000000002,6,True
CHEMBL4087024,O=C1C(O)=C(C(c2ccccc2F)c2c(O)c3ccccc3oc2=O)C(=O)c2ccccc21,LEISHMANIASIS,5.0,DNA topoisomerase,<rdkit.Chem.rdchem.Mol object at 0x0000021ACD7AAAB0>,[0 1 0 ... 0 0 0],O=C1C=C(C(c2ccccc2)c2cc3ccccc3oc2=O)C(=O)c2ccccc21,442.3980000000002,4.660900000000004,2,6,104.81,3,True
CHEMBL4080916,Brc1ccc(-c2c3nc(c(-c4ccc(-c5ccncc5)cc4)c4ccc([nH]4)c(-c4ccc(Br)cc4)c4nc(c(-c5ccc(-c6ccncc6)cc5)c5ccc2[nH]5)C=C4)C=C3)cc1,LEISHMANIASIS,4.301029995663981,DNA topoisomerase,<rdkit.Chem.rdchem.Mol object at 0x0000021ACD7AAA40>,[0 0 0 ... 0 0 0],C1=Cc2nc1c(-c1ccccc1)c1ccc([nH]1)c(-c1ccc(-c3ccncc3)cc1)c1nc(c(-c3ccccc3)c3ccc([nH]3)c2-c2ccc(-c3ccncc3)cc2)C=C1,926.7159999999998,14.972599999999971,2,4,83.13999999999999,6,False
CHEMBL4084089,COc1ccccc1CNCCCN1C(=O)c2ccc3c4c(ccc(c24)C1=O)C(=O)N(CCCNCCCN)C3=O,LEISHMANIASIS,5.823908740944319,DNA topoisomerase,<rdkit.Chem.rdchem.Mol object at 0x0000021ACD7AA9D0>,[0 0 0 ... 0 0 0],O=C1NC(=O)c2ccc3c4c(ccc1c24)C(=O)N(CCCNCc1ccccc1)C3=O,557.6510000000003,2.548799999999999,3,8,134.07,14,False
CHEMBL4080410,COc1ccc(C2([C@H]3C[C@H](n4cc(C)c(=O)[nH]c4=O)O[C@@H]3CO[Si](C)(C)C(C)(C)C)SCCCS2)cc1OC,LEISHMANIASIS,4.905240806936812,DNA topoisomerase,<rdkit.Chem.rdchem.Mol object at 0x0000021ACD7AA960>,[0 0 0 ... 0 0 0],O=c1ccn(C2CC(C3(c4ccccc4)SCCCS3)CO2)c(=O)[nH]1,594.8720000000003,5.510820000000005,1,9,91.78000000000002,8,False
CHEMBL4080414,CC[C@H](C)[C@H](NC(=O)CNC(=O)[C@H](CCCCN)NC(=O)[C@H](CO)NC(=O)[C@H](CCC(N)=O)NC(=O)[C@@H](NC(=O)[C@H](CCC(=O)O)NC(=O)[C@H](CCCCN)NC(=O)[C@@H]1CCCN1C(C)=O)[C@@H](C)CC)C(N)=O,LEISHMANIASIS,4.1249387366083,Trypanothione reductase,<rdkit.Chem.rdchem.Mol object at 0x0000021ACD7AA8F0>,[0 1 0 ... 0 0 0],C1CCNC1,1040.2309999999993,-4.53480000000002,14,15,448.8599999999999,36,False
CHEMBL4084206,CN(C)CCNC(=O)c1ccc([N+](=O)[O-])o1,LEISHMANIASIS,3.866461091629783,Trypanothione reductase,<rdkit.Chem.rdchem.Mol object at 0x0000021ACD7AA880>,[0 0 0 ... 0 0 0],c1ccoc1,227.22,0.47920000000000035,1,5,88.62,5,True
CHEMBL4082118,CN(C)CCOc1ccc2c(ccc3c4c(nnc32)-c2ccccc2C4=O)c1,LEISHMANIASIS,4.0,DNA topoisomerase,<rdkit.Chem.rdchem.Mol object at 0x0000021ACD7AA810>,[0 1 0 ... 0 0 0],O=C1c2ccccc2-c2nnc3c(ccc4ccccc43)c21,369.4240000000001,3.9348000000000027,0,5,55.32,4,True
CHEMBL4084514,O=C1C(O)=C(C(c2ccc(Br)cc2)c2c(O)c3ccccc3oc2=O)C(=O)c2ccccc21,LEISHMANIASIS,5.0,DNA topoisomerase,<rdkit.Chem.rdchem.Mol object at 0x0000021ACD7AA7A0>,[0 1 0 ... 0 0 0],O=C1C=C(C(c2ccccc2)c2cc3ccccc3oc2=O)C(=O)c2ccccc21,503.30400000000026,5.284300000000004,2,6,104.81,3,False
CHEMBL4081867,CN(C)c1ccc(-c2c3nc(c(-c4ccc(N(C)C)cc4)c4ccc([nH]4)c(-c4ccc(N(C)C)cc4)c4nc(c(-c5ccc(C(=O)O)cc5)c5ccc2[nH]5)C=C4)C=C3)cc1,LEISHMANIASIS,5.808301309606206,DNA topoisomerase,<rdkit.Chem.rdchem.Mol object at 0x0000021ACD7AA730>,[0 0 0 ... 0 0 0],C1=Cc2nc1c(-c1ccccc1)c1ccc([nH]1)c(-c1ccccc1)c1nc(c(-c3ccccc3)c3ccc([nH]3)c2-c2ccccc2)C=C1,787.9680000000002,11.219799999999992,3,6,104.38000000000002,8,False
CHEMBL4084827,COc1ccccc1CNCCCN1C(=O)c2ccc3c4c(ccc(c24)C1=O)C(=O)N(CCCOCCCCOCCCN)C3=O,LEISHMANIASIS,5.259637310505756,DNA topoisomerase,<rdkit.Chem.rdchem.Mol object at 0x0000021ACD7AA6C0>,[0 0 0 ... 0 0 0],O=C1NC(=O)c2ccc3c4c(ccc1c24)C(=O)N(CCCNCc1ccccc1)C3=O,630.742,3.7726000000000024,2,9,140.5,19,False
CHEMBL4081883,COc1ccc(C[C@H]2C[C@@H](n3cc(C)c(=O)[nH]c3=O)O[C@@H]2CO[Si](C)(C)C(C)(C)C)cc1OC,LEISHMANIASIS,4.049635145623877,DNA topoisomerase,<rdkit.Chem.rdchem.Mol object at 0x0000021ACD7AA650>,[0 0 0 ... 0 0 0],O=c1ccn(C2CC(Cc3ccccc3)CO2)c(=O)[nH]1,490.67300000000034,4.030420000000003,1,7,91.78000000000002,8,True
CHEMBL4080816,CC[C@H](C)[C@H](NC(=O)CNC(=O)[C@@H](NC(=O)[C@H](CO)NC(=O)[C@H](CCC(N)=O)NC(=O)[C@@H](NC(=O)[C@@H](NC(=O)[C@H](CCCCN)NC(=O)[C@@H]1CCCN1C(C)=O)[C@@H](C)CC)[C@@H](C)CC)C(C)C)C(N)=O,LEISHMANIASIS,5.0568674704851215,Trypanothione reductase,<rdkit.Chem.rdchem.Mol object at 0x0000021ACD7AA5E0>,[0 1 0 ... 0 0 0],C1CCNC1,995.2339999999991,-2.826500000000011,12,13,385.53999999999996,32,False
CHEMBL4082686,O=C(Nc1ccccc1)c1c(O)n(-c2ccccc2)c(=S)n(-c2ccccc2)c1=O,LEISHMANIASIS,5.301029995663981,DNA topoisomerase,<rdkit.Chem.rdchem.Mol object at 0x0000021ACD7AA570>,[0 0 0 ... 0 0 0],O=C(Nc1ccccc1)c1cn(-c2ccccc2)c(=S)n(-c2ccccc2)c1=O,415.4740000000001,4.315590000000003,2,6,76.25999999999999,4,True
CHEMBL4078465,Brc1ccc(-c2c3nc(c(-c4ccc(Br)cc4)c4ccc([nH]4)c(-c4ccncc4)c4nc(c(-c5ccncc5)c5ccc2[nH]5)C=C4)C=C3)cc1,LEISHMANIASIS,4.301029995663981,DNA topoisomerase,<rdkit.Chem.rdchem.Mol object at 0x0000021ACD7AA500>,[0 0 0 ... 0 0 0],C1=Cc2nc1c(-c1ccccc1)c1ccc([nH]1)c(-c1ccncc1)c1nc(c(-c3ccncc3)c3ccc([nH]3)c2-c2ccccc2)C=C1,774.5199999999999,11.638599999999984,2,4,83.13999999999999,4,False
CHEMBL4079946,CCCNC(=O)c1ccc([N+](=O)[O-])o1,LEISHMANIASIS,3.473660722610156,Trypanothione reductase,<rdkit.Chem.rdchem.Mol object at 0x0000021ACD7AA490>,[0 0 0 ... 0 0 0],c1ccoc1,198.17799999999997,1.3276,1,4,85.38,4,True
CHEMBL4076393,N[C@H]1CCN(c2c(F)cc3c(=O)c(C(=O)O)cn4c3c2Oc2cc([N+](=O)[O-])ccc2-4)C1,LEISHMANIASIS,5.5338741295818,DNA topoisomerase,<rdkit.Chem.rdchem.Mol object at 0x0000021ACD7AA420>,[0 0 0 ... 0 0 0],O=c1ccn2c3c(c(N4CCCC4)ccc13)Oc1ccccc1-2,426.36000000000024,2.3793000000000006,2,8,140.93,3,True
CHEMBL4076896,CCCCC(NC(=O)[C@H](CCCCN)NC(=O)C(CCCC)NC(=O)[C@H](CO)NC(=O)[C@@H](NC(=O)CNC(=O)[C@@H](NC(=O)[C@H](CO)NC(=O)[C@H](CCC(N)=O)NC(=O)[C@@H](NC(=O)[C@@H](NC(=O)[C@H](CCCCN)NC(=O)[C@@H]1CCCN1C(C)=O)[C@@H](C)CC)[C@@H](C)CC)C(C)C)[C@@H](C)CC)C(N)=O,LEISHMANIASIS,5.395242492728684,Trypanothione reductase,<rdkit.Chem.rdchem.Mol object at 0x0000021ACD7AA3B0>,[0 1 0 ... 0 0 0],C1CCNC1,1436.8069999999989,-3.3855999999999655,18,19,548.1899999999998,51,False
CHEMBL4078126,CCNC(=O)Nc1cc2c(-c3ccnc(C)c3)ccc(CNC(=O)OC)c2cn1,LEISHMANIASIS,3.5917600346881504,DNA topoisomerase,<rdkit.Chem.rdchem.Mol object at 0x0000021ACD7AA340>,[0 0 0 ... 0 0 0],c1cc(-c2ccncc2)c2ccncc2c1,393.4470000000002,3.6026200000000026,3,5,105.24000000000001,5,True
CHEMBL4079787,CCCN(CCC)C(=O)c1ccc([N+](=O)[O-])o1,LEISHMANIASIS,3.7375489102695703,Trypanothione reductase,<rdkit.Chem.rdchem.Mol object at 0x0000021ACD7AA2D0>,[0 0 0 ... 0 0 0],c1ccoc1,240.259,2.45,0,4,76.59,6,True
CHEMBL4078357,CC[C@H](C)[C@H](NC(=O)CNC(=O)[C@@H]1CCCCNC(=O)CC[C@H](NC(=O)[C@H](CCCCN)NC(=O)[C@@H]2CCCN2C(C)=O)C(=O)N[C@@H]([C@@H](C)CC)C(=O)N[C@@H](CCC(N)=O)C(=O)N[C@@H](CO)C(=O)N1)C(N)=O,LEISHMANIASIS,4.1249387366083,Trypanothione reductase,<rdkit.Chem.rdchem.Mol object at 0x0000021ACD7AA260>,[0 1 0 ... 0 0 0],O=C1CCC(NC(=O)CNC(=O)C2CCCN2)C(=O)NCC(=O)NCC(=O)NCC(=O)NCCCCCN1,1022.2159999999996,-4.448300000000023,13,14,414.63999999999993,21,False
CHEMBL4079855,O=C(O)c1cn2c3c(c(F)c(F)cc3c1=O)Oc1cc([N+](=O)[O-])c(Cl)cc1-2,LEISHMANIASIS,3.903089986991944,DNA topoisomerase,<rdkit.Chem.rdchem.Mol object at 0x0000021ACD7AA1F0>,[0 0 0 ... 0 0 0],O=c1ccn2c3c(cccc13)Oc1ccccc1-2,394.67300000000006,3.634400000000001,1,6,111.67000000000002,2,True
CHEMBL4094724,O=C1C(O)=C(C(c2ccccc2)c2c(O)c3ccccc3oc2=O)C(=O)c2ccccc21,LEISHMANIASIS,5.0,DNA topoisomerase,<rdkit.Chem.rdchem.Mol object at 0x0000021ACD7AA180>,[0 1 0 ... 0 0 0],O=C1C=C(C(c2ccccc2)c2cc3ccccc3oc2=O)C(=O)c2ccccc21,424.4080000000002,4.521800000000003,2,6,104.81,3,True
CHEMBL4092588,COc1ccccc1CNCCCN1C(=O)c2ccc3c4c(ccc(c24)C1=O)C(=O)N(CCCNCCCCN)C3=O,LEISHMANIASIS,5.091514981121351,DNA topoisomerase,<rdkit.Chem.rdchem.Mol object at 0x0000021ACD7AA110>,[0 0 0 ... 0 0 0],O=C1NC(=O)c2ccc3c4c(ccc1c24)C(=O)N(CCCNCc1ccccc1)C3=O,571.6780000000002,2.9389000000000003,3,8,134.07,15,False
CHEMBL4094285,CN(C)CCCOc1ccc2c(ccc3c4c(nnc32)-c2ccccc2C4=O)c1,LEISHMANIASIS,4.276626432981016,DNA topoisomerase,<rdkit.Chem.rdchem.Mol object at 0x0000021ACD7AA0A0>,[0 1 0 ... 0 0 0],O=C1c2ccccc2-c2nnc3c(ccc4ccccc43)c21,383.45100000000014,4.324900000000003,0,5,55.32,5,True
CHEMBL4091464,O=C(c1ccc([N+](=O)[O-])o1)N(Cc1ccccc1)Cc1ccccc1,LEISHMANIASIS,4.167491087293763,Trypanothione reductase,<rdkit.Chem.rdchem.Mol object at 0x0000021ACD7AA030>,[0 0 0 ... 0 0 0],O=C(c1ccco1)N(Cc1ccccc1)Cc1ccccc1,336.3470000000001,4.030400000000003,0,4,76.58999999999999,6,True
CHEMBL4092070,CC(C)NC(=O)c1ccc([N+](=O)[O-])o1,LEISHMANIASIS,3.382999658879101,Trypanothione reductase,<rdkit.Chem.rdchem.Mol object at 0x0000021ACD7A9FC0>,[0 1 0 ... 0 0 0],c1ccoc1,198.17799999999997,1.3259999999999998,1,4,85.38,3,True
CHEMBL4092257,O=C1C(O)=C(C(c2ccc(F)cc2)c2c(O)c3ccccc3oc2=O)C(=O)c2ccccc21,LEISHMANIASIS,5.0,DNA topoisomerase,<rdkit.Chem.rdchem.Mol object at 0x0000021ACD7A9F50>,[0 1 0 ... 0 0 0],O=C1C=C(C(c2ccccc2)c2cc3ccccc3oc2=O)C(=O)c2ccccc21,442.3980000000002,4.660900000000003,2,6,104.81,3,True
CHEMBL4092991,O=C(c1ccc([N+](=O)[O-])o1)N1CCCCC1,LEISHMANIASIS,3.549750891680639,Trypanothione reductase,<rdkit.Chem.rdchem.Mol object at 0x0000021ACD7A9EE0>,[0 0 1 ... 0 0 0],O=C(c1ccco1)N1CCCCC1,224.21599999999992,1.8138999999999998,0,4,76.58999999999999,2,True
CHEMBL4091846,COc1ccccc1CNCCCN1C(=O)c2ccc3c4c(ccc(c24)C1=O)C(=O)N(CCCNCCCCNCCCN)C3=O,LEISHMANIASIS,5.657577319177793,DNA topoisomerase,<rdkit.Chem.rdchem.Mol object at 0x0000021ACD7A9E70>,[0 0 0 ... 0 0 0],O=C1NC(=O)c2ccc3c4c(ccc1c24)C(=O)N(CCCNCc1ccccc1)C3=O,628.774,2.9186000000000023,4,9,146.1,19,False
CHEMBL4096399,CCCCC(NC(=O)[C@@H]1CCCCNC(=O)CC[C@H](NC(=O)[C@@H](NC(=O)[C@H](CO)NC(=O)[C@H](CCC(N)=O)NC(=O)[C@@H](NC(=O)[C@@H](NC(=O)[C@H](CCCCN)NC(=O)[C@@H]2CCCN2C(C)=O)[C@@H](C)CC)[C@@H](C)CC)C(C)C)C(=O)N[C@@H]([C@@H](C)CC)C(=O)N[C@@H](CO)C(=O)NC(CCCC)C(=O)N1)C(N)=O,LEISHMANIASIS,4.742925432762282,Trypanothione reductase,<rdkit.Chem.rdchem.Mol object at 0x0000021ACD7A9E00>,[0 1 0 ... 0 0 0],O=C1CCC(NC(=O)CNC(=O)CNC(=O)CNC(=O)CNC(=O)CNC(=O)CNC(=O)C2CCCN2)C(=O)NCC(=O)NCC(=O)NCC(=O)NCCCCCN1,1490.8549999999993,-3.065699999999987,18,19,551.2699999999999,39,False
CHEMBL4093358,CN(C)CCCOc1ccc2ccc3c4c(nnc3c2c1)-c1ccccc1C4=O,LEISHMANIASIS,4.536704390037997,DNA topoisomerase,<rdkit.Chem.rdchem.Mol object at 0x0000021ACD7A9D90>,[0 1 0 ... 0 0 0],O=C1c2ccccc2-c2nnc3c(ccc4ccccc43)c21,383.45100000000014,4.324900000000003,0,5,55.32,5,True
CHEMBL4092024,CCCCC(NC(=O)[C@H](CCCCN)NC(=O)C(CCCC)NC(=O)[C@H](CO)NC(=O)[C@@H](NC(=O)[C@H](CCCCN)NC(=O)[C@@H](NC(=O)[C@H](CO)NC(=O)[C@H](CCC(N)=O)NC(=O)[C@H](CCC(=O)O)NC(=O)[C@@H](NC(=O)[C@H](CCCCN)NC(=O)[C@@H]1CCCN1C(C)=O)[C@@H](C)CC)C(C)C)[C@@H](C)CC)C(N)=O,LEISHMANIASIS,4.1249387366083,Trypanothione reductase,<rdkit.Chem.rdchem.Mol object at 0x0000021ACD7A9D20>,[0 1 0 ... 0 0 0],C1CCNC1,1523.8849999999993,-4.069299999999957,20,21,611.51,56,False
CHEMBL4104323,COc1ccc(C2(C3CC(=O)O[C@@H]3CO[Si](C)(C)C(C)(C)C)SCCCS2)cc1OC,LEISHMANIASIS,4.254144804826271,DNA topoisomerase,<rdkit.Chem.rdchem.Mol object at 0x0000021ACD7A9CB0>,[0 0 0 ... 0 0 0],O=C1CC(C2(c3ccccc3)SCCCS2)CO1,484.75600000000026,5.680200000000006,0,7,53.99000000000001,7,False
CHEMBL4103302,CCC(C)NC(=O)c1ccc([N+](=O)[O-])o1,LEISHMANIASIS,2.9281179926938745,Trypanothione reductase,<rdkit.Chem.rdchem.Mol object at 0x0000021ACD7A9C40>,[0 1 0 ... 0 0 0],c1ccoc1,212.20499999999998,1.7161,1,4,85.38,4,True
CHEMBL4105040,CCCCC(NC(=O)[C@H](CCCCN)NC(=O)C(CCCC)NC(=O)[C@H](CO)NC(=O)[C@@H](NC(=O)CNC(=O)[C@@H]1CCCCNC(=O)CC[C@H](NC(=O)[C@H](CCCCN)NC(=O)[C@@H]2CCCN2C(C)=O)C(=O)N[C@@H]([C@@H](C)CC)C(=O)N[C@@H](CCC(N)=O)C(=O)N[C@@H](CO)C(=O)N1)[C@@H](C)CC)C(N)=O,LEISHMANIASIS,5.525061147981562,Trypanothione reductase,<rdkit.Chem.rdchem.Mol object at 0x0000021ACD7A9BD0>,[0 1 0 ... 0 0 0],O=C1CCC(NC(=O)CNC(=O)C2CCCN2)C(=O)NCC(=O)NCC(=O)NCC(=O)NCCCCCN1,1463.7889999999995,-5.007399999999975,19,20,577.2899999999998,40,False
CHEMBL4105160,Brc1ccc(-c2c3nc(c(-c4ccncc4)c4ccc([nH]4)c(-c4ccncc4)c4nc(c(-c5ccncc5)c5ccc2[nH]5)C=C4)C=C3)cc1,LEISHMANIASIS,4.301029995663981,DNA topoisomerase,<rdkit.Chem.rdchem.Mol object at 0x0000021ACD7A9B60>,[0 0 0 ... 0 0 0],C1=Cc2nc1c(-c1ccccc1)c1ccc([nH]1)c(-c1ccncc1)c1nc(c(-c3ccncc3)c3ccc([nH]3)c2-c2ccncc2)C=C1,696.6120000000002,10.271099999999995,2,5,96.03,4,False
CHEMBL4104625,Nc1ccc2c(c1)Oc1c(N3CC[C@@H](N)C3)c(F)cc3c(=O)c(C(=O)O)cn-2c13,LEISHMANIASIS,5.4089353929735005,DNA topoisomerase,<rdkit.Chem.rdchem.Mol object at 0x0000021ACD7A9AF0>,[0 0 0 ... 0 0 0],O=c1ccn2c3c(c(N4CCCC4)ccc13)Oc1ccccc1-2,396.3780000000001,2.0533,3,7,123.81,2,True
CHEMBL4102765,Cc1cn([C@H]2C[C@H](CC3=CC(=O)C(=O)C=C3)[C@@H](CO[Si](C)(C)C(C)(C)C)O2)c(=O)[nH]c1=O,LEISHMANIASIS,5.614393726401688,DNA topoisomerase,<rdkit.Chem.rdchem.Mol object at 0x0000021ACD7A9A80>,[0 1 0 ... 0 0 0],O=C1C=CC(CC2COC(n3ccc(=O)[nH]c3=O)C2)=CC1=O,460.60300000000024,2.795020000000001,1,7,107.45999999999998,6,True
CHEMBL4104638,CCCCC(NC(=O)[C@H](CCCCN)NC(=O)C(CCCC)NC(=O)[C@H](CO)NC(=O)[C@@H](NC(=O)[C@H](CCC(=O)O)NC(=O)[C@@H](NC(=O)[C@H](CO)NC(=O)[C@H](CCC(N)=O)NC(=O)[C@@H](NC(=O)[C@@H](NC(=O)[C@H](CCCCN)NC(=O)[C@@H]1CCCN1C(C)=O)[C@@H](C)CC)[C@@H](C)CC)C(C)C)[C@@H](C)CC)C(N)=O,LEISHMANIASIS,4.1249387366083,Trypanothione reductase,<rdkit.Chem.rdchem.Mol object at 0x0000021ACD7A9A10>,[0 1 0 ... 0 0 0],C1CCNC1,1508.8699999999994,-3.152199999999958,19,20,585.4899999999999,54,False
CHEMBL4099866,CN(C)c1ccc(-c2c3nc(c(-c4ccc(N(C)C)cc4)c4ccc([nH]4)c(-c4ccc(C(=O)O)cc4)c4nc(c(-c5ccc(C(=O)O)cc5)c5ccc2[nH]5)C=C4)C=C3)cc1,LEISHMANIASIS,6.419075024324381,DNA topoisomerase,<rdkit.Chem.rdchem.Mol object at 0x0000021ACD7A99A0>,[0 0 0 ... 0 0 0],C1=Cc2nc1c(-c1ccccc1)c1ccc([nH]1)c(-c1ccccc1)c1nc(c(-c3ccccc3)c3ccc([nH]3)c2-c2ccccc2)C=C1,788.9080000000001,10.851999999999997,4,6,138.44000000000003,8,False
CHEMBL4097456,Brc1ccc(-c2c3nc(c(-c4ccncc4)c4ccc([nH]4)c(-c4ccc(Br)cc4)c4nc(c(-c5ccncc5)c5ccc2[nH]5)C=C4)C=C3)cc1,LEISHMANIASIS,4.301029995663981,DNA topoisomerase,<rdkit.Chem.rdchem.Mol object at 0x0000021ACD7A9930>,[0 0 0 ... 0 0 0],C1=Cc2nc1c(-c1ccccc1)c1ccc([nH]1)c(-c1ccncc1)c1nc(c(-c3ccccc3)c3ccc([nH]3)c2-c2ccncc2)C=C1,774.5199999999999,11.638599999999986,2,4,83.13999999999999,4,False
CHEMBL4100528,Cc1ccc(-c2cc(-c3ccc4c(c3)OCO4)no2)cc1,LEISHMANIASIS,4.0,Trypanothione reductase,<rdkit.Chem.rdchem.Mol object at 0x0000021ACD7A98C0>,[0 0 0 ... 0 0 0],c1ccc(-c2cc(-c3ccc4c(c3)OCO4)no2)cc1,279.29499999999996,4.045720000000002,0,4,44.49,2,True
CHEMBL4099715,CCNC(=O)Nc1cc2c(-c3ccncc3)ccc(C)c2cn1,LEISHMANIASIS,3.5917600346881504,DNA topoisomerase,<rdkit.Chem.rdchem.Mol object at 0x0000021ACD7A9850>,[0 0 0 ... 0 0 0],c1cc(-c2ccncc2)c2ccncc2c1,306.369,3.746620000000002,2,3,66.91,3,True
CHEMBL4099888,Cc1cn([C@H]2C[C@H](Cc3ccc(O)c(O)c3)[C@@H](CO[Si](C)(C)C(C)(C)C)O2)c(=O)[nH]c1=O,LEISHMANIASIS,4.453457336521869,DNA topoisomerase,<rdkit.Chem.rdchem.Mol object at 0x0000021ACD7A97E0>,[0 0 0 ... 0 0 0],O=c1ccn(C2CC(Cc3ccccc3)CO2)c(=O)[nH]1,462.61900000000026,3.4244200000000014,3,7,113.78,6,True
CHEMBL4097472,Nc1ccc2c(c1)Oc1c(N3CCOCC3)c(F)cc3c(=O)c(C(=O)O)cn-2c13,LEISHMANIASIS,4.806875401645539,DNA topoisomerase,<rdkit.Chem.rdchem.Mol object at 0x0000021ACD7A9770>,[0 0 0 ... 0 0 0],O=c1ccn2c3c(c(N4CCOCC4)ccc13)Oc1ccccc1-2,397.3620000000001,2.3525,2,7,107.01999999999998,2,True
CHEMBL4098769,CN1CCN(c2ccc3nc(-c4ccc(OCc5cn(CCCCN=[N+]=[N-])nn5)cc4)[nH]c3c2)CC1,LEISHMANIASIS,4.301029995663981,DNA topoisomerase,<rdkit.Chem.rdchem.Mol object at 0x0000021ACD7A9700>,[0 0 0 ... 0 0 0],c1cc(-c2nc3ccc(N4CCNCC4)cc3[nH]2)ccc1OCc1c[nH]nn1,486.58400000000023,4.242700000000003,1,8,123.86000000000001,10,True
CHEMBL4101490,CCNC(=O)Nc1cc2c(-c3ccnc(C)c3)ccc(Nc3ccc(C)nc3)c2cn1,LEISHMANIASIS,3.5917600346881504,DNA topoisomerase,<rdkit.Chem.rdchem.Mol object at 0x0000021ACD7A9690>,[0 0 0 ... 0 0 0],c1cncc(Nc2ccc(-c3ccncc3)c3ccncc23)c1,412.4970000000001,5.193640000000004,3,5,91.83,5,False
CHEMBL4096982,NCCCCNCC(O)COc1cc(O)c2c(=O)c3ccccc3oc2c1.O=C(O)C(F)(F)F.O=C(O)C(F)(F)F,LEISHMANIASIS,5.6020599913279625,DNA topoisomerase,<rdkit.Chem.rdchem.Mol object at 0x0000021ACD7A9620>,[0 1 0 ... 0 0 0],O=c1c2ccccc2oc2ccccc12,600.4650000000004,2.986600000000001,6,9,192.54999999999998,9,False
CHEMBL4097340,CCCCC(NC(=O)[C@H](CCCCN)NC(=O)[C@@H]1CCCCNC(=O)CC[C@H](NC(=O)[C@H](CO)NC(=O)[C@H](CCC(N)=O)NC(=O)[C@@H](NC(=O)[C@@H](NC(=O)[C@H](CCCCN)NC(=O)[C@@H]2CCCN2C(C)=O)[C@@H](C)CC)[C@@H](C)CC)C(=O)NCC(=O)N[C@@H]([C@@H](C)CC)C(=O)N[C@@H](CO)C(=O)N1)C(N)=O,LEISHMANIASIS,4.1249387366083,Trypanothione reductase,<rdkit.Chem.rdchem.Mol object at 0x0000021ACD7A95B0>,[0 1 0 ... 0 0 0],O=C1CCC(NC(=O)CNC(=O)CNC(=O)CNC(=O)CNC(=O)CNC(=O)C2CCCN2)C(=O)NCC(=O)NCC(=O)NCC(=O)NCCCCCN1,1463.7889999999993,-5.1514999999999835,19,20,577.2899999999998,39,False
CHEMBL4100676,O=C(Nc1cccc(O)c1)c1c(O)n(-c2ccccc2)c(=S)n(-c2ccccc2)c1=O,LEISHMANIASIS,3.6989700043360183,DNA topoisomerase,<rdkit.Chem.rdchem.Mol object at 0x0000021ACD7A9540>,[0 0 0 ... 0 0 0],O=C(Nc1ccccc1)c1cn(-c2ccccc2)c(=S)n(-c2ccccc2)c1=O,431.4730000000001,4.021190000000002,3,7,96.49000000000001,4,True
CHEMBL4098224,COc1cc(NC(=O)c2c(O)n(-c3ccccc3)c(=S)n(-c3ccccc3)c2=O)cc(OC)c1O,LEISHMANIASIS,3.9208187539523753,DNA topoisomerase,<rdkit.Chem.rdchem.Mol object at 0x0000021ACD7A94D0>,[0 0 0 ... 0 0 0],O=C(Nc1ccccc1)c1cn(-c2ccccc2)c(=S)n(-c2ccccc2)c1=O,491.5250000000002,4.038390000000003,3,9,114.95000000000002,6,True
CHEMBL4172196,COc1cc(C(=O)N/C(=C/c2cc(Br)cc(Br)c2OC(C)=O)C(=O)NNC(N)=S)cc(OC)c1OC,LEISHMANIASIS,7.089268901956619,DNA topoisomerase,<rdkit.Chem.rdchem.Mol object at 0x0000021ACD7A9460>,[0 0 0 ... 0 0 0],O=C(NC=Cc1ccccc1)c1ccccc1,646.3140000000001,2.798,4,8,150.23999999999998,8,False
CHEMBL4172542,c1ccc(-c2cc(-c3ccccc3)c3ncccc3n2)cc1,LEISHMANIASIS,4.426161837879451,DNA topoisomerase,<rdkit.Chem.rdchem.Mol object at 0x0000021ACD7A93F0>,[0 0 0 ... 0 0 0],c1ccc(-c2cc(-c3ccccc3)c3ncccc3n2)cc1,282.346,4.9638000000000035,0,2,25.78,2,True
CHEMBL4175215,CCCC[C@H](NC(=O)C[C@H](CCCCN)NC(=O)[C@H](CCCC)NC(=O)C[C@H](CO)NC(=O)C[C@@H](NC(=O)CNC(=O)[C@@H](NC(=O)C[C@H](CO)NC(=O)C[C@H](CCC(N)=O)NC(=O)[C@@H](NC(=O)[C@@H](NC(=O)C[C@H](CCCCN)NC(=O)C[C@@H]1CCCN1C(C)=O)[C@@H](C)CC)[C@@H](C)CC)C(C)C)[C@@H](C)CC)C(N)=O,LEISHMANIASIS,4.921340533717132,Trypanothione reductase,<rdkit.Chem.rdchem.Mol object at 0x0000021ACD7A9380>,[0 1 0 ... 0 0 0],C1CCNC1,1534.9959999999994,-0.6548999999999747,18,19,548.1899999999998,58,False
CHEMBL4172657,FC(F)(F)c1ccc(-c2cc(-c3ccccc3)c3ncccc3n2)cc1,LEISHMANIASIS,4.138585081364004,DNA topoisomerase,<rdkit.Chem.rdchem.Mol object at 0x0000021ACD7A9310>,[0 0 0 ... 0 0 0],c1ccc(-c2cc(-c3ccccc3)c3ncccc3n2)cc1,350.3430000000001,5.982600000000004,0,2,25.78,2,False
CHEMBL4170688,FC(F)(F)c1ccc(-c2cc(-c3ccsc3)c3ncccc3n2)cc1,LEISHMANIASIS,4.085762652232259,DNA topoisomerase,<rdkit.Chem.rdchem.Mol object at 0x0000021ACD7A92A0>,[0 0 0 ... 0 0 0],c1ccc(-c2cc(-c3ccsc3)c3ncccc3n2)cc1,356.37200000000007,6.044100000000003,0,3,25.78,2,False
CHEMBL4172675,CCCC[C@H](NC(=O)[C@H](CCCCN)NC(=O)[C@H](CCCC)NC(=O)[C@@H](CO)NC(=O)[C@@H](NC(=O)CNC(=O)[C@@H](NC(=O)[C@@H](CO)NC(=O)[C@H](CCC(N)=O)NC(=O)[C@@H](NC(=O)[C@@H](NC(=O)[C@H](CCCCN)NC(=O)[C@@H]1CCCN1C(C)=O)[C@@H](C)CC)[C@@H](C)CC)C(C)C)[C@@H](C)CC)C(N)=O,LEISHMANIASIS,5.452939202079719,Trypanothione reductase,<rdkit.Chem.rdchem.Mol object at 0x0000021ACD7A9230>,[0 1 0 ... 0 0 0],C1CCNC1,1436.8069999999989,-3.3855999999999655,18,19,548.1899999999998,51,False
CHEMBL4173711,CC[C@H](C)[C@H](NC(=O)CNC(=O)[C@@H](NC(=O)C[C@H](CO)NC(=O)[C@H](CCC(N)=O)NC(=O)[C@@H](NC(=O)C[C@@H](NC(=O)[C@H](CCCCN)NC(=O)[C@@H]1CCCN1C(C)=O)[C@@H](C)CC)[C@@H](C)CC)C(C)C)C(N)=O,LEISHMANIASIS,4.388706788304805,Trypanothione reductase,<rdkit.Chem.rdchem.Mol object at 0x0000021ACD7A91C0>,[0 1 0 ... 0 0 0],C1CCNC1,1023.2879999999991,-2.0463000000000093,12,13,385.53999999999996,34,False
CHEMBL4174756,COc1cc(C2=N/C(=C\c3cc(Br)cc(Br)c3OC(C)=O)C(=O)NN2c2ccccc2)cc(OC)c1OC,LEISHMANIASIS,7.899629454882437,DNA topoisomerase,<rdkit.Chem.rdchem.Mol object at 0x0000021ACD7A9150>,[0 0 0 ... 0 0 0],O=C1NN(c2ccccc2)C(c2ccccc2)=NC1=Cc1ccccc1,645.3040000000002,5.501800000000005,1,8,98.69000000000001,7,False
CHEMBL4172606,CCCC[C@H](NC(=O)C[C@H](CCCCN)NC(=O)[C@H](CCCC)NC(=O)[C@H](CO)NC(=O)[C@@H](NC(=O)C[C@H](C)NC(=O)[C@@H](NC(=O)[C@H](CO)NC(=O)[C@H](CCC(N)=O)NC(=O)C[C@@H](NC(=O)[C@@H](NC(=O)[C@H](CCCCN)NC(=O)[C@@H]1CCCN1C(C)=O)[C@@H](C)CC)[C@@H](C)CC)C(C)C)[C@@H](C)CC)C(N)=O,LEISHMANIASIS,5.065457513083665,Trypanothione reductase,<rdkit.Chem.rdchem.Mol object at 0x0000021ACD7A90E0>,[0 1 0 ... 0 0 0],C1CCNC1,1492.9149999999993,-1.8267999999999702,18,19,548.1899999999998,54,False
CHEMBL4165844,Fc1ccc(-c2cc(-c3ccc(-c4ccccc4)cc3)c3ncccc3n2)cc1,LEISHMANIASIS,4.079615757821642,DNA topoisomerase,<rdkit.Chem.rdchem.Mol object at 0x0000021ACD7A9070>,[0 0 0 ... 0 0 0],c1ccc(-c2ccc(-c3cc(-c4ccccc4)nc4cccnc34)cc2)cc1,376.4340000000001,6.769900000000005,0,2,25.78,3,False
CHEMBL4169913,Cc1c(-c2ccc(C(F)(F)F)cc2)nc2cccnc2c1-c1ccccc1,LEISHMANIASIS,4.151133788505221,DNA topoisomerase,<rdkit.Chem.rdchem.Mol object at 0x0000021ACD7A9000>,[0 0 0 ... 0 0 0],c1ccc(-c2cc(-c3ccccc3)c3ncccc3n2)cc1,364.37000000000006,6.291020000000005,0,2,25.78,2,False
CHEMBL4169921,CCCC[C@@H](CC(N)=O)NC(=O)[C@H](CCCCN)NC(=O)[C@H](CCCC)NC(=O)C[C@H](CO)NC(=O)C[C@H](NC(=O)CNC(=O)[C@@H](NC(=O)C[C@H](CO)NC(=O)[C@H](CCC(N)=O)NC(=O)[C@@H](NC(=O)[C@@H](NC(=O)C[C@H](CCCCN)NC(=O)C[C@@H]1CCCN1C(C)=O)[C@@H](C)CC)[C@@H](C)CC)C(C)C)[C@@H](C)CC,LEISHMANIASIS,5.212850065915657,Trypanothione reductase,<rdkit.Chem.rdchem.Mol object at 0x0000021ACD7A8F90>,[0 1 0 ... 0 0 0],C1CCNC1,1520.9689999999991,-1.044999999999968,18,19,548.1899999999998,57,False
CHEMBL4169040,CCCC[C@H](NC(=O)[C@@H](CO)NC(=O)[C@@H](NC(=O)CNC(=O)[C@@H](NC(=O)[C@@H](CO)NC(=O)[C@H](CCC(N)=O)NC(=O)[C@@H](NC(=O)[C@@H](NC(=O)[C@H](CCCCN)NC(=O)[C@@H]1CCCN1C(C)=O)[C@@H](C)CC)[C@@H](C)CC)C(C)C)[C@@H](C)CC)C(N)=O,LEISHMANIASIS,5.730952025890307,Trypanothione reductase,<rdkit.Chem.rdchem.Mol object at 0x0000021ACD7A8F20>,[0 1 0 ... 0 0 0],C1CCNC1,1195.4719999999988,-3.674400000000011,15,16,463.9699999999998,40,False
CHEMBL4169471,CC[C@H](C)[C@H](NC(=O)C[C@H](C)NC(=O)[C@@H](NC(=O)[C@H](CO)NC(=O)[C@H](CCC(N)=O)NC(=O)C[C@@H](NC(=O)[C@@H](NC(=O)[C@H](CCCCN)NC(=O)C[C@@H]1CCCN1C(C)=O)[C@@H](C)CC)[C@@H](C)CC)C(C)C)C(=O)O,LEISHMANIASIS,4.349006936284248,Trypanothione reductase,<rdkit.Chem.rdchem.Mol object at 0x0000021ACD7A8EB0>,[0 1 0 ... 0 0 0],C1CCNC1,1052.3259999999993,-0.6684000000000065,12,13,379.75,35,False
CHEMBL4168013,CCCC[C@@H](CC(=O)N[C@@H](CCCCN)C(=O)N[C@@H](CCCC)C(N)=O)NC(=O)[C@@H](CO)NC(=O)[C@@H](NC(=O)C[C@H](C)NC(=O)[C@@H](NC(=O)[C@@H](CO)NC(=O)[C@H](CCC(N)=O)NC(=O)C[C@H](NC(=O)[C@@H](NC(=O)[C@H](CCCCN)NC(=O)C[C@@H]1CCCN1C(C)=O)[C@@H](C)CC)[C@@H](C)CC)C(C)C)[C@@H](C)CC,LEISHMANIASIS,5.212836756193989,Trypanothione reductase,<rdkit.Chem.rdchem.Mol object at 0x0000021ACD7A8E40>,[0 1 0 ... 0 0 0],C1CCNC1,1506.941999999999,-1.4366999999999683,18,19,548.1899999999998,55,False
CHEMBL4165791,CC[C@H](C)[C@H](CC(=O)N[C@H](C(=O)N[C@@H](CCC(N)=O)C(=O)N[C@@H](CO)C(=O)N[C@@H](CC(=O)NCC(=O)N[C@H](C(N)=O)[C@@H](C)CC)C(C)C)[C@@H](C)CC)NC(=O)[C@H](CCCCN)NC(=O)[C@@H]1CCCN1C(C)=O,LEISHMANIASIS,4.200167610605792,Trypanothione reductase,<rdkit.Chem.rdchem.Mol object at 0x0000021ACD7A8DD0>,[0 1 0 ... 0 0 0],C1CCNC1,1023.2879999999992,-2.0463000000000076,12,13,385.53999999999985,34,False
CHEMBL4168199,COc1cccc(-c2cc(-c3ccccc3)c3ncccc3n2)c1,LEISHMANIASIS,4.086027288449029,DNA topoisomerase,<rdkit.Chem.rdchem.Mol object at 0x0000021ACD7A8D60>,[0 0 0 ... 0 0 0],c1ccc(-c2cc(-c3ccccc3)c3ncccc3n2)cc1,312.372,4.972400000000004,0,3,35.010000000000005,3,True
CHEMBL4169404,COc1cc(C2=N/C(=C\c3cc(Br)cc(Br)c3OC(C)=O)C(=O)n3c(C)nc(=S)n32)cc(OC)c1OC,LEISHMANIASIS,6.956834279792546,DNA topoisomerase,<rdkit.Chem.rdchem.Mol object at 0x0000021ACD7A8CF0>,[0 0 0 ... 0 0 0],O=C1C(=Cc2ccccc2)N=C(c2ccccc2)n2c(=S)ncn21,652.3210000000001,5.188410000000004,0,11,106.17000000000002,6,False
CHEMBL4167621,Fc1ccc(-c2cc(-c3ccccc3)c3ncccc3n2)cc1F,LEISHMANIASIS,4.136023216095613,DNA topoisomerase,<rdkit.Chem.rdchem.Mol object at 0x0000021ACD7A8C80>,[0 0 0 ... 0 0 0],c1ccc(-c2cc(-c3ccccc3)c3ncccc3n2)cc1,318.3260000000001,5.2420000000000035,0,2,25.78,2,False
CHEMBL4170261,CCCC[C@H](NC(=O)[C@H](CO)NC(=O)[C@@H](NC(=O)C[C@H](C)NC(=O)[C@@H](NC(=O)[C@H](CO)NC(=O)[C@H](CCC(N)=O)NC(=O)C[C@@H](NC(=O)[C@@H](NC(=O)[C@H](CCCCN)NC(=O)[C@@H]1CCCN1C(C)=O)[C@@H](C)CC)[C@@H](C)CC)C(C)C)[C@@H](C)CC)C(N)=O,LEISHMANIASIS,4.4354519817569615,Trypanothione reductase,<rdkit.Chem.rdchem.Mol object at 0x0000021ACD7A8C10>,[0 1 0 ... 0 0 0],C1CCNC1,1237.5529999999985,-2.5057000000000187,15,16,463.9699999999998,42,False
CHEMBL4170316,COc1cccc2c1C(=O)c1oc3c(c1C2=O)c(=O)oc1ccccc13,LEISHMANIASIS,4.649751981665837,Trypanothione reductase,<rdkit.Chem.rdchem.Mol object at 0x0000021ACD7A8BA0>,[0 0 0 ... 0 0 0],O=C1c2ccccc2C(=O)c2c1oc1c2c(=O)oc2ccccc21,346.29400000000004,3.3232000000000017,0,6,86.72,1,True
CHEMBL4165426,FC(F)(F)c1ccc(-c2cc(-c3ccc(C(F)(F)F)cc3)c3ncccc3n2)cc1,LEISHMANIASIS,4.293026323823822,DNA topoisomerase,<rdkit.Chem.rdchem.Mol object at 0x0000021ACD7A8B30>,[0 0 0 ... 0 0 0],c1ccc(-c2cc(-c3ccccc3)c3ncccc3n2)cc1,418.3400000000001,7.001400000000004,0,2,25.78,2,False
CHEMBL4161548,CC[C@H](C)[C@H](CC(=O)N[C@@H](CCC(N)=O)C(=O)N[C@@H](CO)C(=O)N[C@@H](CC(=O)NCC(=O)N[C@H](C(N)=O)[C@@H](C)CC)C(C)C)NC(=O)[C@@H](NC(=O)[C@H](CCCCN)NC(=O)[C@@H]1CCCN1C(C)=O)[C@@H](C)CC,LEISHMANIASIS,4.251673530374541,Trypanothione reductase,<rdkit.Chem.rdchem.Mol object at 0x0000021ACD7A8AC0>,[0 1 0 ... 0 0 0],C1CCNC1,1023.2879999999992,-2.0463000000000093,12,13,385.5399999999999,34,False
CHEMBL4164582,CCCC[C@H](NC(=O)C[C@H](CCCCN)NC(=O)[C@H](CCCC)NC(=O)C[C@H](CO)NC(=O)[C@@H](NC(=O)C[C@H](C)NC(=O)[C@@H](NC(=O)C[C@H](CO)NC(=O)C[C@H](CCC(N)=O)NC(=O)[C@@H](NC(=O)[C@@H](NC(=O)[C@H](CCCCN)NC(=O)CC[C@@H]1CCCN1C(C)=O)[C@@H](C)CC)[C@@H](C)CC)C(C)C)[C@@H](C)CC)C(N)=O,LEISHMANIASIS,5.337314015301647,Trypanothione reductase,<rdkit.Chem.rdchem.Mol object at 0x0000021ACD7A8A50>,[0 1 0 ... 0 0 0],C1CCNC1,1549.0229999999995,-0.2663999999999703,18,19,548.1899999999998,58,False
CHEMBL4159241,c1cc2cc(-c3ccc(C4(N5CCCC5)CCCCC4)s3)ccc2[nH]1,LEISHMANIASIS,5.3979400086720375,Trypanothione reductase,<rdkit.Chem.rdchem.Mol object at 0x0000021ACD7A89E0>,[0 0 1 ... 0 0 0],c1cc2cc(-c3ccc(C4(N5CCCC5)CCCCC4)s3)ccc2[nH]1,350.5309999999999,6.151600000000005,1,2,19.03,3,False
CHEMBL4160088,CCCC[C@@H](CC(N)=O)NC(=O)[C@H](CCCCN)NC(=O)[C@H](CCCC)NC(=O)C[C@H](CO)NC(=O)[C@@H](NC(=O)CNC(=O)[C@@H](NC(=O)C[C@H](CO)NC(=O)[C@H](CCC(N)=O)NC(=O)[C@@H](NC(=O)C[C@H](NC(=O)[C@H](CCCCN)NC(=O)C[C@@H]1CCCN1C(C)=O)[C@@H](C)CC)[C@@H](C)CC)C(C)C)[C@@H](C)CC,LEISHMANIASIS,5.061805623671388,Trypanothione reductase,<rdkit.Chem.rdchem.Mol object at 0x0000021ACD7A8970>,[0 1 0 ... 0 0 0],C1CCNC1,1506.941999999999,-1.4350999999999685,18,19,548.1899999999998,56,False
CHEMBL4160100,O=C1c2oc3c(c2C(=O)c2cccc(O)c21)c(=O)oc1ccccc13,LEISHMANIASIS,5.251811972993799,Trypanothione reductase,<rdkit.Chem.rdchem.Mol object at 0x0000021ACD7A8900>,[0 0 0 ... 0 0 0],O=C1c2ccccc2C(=O)c2c1oc1c2c(=O)oc2ccccc21,332.26700000000005,3.020200000000001,1,6,97.72000000000001,0,True
CHEMBL4161951,CCCC[C@H](NC(=O)[C@H](CCCCN)NC(=O)[C@H](CCCC)NC(=O)[C@H](CO)NC(=O)[C@@H](NC(=O)CNC(=O)C[C@H](NC(=O)[C@H](CO)NC(=O)[C@H](CCC(N)=O)NC(=O)[C@@H](NC(=O)C[C@H](NC(=O)[C@H](CCCCN)NC(=O)[C@@H]1CCCN1C(C)=O)[C@@H](C)CC)[C@@H](C)CC)C(C)C)[C@@H](C)CC)C(N)=O,LEISHMANIASIS,4.959734014652192,Trypanothione reductase,<rdkit.Chem.rdchem.Mol object at 0x0000021ACD7A8890>,[0 1 0 ... 0 0 0],C1CCNC1,1464.8609999999992,-2.6053999999999613,18,19,548.1899999999998,53,False
CHEMBL4164762,Fc1ccc(-c2cc(-c3ccccc3)c3ncccc3n2)cc1,LEISHMANIASIS,4.138047625078548,DNA topoisomerase,<rdkit.Chem.rdchem.Mol object at 0x0000021ACD7A8820>,[0 0 0 ... 0 0 0],c1ccc(-c2cc(-c3ccccc3)c3ncccc3n2)cc1,300.33600000000007,5.1029000000000035,0,2,25.78,2,False
CHEMBL4159278,CC[C@H](C)[C@H](NC(=O)CNC(=O)[C@@H](NC(=O)[C@@H](CO)NC(=O)[C@H](CCC(N)=O)NC(=O)[C@@H](NC(=O)[C@@H](NC(=O)[C@H](CCCCN)NC(=O)[C@@H]1CCCN1C(C)=O)[C@@H](C)CC)[C@@H](C)CC)C(C)C)C(N)=O,LEISHMANIASIS,5.123950411699317,Trypanothione reductase,<rdkit.Chem.rdchem.Mol object at 0x0000021ACD7A87B0>,[0 1 0 ... 0 0 0],C1CCNC1,995.2339999999991,-2.826500000000011,12,13,385.53999999999996,32,False
CHEMBL4161876,COc1cc(C2=N/C(=C\c3cc(Br)cc(Br)c3OC(C)=O)C(=O)NN2c2ncc(-c3ccccc3)s2)cc(OC)c1OC,LEISHMANIASIS,8.164309428507574,DNA topoisomerase,<rdkit.Chem.rdchem.Mol object at 0x0000021ACD7A8740>,[0 1 0 ... 0 0 0],O=C1NN(c2ncc(-c3ccccc3)s2)C(c2ccccc2)=NC1=Cc1ccccc1,728.4190000000001,6.6253000000000055,1,10,111.58000000000001,8,False
CHEMBL4163454,CCCC[C@@H](CC(=O)N[C@@H](CCCCN)C(=O)N[C@@H](CCCC)C(N)=O)NC(=O)[C@@H](CO)NC(=O)[C@@H](NC(=O)CNC(=O)C[C@H](NC(=O)[C@H](CO)NC(=O)[C@H](CCC(N)=O)NC(=O)C[C@H](NC(=O)[C@@H](NC(=O)[C@H](CCCCN)NC(=O)[C@@H]1CCCN1C(C)=O)[C@@H](C)CC)[C@@H](C)CC)C(C)C)[C@@H](C)CC,LEISHMANIASIS,5.247201193133995,Trypanothione reductase,<rdkit.Chem.rdchem.Mol object at 0x0000021ACD7A86D0>,[0 1 0 ... 0 0 0],C1CCNC1,1478.887999999999,-2.2152999999999654,18,19,548.1899999999998,54,False
CHEMBL4160802,COc1cc(C2=N/C(=C\c3cc(Br)cc(Br)c3OC(C)=O)C(=O)NN2C(N)=S)cc(OC)c1OC,LEISHMANIASIS,7.499214827082544,DNA topoisomerase,<rdkit.Chem.rdchem.Mol object at 0x0000021ACD7A8660>,[0 0 0 ... 0 0 0],O=C1NNC(c2ccccc2)=NC1=Cc1ccccc1,628.2990000000001,3.540800000000001,2,8,124.71000000000001,6,False
CHEMBL4125950,CC(=O)O[C@H]1C[C@H]([C@H](C)CC/C=C(\C)C(=O)O)[C@@]2(C)CC=C3C(=CC[C@H]4C(C)(C)[C@H](O)CC[C@]34C)[C@]12C,LEISHMANIASIS,4.6020599913279625,DNA topoisomerase,<rdkit.Chem.rdchem.Mol object at 0x0000021ACD7A85F0>,[0 1 0 ... 0 0 0],C1=C2C(=CCC3CCCCC23)C2CCCC2C1,512.7310000000003,6.861400000000009,2,4,83.83000000000001,6,False
CHEMBL4212705,COc1cccc(-c2ccc(-c3ccccc3)o2)c1,LEISHMANIASIS,5.050609993355087,Trypanothione reductase,<rdkit.Chem.rdchem.Mol object at 0x0000021ACD7A8580>,[0 0 0 ... 0 0 0],c1ccc(-c2ccc(-c3ccccc3)o2)cc1,250.297,4.622200000000003,0,2,22.37,3,True
CHEMBL4211543,CC(C)(C)C1CCC(C(=O)NCCc2ccc(CNc3ccc4nc(N)nc(N)c4c3)cc2)CC1,LEISHMANIASIS,5.130768280269024,Cysteine protease,<rdkit.Chem.rdchem.Mol object at 0x0000021ACD7A8510>,[0 0 0 ... 0 0 0],O=C(NCCc1ccc(CNc2ccc3ncncc3c2)cc1)C1CCCCC1,474.65300000000025,4.917500000000003,4,6,118.95,7,True
CHEMBL4211317,Nc1nc(N)c2cc(NCc3ccc(CCNC(=O)CCc4ccccc4)cc3)ccc2n1,LEISHMANIASIS,5.309803919971486,Cysteine protease,<rdkit.Chem.rdchem.Mol object at 0x0000021ACD7A84A0>,[0 0 0 ... 0 0 0],O=C(CCc1ccccc1)NCCc1ccc(CNc2ccc3ncncc3c2)cc1,440.55100000000016,3.6978000000000026,4,6,118.95,9,True
CHEMBL4213218,O=C(CN1CCN(c2cc3c(cc2F)c(=O)c(C(=O)O)cn3C2CC2)CC1)N/N=C/c1ccccc1O,LEISHMANIASIS,6.236572006437063,DNA topoisomerase,<rdkit.Chem.rdchem.Mol object at 0x0000021ACD7A8430>,[0 0 0 ... 0 0 0],O=C(CN1CCN(c2ccc3c(=O)ccn(C4CC4)c3c2)CC1)NN=Cc1ccccc1,507.5220000000002,2.1515999999999997,3,8,127.47,7,False
CHEMBL4209200,Nc1nc(N)c2cc(NCc3ccc(CCNC(=O)c4ccc(Cl)cc4F)cc3)ccc2n1,LEISHMANIASIS,5.040958607678906,Cysteine protease,<rdkit.Chem.rdchem.Mol object at 0x0000021ACD7A83C0>,[0 0 0 ... 0 0 0],O=C(NCCc1ccc(CNc2ccc3ncncc3c2)cc1)c1ccccc1,464.93200000000013,4.171300000000003,4,6,118.95,7,True
CHEMBL4213904,Nc1nc(N)c2cc(NCc3ccc(CCNC(=O)c4ccc([N+](=O)[O-])cc4)cc3)ccc2n1,LEISHMANIASIS,5.0,Cysteine protease,<rdkit.Chem.rdchem.Mol object at 0x0000021ACD7A8350>,[0 0 0 ... 0 0 0],O=C(NCCc1ccc(CNc2ccc3ncncc3c2)cc1)c1ccccc1,457.49400000000014,3.2870000000000017,4,8,162.09000000000003,8,True
CHEMBL4212687,Nc1nc(N)c2cc(NCc3ccc(CCNC(=O)C4CCCCC4)cc3)ccc2n1,LEISHMANIASIS,5.113509274827518,Cysteine protease,<rdkit.Chem.rdchem.Mol object at 0x0000021ACD7A82E0>,[0 0 1 ... 0 0 0],O=C(NCCc1ccc(CNc2ccc3ncncc3c2)cc1)C1CCCCC1,418.54500000000024,3.6453000000000024,4,6,118.95,7,True
CHEMBL4209486,Nc1nc(N)c2cc(NCc3ccc(CCNC(=O)c4cccs4)cc3)ccc2n1,LEISHMANIASIS,5.0,Cysteine protease,<rdkit.Chem.rdchem.Mol object at 0x0000021ACD7A8270>,[0 0 0 ... 0 0 0],O=C(NCCc1ccc(CNc2ccc3ncncc3c2)cc1)c1cccs1,418.52600000000007,3.4403000000000015,4,7,118.95,7,True
CHEMBL4213243,COc1ccc(-c2ccc(-c3ccccc3)o2)c(OC)c1,LEISHMANIASIS,4.752026733638194,Trypanothione reductase,<rdkit.Chem.rdchem.Mol object at 0x0000021ACD7A8200>,[0 0 0 ... 0 0 0],c1ccc(-c2ccc(-c3ccccc3)o2)cc1,280.323,4.630800000000004,0,3,31.6,4,True
CHEMBL4227185,CC(/C=C/C(=O)NO)=C\C(C)C(=O)c1ccc(C2([C@H]3CC(=O)O[C@@H]3CO[Si](C)(C)C(C)(C)C)SCCCS2)cc1,LEISHMANIASIS,5.522878745280337,DNA topoisomerase,<rdkit.Chem.rdchem.Mol object at 0x0000021ACD7A8190>,[0 1 0 ... 0 0 0],O=C1CC(C2(c3ccccc3)SCCCS2)CO1,605.8950000000002,6.489700000000008,2,8,101.93,10,False
CHEMBL4218788,Nc1nc(N)c2cc(NCc3ccc(CCNC(=O)c4ccc(F)cc4)cc3)ccc2n1,LEISHMANIASIS,5.173925197299174,Cysteine protease,<rdkit.Chem.rdchem.Mol object at 0x0000021ACD7A8120>,[0 0 0 ... 0 0 0],O=C(NCCc1ccc(CNc2ccc3ncncc3c2)cc1)c1ccccc1,430.4870000000001,3.517900000000002,4,6,118.95,7,True
CHEMBL4228731,CC(C)(C)[Si](C)(C)OC[C@H]1OC(=O)C[C@@H]1C1(c2ccccc2)SCCCS1,LEISHMANIASIS,4.583359492661719,DNA topoisomerase,<rdkit.Chem.rdchem.Mol object at 0x0000021ACD7A80B0>,[0 0 0 ... 0 0 0],O=C1CC(C2(c3ccccc3)SCCCS2)CO1,424.7040000000001,5.6630000000000065,0,5,35.53,5,False
CHEMBL4226061,COc1ccc(C2([C@H]3CC(=O)O[C@@H]3CO[Si](C)(C)C(C)(C)C)SCCCS2)cc1OC,LEISHMANIASIS,4.257274868695302,DNA topoisomerase,<rdkit.Chem.rdchem.Mol object at 0x0000021ACD7A8040>,[0 0 0 ... 0 0 0],O=C1CC(C2(c3ccccc3)SCCCS2)CO1,484.75600000000026,5.680200000000006,0,7,53.99000000000001,7,False
CHEMBL4218177,COc1cccc(C(=O)NCCc2ccc(CNc3ccc4nc(N)nc(N)c4c3)cc2)c1,LEISHMANIASIS,5.207608310501746,Cysteine protease,<rdkit.Chem.rdchem.Mol object at 0x0000021ACD7A7F40>,[0 0 0 ... 0 0 0],O=C(NCCc1ccc(CNc2ccc3ncncc3c2)cc1)c1ccccc1,442.52300000000014,3.3874000000000004,4,7,128.18,8,True
CHEMBL4218185,O=CCNC(=O)[C@H](Cc1ccccc1)NC(=O)OCc1ccccc1,LEISHMANIASIS,4.0,Cysteine protease,<rdkit.Chem.rdchem.Mol object at 0x0000021ACD7A7ED0>,[0 1 0 ... 0 0 0],O=C(NCCc1ccccc1)OCc1ccccc1,340.3790000000001,1.839199999999999,2,4,84.50000000000001,8,True
CHEMBL4207961,Nc1nc(N)c2cc(NCc3ccc(CCNC(=O)c4ccc5c(c4)OCO5)cc3)ccc2n1,LEISHMANIASIS,5.292429823902063,Cysteine protease,<rdkit.Chem.rdchem.Mol object at 0x0000021ACD7A7E60>,[0 0 0 ... 0 0 0],O=C(NCCc1ccc(CNc2ccc3ncncc3c2)cc1)c1ccc2c(c1)OCO2,456.5060000000002,3.1075000000000017,4,8,137.41000000000003,7,True
CHEMBL4176453,O=[N+]([O-])c1cccc(-c2cc(-c3ccc(-c4ccccc4)cc3)c3ncccc3n2)c1,LEISHMANIASIS,4.170503250279817,DNA topoisomerase,<rdkit.Chem.rdchem.Mol object at 0x0000021ACD7A7DF0>,[0 0 0 ... 0 0 0],c1ccc(-c2ccc(-c3cc(-c4ccccc4)nc4cccnc34)cc2)cc1,403.4410000000001,6.539000000000005,0,4,68.92,4,False
CHEMBL4177212,CCCC[C@@H](CC(=O)N[C@@H](CCCCN)C(=O)N[C@@H](CC(N)=O)C(N)=O)NC(=O)[C@H](CO)NC(=O)[C@@H](NC(=O)CNC(=O)C[C@@H](NC(=O)[C@H](CO)NC(=O)[C@H](CCC(N)=O)NC(=O)[C@@H](NC(=O)C[C@@H](NC(=O)[C@H](CCCCN)NC(=O)[C@@H]1CCCN1C(C)=O)[C@@H](C)CC)[C@@H](C)CC)C(C)C)[C@@H](C)CC,LEISHMANIASIS,4.87660894544433,Trypanothione reductase,<rdkit.Chem.rdchem.Mol object at 0x0000021ACD7A7D80>,[0 1 0 ... 0 0 0],C1CCNC1,1479.831999999999,-4.530099999999961,19,20,591.2799999999999,53,False
CHEMBL4215901,C=CCCC[C@@](C)(NC(=O)[C@@H](NC(=O)[C@H](CO)NC(=O)[C@H](CCC(N)=O)NC(=O)[C@@](C)(CCCC=C)NC(=O)[C@@H](NC(=O)[C@H](CCCCN)NC(=O)[C@@H]1CCCN1C(C)=O)[C@@H](C)CC)C(C)C)C(=O)N[C@H](C(=O)N[C@@H](CO)C(=O)NCC(=O)N[C@@H](CCCCN)C(=O)NCC(N)=O)[C@@H](C)CC,LEISHMANIASIS,4.903089986991944,Trypanothione reductase,<rdkit.Chem.rdchem.Mol object at 0x0000021ACD7A7D10>,[0 1 0 ... 0 0 0],C1CCNC1,1432.7750000000003,-3.687899999999991,18,19,548.1899999999998,51,False
CHEMBL4176270,Cc1[nH]c(C(=O)Nc2ccc(C(=O)NCC(=O)O)cc2OC(C)C)c(Cl)c1Cl,LEISHMANIASIS,5.142667503568732,DNA topoisomerase,<rdkit.Chem.rdchem.Mol object at 0x0000021ACD7A7CA0>,[0 1 0 ... 0 0 0],O=C(Nc1ccccc1)c1ccc[nH]1,428.27200000000016,3.4838200000000015,4,4,120.52000000000001,7,True
CHEMBL4215578,CCCC[C@H](NC(=O)[C@H](CC(C)C)NC(=O)[C@H](CCCC)NC(=O)[C@H](CO)NC(=O)[C@@H](NC(=O)CNC(=O)[C@]1(C)CCCC=CCCC[C@@](C)(NC(=O)[C@H](CC(C)C)NC(=O)[C@@H]2CCCN2C(C)=O)C(=O)N[C@@H]([C@@H](C)CC)C(=O)N[C@@H](CCC(N)=O)C(=O)N[C@@H](CO)C(=O)N1)[C@@H](C)CC)C(N)=O,LEISHMANIASIS,4.887992594313568,Trypanothione reductase,<rdkit.Chem.rdchem.Mol object at 0x0000021ACD7A7C30>,[0 1 0 ... 0 0 0],O=C1CNC(=O)CNC(=O)CNC(=O)C(NC(=O)CNC(=O)C2CCCN2)CCCC=CCCCCN1,1444.8259999999996,-0.5629000000000237,16,17,496.1499999999998,36,False
CHEMBL4215137,COc1ccc([C@@H]2C[C@H](c3ccc(C)cc3)c3cccc(P(c4ccccc4)c4ccccc4)c3N2)cc1,LEISHMANIASIS,4.072835025700631,DNA topoisomerase,<rdkit.Chem.rdchem.Mol object at 0x0000021ACD7A7BC0>,[0 0 0 ... 0 0 0],c1ccc(C2CC(c3ccccc3)c3cccc(P(c4ccccc4)c4ccccc4)c3N2)cc1,513.6210000000002,7.450620000000008,1,2,21.259999999999998,6,False
CHEMBL4215042,CCCC[C@@H](NC(=O)[C@H](CC(C)C)NC(=O)[C@@H](CCCC)NC(=O)[C@H](CO)NC(=O)[C@@H](NC(=O)CNC(=O)C1(C)CCCC=CCCC[C@@](C)(NC(=O)[C@@H](NC(=O)[C@H](CC(C)C)NC(=O)[C@@H]2CCCN2C(C)=O)[C@@H](C)CC)C(=O)N[C@@H](CCC(N)=O)C(=O)N[C@@H](CO)C(=O)N[C@@H](C(C)C)C(=O)N1)[C@@H](C)CC)C(N)=O,LEISHMANIASIS,5.1938200260161125,Trypanothione reductase,<rdkit.Chem.rdchem.Mol object at 0x0000021ACD7A7B50>,[0 1 0 ... 0 0 0],O=C1CNC(=O)CNC(=O)CNC(=O)C(NC(=O)CNC(=O)CNC(=O)C2CCCN2)CCCC=CCCCCN1,1543.9589999999992,-0.4221000000000112,17,18,525.2499999999999,39,False
CHEMBL4217654,COc1ccc(-c2ccc(-c3ccccc3)o2)cc1,LEISHMANIASIS,5.130768280269024,Trypanothione reductase,<rdkit.Chem.rdchem.Mol object at 0x0000021ACD7A7AE0>,[0 0 0 ... 0 0 0],c1ccc(-c2ccc(-c3ccccc3)o2)cc1,250.297,4.622200000000004,0,2,22.37,3,True
CHEMBL4176972,Fc1ccc(-c2cc(-c3ccsc3)c3ncccc3n2)cc1,LEISHMANIASIS,4.358030402297941,DNA topoisomerase,<rdkit.Chem.rdchem.Mol object at 0x0000021ACD7A7A70>,[0 0 0 ... 0 0 0],c1ccc(-c2cc(-c3ccsc3)c3ncccc3n2)cc1,306.36500000000007,5.164400000000003,0,3,25.78,2,False
CHEMBL4205871,CCCC[C@@H](NC(=O)[C@H](CC(C)C)NC(=O)[C@@H](CCCC)NC(=O)[C@H](CO)NC(=O)[C@@H](NC(=O)CNC(=O)[C@@H](NC(=O)[C@H](CO)NC(=O)[C@H](CCC(N)=O)NC(=O)[C@@H](NC(=O)[C@@H](NC(=O)[C@H](CC(C)C)NC(=O)[C@@H]1CCCN1C(C)=O)[C@@H](C)CC)[C@@H](C)CC)C(C)C)[C@@H](C)CC)C(N)=O,LEISHMANIASIS,5.395242492728684,Trypanothione reductase,<rdkit.Chem.rdchem.Mol object at 0x0000021ACD7A7A00>,[0 1 0 ... 0 0 0],C1CCNC1,1406.776999999999,-1.5513999999999941,16,17,496.1499999999998,47,False
CHEMBL4203015,Nc1nc(N)c2cc(NCc3ccc(CCNC(=O)Cc4ccccc4)cc3)ccc2n1,LEISHMANIASIS,5.119186407719209,Cysteine protease,<rdkit.Chem.rdchem.Mol object at 0x0000021ACD7A7990>,[0 0 0 ... 0 0 0],O=C(Cc1ccccc1)NCCc1ccc(CNc2ccc3ncncc3c2)cc1,426.5240000000001,3.3077000000000014,4,6,118.95,8,True
CHEMBL4203039,C=CCCC[C@](C)(NC(=O)[C@H](CO)NC(=O)[C@H](CCC(N)=O)NC(=O)[C@@H](NC(=O)[C@](C)(CCCC=C)NC(=O)[C@H](CCCCN)NC(=O)[C@@H]1CCCN1C(C)=O)[C@@H](C)CC)C(=O)NCC(=O)N[C@H](C(=O)N[C@@H](CO)C(=O)N[C@@H](CCCC)C(=O)N[C@@H](CCCCN)C(=O)N[C@@H](CCCC)C(N)=O)[C@@H](C)CC,LEISHMANIASIS,4.549750891680639,Trypanothione reductase,<rdkit.Chem.rdchem.Mol object at 0x0000021ACD7A7920>,[0 1 0 ... 0 0 0],C1CCNC1,1502.91,-1.5948999999999867,18,19,548.1899999999998,56,False
CHEMBL4205327,O=C(CN1CCN(c2cc3c(cc2F)c(=O)c(C(=O)O)cn3C2CC2)CC1)N/N=C/c1cc2ccccc2[nH]1,LEISHMANIASIS,6.0655015487564325,DNA topoisomerase,<rdkit.Chem.rdchem.Mol object at 0x0000021ACD7A78B0>,[0 0 0 ... 0 0 0],O=C(CN1CCN(c2ccc3c(=O)ccn(C4CC4)c3c2)CC1)NN=Cc1cc2ccccc2[nH]1,530.5600000000002,2.9273000000000007,3,7,123.03,7,False
CHEMBL4204523,CCOC(=O)/C=C/CNC(=O)[C@H](Cc1ccccc1)NC(=O)OCc1ccccc1,LEISHMANIASIS,4.0,Cysteine protease,<rdkit.Chem.rdchem.Mol object at 0x0000021ACD7A7840>,[0 1 0 ... 0 0 0],O=C(NCCc1ccccc1)OCc1ccccc1,410.47000000000014,2.7596000000000007,2,5,93.73,10,True
CHEMBL4205847,Cc1ccc([C@H]2C[C@@H](c3ccc(F)cc3)Nc3c2cccc3P(c2ccccc2)c2ccccc2)cc1,LEISHMANIASIS,4.348818937555312,DNA topoisomerase,<rdkit.Chem.rdchem.Mol object at 0x0000021ACD7A77D0>,[0 0 0 ... 0 0 0],c1ccc(C2CC(c3ccccc3)c3cccc(P(c4ccccc4)c4ccccc4)c3N2)cc1,501.58500000000015,7.581120000000008,1,1,12.03,5,False
CHEMBL4208313,COc1ccc(-c2ccc(-c3ccccc3)o2)cc1OC,LEISHMANIASIS,4.716698771296451,Trypanothione reductase,<rdkit.Chem.rdchem.Mol object at 0x0000021ACD7A7760>,[0 0 0 ... 0 0 0],c1ccc(-c2ccc(-c3ccccc3)o2)cc1,280.32300000000004,4.630800000000004,0,3,31.6,4,True
CHEMBL4176488,Cc1[nH]c(C(=O)Nc2ccc(C(=O)N[C@@H](Cc3ccccc3)C(=O)O)cc2OC(C)C)c(Cl)c1Cl,LEISHMANIASIS,5.301029995663981,DNA topoisomerase,<rdkit.Chem.rdchem.Mol object at 0x0000021ACD7A76F0>,[0 1 0 ... 0 0 0],O=C(NCCc1ccccc1)c1ccc(NC(=O)c2ccc[nH]2)cc1,518.3970000000003,5.095120000000003,4,4,120.52000000000001,9,False
CHEMBL4279382,CCNC(=O)Nc1cc(-c2nc(C(F)(F)F)cs2)c(-c2cc3ncccc3nc2N2C3CCC2CN(C)C3)cn1,LEISHMANIASIS,7.853871964321762,DNA topoisomerase,<rdkit.Chem.rdchem.Mol object at 0x0000021ACD7A7680>,[0 0 0 ... 0 0 0],c1cnc2cc(-c3cnccc3-c3nccs3)c(N3C4CCC3CNC4)nc2c1,568.629,5.2583000000000055,2,8,99.16999999999999,5,False
CHEMBL4283208,CCNC(=O)Nc1cc(-c2nc(C3CC3)cs2)c(-c2cc(-c3n[nH]c(=O)o3)cnc2N2C3CCC2CN(C)C3)cn1,LEISHMANIASIS,8.522878745280337,DNA topoisomerase,<rdkit.Chem.rdchem.Mol object at 0x0000021ACD7A7610>,[0 0 0 ... 0 0 0],O=c1[nH]nc(-c2cnc(N3C4CCC3CNC4)c(-c3cnccc3-c3nc(C4CC4)cs3)c2)o1,573.6830000000001,3.9120000000000035,3,10,145.17000000000002,7,False
CHEMBL4279313,CCNC(=O)Nc1cc(-c2nc(C(F)(F)F)cs2)c(-c2cc(C(=O)NS(C)(=O)=O)cnc2N2C3CCC2CN(C)C3)cn1,LEISHMANIASIS,8.045757490560675,DNA topoisomerase,<rdkit.Chem.rdchem.Mol object at 0x0000021ACD7A75A0>,[0 0 0 ... 0 0 0],c1cnc(N2C3CCC2CNC3)c(-c2cnccc2-c2nccs2)c1,638.6979999999998,3.3995000000000024,3,10,149.51999999999998,7,False
CHEMBL4281775,CCNC(=O)Nc1cc(-c2nc(C(F)(F)F)cs2)c(-c2cc(C(=O)O)cnc2N2C3CCC2CN(C)C3)cn1,LEISHMANIASIS,8.096910013008056,DNA topoisomerase,<rdkit.Chem.rdchem.Mol object at 0x0000021ACD7A7530>,[0 0 0 ... 0 0 0],c1cnc(N2C3CCC2CNC3)c(-c2cnccc2-c2nccs2)c1,561.5900000000001,4.408300000000004,3,8,123.58,6,False
CHEMBL4280810,CCCCNc1nc2ccccc2n2cnnc12,LEISHMANIASIS,5.7121982700697735,DNA topoisomerase,<rdkit.Chem.rdchem.Mol object at 0x0000021ACD7A74C0>,[0 0 0 ... 0 0 0],c1ccc2c(c1)ncc1nncn12,241.298,2.4895000000000005,1,5,55.11,4,True
CHEMBL4278317,CCNC(=O)Nc1cc(-c2nc(C(F)(F)F)cs2)c(-c2cc3ncccc3nc2N2CC3CCC2CN3)cn1,LEISHMANIASIS,7.67778070526608,DNA topoisomerase,<rdkit.Chem.rdchem.Mol object at 0x0000021ACD7A7450>,[0 0 0 ... 0 0 0],c1cnc2cc(-c3cnccc3-c3nccs3)c(N3CC4CCC3CN4)nc2c1,554.6020000000002,4.916100000000005,3,8,107.96,5,False
CHEMBL4278922,O=C(Nc1ccc(Nc2ncnc3sc4c(c23)CCCC4)cc1)Nc1ccc(Cl)c(C(F)(F)F)c1,LEISHMANIASIS,5.031984286006359,DNA topoisomerase,<rdkit.Chem.rdchem.Mol object at 0x0000021ACD7A73E0>,[0 0 0 ... 0 0 0],O=C(Nc1ccccc1)Nc1ccc(Nc2ncnc3sc4c(c23)CCCC4)cc1,517.9640000000002,7.629900000000005,3,5,78.94,4,False
CHEMBL4281274,O=C(NNc1nc2ccccc2n2cnnc12)Nc1ccccc1,LEISHMANIASIS,5.924453038607469,DNA topoisomerase,<rdkit.Chem.rdchem.Mol object at 0x0000021ACD7A7370>,[0 0 0 ... 0 0 0],O=C(NNc1nc2ccccc2n2cnnc12)Nc1ccccc1,319.32800000000003,2.4261,3,6,96.24000000000001,3,True
CHEMBL4282332,Clc1ccccc1/C=N/Nc1nc2ccccc2n2cnnc12,LEISHMANIASIS,5.718966632752273,DNA topoisomerase,<rdkit.Chem.rdchem.Mol object at 0x0000021ACD7A7300>,[0 0 0 ... 0 0 0],C(=NNc1nc2ccccc2n2cnnc12)c1ccccc1,322.759,3.376900000000001,1,6,67.47,3,True
CHEMBL4276735,S=C(NNc1nc2ccccc2n2cnnc12)Nc1ccccc1,LEISHMANIASIS,5.525783735923745,DNA topoisomerase,<rdkit.Chem.rdchem.Mol object at 0x0000021ACD7A7290>,[0 0 0 ... 0 0 0],S=C(NNc1nc2ccccc2n2cnnc12)Nc1ccccc1,335.3960000000001,2.591,3,6,79.17,3,True
CHEMBL4245127,CCOC(=O)/C=C/C(=O)[C@H](CCc1ccccc1)NC(=O)[C@H](CC(C)C)NC(=O)OCc1ccccc1,LEISHMANIASIS,6.236572006437063,Cysteine protease,<rdkit.Chem.rdchem.Mol object at 0x0000021ACD7A7220>,[0 1 0 ... 0 0 0],O=C(CNC(=O)OCc1ccccc1)NCCCc1ccccc1,508.61500000000024,4.133500000000002,2,6,110.8,14,False
CHEMBL4240920,CCOC(=O)/C=C/C(=O)[C@H](C)NC(=O)[C@H](Cc1ccccc1)NC(=O)OCc1ccccc1,LEISHMANIASIS,6.721246399047171,Cysteine protease,<rdkit.Chem.rdchem.Mol object at 0x0000021ACD7A71B0>,[0 1 0 ... 0 0 0],O=C(NCCc1ccccc1)OCc1ccccc1,452.5070000000001,2.7172,2,6,110.8,11,True
CHEMBL4244566,NCCCCNCCCN(Cc1ccccc1)Cc1ccccc1,LEISHMANIASIS,5.055517327849832,Trypanothione reductase,<rdkit.Chem.rdchem.Mol object at 0x0000021ACD7A7140>,[0 0 0 ... 0 0 0],c1ccc(CNCc2ccccc2)cc1,325.50000000000006,3.4074000000000026,2,3,41.29,12,True
CHEMBL4246909,CCOC(=O)/C=C/[C@@H](O)[C@H](C)NC(=O)[C@H](Cc1ccccc1)NC(=O)OCc1ccccc1,LEISHMANIASIS,4.571865205971212,Cysteine protease,<rdkit.Chem.rdchem.Mol object at 0x0000021ACD7A70D0>,[0 1 0 ... 0 0 0],O=C(NCCc1ccccc1)OCc1ccccc1,454.52300000000014,2.5089999999999995,3,6,113.96,11,True
CHEMBL4248915,CCOC(=O)/C=C/C(=O)[C@H](C)NC(=O)[C@H](CC(C)C)NC(=O)OCc1ccccc1,LEISHMANIASIS,5.920818753952375,Cysteine protease,<rdkit.Chem.rdchem.Mol object at 0x0000021ACD7A7060>,[0 1 0 ... 0 0 0],c1ccccc1,418.4900000000001,2.5206,2,6,110.8,11,True
CHEMBL4251480,CCOC(=O)/C=C/C(=O)[C@H](CCc1ccccc1)NC(=O)[C@H](Cc1ccccc1)NC(=O)OCc1ccccc1,LEISHMANIASIS,7.221848749616356,Cysteine protease,<rdkit.Chem.rdchem.Mol object at 0x0000021ACD7A6FF0>,[0 1 0 ... 0 0 0],O=C(NC(Cc1ccccc1)C(=O)NCCCc1ccccc1)OCc1ccccc1,542.6320000000003,4.330100000000003,2,6,110.8,14,False
CHEMBL4238922,O=C(O)/C=C/[C@@H](O)[C@H](CCc1ccccc1)NC(=O)[C@H](Cc1ccccc1)NC(=O)OCc1ccccc1,LEISHMANIASIS,4.1249387366083,Cysteine protease,<rdkit.Chem.rdchem.Mol object at 0x0000021ACD7A6F80>,[0 1 0 ... 0 0 0],O=C(NC(Cc1ccccc1)C(=O)NCCCc1ccccc1)OCc1ccccc1,516.5940000000003,3.6434000000000024,4,5,124.96,13,False
CHEMBL4242650,CCOC(=O)/C=C/[C@@H](O)[C@H](CCc1ccccc1)NC(=O)[C@H](Cc1ccccc1)NC(=O)OCc1ccccc1,LEISHMANIASIS,4.46344155742847,Cysteine protease,<rdkit.Chem.rdchem.Mol object at 0x0000021ACD7A6F10>,[0 1 0 ... 0 0 0],O=C(NC(Cc1ccccc1)C(=O)NCCCc1ccccc1)OCc1ccccc1,544.6480000000003,4.121900000000003,3,6,113.96,14,False
CHEMBL4289650,CCNC(=O)Nc1cc(-c2nc(C(F)(F)F)cs2)c(-c2cc(C(=O)O)ccc2N2C3CCC2CN(C)C3)cn1,LEISHMANIASIS,8.0,DNA topoisomerase,<rdkit.Chem.rdchem.Mol object at 0x0000021ACD7A6EA0>,[0 0 0 ... 0 0 0],c1ccc(N2C3CCC2CNC3)c(-c2cnccc2-c2nccs2)c1,560.6020000000001,5.0133000000000045,3,7,110.69,6,False
CHEMBL4290204,Clc1cccc(Cl)c1/C=N/Nc1nc2ccccc2n2cnnc12,LEISHMANIASIS,5.527243550682788,DNA topoisomerase,<rdkit.Chem.rdchem.Mol object at 0x0000021ACD7A6E30>,[0 0 0 ... 0 0 0],C(=NNc1nc2ccccc2n2cnnc12)c1ccccc1,357.20400000000006,4.030300000000003,1,6,67.47,3,True
CHEMBL4291890,O=C(NNc1nc2ccccc2n2cnnc12)NC1CCCCC1,LEISHMANIASIS,5.913640169325252,DNA topoisomerase,<rdkit.Chem.rdchem.Mol object at 0x0000021ACD7A6DC0>,[0 0 1 ... 0 0 0],O=C(NNc1nc2ccccc2n2cnnc12)NC1CCCCC1,325.37600000000026,2.2363,3,6,96.24000000000001,3,True
CHEMBL4290062,CCNC(=O)Nc1cc(-c2nc(C(F)(F)F)cs2)c(-c2cc3ncccc3nc2N2C3CC2CN(C)C3)cn1,LEISHMANIASIS,6.698970004336019,DNA topoisomerase,<rdkit.Chem.rdchem.Mol object at 0x0000021ACD7A6D50>,[0 0 0 ... 0 0 0],c1cnc2cc(-c3cnccc3-c3nccs3)c(N3C4CNCC3C4)nc2c1,554.6020000000001,4.868200000000005,2,8,99.16999999999999,5,False
CHEMBL4291398,Sc1nnc2c3nncn3c3ccccc3n12,LEISHMANIASIS,5.97469413473523,DNA topoisomerase,<rdkit.Chem.rdchem.Mol object at 0x0000021ACD7A6CE0>,[0 0 0 ... 0 0 0],c1ccc2c(c1)n1cnnc1c1nncn21,242.26700000000002,1.2138999999999998,1,7,60.379999999999995,0,True
CHEMBL4289017,CC(=O)NCC(=O)N1[C@@H]2CC[C@H]1c1ccc(Nc3ncc(C(F)(F)F)c(NC4CCC4)n3)cc12,LEISHMANIASIS,4.522878745280337,DNA topoisomerase,<rdkit.Chem.rdchem.Mol object at 0x0000021ACD7A6C70>,[0 0 0 ... 0 0 0],c1cc(NC2CCC2)nc(Nc2ccc3c(c2)C2CCC3N2)n1,474.4870000000002,4.057700000000002,3,6,99.25000000000001,6,True
CHEMBL4291061,CCNC(=O)Nc1cc(-c2nc(C(F)(F)F)cs2)c(-c2cc(-c3n[nH]c(=O)o3)cnc2N2[C@@H]3CC[C@H]2C[C@@H](N)C3)cn1,LEISHMANIASIS,7.920818753952375,DNA topoisomerase,<rdkit.Chem.rdchem.Mol object at 0x0000021ACD7A6C00>,[0 0 0 ... 0 0 0],O=c1[nH]nc(-c2cnc(N3C4CCCC3CC4)c(-c3cnccc3-c3nccs3)c2)o1,601.615,4.2291000000000025,4,10,167.95,6,False
CHEMBL4293447,CCNC(=O)Nc1cc(-c2nc(C(F)(F)F)cs2)c(-c2cc3ncccc3nc2N2CCC(N)CC2)cn1,LEISHMANIASIS,7.309803919971486,DNA topoisomerase,<rdkit.Chem.rdchem.Mol object at 0x0000021ACD7A6B90>,[0 0 0 ... 0 0 0],c1cnc2cc(-c3cnccc3-c3nccs3)c(N3CCCCC3)nc2c1,542.5910000000001,4.903000000000004,3,8,121.94999999999999,5,False
CHEMBL4289998,CCNC(=O)Nc1cc(-c2nc(C(F)(F)F)cs2)c(-c2cc(-c3nnn[nH]3)cnc2N2C3CCC2CN(C)C3)cn1,LEISHMANIASIS,8.397940008672037,DNA topoisomerase,<rdkit.Chem.rdchem.Mol object at 0x0000021ACD7A6B20>,[0 0 0 ... 0 0 0],c1cc(-c2nccs2)c(-c2cc(-c3nnn[nH]3)cnc2N2C3CCC2CNC3)cn1,585.6199999999999,3.8902000000000028,3,10,140.73999999999998,6,False
CHEMBL4228861,N#CC1(NC(=O)[C@H](Cc2cccnc2)NC(=O)c2ccc(-c3ccccc3)cc2)CC1,LEISHMANIASIS,6.931814138253839,Cysteine protease,<rdkit.Chem.rdchem.Mol object at 0x0000021ACD7A6AB0>,[0 1 0 ... 0 0 0],O=C(NC(Cc1cccnc1)C(=O)NC1CC1)c1ccc(-c2ccccc2)cc1,410.4770000000002,3.262080000000002,2,4,94.88,7,True
CHEMBL4284675,CCNC(=S)NNc1nc2ccccc2n2cnnc12,LEISHMANIASIS,5.269217724333611,DNA topoisomerase,<rdkit.Chem.rdchem.Mol object at 0x0000021ACD7A6A40>,[0 0 0 ... 0 0 0],c1ccc2c(c1)ncc1nncn12,287.35200000000003,1.0883999999999998,3,6,79.17,3,True
CHEMBL4286573,CCNC(=O)Nc1cc(-c2nc(C(F)(F)F)cs2)c(-c2cc(-c3n[nH]c(=O)o3)cnc2N2CCC(N)CC2)cn1,LEISHMANIASIS,7.638272163982407,DNA topoisomerase,<rdkit.Chem.rdchem.Mol object at 0x0000021ACD7A69D0>,[0 0 0 ... 0 0 0],O=c1[nH]nc(-c2cnc(N3CCCCC3)c(-c3cnccc3-c3nccs3)c2)o1,575.577,3.698100000000003,4,10,167.95,6,False
CHEMBL4288104,COc1cccc(NC(=O)CSc2nnc3c4nncn4c4ccccc4n23)c1,LEISHMANIASIS,6.070581074285707,DNA topoisomerase,<rdkit.Chem.rdchem.Mol object at 0x0000021ACD7A6960>,[0 0 0 ... 0 0 0],O=C(CSc1nnc2c3nncn3c3ccccc3n12)Nc1ccccc1,405.44300000000004,2.6646,1,9,98.71,5,True
CHEMBL4286232,CCNC(=O)Nc1cc(-c2nc(C(F)(F)F)cs2)c(-c2cc3ncccc3nc2N2CC3CCCC(C2)N3)cn1,LEISHMANIASIS,7.602059991327962,DNA topoisomerase,<rdkit.Chem.rdchem.Mol object at 0x0000021ACD7A68F0>,[0 0 0 ... 0 0 0],c1cnc2cc(-c3cnccc3-c3nccs3)c(N3CC4CCCC(C3)N4)nc2c1,568.6290000000001,5.306200000000005,3,8,107.96,5,False
CHEMBL4286850,O=C(CSc1nnc2c3nncn3c3ccccc3n12)Nc1ccc(F)cc1,LEISHMANIASIS,6.026872146400302,DNA topoisomerase,<rdkit.Chem.rdchem.Mol object at 0x0000021ACD7A6880>,[0 0 0 ... 0 0 0],O=C(CSc1nnc2c3nncn3c3ccccc3n12)Nc1ccccc1,393.4070000000001,2.7951000000000006,1,8,89.47999999999999,4,True
CHEMBL4286625,CCNC(=O)Nc1cc(-c2nc(C(F)(F)F)cs2)c(-c2cnc3cccnc3c2)cn1,LEISHMANIASIS,5.696803942579511,DNA topoisomerase,<rdkit.Chem.rdchem.Mol object at 0x0000021ACD7A6810>,[0 0 0 ... 0 0 0],c1cnc2cc(-c3cnccc3-c3nccs3)cnc2c1,444.44200000000006,4.975500000000004,2,6,92.69,4,True
CHEMBL4288069,CCOC(=O)CSc1nnc2c3nncn3c3ccccc3n12,LEISHMANIASIS,5.673664139071248,DNA topoisomerase,<rdkit.Chem.rdchem.Mol object at 0x0000021ACD7A67A0>,[0 0 0 ... 0 0 0],c1ccc2c(c1)n1cnnc1c1nncn21,328.357,1.5803999999999998,0,9,86.67999999999999,4,True
CHEMBL4294536,CCNC(=O)Nc1cc(-c2nc(C(F)(F)F)cs2)c(-c2cc3ncccc3nc2N2CCN(C)CC2)cn1,LEISHMANIASIS,6.3979400086720375,DNA topoisomerase,<rdkit.Chem.rdchem.Mol object at 0x0000021ACD7A6730>,[0 0 0 ... 0 0 0],c1cnc2cc(-c3cnccc3-c3nccs3)c(N3CCNCC3)nc2c1,542.5910000000001,4.727300000000004,2,8,99.16999999999999,5,False
CHEMBL4295081,CCNC(=O)Nc1cc(-c2nc(C(F)(F)F)cs2)c(-c2cc3ncccc3nc2N2[C@@H]3CC[C@H]2C[C@@H](N)C3)cn1,LEISHMANIASIS,7.619788758288394,DNA topoisomerase,<rdkit.Chem.rdchem.Mol object at 0x0000021ACD7A66C0>,[0 0 0 ... 0 0 0],c1cnc2cc(-c3cnccc3-c3nccs3)c(N3C4CCCC3CC4)nc2c1,568.629,5.4340000000000055,3,8,121.94999999999999,5,False
CHEMBL4294467,CCNC(=O)Nc1cc(-c2nc(C(F)(F)F)cs2)c(-c2cc(-c3n[nH]c(=O)o3)cnc2N2C3CCC2CN(C)C3)cn1,LEISHMANIASIS,8.397940008672037,DNA topoisomerase,<rdkit.Chem.rdchem.Mol object at 0x0000021ACD7A6650>,[0 0 0 ... 0 0 0],O=c1[nH]nc(-c2cnc(N3C4CCC3CNC4)c(-c3cnccc3-c3nccs3)c2)o1,601.615,4.0534000000000034,3,10,145.17000000000002,6,False
